REPLACE INTO `criteria_tree_locale` (`ID`, `locale`, `Description_lang`, `VerifiedBuild`) VALUES
(58177, 'ruRU', "", 23877),
(58180, 'ruRU', "", 23877),
(58186, 'ruRU', "", 23877),
(55232, 'ruRU', "", 23877),
(55233, 'ruRU', "", 23877),
(55234, 'ruRU', "", 23877),
(55235, 'ruRU', "", 23877),
(55236, 'ruRU', "", 23877),
(55237, 'ruRU', "", 23877),
(55238, 'ruRU', "", 23877),
(55239, 'ruRU', "", 23877),
(55240, 'ruRU', "", 23877),
(53135, 'ruRU', "", 23877),
(53136, 'ruRU', "", 23877),
(56852, 'ruRU', "", 23877),
(59446, 'ruRU', "", 23877),
(59447, 'ruRU', "", 23877),
(55231, 'ruRU', "", 23877);

REPLACE INTO `spell_categories` (`ID`, `SpellID`, `Category`, `StartRecoveryCategory`, `ChargeCategory`, `DifficultyID`, `DefenseType`, `DispelType`, `Mechanic`, `PreventionType`, `VerifiedBuild`) VALUES
(53134, 206760, 0, 0, 0, 0, 0, 1, 0, 0, 23222),
(50151, 195452, 0, 133, 0, 0, 2, 0, 0, 2, 23222);

REPLACE INTO `faction_locale` (`ID`, `locale`, `Name_lang`, `Description_lang`, `VerifiedBuild`) VALUES
(609, 'esES', "Círculo Cenarion", "Los druidas del Círculo Cenarion son guardianes de la Naturaleza y conviven en el calmo Claro de la Luna.", 22522);

REPLACE INTO `map_difficulty_locale` (`ID`, `locale`, `Message_lang`, `VerifiedBuild`) VALUES
(3362, 'esES', "Para entrar, debes tener al menos nivel 110 y pertenecer a un grupo de banda.", 22522),
(3374, 'esES', "Debes formar parte de una banda y tener nivel 110 para entrar.", 22522),
(3375, 'esES', "Debes formar parte de una banda y tener nivel 110 para entrar.", 22522),
(3376, 'esES', "Debes formar parte de una banda y tener nivel 110 para entrar.", 22522);

REPLACE INTO `phase` (`ID`, `Flags`, `VerifiedBuild`) VALUES
(5286, 20, 22522);

DELETE FROM `broadcast_text_locale` WHERE (`ID`=32778 AND `locale`='esES') OR (`ID`=98439 AND `locale`='esES') OR (`ID`=98437 AND `locale`='esES') OR (`ID`=98427 AND `locale`='esES') OR (`ID`=98280 AND `locale`='esES') OR (`ID`=98424 AND `locale`='esES') OR (`ID`=2545 AND `locale`='esES') OR (`ID`=112206 AND `locale`='esES') OR (`ID`=118740 AND `locale`='esES') OR (`ID`=103065 AND `locale`='esES') OR (`ID`=103061 AND `locale`='esES') OR (`ID`=103059 AND `locale`='esES') OR (`ID`=103058 AND `locale`='esES') OR (`ID`=103057 AND `locale`='esES') OR (`ID`=103054 AND `locale`='esES') OR (`ID`=103023 AND `locale`='esES') OR (`ID`=103012 AND `locale`='esES') OR (`ID`=103011 AND `locale`='esES') OR (`ID`=103008 AND `locale`='esES') OR (`ID`=102983 AND `locale`='esES') OR (`ID`=102979 AND `locale`='esES') OR (`ID`=102940 AND `locale`='esES') OR (`ID`=102896 AND `locale`='esES') OR (`ID`=97606 AND `locale`='esES') OR (`ID`=97605 AND `locale`='esES') OR (`ID`=97526 AND `locale`='esES') OR (`ID`=97806 AND `locale`='esES') OR (`ID`=119956 AND `locale`='esES') OR (`ID`=100200 AND `locale`='esES') OR (`ID`=102919 AND `locale`='esES') OR (`ID`=104624 AND `locale`='esES') OR (`ID`=102974 AND `locale`='esES') OR (`ID`=102973 AND `locale`='esES') OR (`ID`=102968 AND `locale`='esES') OR (`ID`=102967 AND `locale`='esES') OR (`ID`=102966 AND `locale`='esES') OR (`ID`=104582 AND `locale`='esES') OR (`ID`=104581 AND `locale`='esES') OR (`ID`=95767 AND `locale`='esES') OR (`ID`=98532 AND `locale`='esES') OR (`ID`=95553 AND `locale`='esES') OR (`ID`=98393 AND `locale`='esES') OR (`ID`=98390 AND `locale`='esES') OR (`ID`=98391 AND `locale`='esES') OR (`ID`=95928 AND `locale`='esES') OR (`ID`=95766 AND `locale`='esES') OR (`ID`=95363 AND `locale`='esES') OR (`ID`=94974 AND `locale`='esES') OR (`ID`=94894 AND `locale`='esES') OR (`ID`=95891 AND `locale`='esES') OR (`ID`=95890 AND `locale`='esES') OR (`ID`=97338 AND `locale`='esES') OR (`ID`=98613 AND `locale`='esES') OR (`ID`=98612 AND `locale`='esES') OR (`ID`=98611 AND `locale`='esES') OR (`ID`=98604 AND `locale`='esES') OR (`ID`=98579 AND `locale`='esES') OR (`ID`=118529 AND `locale`='esES') OR (`ID`=98814 AND `locale`='esES') OR (`ID`=106275 AND `locale`='esES') OR (`ID`=105593 AND `locale`='esES') OR (`ID`=106257 AND `locale`='esES') OR (`ID`=105492 AND `locale`='esES') OR (`ID`=105487 AND `locale`='esES') OR (`ID`=105484 AND `locale`='esES') OR (`ID`=105471 AND `locale`='esES') OR (`ID`=115203 AND `locale`='esES') OR (`ID`=107946 AND `locale`='esES') OR (`ID`=100555 AND `locale`='esES') OR (`ID`=100677 AND `locale`='esES') OR (`ID`=107906 AND `locale`='esES') OR (`ID`=107904 AND `locale`='esES') OR (`ID`=107855 AND `locale`='esES') OR (`ID`=100729 AND `locale`='esES') OR (`ID`=116351 AND `locale`='esES') OR (`ID`=116348 AND `locale`='esES') OR (`ID`=107854 AND `locale`='esES') OR (`ID`=107853 AND `locale`='esES') OR (`ID`=100724 AND `locale`='esES') OR (`ID`=107643 AND `locale`='esES') OR (`ID`=107840 AND `locale`='esES') OR (`ID`=107837 AND `locale`='esES') OR (`ID`=107945 AND `locale`='esES') OR (`ID`=107835 AND `locale`='esES') OR (`ID`=100541 AND `locale`='esES') OR (`ID`=107416 AND `locale`='esES') OR (`ID`=107414 AND `locale`='esES') OR (`ID`=107413 AND `locale`='esES') OR (`ID`=107412 AND `locale`='esES') OR (`ID`=99084 AND `locale`='esES') OR (`ID`=107410 AND `locale`='esES') OR (`ID`=121193 AND `locale`='esES') OR (`ID`=107409 AND `locale`='esES') OR (`ID`=115395 AND `locale`='esES') OR (`ID`=115394 AND `locale`='esES') OR (`ID`=100926 AND `locale`='esES') OR (`ID`=121522 AND `locale`='esES') OR (`ID`=99004 AND `locale`='esES') OR (`ID`=98442 AND `locale`='esES') OR (`ID`=98441 AND `locale`='esES') OR (`ID`=98440 AND `locale`='esES') OR (`ID`=119149 AND `locale`='esES') OR (`ID`=98775 AND `locale`='esES') OR (`ID`=98428 AND `locale`='esES') OR (`ID`=98278 AND `locale`='esES') OR (`ID`=118726 AND `locale`='esES') OR (`ID`=103077 AND `locale`='esES') OR (`ID`=103076 AND `locale`='esES') OR (`ID`=103075 AND `locale`='esES') OR (`ID`=103066 AND `locale`='esES') OR (`ID`=103055 AND `locale`='esES') OR (`ID`=103048 AND `locale`='esES') OR (`ID`=103047 AND `locale`='esES') OR (`ID`=103046 AND `locale`='esES') OR (`ID`=103043 AND `locale`='esES') OR (`ID`=103026 AND `locale`='esES') OR (`ID`=102917 AND `locale`='esES') OR (`ID`=103001 AND `locale`='esES') OR (`ID`=103000 AND `locale`='esES') OR (`ID`=102991 AND `locale`='esES') OR (`ID`=102715 AND `locale`='esES') OR (`ID`=102716 AND `locale`='esES') OR (`ID`=102710 AND `locale`='esES') OR (`ID`=102918 AND `locale`='esES') OR (`ID`=102899 AND `locale`='esES') OR (`ID`=102887 AND `locale`='esES') OR (`ID`=97811 AND `locale`='esES') OR (`ID`=97604 AND `locale`='esES') OR (`ID`=97528 AND `locale`='esES') OR (`ID`=97527 AND `locale`='esES') OR (`ID`=94620 AND `locale`='esES') OR (`ID`=94618 AND `locale`='esES') OR (`ID`=94616 AND `locale`='esES') OR (`ID`=104100 AND `locale`='esES') OR (`ID`=102920 AND `locale`='esES') OR (`ID`=99982 AND `locale`='esES') OR (`ID`=102971 AND `locale`='esES') OR (`ID`=102969 AND `locale`='esES') OR (`ID`=102965 AND `locale`='esES') OR (`ID`=104616 AND `locale`='esES') OR (`ID`=98547 AND `locale`='esES') OR (`ID`=96083 AND `locale`='esES') OR (`ID`=95554 AND `locale`='esES') OR (`ID`=98395 AND `locale`='esES') OR (`ID`=98394 AND `locale`='esES') OR (`ID`=98392 AND `locale`='esES') OR (`ID`=95615 AND `locale`='esES') OR (`ID`=94984 AND `locale`='esES') OR (`ID`=95889 AND `locale`='esES') OR (`ID`=98605 AND `locale`='esES') OR (`ID`=106342 AND `locale`='esES') OR (`ID`=98576 AND `locale`='esES') OR (`ID`=98572 AND `locale`='esES') OR (`ID`=116346 AND `locale`='esES') OR (`ID`=114181 AND `locale`='esES') OR (`ID`=105634 AND `locale`='esES') OR (`ID`=105633 AND `locale`='esES') OR (`ID`=105595 AND `locale`='esES') OR (`ID`=105594 AND `locale`='esES') OR (`ID`=105643 AND `locale`='esES') OR (`ID`=106251 AND `locale`='esES') OR (`ID`=106250 AND `locale`='esES') OR (`ID`=105502 AND `locale`='esES') OR (`ID`=105632 AND `locale`='esES') OR (`ID`=106227 AND `locale`='esES') OR (`ID`=115186 AND `locale`='esES') OR (`ID`=115096 AND `locale`='esES') OR (`ID`=115076 AND `locale`='esES') OR (`ID`=114986 AND `locale`='esES') OR (`ID`=100845 AND `locale`='esES') OR (`ID`=100844 AND `locale`='esES') OR (`ID`=100728 AND `locale`='esES') OR (`ID`=116400 AND `locale`='esES') OR (`ID`=100553 AND `locale`='esES') OR (`ID`=100847 AND `locale`='esES') OR (`ID`=100846 AND `locale`='esES') OR (`ID`=107908 AND `locale`='esES') OR (`ID`=107857 AND `locale`='esES') OR (`ID`=107856 AND `locale`='esES') OR (`ID`=107852 AND `locale`='esES') OR (`ID`=107851 AND `locale`='esES') OR (`ID`=107850 AND `locale`='esES') OR (`ID`=107838 AND `locale`='esES') OR (`ID`=100552 AND `locale`='esES') OR (`ID`=100551 AND `locale`='esES') OR (`ID`=100533 AND `locale`='esES') OR (`ID`=96472 AND `locale`='esES') OR (`ID`=116067 AND `locale`='esES') OR (`ID`=115396 AND `locale`='esES') OR (`ID`=115393 AND `locale`='esES');
REPLACE INTO `broadcast_text_locale` (`ID`, `locale`, `Text_lang`, `Text1_lang`, `VerifiedBuild`) VALUES
(32778, 'esES', '¿Cómo puedo ayudarte?', '¿Cómo puedo ayudarte?', 22522),
(98439, 'esES', 'Has superado dos pruebas, queda una.', '', 22522),
(98437, 'esES', 'Tus pruebas no han hecho más que empezar. Estaré listo cuando me necesites.', '', 22522),
(98427, 'esES', 'Los Drekirjar han roto nuestro pacto ancestral.', '', 22522),
(98280, 'esES', 'Cuando hayas terminado tus asuntos, habla conmigo y te llevaré volando hasta la cima.$B$BUna vez que partamos, ya no volveremos.', '', 22522),
(98424, 'esES', 'Baja tus armas. No deseo hacerte daño.', '', 22522),
(2545, 'esES', '', 'Aún no te ha llegado la hora. Te ayudaré durante tu regreso al reino de los vivos... por un precio.', 22522),
(112206, 'esES', '<Los osos corvinos están todos en su sitio y preparados para comenzar el ritual.\n\nParece que te están esperando.>', '', 22522),
(118740, 'esES', 'Por este barranco poco profundo caminan cabras, venados, huargos y osos. No cabe duda de que son bestias feroces, pero se pueden domar si demuestras tu fuerza.$b$bVence a las criaturas en una pelea y te mostrarán obediencia. Si las montas, podrás acabar con tus enemigos al lanzarlos hacia las rocas de abajo.$b$bTen cuidado con Garfatormenta, el dragón que descansa entre las rocas de Cima de la Tormenta. Muchos dicen que es imposible domarlo. Pocos lo han intentado. Ninguno ha sobrevivido.', '', 22522),
(103065, 'esES', 'Acabemos con esto.', '', 22522),
(103061, 'esES', '¡La montaña triturará vuestros huesos!', '', 22522),
(103059, 'esES', 'Lo siento, pero debo partir. Sin embargo, he sido testigo de vuestras hazañas y sé que no le fallaréis a Monte Alto en este momento decisivo.', '', 22522),
(103058, 'esES', '¡Que vengan! Contemplad la suerte de los que se enfrentan a aquel que ostenta el poder de un titán.', '', 22522),
(103057, 'esES', '¿Los tauren creían que vosotros me arrebataríais el martillo? Patético.', '', 22522),
(103054, 'esES', '¡No nos queda tiempo! ¡Debemos atacar ya a Dargrul!', '', 22522),
(103023, 'esES', '¡El mismísimo Monte Alto os ataca!', '', 22522),
(103012, 'esES', '¡Registradlo todo! Estos campesinos han estado ocultando raciones al ejército. Si no lucháis, ¡no coméis!', '', 22522),
(103011, 'esES', '¡Ya os habéis llevado toda nuestra comida!', '', 22522),
(103008, 'esES', '¿Dónde has escondido la comida, insecto?', '', 22522),
(102983, 'esES', 'Pase lo que pase, pienso disfrutarlo. Rokmora, ¡acaba con ellos!', '', 22522),
(102979, 'esES', '¡No podemos dejar que Dargrul controle el martillo! No conquistará Monte Alto, ¡lo destruirá!', '', 22522),
(102940, 'esES', '¿Navarrogg? ¡Traidor! ¿Osas liderar a los intrusos contra nosotros?', '', 22522),
(102896, 'esES', 'La antigua guarida de mi padre. Aún existe poder en estas rocas, uno que no debería ser molestado.', '', 22522),
(97606, 'esES', 'Obtén su bendición para superar la Prueba de la Voluntad.', '', 22522),
(97605, 'esES', 'Volar con ellos es como viajar entre los mismísimos dioses.', '', 22522),
(97526, 'esES', 'Al final de su vida, la valía de un vrykul la juzgan los grandes líderes de su gente.', '', 22522),
(97806, 'esES', 'El campeón vrykul no aparece por ninguna parte. Bueno, tendrá que bastar con las cabezas de los demás campeones.', '', 22522),
(119956, 'esES', '¿Qué ocurre, $c?', '', 22522),
(100200, 'esES', 'Los triunfadores ya han tomado posesión de ella, Skovald, pues tal era su derecho. Llegas demasiado tarde.', '', 22522),
(102919, 'esES', '¡No! Yo también he demostrado mi valía, Odyn. ¡Soy el rey dios Skovald! Estos mortales no me arrebatarán la égida.', '', 22522),
(104624, 'esES', 'Contáis con mi bendición, campeones. ¡Estaré esperándoos en la Cámara de la Gloria!', '', 22522),
(102974, 'esES', '', 'Aún no se ha completado el ritual.', 22522),
(102973, 'esES', '', '¡Yo limpiaré estas cámaras sagradas de su presencia!', 22522),
(102968, 'esES', 'Hablas como una Val\'kyr.', '', 22522),
(102967, 'esES', '', 'No estoy nerviosa, solo... emocionada. Mi vida me ha traído a este momento de gloria.', 22522),
(102966, 'esES', '¿Nerviosa, Hyrja? Es comprensible que...', '', 22522),
(104582, 'esES', 'Este lugar pondrá a prueba vuestra entereza y, si sois dignos, ¡la Égida de Aggramar será vuestra!', '', 22522),
(104581, 'esES', 'Llevo tiempo esperando a nobles campeones en mi reino. ¡Contemplad! ¡Las Cámaras del Valor!', '', 22522),
(95767, 'esES', '', '¡Adalid! <tos> ¡Aleja los explosivos químicos de la munición!', 22522),
(98532, 'esES', '', 'Intentan destruir el barco desde el interior.', 22522),
(95553, 'esES', '', '¡Un momento! Tal vez sepa algo.', 22522),
(98393, 'esES', '', 'Ni rastro de ella. Sigamos buscando.', 22522),
(98390, 'esES', '', 'Ten cuidado... No creo que haya estofado de los Páramos de Poniente en esas calderas.', 22522),
(98391, 'esES', '', '¡Monta! Registraremos cada barco si hace falta.', 22522),
(95928, 'esES', '', '¡Cuidado ahí fuera!', 22522),
(95766, 'esES', '', 'Jinetes de grifos, ¡ayudadlos!', 22522),
(95363, 'esES', '', 'Legionarios, ¡registrad los barcos y encontrad a Sylvanas!', 22522),
(94974, 'esES', '', '¡Enemigos voladores! ¡Fuego a discreción!', 22522),
(94894, 'esES', '', '¡Adelante!', 22522),
(95891, 'esES', '', 'Sylvanas pagará por sus crímenes...', 22522),
(95890, 'esES', '¡Gilneas exige justicia!', '', 22522),
(97338, 'esES', '', 'Genn está descansando.$B$BDebemos centrarnos en establecer contacto con la flota y conseguir una posición fortificada.', 22522),
(98613, 'esES', '', 'Y sospecho que así será.', 22522),
(98612, 'esES', '', 'Debemos seguirlos desde una distancia segura. Puede que haya enfrentamiento, pero solo si la situación lo requiere.', 22522),
(98611, 'esES', '', 'Hace tres días, la flota Renegada partió de Durotar rumbo a las Islas Abruptas. Creemos que la mismísima Sylvanas Brisaveloz está con ellos.', 22522),
(98604, 'esES', '', 'Tormenheim alberga uno de los Pilares de la Creación: la Égida de Aggramar.', 22522),
(98579, 'esES', 'Confío en que tu valor y tu discreción servirán bien a la Alianza, como de costumbre. Con honor, el rey Anduin Wrynn.', '', 22522),
(118529, 'esES', '', 'Hola, corazón. Siempre es un placer volver a verte.\n\n¿En qué puedo ayudarte?', 22522),
(98814, 'esES', 'Ver misiones disponibles.', 'Ver misiones disponibles.', 22522),
(106275, 'esES', 'Sufre sin medida.', '', 22522),
(105593, 'esES', '', 'Contempla el portal principal de la Legión a Azeroth... La Tumba de Sargeras.', 22522),
(106257, 'esES', 'La sangre vil echa espuma con violencia, un remolino de formas ofuscadas hierve bajo la superficie.', 'La sangre vil echa espuma con violencia, un remolino de formas ofuscadas hierve bajo la superficie.', 22522),
(105492, 'esES', 'Tras el combate, descubrimos una antigua forja Nathrezim empleada para crear muchas armas poderosas de la Legión.', '', 22522),
(105487, 'esES', 'Poco después de marcharte al Templo Oscuro, llegaron refuerzos de la Legión y destruyeron el portal. Qué batalla tan gloriosa...', '', 22522),
(105484, 'esES', '¡Ah, sí! Es por aquí, vamos.', '', 22522),
(105471, 'esES', 'Nunca habrá demasiados demonios muertos.', '', 22522),
(115203, 'esES', 'Reducto Illidari es el punto de observación perfecto y no tiene chusma como la de ahí arriba.', '', 22522),
(107946, 'esES', '', 'Has luchado bien, pero se acercan refuerzos de la Legión. Debemos partir.', 22522),
(100555, 'esES', '', 'Sí... Siento cómo flaquea tu voluntad.', 22522),
(100677, 'esES', '', '¡Tu destino espera!', 22522),
(107906, 'esES', '', 'Todas las almas de este mundo serán mías.', 22522),
(107904, 'esES', '', 'El ritual está casi listo. ¡Detenedlos, gusanos!', 22522),
(107855, 'esES', '', '¡Me han dado!', 22522),
(100729, 'esES', '¡SOLO OS ESPERA LA MUERTE!', '', 22522),
(116351, 'esES', 'Patético.', '', 22522),
(116348, 'esES', 'Mmm. Deliciosa carne élfica...', '', 22522),
(107854, 'esES', 'Reesh Archim, galar.', '', 22522),
(107853, 'esES', 'Caria debe completar su misión. Nada de interrupciones.', '', 22522),
(100724, 'esES', '¿A qué huele? ¿Illidari?', '', 22522),
(107643, 'esES', '', 'Cuidado con su alma, Caria la quiere intacta.', 22522),
(107840, 'esES', '', '¿Ves esos cadáveres? Les han arrancado el alma del cuerpo...', 22522),
(107837, 'esES', '', 'Reduciré este cañón a cenizas si es necesario.', 22522),
(107945, 'esES', '', '¡Se acerca un guardia apocalíptico!', 22522),
(107835, 'esES', '', 'Me había parecido oír a un insecto merodeando por donde no debía.', 22522),
(100541, 'esES', '', '¿Eres tú? ¡Buenas noticias al fin!', 22522),
(107416, 'esES', 'Sabemos dónde se encuentran. Tendrá que bastar.', '', 22522),
(107414, 'esES', '', 'Maldición. ¡Allá voy!', 22522),
(107413, 'esES', '', 'Sí... Caria... Costa Abrupta... Mucha resistencia...', 22522),
(107412, 'esES', 'Allari, informa. ¿Has dado con las Hojas de Guerra?', '', 22522),
(99084, 'esES', 'Puede que Khadgar y su \"consejo\" gobiernen ahí arriba, pero aquí abajo... mis hombres y yo dominamos el cotarro.$B$BNo quiero ver nada raro mientras estés en mi cloaca, $r. A menos, claro está, que me convenzas para que haga la vista gorda...', '', 22522),
(107410, 'esES', 'Ten cuidado, estás lidiando con una magia que hasta Illidan consideraría peligrosa.', '', 22522),
(121193, 'esES', 'Hola. Lo siento, aún no me han llegado los libros para préstamo.\n\nTe lo explico, que noto tu desconcierto. Verás, la última vez que nos teletransportamos a Dalaran se me dañaron algunos libros. Así que esta vez los envié por vía aérea a nuestra nueva ubicación. Sí, aérea.\n\nPor desgracia estaban a medio camino en Khaz Modan cuando nos teletransportamos de nuevo. Llegarán en unas semanas o un mes. Pero llegarán. Ven a verme más adelante.', '', 22522),
(107409, 'esES', 'Consejeros, aquí está la respuesta a todos nuestros problemas.', '', 22522),
(115395, 'esES', '', 'En ausencia de lord Illidan, eres el miembro de mayor rango de la orden. No podemos tomar la decisión sin ti.', 22522),
(115394, 'esES', '', 'Mientras estamos aquí sin hacer nada, la Legión se vuelve más fuerte.', 22522),
(100926, 'esES', '', 'Tengo que hablar contigo.', 22522),
(121522, 'esES', 'Saludos, $c.\n\nCringris me ha ordenado mantener abierto el cuartel para cualquier aliado de Tormenheim. Si quieres acostarte en alguna de nuestras camas, dímelo.', '', 22522),
(99004, 'esES', 'Oigo pisadas... pero no me resultan familiares...\n\n... $GForastero:Forastera;, tienes que ayudarnos...', '', 22522),
(98442, 'esES', 'Reúnete conmigo en Valdisdall y te contaré la historia.', '', 22522),
(98441, 'esES', 'Hay alguien que podría ayudarte, si haces lo que pide.', '', 22522),
(98440, 'esES', 'Debes someterte al juicio de los reyes antiguos, pero ellos están muertos y tú no.', '', 22522),
(119149, 'esES', 'Avísame cuando hayas terminado aquí, para que podamos irnos de este lugar.', '', 22522),
(98775, 'esES', 'Antes de continuar, me gustaría entregarte un obsequio de los Thorignir.\n\nLevanta tu arma, $gforastero:forastera;, y prepárate. Esto puede resultar incómodo para los de tu clase.', '', 22522),
(98428, 'esES', 'Es hora de que sufran las consecuencias.', '', 22522),
(98278, 'esES', 'La ayuda que has prestado a los Thorignir no quedará sin recompensa, $gforastero:forastera;.$B$BSi de verdad deseas la bendición de nuestro linaje, entonces ayúdanos a expulsar a esta plaga de nuestro hogar.', '', 22522),
(118726, 'esES', '$n, ¿verdad? He oído a los vrykuls mencionar tu nombre.$b$bEstos acantilados están ahora tranquilos. Vuelve más adelante para demostrar tu valía en combate entre las bestias de esta península.', '', 22522),
(103077, 'esES', 'Gracias a vuestra ayuda, el rey loco Dargrul ha perdido su poder. Ahora debo ocuparme de unos asuntos familiares... Adiós. Espero que la próxima vez que nos encontremos sea en mejores circunstancias.', '', 22522),
(103076, 'esES', 'Se acabó. Dargrul ha muerto y tenemos el martillo, pero los drógbar están dispersos. Aún queda la ardua tarea de reunir a nuestras tribus, pero el equilibrio ha vuelto a Monte Alto.', '', 22522),
(103075, 'esES', 'El martillo nunca te eligió, Dargrul. Busca a alguien que posea verdadera fuerza... y tú no has dado la talla.', '', 22522),
(103066, 'esES', '¡FORJO Y MOLDEO ESTE MUNDO A MI GUSTO!', '', 22522),
(103055, 'esES', 'Lo siento. Parece que el tesoro que estáis buscando se encuentra al otro lado de esta bestia.', '', 22522),
(103048, 'esES', '¡Sí! ¡JA, JA, JA! Espera, ¡no! ¡AAAAHHHH!', '', 22522),
(103047, 'esES', '¡Ya viene! Naraxas devorará vuestros huesos.', '', 22522),
(103046, 'esES', 'Si completan la invocación, ¡el camino a Dargrul quedará bloqueado!', '', 22522),
(103043, 'esES', 'Madre de gusanos, ven.', '', 22522),
(103026, 'esES', 'Adelante, huid. Eso no cambiará nada.', '', 22522),
(102917, 'esES', '¿El Infrarrey está usando esclavos para cavar junto a los huesos de mi padre? No sabe lo que hace...', '', 22522),
(103001, 'esES', 'No pienso hacer eso. Encontraré mi propio camino y os veré en el otro lado.', '', 22522),
(103000, 'esES', 'Rápido, meteos en los barriles. Yo los contendré. ¡Nos vemos río abajo!', '', 22522),
(102991, 'esES', 'Ahora saben que estamos aquí. Espero que nuestros aliados puedan entretener a sus tropas mientras completamos nuestra misión.', '', 22522),
(102715, 'esES', 'Ser pequeño, gran charco.', '', 22522),
(102716, 'esES', '¡Rok siempre gana!', '', 22522),
(102710, 'esES', '¡Rok aplasta!', '', 22522),
(102918, 'esES', 'Estos drógbar han estado jugando con facultades que no deberían poseer. Seguro que todo esto tiene algo que ver con el poder latente en estas rocas.', '', 22522),
(102899, 'esES', '¡Nunca había visto un cristal tan grande como este!', '', 22522),
(102887, 'esES', 'Rápido, amigos. Cada momento que pasa, Dargrul mata a más aliados.', '', 22522),
(97811, 'esES', 'Has demostrado ser $gun:una; contendiente $gdigno:digna; de las pruebas. Ha sido un honor desafiarte.', '', 22522),
(97604, 'esES', 'Los Thorignir son los dragones más viejos y sabios de Tormenheim.', '', 22522),
(97528, 'esES', 'Solo aquellos considerados dignos superarán la Prueba del Valor.', '', 22522),
(97527, 'esES', 'Si deseas reclamar la égida, busca a esos líderes ancestrales y demuéstrales lo que vales. ', '', 22522),
(94620, 'esES', 'Pero servirá para empezar. Reúnete conmigo en la Cámara de Aggramar y pondré a prueba tu fuerza.', '', 22522),
(94618, 'esES', 'La fuerza no bastará para conseguir lo que buscas.', '', 22522),
(94616, 'esES', '', 'Nuestra tripulación se reunirá con la armada de la Alianza y seguirá persiguiendo a Sylvanas.$B$BTú, sin embargo, tienes un asunto más importante del que ocuparte.', 22522),
(104100, 'esES', '¿Estáis preparados para enfrentaros a mí?', '', 22522),
(102920, 'esES', 'Si estos falsos campeones no me entregan la égida por propia voluntad... ¡será mía cuando mueran!', '', 22522),
(99982, 'esES', '¿Estáis preparados?', '', 22522),
(102971, 'esES', '', 'He sido testigo de sus acciones en Tormenheim. Son criaturas sin honor ni virtud.', 22522),
(102969, 'esES', '¡Se acercan mortales!', '', 22522),
(102965, 'esES', '', 'Gracias al valor y al coraje de sus hazañas, Hyrja ha obtenido el derecho al rito más sagrado. Se convertirá en una de mis Val\'kyr y su nombre resonará eternamente en estas cámaras doradas.', 22522),
(104616, 'esES', 'Ante vosotros espera una prueba más: derrotad a Hyrja y a Fenryr y habréis probado vuestra valía.', '', 22522),
(98547, 'esES', '', 'Yo te cubro. ¡Ayuda a Cringris!', 22522),
(96083, 'esES', '', 'Demasiado tarde, ¡la munición ha prendido! Hay que subir, ¡rápido!', 22522),
(95554, 'esES', '', 'Tantos murciélagos...', 22522),
(98395, 'esES', '', '¡Están tomando El Abrasacielos! ¡Debemos ayudar!', 22522),
(98394, 'esES', '', 'Esos son guardias reales... Debe ser su buque insignia. ¡A por el capitán!', 22522),
(98392, 'esES', '', '¡Acabad con estas criaturas! ¡Por la Alianza!', 22522),
(95615, 'esES', '', 'Cañones principales, ¡preparad otra descarga mientras pasamos las nubes!', 22522),
(94984, 'esES', '', '¡Partida de abordaje enemiga!', 22522),
(95889, 'esES', '', 'Nos haremos con la égida a tiempo. ¡No debemos desperdiciar esta ocasión para eliminar a Sylvanas!', 22522),
(98605, 'esES', '', 'Las leyendas vrykuls hablan de una prueba: superarla permite probar tu valía y reclamar la égida.', 22522),
(106342, 'esES', '', 'Nuestra misión es de vital importancia.', 22522),
(98576, 'esES', 'Preséntate en el Puerto de Ventormenta lo antes posible: tienen órdenes estrictas de no marcharse sin ti.', '', 22522),
(98572, 'esES', 'Adalid: el Abrasacielos está a punto de partir en una misión urgente. Quiero que te unas a la expedición.', '', 22522),
(116346, 'esES', 'Los Tábidos te saludan.', 'Los Tábidos te saludan.', 22522),
(114181, 'esES', 'Reunirnos a todos aquí ha sido todo un logro por tu parte. Con los cambios que estás aplicando a la forma de operar de los Illidari, sin duda podemos ganar la guerra.\n\nCuando esto haya acabado, la Legión Ardiente ya no será una amenaza y nuestros sacrificios habrán valido la pena.', '', 22522),
(105634, 'esES', 'Cada instante cuenta. Deberías regresar a Dalaran y viajar a las Islas Abruptas de inmediato.', '', 22522),
(105633, 'esES', 'Gracias a ti, ahora podemos usar el Martillo Vil para planear el ataque contra la Legión.', '', 22522),
(105595, 'esES', '', 'Debemos actuar ya o la situación se volverá... insostenible.', 22522),
(105594, 'esES', '', 'La situación es peor de lo que creíamos. Los demonios han invadido las islas circundantes.', 22522),
(105643, 'esES', '', 'Observa el crisol abisal. Te mostrará lo que hemos visto.', 22522),
(106251, 'esES', 'Será mejor que lo veas con tus propios ojos.', '', 22522),
(106250, 'esES', '', 'La situación en Azeroth es mucho peor de lo que pensábamos.', 22522),
(105502, 'esES', 'La hemos custodiado desde entonces. Creo que te resultará muy útil.', '', 22522),
(105632, 'esES', '¡La Legión caerá ante nosotros!', '', 22522),
(106227, 'esES', 'Cuando tú digas.', '', 22522),
(115186, 'esES', '', 'Ya nos veremos, chata.', 22522),
(115096, 'esES', '', '¡Ya está! Un trabajo magnífico, como siempre.', 22522),
(115076, 'esES', '', 'Cuando quieras, encanto.', 22522),
(114986, 'esES', 'Estas almas de demonio potenciarán el portal. Prepárate.', '', 22522),
(100845, 'esES', '', 'Volveré... a... nacer...', 22522),
(100844, 'esES', '', '¡Me haré con tu alma! Aunque tenga que arrancarla de tu cadáver.', 22522),
(100728, 'esES', '', '¿Ves? ¡Kil\'jaeden ofrece un poder que Illidan jamás podría ofrecer!', 22522),
(116400, 'esES', '', '¡Observa el poder de los Aldrachi!', 22522),
(100553, 'esES', '', 'Varedis me ha mostrado el verdadero camino. ¡La Legión nos hará fuertes!', 22522),
(100847, 'esES', '', '¡SIENTE EL PODER DE LOS ALDRACHI!', 22522),
(100846, 'esES', '', 'Mi poder crece con cada alma. Gobernaré este mundo... ¡y todos los demás!', 22522),
(107908, 'esES', '', 'La Legión es solo el principio. ¡Mis hojas invocan poder del más allá!', 22522),
(107857, 'esES', '', 'Buscaré cómo salir de aquí. Caria es toda tuya.', 22522),
(107856, 'esES', '', 'Sigue. Lo... sacrificaremos todo por las Hojas de Guerra.', 22522),
(107852, 'esES', '¡Ya era hora de que dijeras algo razonable!', '', 22522),
(107851, 'esES', '¡¿Yo?! ¡Eres tú quien no se concentra!', '', 22522),
(107850, 'esES', '', 'Esfuérzate más, Taraar. ¡Venga!', 22522),
(107838, 'esES', '', 'Saera, Taraar, ¡se acercan! ¡No me falléis!', 22522),
(100552, 'esES', '', 'Me reuniré contigo en cuanto pueda.', 22522),
(100551, 'esES', '', 'Mis heridas son graves, tendrás que adelantarte sin mí.', 22522),
(100533, 'esES', '', 'Caria me dio por muerta... ¡estúpida!', 22522),
(96472, 'esES', 'Me alegro de verte, $n.', '', 22522),
(116067, 'esES', '¡Que nada se interponga en tu camino!', '', 22522),
(115396, 'esES', '', 'Avísame cuando quieras empezar.', 22522),
(115393, 'esES', '', 'El tiempo es crucial. ¡Hay que moverse!', 22522);

REPLACE INTO `movie` (`ID`, `AudioFileDataID`, `SubtitleFileDataID`, `Volume`, `KeyID`, `VerifiedBuild`) VALUES
(483, 1506512, 0, 100, 0, 22522),
(472, 1487147, 0, 100, 0, 22522);

REPLACE INTO `quest_v2` (`ID`, `UniqueBitFlag`, `VerifiedBuild`) VALUES
(42447, 23598, 22522),
(42756, 23904, 22522),
(44421, 25973, 22522),
(40717, 21511, 22522),
(40718, 21511, 22522),
(40755, 21567, 22522),
(44500, 26061, 22522),
(44182, 25613, 22522),
(42970, 24162, 22522),
(38718, 19399, 22522),
(40141, 20828, 22522),
(44120, 25552, 22522),
(40517, 21296, 22522),
(40522, 21300, 22522),
(44463, 26044, 22522),
(40593, 21369, 22522),
(41002, 21463, 22522),
(40982, 21573, 22522),
(40983, 21380, 22522),
(40760, 21573, 22522),
(44473, 25552, 22522),
(40605, 21463, 22522),
(40607, 21380, 22522),
(44101, 25537, 22522);

REPLACE INTO `criteria_tree` (`ID`, `CriteriaID`, `Amount`, `Description`, `Parent`, `Flags`, `Operator`, `OrderIndex`, `VerifiedBuild`) VALUES
(51460, 31897, 1, "Guerrero, Protección", 51436, 0, 0, 40, 22522),
(51467, 31872, 1, "Pícaro, Combate", 51436, 0, 0, 29, 22522),
(55921, 34843, 1, "Rogue, Assassination", 51284, 0, 0, 28, 22522),
(51353, 31897, 1, "Guerrero, Protección", 51284, 0, 0, 40, 22522),
(51313, 31872, 1, "Pícaro, Combate", 51284, 0, 0, 29, 22522),
(55922, 34843, 1, "Rogue, Assassination", 51436, 0, 0, 28, 22522),
(51316, 31888, 1, "Chamán, Mejora", 51284, 0, 0, 32, 22522),
(51445, 31888, 1, "Chamán, Mejora", 51436, 0, 0, 32, 22522),
(51448, 31889, 1, "Chamán, Restauración", 51436, 0, 0, 33, 22522),
(51437, 31894, 1, "Brujo, Destrucción", 51436, 0, 0, 37, 22522),
(51439, 31896, 1, "Guerrero, Furia", 51436, 0, 0, 39, 22522),
(51441, 31891, 1, "Brujo, Aflicción", 51436, 0, 0, 34, 22522),
(51314, 31873, 1, "Pícaro, Sutileza", 51284, 0, 0, 30, 22522),
(51315, 31887, 1, "Chamán, Elemental", 51284, 0, 0, 31, 22522),
(51444, 31895, 1, "Guerrero, Armas", 51436, 0, 0, 38, 22522),
(51317, 31889, 1, "Chamán, Restauración", 51284, 0, 0, 33, 22522),
(51318, 31891, 1, "Brujo, Aflicción", 51284, 0, 0, 34, 22522),
(51319, 31892, 1, "Brujo, Aflicción", 51284, 0, 0, 35, 22522),
(51320, 31893, 1, "Brujo, Demonología", 51284, 0, 0, 36, 22522),
(51321, 31894, 1, "Brujo, Destrucción", 51284, 0, 0, 37, 22522),
(51322, 31895, 1, "Guerrero, Armas", 51284, 0, 0, 38, 22522),
(51323, 31896, 1, "Guerrero, Furia", 51284, 0, 0, 39, 22522),
(51452, 31893, 1, "Brujo, Demonología", 51436, 0, 0, 36, 22522),
(51453, 31873, 1, "Pícaro, Sutileza", 51436, 0, 0, 30, 22522),
(51454, 31887, 1, "Chamán, Elemental", 51436, 0, 0, 31, 22522),
(51455, 31892, 1, "Brujo, Aflicción", 51436, 0, 0, 35, 22522),
(50012, 0, 15, "Cocina 15 de las recetas de Legion", 0, 0, 8, 0, 22522);

REPLACE INTO `criteria_tree_locale` (`ID`, `locale`, `Description_lang`, `VerifiedBuild`) VALUES
(51460, 'esES', "Guerrero, Protección", 22522),
(51467, 'esES', "Pícaro, Combate", 22522),
(55921, 'esES', "Rogue, Assassination", 22522),
(51353, 'esES', "Guerrero, Protección", 22522),
(51313, 'esES', "Pícaro, Combate", 22522),
(55922, 'esES', "Rogue, Assassination", 22522),
(51316, 'esES', "Chamán, Mejora", 22522),
(51445, 'esES', "Chamán, Mejora", 22522),
(51448, 'esES', "Chamán, Restauración", 22522),
(51437, 'esES', "Brujo, Destrucción", 22522),
(51439, 'esES', "Guerrero, Furia", 22522),
(51441, 'esES', "Brujo, Aflicción", 22522),
(51314, 'esES', "Pícaro, Sutileza", 22522),
(51315, 'esES', "Chamán, Elemental", 22522),
(51444, 'esES', "Guerrero, Armas", 22522),
(51317, 'esES', "Chamán, Restauración", 22522),
(51318, 'esES', "Brujo, Aflicción", 22522),
(51319, 'esES', "Brujo, Aflicción", 22522),
(51320, 'esES', "Brujo, Demonología", 22522),
(51321, 'esES', "Brujo, Destrucción", 22522),
(51322, 'esES', "Guerrero, Armas", 22522),
(51323, 'esES', "Guerrero, Furia", 22522),
(51452, 'esES', "Brujo, Demonología", 22522),
(51453, 'esES', "Pícaro, Sutileza", 22522),
(51454, 'esES', "Chamán, Elemental", 22522),
(51455, 'esES', "Brujo, Aflicción", 22522),
(50012, 'esES', "Cocina 15 de las recetas de Legion", 22522);

REPLACE INTO `criteria` (`ID`, `Asset`, `StartAsset`, `FailAsset`, `StartTimer`, `ModifierTreeId`, `EligibilityWorldStateID`, `Type`, `StartEvent`, `FailEvent`, `Flags`, `EligibilityWorldStateValue`, `VerifiedBuild`) VALUES
(34843, 42504, 0, 0, 0, 0, 0, 27, 0, 0, 0, 0, 22522);

REPLACE INTO `item_spec_override` (`ID`, `ItemID`, `SpecID`, `VerifiedBuild`) VALUES
(98442, 142274, 250, 22566),
(98444, 39371, 251, 22566),
(58200, 5579, 251, 22566),
(58173, 5579, 252, 22566),
(98443, 142274, 252, 22566),
(58198, 5579, 73, 22566),
(58199, 5579, 250, 22566),
(98839, 133598, 581, 22566),
(99069, 142526, 577, 22566),
(99070, 142526, 581, 22566),
(95779, 135565, 102, 22566),
(92090, 135565, 253, 22566),
(92091, 135565, 581, 22566),
(99369, 138152, 65, 22566),
(99370, 138152, 66, 22566),
(99371, 138152, 70, 22566),
(99372, 138152, 71, 22566),
(99373, 138152, 72, 22566),
(99374, 138152, 73, 22566),
(99375, 138152, 250, 22566),
(99376, 138152, 251, 22566),
(99377, 138152, 252, 22566),
(99378, 138158, 65, 22566),
(99379, 138158, 66, 22566),
(99380, 138158, 70, 22566),
(99381, 138158, 71, 22566),
(99382, 138158, 72, 22566),
(99383, 138158, 73, 22566),
(99384, 138158, 250, 22566),
(99385, 138158, 251, 22566),
(99386, 138158, 252, 22566),
(99387, 138153, 65, 22566),
(99388, 138153, 66, 22566),
(99389, 138153, 70, 22566),
(99390, 138153, 71, 22566),
(99391, 138153, 72, 22566),
(99392, 138153, 73, 22566),
(99393, 138153, 250, 22566),
(99394, 138153, 251, 22566),
(99395, 138153, 252, 22566),
(99396, 138155, 65, 22566),
(99397, 138155, 66, 22566),
(99398, 138155, 70, 22566),
(99399, 138155, 71, 22566),
(99400, 138155, 72, 22566),
(99401, 138155, 73, 22566),
(99402, 138155, 250, 22566),
(99403, 138155, 251, 22566),
(99404, 138155, 252, 22566),
(99405, 138156, 65, 22566),
(99406, 138156, 66, 22566),
(99407, 138156, 70, 22566),
(99408, 138156, 71, 22566),
(99409, 138156, 72, 22566),
(99410, 138156, 73, 22566),
(99411, 138156, 250, 22566),
(99412, 138156, 251, 22566),
(99413, 138156, 252, 22566),
(99414, 138157, 65, 22566),
(99415, 138157, 66, 22566),
(99416, 138157, 70, 22566),
(99417, 138157, 71, 22566),
(99418, 138157, 72, 22566),
(99419, 138157, 73, 22566),
(99420, 138157, 250, 22566),
(99421, 138157, 251, 22566),
(99422, 138157, 252, 22566),
(99423, 138154, 65, 22566),
(99424, 138154, 66, 22566),
(99425, 138154, 70, 22566),
(99426, 138154, 71, 22566),
(99427, 138154, 72, 22566),
(99428, 138154, 73, 22566),
(99429, 138154, 250, 22566),
(99430, 138154, 251, 22566),
(99431, 138154, 252, 22566),
(99432, 138159, 65, 22566),
(99433, 138159, 66, 22566),
(99434, 138159, 70, 22566),
(99435, 138159, 71, 22566),
(99436, 138159, 72, 22566),
(99437, 138159, 73, 22566),
(99438, 138159, 250, 22566),
(99439, 138159, 251, 22566),
(99440, 138159, 252, 22566),
(99906, 137433, 63, 22566),
(99907, 137433, 64, 22566),
(99908, 137433, 65, 22566),
(99909, 137433, 102, 22566),
(99910, 137433, 105, 22566),
(92978, 137433, 253, 22566),
(92979, 137433, 254, 22566),
(92980, 137433, 256, 22566),
(92982, 137433, 258, 22566),
(92983, 137433, 262, 22566),
(92984, 137433, 264, 22566),
(92985, 137433, 265, 22566),
(92986, 137433, 266, 22566),
(92987, 137433, 267, 22566),
(95499, 139336, 256, 22566),
(95500, 139336, 258, 22566),
(95501, 139321, 262, 22566),
(95502, 139321, 265, 22566),
(95503, 139321, 266, 22566),
(95504, 139336, 262, 22566),
(95505, 139336, 265, 22566),
(95506, 139336, 266, 22566),
(95507, 139326, 262, 22566),
(95508, 139326, 265, 22566),
(95509, 139326, 266, 22566),
(95510, 139323, 256, 22566),
(95511, 139323, 258, 22566),
(95512, 139323, 262, 22566),
(95513, 139323, 265, 22566),
(95514, 139323, 266, 22566),
(99487, 139321, 267, 22566),
(99488, 139326, 267, 22566),
(99489, 139323, 267, 22566),
(99490, 138224, 267, 22566),
(99491, 139336, 267, 22566),
(95409, 139321, 256, 22566),
(95410, 139321, 258, 22566),
(95439, 139326, 256, 22566),
(95440, 139326, 258, 22566),
(93818, 138224, 256, 22566),
(93819, 138224, 258, 22566),
(93820, 138224, 262, 22566),
(93821, 138224, 265, 22566),
(93822, 138224, 266, 22566),
(92981, 137433, 257, 22566),
(100289, 137433, 270, 22566),
(100307, 137433, 62, 22566),
(100308, 137433, 63, 22566),
(100309, 137433, 64, 22566),
(100310, 137433, 65, 22566),
(100311, 137433, 102, 22566),
(100312, 137433, 105, 22566),
(100313, 137433, 253, 22566),
(100314, 137433, 254, 22566),
(100315, 137433, 256, 22566),
(100316, 137433, 257, 22566),
(100317, 137433, 258, 22566),
(100318, 137433, 262, 22566),
(100319, 137433, 264, 22566),
(100320, 137433, 265, 22566),
(100321, 137433, 266, 22566),
(100322, 137433, 267, 22566),
(100323, 137433, 270, 22566);

REPLACE INTO `phase_x_phase_group` (`ID`, `PhaseID`, `PhaseGroupID`, `VerifiedBuild`) VALUES
(3584, 7551, 601, 22566),
(3583, 7552, 601, 22566);

REPLACE INTO `heirloom_locale` (`locale`, `SourceText_lang`, `VerifiedBuild`) VALUES
('esES', "|cFFFFD200Vendedor: |rEstelle Gendry|n|cFFFFD200Zona: |rClaros de Tirisfal|n|cFFFFD200Coste: |r650|TINTERFACE\MONEYFRAME\UI-GOLDICON.BLP:0|t|n|n|cFFFFD200Vendedor: |rKrom Brazorrecio|n|cFFFFD200Zona: |rDun Morogh|n|cFFFFD200Coste: |r650|TINTERFACE\MONEYFRAME\UI-GOLDICON.BLP:0|t", 22566);


REPLACE INTO `quest_v2` (`ID`, `UniqueBitFlag`, `VerifiedBuild`) VALUES
(14482, 8008, 22566),
(25924, 9208, 22566),
(39096, 19805, 22566),
(39524, 20174, 22566),
(39525, 19805, 22566),
(42971, 24166, 22566),
(36226, 17343, 22566),
(36227, 17308, 22566),
(36228, 17344, 22566),
(36197, 17324, 22566),
(37478, 18377, 22566),
(36198, 17326, 22566),
(37295, 21151, 22566),
(36119, 17287, 22566),
(36130, 17277, 22566),
(36123, 17286, 22566),
(37475, 18374, 22566),
(36133, 17278, 22566),
(39217, 19918, 22566),
(36196, 17325, 22566),
(36125, 17308, 22566),
(37297, 21150, 22566),
(36127, 17290, 22566),
(37476, 18376, 22566),
(37479, 18471, 22566),
(37480, 18472, 22566),
(39233, 19920, 22566),
(37477, 18647, 22566),
(39263, 18377, 22566),
(37481, 18473, 22566),
(38008, 17308, 22566),
(37482, 18475, 22566),
(43926, 25253, 22566),
(40519, 21298, 22566),
(44500, 26061, 22566),
(41827, 26360, 22566),
(43722, 26355, 22566),
(41837, 26361, 22566),
(41261, 26359, 22566),
(41844, 26362, 22566),
(40981, 26356, 22566),
(42710, 26363, 22566),
(42296, 26358, 22566),
(37644, 17571, 22566),
(37645, 17571, 22566),
(36662, 17571, 22566),
(12619, 6502, 22566),
(12720, 6602, 22566),
(43282, 24493, 22566),
(43283, 24494, 22566),
(43284, 24495, 22566),
(43285, 24496, 22566),
(43286, 24497, 22566),
(43287, 24498, 22566),
(43288, 24499, 22566),
(43289, 24500, 22566),
(43290, 24501, 22566),
(43291, 24502, 22566),
(43292, 24503, 22566),
(43293, 24511, 22566),
(43294, 24504, 22566),
(43296, 24505, 22566),
(43297, 24506, 22566),
(43298, 24507, 22566),
(43299, 24510, 22566),
(43300, 24508, 22566),
(43301, 24509, 22566),
(43242, 24452, 22566),
(43243, 24453, 22566),
(43244, 24455, 22566),
(43245, 24454, 22566),
(44897, 26397, 22566),
(44898, 26398, 22566),
(44899, 26399, 22566),
(44900, 26400, 22566),
(44901, 26401, 22566),
(44902, 26403, 22566),
(44903, 26402, 22566),
(44904, 26404, 22566),
(44905, 26548, 22566),
(44906, 26549, 22566),
(44184, 25616, 22566),
(44182, 25613, 22566),
(40717, 21511, 22566),
(40718, 21511, 22566),
(44663, 25616, 22566),
(39729, 20374, 22566),
(39726, 20373, 22566),
(39702, 20354, 22566),
(40857, 21703, 22566),
(41158, 22078, 22566),
(41159, 22079, 22566),
(41161, 22082, 22566),
(41164, 22084, 22566),
(41165, 22085, 22566),
(41167, 22087, 22566),
(41168, 22088, 22566),
(41171, 22091, 22566),
(41172, 22092, 22566),
(41175, 22095, 22566),
(41177, 22097, 22566),
(41178, 22098, 22566),
(41174, 22094, 22566),
(41180, 22100, 22566),
(41181, 22101, 22566),
(41183, 22103, 22566),
(41184, 22104, 22566),
(41186, 22106, 22566),
(41189, 22109, 22566),
(41190, 22110, 22566),
(41192, 22112, 22566),
(40856, 21702, 22566),
(40867, 21713, 22566),
(40860, 21706, 22566),
(40854, 21700, 22566),
(39667, 20315, 22566),
(39566, 20218, 22566),
(40547, 21319, 22566),
(42214, 23425, 22566),
(40524, 21303, 22566),
(40525, 21302, 22566),
(40530, 21306, 22566),
(40531, 21307, 22566),
(40541, 21315, 22566),
(40052, 20745, 22566),
(40048, 20741, 22566),
(41802, 22828, 22566),
(41157, 22077, 22566),
(41162, 22081, 22566),
(41163, 22083, 22566),
(41166, 22086, 22566),
(41169, 22089, 22566),
(41170, 22090, 22566),
(41173, 22093, 22566),
(41176, 22096, 22566),
(41179, 22099, 22566),
(41182, 22102, 22566),
(41185, 22105, 22566),
(41187, 22107, 22566),
(41188, 22108, 22566),
(41191, 22111, 22566),
(41193, 22113, 22566),
(39681, 20331, 22566),
(41794, 22821, 22566),
(39645, 19996, 22566),
(39430, 20077, 22566),
(39957, 20636, 22566),
(26206, 8153, 22566),
(42652, 23832, 22566),
(41697, 22702, 22566),
(44118, 25550, 22566),
(42797, 25420, 22566),
(42799, 23965, 22566),
(44113, 25544, 22566),
(44114, 25545, 22566),
(43798, 25156, 22566),
(44119, 25551, 22566),
(44121, 25553, 22566),
(44122, 25554, 22566),
(42784, 23934, 22566),
(42764, 23914, 22566),
(42769, 23932, 22566),
(43637, 24897, 22566),
(43638, 24898, 22566),
(42744, 23885, 22566),
(43641, 24901, 22566),
(42662, 26555, 22566),
(42631, 23762, 22566),
(42633, 23766, 22566),
(44298, 25815, 22566),
(44299, 25816, 22566),
(42636, 23767, 22566),
(44012, 25406, 22566),
(43426, 24705, 22566),
(43427, 24702, 22566),
(43428, 24703, 22566),
(43429, 24700, 22566),
(43430, 24704, 22566),
(43431, 24693, 22566),
(43432, 24701, 22566),
(43434, 24699, 22566),
(43436, 24698, 22566),
(43437, 24709, 22566),
(43438, 24721, 22566),
(43450, 24722, 22566),
(43451, 24724, 22566),
(43452, 24723, 22566),
(43453, 24725, 22566),
(43454, 24726, 22566),
(43455, 25419, 22566),
(43456, 24727, 22566),
(43457, 24728, 22566),
(43458, 24729, 22566),
(43459, 24730, 22566),
(43460, 24731, 22566),
(44300, 25817, 22566),
(44301, 25818, 22566),
(41818, 22838, 22566),
(41819, 22839, 22566),
(41821, 22841, 22566),
(41824, 22845, 22566),
(41826, 22847, 22566),
(41828, 22848, 22566),
(44010, 25405, 22566),
(41836, 22854, 22566),
(44013, 25407, 22566),
(41838, 22858, 22566),
(44015, 25412, 22566),
(44016, 25418, 22566),
(44017, 25414, 22566),
(44018, 25415, 22566),
(44019, 25416, 22566),
(44021, 25413, 22566),
(44022, 25417, 22566),
(42620, 23753, 22566),
(44032, 25430, 22566),
(44289, 25806, 22566),
(44290, 25807, 22566),
(44291, 25808, 22566),
(44292, 25809, 22566),
(44293, 25810, 22566),
(44294, 25811, 22566),
(44302, 25819, 22566),
(44303, 25820, 22566),
(44304, 25821, 22566),
(44305, 25822, 22566),
(44185, 25617, 22566),
(44186, 25618, 22566),
(43605, 25283, 22566),
(43606, 25282, 22566),
(43607, 25281, 22566),
(43608, 25280, 22566),
(43609, 25279, 22566),
(43610, 25278, 22566),
(43611, 25277, 22566),
(43612, 25276, 22566),
(43613, 25274, 22566),
(43614, 25275, 22566),
(43615, 25273, 22566),
(43616, 25301, 22566),
(43617, 25300, 22566),
(43618, 25299, 22566),
(43619, 25298, 22566),
(43620, 25297, 22566),
(43621, 25296, 22566),
(43622, 25295, 22566),
(43623, 25294, 22566),
(43624, 25293, 22566),
(43625, 25292, 22566),
(43626, 25291, 22566),
(43627, 25290, 22566),
(43628, 25289, 22566),
(43629, 25288, 22566),
(43630, 25287, 22566),
(43631, 25286, 22566),
(43632, 25285, 22566),
(43633, 25284, 22566),
(44023, 25421, 22566),
(44024, 25422, 22566),
(44025, 25423, 22566),
(44026, 25424, 22566),
(44027, 25425, 22566),
(44028, 25426, 22566),
(44029, 25427, 22566),
(44030, 25428, 22566),
(44031, 25429, 22566),
(39422, 20067, 22566),
(39423, 20068, 22566),
(43943, 25306, 22566),
(42522, 23669, 22566),
(43576, 24859, 22566),
(40969, 21852, 22566),
(41032, 21917, 22566),
(43206, 24414, 22566),
(42236, 23974, 22566),
(42491, 23636, 22566),
(44501, 26062, 22566),
(44502, 26063, 22566),
(44503, 26064, 22566),
(44504, 26065, 22566),
(44505, 26066, 22566),
(44506, 26067, 22566),
(44507, 26068, 22566),
(44508, 26069, 22566),
(44509, 26070, 22566),
(44511, 26072, 22566),
(44510, 26071, 22566),
(42901, 18252, 22566),
(42903, 18253, 22566),
(42904, 18469, 22566),
(42905, 18468, 22566),
(42912, 18252, 22566),
(42913, 18253, 22566),
(42915, 18252, 22566),
(42916, 18253, 22566),
(43445, 24715, 22566),
(38322, 18862, 22566),
(38323, 18862, 22566),
(38148, 18862, 22566),
(42124, 23300, 22566),
(43079, 24706, 22566),
(42174, 23359, 22566),
(42818, 23993, 22566),
(42533, 23681, 22566),
(43686, 25012, 22566),
(42536, 23684, 22566),
(42449, 23607, 22566),
(39799, 20486, 22566),
(38039, 19861, 22566),
(39682, 20332, 22566),
(39683, 20333, 22566),
(39684, 20334, 22566),
(39685, 20335, 22566),
(39686, 20336, 22566),
(39688, 20338, 22566),
(39049, 19761, 22566),
(39050, 19762, 22566),
(39691, 20340, 22566),
(39692, 20340, 22566),
(38669, 19349, 22566),
(39694, 20338, 22566),
(38672, 19351, 22566),
(40253, 19404, 22566),
(39663, 20309, 22566),
(38813, 19500, 22566),
(40222, 20935, 22566),
(38689, 19369, 22566),
(38690, 19370, 22566),
(39495, 20144, 22566),
(38819, 19506, 22566),
(40373, 21129, 22566),
(39689, 20339, 22566),
(40378, 21133, 22566),
(40379, 21134, 22566),
(39690, 20339, 22566),
(39742, 20386, 22566),
(40255, 20338, 22566),
(40256, 20338, 22566),
(38723, 19404, 22566),
(38725, 19406, 22566),
(38727, 19408, 22566),
(38728, 19409, 22566),
(38729, 19410, 22566),
(39515, 20938, 22566),
(40077, 20760, 22566),
(39516, 20938, 22566),
(39262, 19924, 22566),
(38759, 19447, 22566),
(38765, 19454, 22566),
(38766, 19455, 22566),
(39279, 19936, 22566),
(40051, 20744, 22566),
(40254, 20333, 22566),
(38914, 26776, 22566),
(39779, 20472, 22566),
(39778, 20433, 22566),
(39693, 26775, 22566),
(39989, 26777, 22566),
(39319, 19970, 22566),
(39320, 19971, 22566),
(39993, 26778, 22566),
(41245, 26773, 22566),
(38944, 19634, 22566),
(38945, 19635, 22566),
(38946, 19636, 22566),
(38947, 19637, 22566),
(38948, 19638, 22566),
(38949, 19639, 22566),
(38950, 19640, 22566),
(38951, 19641, 22566),
(38952, 19642, 22566),
(38953, 19643, 22566),
(38954, 19644, 22566),
(38955, 19645, 22566),
(38956, 19646, 22566),
(38957, 19647, 22566),
(38958, 19648, 22566),
(38959, 19649, 22566),
(38960, 19650, 22566),
(38961, 19651, 22566),
(38962, 19652, 22566),
(38963, 19653, 22566),
(38964, 19654, 22566),
(38965, 19655, 22566),
(38966, 19656, 22566),
(38967, 19657, 22566),
(38968, 19658, 22566),
(38969, 19659, 22566),
(38970, 19660, 22566),
(38971, 19661, 22566),
(38974, 19663, 22566),
(38975, 19664, 22566),
(39325, 19976, 22566),
(39326, 19977, 22566),
(39327, 19978, 22566),
(39328, 19979, 22566),
(39329, 19980, 22566),
(39330, 19981, 22566),
(39331, 19982, 22566),
(39332, 19983, 22566),
(39333, 19984, 22566),
(39334, 19985, 22566),
(39335, 19986, 22566),
(39336, 19987, 22566),
(39337, 19988, 22566),
(39338, 19989, 22566),
(39339, 19990, 22566),
(39340, 19991, 22566),
(39341, 19992, 22566),
(39342, 19993, 22566),
(39343, 19994, 22566),
(39344, 19995, 22566),
(39345, 19996, 22566),
(39346, 19997, 22566),
(39347, 19998, 22566),
(39348, 19999, 22566),
(39349, 20037, 22566),
(39350, 20038, 22566),
(39351, 20039, 22566),
(39390, 20042, 22566),
(44112, 25543, 22566),
(39431, 20078, 22566),
(42081, 23219, 22566),
(39602, 20240, 22566),
(39605, 20237, 22566),
(39680, 20327, 22566),
(39699, 20348, 22566),
(39763, 20523, 22566),
(39790, 20462, 22566),
(39817, 20494, 22566),
(39830, 20508, 22566),
(43929, 25259, 22566),
(41889, 22949, 22566),
(39847, 20522, 22566),
(39874, 20552, 22566),
(39875, 20554, 22566),
(39876, 20555, 22566),
(39877, 20556, 22566),
(39878, 20557, 22566),
(39880, 20559, 22566),
(39881, 20560, 22566),
(39882, 20561, 22566),
(39879, 20558, 22566),
(39883, 20562, 22566),
(39884, 20566, 22566),
(39889, 20569, 22566),
(39891, 20571, 22566),
(39903, 20582, 22566),
(39904, 20583, 22566),
(39905, 20584, 22566),
(39906, 20585, 22566),
(39907, 20586, 22566),
(39910, 20589, 22566),
(39914, 20593, 22566),
(39916, 20595, 22566),
(39918, 20597, 22566),
(39920, 20599, 22566),
(39921, 20600, 22566),
(39923, 20602, 22566),
(39931, 20610, 22566),
(39932, 20611, 22566),
(39933, 20612, 22566),
(39934, 20613, 22566),
(39935, 20614, 22566),
(39936, 20615, 22566),
(39937, 20616, 22566),
(39938, 20617, 22566),
(39939, 20618, 22566),
(39940, 20619, 22566),
(39941, 20620, 22566),
(39942, 20621, 22566),
(39943, 20622, 22566),
(39944, 20623, 22566),
(39945, 20624, 22566),
(39946, 20625, 22566),
(39947, 20626, 22566),
(39948, 20627, 22566),
(39949, 20628, 22566),
(39950, 20629, 22566),
(39951, 20630, 22566),
(39952, 20631, 22566),
(39953, 20632, 22566),
(39954, 23294, 22566),
(39955, 20634, 22566),
(39956, 20635, 22566),
(39958, 20637, 22566),
(39959, 20634, 22566),
(39960, 20635, 22566),
(39961, 20633, 22566),
(40013, 20699, 22566),
(40014, 20700, 22566),
(40015, 20701, 22566),
(40016, 20702, 22566),
(40017, 20703, 22566),
(40018, 20704, 22566),
(40019, 20705, 22566),
(40020, 20706, 22566),
(40021, 20707, 22566),
(40022, 20708, 22566),
(40023, 20709, 22566),
(40024, 20710, 22566),
(40025, 20711, 22566),
(40026, 20712, 22566),
(40028, 20714, 22566),
(40029, 20715, 22566),
(40030, 20716, 22566),
(40031, 20717, 22566),
(40032, 20718, 22566),
(40033, 20719, 22566),
(40034, 20720, 22566),
(40035, 20721, 22566),
(40036, 20722, 22566),
(40037, 20723, 22566),
(40038, 20724, 22566),
(40039, 20725, 22566),
(40040, 20726, 22566),
(40041, 20727, 22566),
(40042, 20728, 22566),
(40056, 20613, 22566),
(40057, 20614, 22566),
(40058, 20615, 22566),
(40059, 20616, 22566),
(40060, 20617, 22566),
(40061, 20618, 22566),
(40062, 23295, 22566),
(40063, 20620, 22566),
(40064, 23296, 22566),
(40065, 23297, 22566),
(40130, 20815, 22566),
(40131, 20818, 22566),
(40132, 20819, 22566),
(40133, 20820, 22566),
(40134, 20821, 22566),
(40135, 20822, 22566),
(40136, 20823, 22566),
(40137, 20824, 22566),
(40138, 20825, 22566),
(40139, 20826, 22566),
(40140, 20827, 22566),
(40141, 20828, 22566),
(40142, 20829, 22566),
(40143, 20830, 22566),
(40144, 20831, 22566),
(40145, 20832, 22566),
(40146, 20833, 22566),
(40147, 20834, 22566),
(40148, 20835, 22566),
(40149, 20836, 22566),
(40151, 20838, 22566),
(40152, 20839, 22566),
(40153, 20840, 22566),
(40154, 20841, 22566),
(40155, 20842, 22566),
(40156, 20843, 22566),
(40157, 20844, 22566),
(40158, 20845, 22566),
(40159, 20846, 22566),
(40169, 20856, 22566),
(40176, 20864, 22566),
(40177, 20865, 22566),
(40178, 20866, 22566),
(40179, 20867, 22566),
(40180, 20868, 22566),
(40181, 20869, 22566),
(40182, 20870, 22566),
(40183, 20871, 22566),
(40184, 20872, 22566),
(40185, 20873, 22566),
(40186, 20874, 22566),
(40187, 20875, 22566),
(40188, 20876, 22566),
(40189, 20877, 22566),
(40190, 20878, 22566),
(40191, 20879, 22566),
(40192, 20880, 22566),
(40193, 20881, 22566),
(40194, 20882, 22566),
(40195, 20883, 22566),
(40196, 20884, 22566),
(40197, 20885, 22566),
(40198, 20886, 22566),
(40199, 20887, 22566),
(40200, 20888, 22566),
(40201, 20889, 22566),
(40202, 20890, 22566),
(40203, 20891, 22566),
(40204, 20892, 22566),
(40205, 20893, 22566),
(40206, 20894, 22566),
(40207, 20895, 22566),
(40208, 20896, 22566),
(40209, 20897, 22566),
(40210, 20898, 22566),
(40211, 20899, 22566),
(40212, 20900, 22566),
(40213, 20901, 22566),
(40214, 20902, 22566),
(40215, 20903, 22566),
(40241, 20888, 22566),
(40265, 20989, 22566),
(38806, 19493, 22566),
(40327, 21074, 22566),
(38807, 19494, 22566),
(44449, 26006, 22566),
(40415, 25535, 22566),
(40881, 21727, 22566),
(40523, 21301, 22566),
(40526, 21304, 22566),
(40527, 21304, 22566),
(40528, 21304, 22566),
(40529, 21305, 22566),
(40532, 21308, 22566),
(40533, 21308, 22566),
(40534, 21308, 22566),
(40535, 21309, 22566),
(40536, 21310, 22566),
(40538, 21312, 22566),
(40539, 21313, 22566),
(40540, 21314, 22566),
(40542, 21316, 22566),
(40543, 21316, 22566),
(40544, 21316, 22566),
(40545, 21699, 22566),
(40546, 21318, 22566),
(38499, 19180, 22566),
(38500, 19181, 22566),
(38501, 19262, 22566),
(38502, 19183, 22566),
(38505, 19184, 22566),
(38506, 19185, 22566),
(38507, 19186, 22566),
(40556, 21487, 22566),
(40558, 21327, 22566),
(40559, 21328, 22566),
(40560, 21329, 22566),
(38513, 19192, 22566),
(38514, 19193, 22566),
(38515, 19194, 22566),
(38518, 19278, 22566),
(38519, 19197, 22566),
(38522, 19200, 22566),
(38523, 19201, 22566),
(38524, 19202, 22566),
(38525, 19203, 22566),
(38526, 19204, 22566),
(38527, 19205, 22566),
(38528, 19206, 22566),
(38530, 19220, 22566),
(38531, 19221, 22566),
(38532, 19222, 22566),
(38533, 19223, 22566),
(38534, 19245, 22566),
(38536, 19225, 22566),
(38537, 19226, 22566),
(38538, 19227, 22566),
(38539, 19228, 22566),
(38540, 19229, 22566),
(38541, 19230, 22566),
(38542, 19231, 22566),
(38559, 19249, 22566),
(38563, 19252, 22566),
(38564, 19253, 22566),
(40561, 21330, 22566),
(40562, 21331, 22566),
(38777, 19463, 22566),
(38784, 19470, 22566),
(38785, 19471, 22566),
(38786, 19472, 22566),
(38787, 19474, 22566),
(38789, 19475, 22566),
(38790, 19477, 22566),
(38791, 19478, 22566),
(38792, 19479, 22566),
(38793, 19480, 22566),
(38794, 19481, 22566),
(38795, 19482, 22566),
(38796, 19483, 22566),
(38797, 19484, 22566),
(38798, 19485, 22566),
(38799, 19486, 22566),
(38800, 19487, 22566),
(38801, 19488, 22566),
(38802, 19489, 22566),
(38803, 19490, 22566),
(38804, 19491, 22566),
(38805, 19492, 22566),
(40855, 21701, 22566),
(40858, 21704, 22566),
(40859, 21705, 22566),
(40861, 21707, 22566),
(40862, 21708, 22566),
(40863, 21709, 22566),
(40864, 21710, 22566),
(40865, 21711, 22566),
(40866, 21712, 22566),
(40868, 21714, 22566),
(40869, 21715, 22566),
(40870, 21716, 22566),
(40871, 21717, 22566),
(40872, 21718, 22566),
(40873, 21719, 22566),
(40874, 21720, 22566),
(40875, 21721, 22566),
(40876, 21722, 22566),
(40877, 21723, 22566),
(40878, 21724, 22566),
(40879, 21725, 22566),
(40880, 21726, 22566),
(38833, 19512, 22566),
(40882, 21728, 22566),
(38888, 19583, 22566),
(38901, 19592, 22566),
(44659, 26193, 22566),
(42447, 23598, 22566),
(42756, 23904, 22566),
(44421, 25973, 22566),
(40755, 21567, 22566),
(42970, 24162, 22566),
(38718, 19399, 22566),
(44120, 25552, 22566),
(40517, 21296, 22566),
(40522, 21300, 22566),
(44463, 26044, 22566),
(40593, 21369, 22566),
(41002, 21463, 22566),
(40982, 21573, 22566),
(40983, 21380, 22566),
(40760, 21573, 22566),
(44473, 25552, 22566),
(40605, 21463, 22566),
(40607, 21380, 22566),
(44101, 25537, 22566),
(44124, 26808, 22566),
(41214, 22144, 22566),
(40729, 21529, 22566),
(42885, 24076, 22566),
(42627, 23643, 22566),
(40838, 21669, 22566),
(41863, 20970, 22566),
(42120, 23293, 22566),
(42125, 23307, 22566),
(40849, 21688, 22566),
(40341, 21096, 22566),
(39191, 19903, 22566),
(40986, 21807, 22566),
(42011, 23135, 22566),
(41119, 19923, 22566),
(40224, 20941, 22566),
(42017, 23193, 22566),
(40740, 21544, 22566),
(40710, 26213, 22566),
(41003, 21882, 22566),
(40623, 21401, 22566),
(40249, 20970, 22566),
(41631, 22621, 22566),
(42430, 23583, 22566),
(40385, 26212, 22566),
(41155, 21401, 22566),
(41924, 22983, 22566),
(40647, 21431, 22566),
(42185, 23391, 22566),
(38990, 19681, 22566),
(39247, 19923, 22566),
(41689, 22688, 22566),
(42074, 23205, 22566),
(39771, 20413, 22566),
(11997, 24273, 22566),
(40419, 21181, 22566),
(40934, 21807, 22566),
(41105, 22007, 22566),
(38376, 19072, 22566),
(40043, 20729, 22566),
(42479, 23618, 22566),
(43254, 24464, 22566),
(40570, 21340, 22566),
(42765, 23915, 22566),
(40731, 21532, 22566),
(44636, 26178, 22566),
(42911, 24098, 22566),
(42504, 23643, 22566);


REPLACE INTO `criteria_tree` (`ID`, `CriteriaID`, `Amount`, `Description`, `Parent`, `Flags`, `Operator`, `OrderIndex`, `VerifiedBuild`) VALUES
(10371, 11038, 1, "", 10370, 2, 0, 0, 22566),
(4399, 349, 1, "Huevo múrloc azul", 4398, 2, 0, 0, 22566),
(18461, 15367, 1, "", 18460, 2, 0, 0, 22566),
(18462, 15368, 0, "", 18460, 2, 0, 1, 22566),
(10372, 11039, 0, "", 10370, 2, 0, 1, 22566),
(55472, 34640, 0, "", 34477, 0, 0, 2, 22566),
(5800, 570, 1, "Collera de panda", 5799, 2, 0, 0, 22566),
(55465, 34631, 0, "", 5799, 0, 0, 2, 22566),
(55466, 34632, 0, "", 20087, 0, 0, 2, 22566),
(55467, 34633, 0, "", 3740, 0, 0, 2, 22566),
(55468, 34634, 0, "", 1020, 0, 0, 2, 22566),
(55469, 34635, 0, "", 17391, 0, 0, 2, 22566),
(55470, 34636, 0, "", 20345, 0, 0, 2, 22566),
(3741, 572, 1, "Collera de cría abisal", 3740, 2, 0, 0, 22566),
(4400, 6157, 0, "Murky", 4398, 2, 0, 1, 22566),
(55473, 34639, 0, "", 30299, 0, 0, 1, 22566),
(55474, 34637, 0, "", 22639, 0, 0, 2, 22566),
(55475, 24600, 0, "", 35732, 0, 0, 2, 22566),
(55476, 34641, 0, "", 45080, 0, 0, 1, 22566),
(3742, 6155, 0, "Cría abisal", 3740, 2, 0, 1, 22566),
(55478, 34646, 0, "", 10370, 0, 0, 2, 22566),
(55479, 34644, 0, "", 18460, 0, 0, 2, 22566),
(55480, 34643, 0, "", 4665, 0, 0, 2, 22566),
(55481, 34642, 0, "", 34471, 0, 0, 2, 22566),
(4666, 18670, 1, "", 4665, 2, 0, 0, 22566),
(4667, 18671, 0, "", 4665, 2, 0, 1, 22566),
(55477, 34645, 0, "", 4398, 0, 0, 2, 22566),
(2248, 569, 1, "Piedra de diablo", 2247, 2, 0, 0, 22566),
(2249, 6152, 0, "Mini Diablo", 2247, 2, 0, 1, 22566),
(55471, 34638, 0, "", 24865, 0, 0, 2, 22566),
(55464, 34630, 0, "", 2247, 0, 0, 2, 22566),
(5801, 6153, 0, "Osito panda", 5799, 2, 0, 1, 22566),
(20088, 571, 1, "Correa Zergling", 20087, 2, 0, 0, 22566),
(20089, 6154, 0, "Zergling", 20087, 2, 0, 1, 22566),
(20346, 15365, 1, "Collera de Carámbano", 20345, 2, 0, 0, 22566),
(20347, 15366, 0, "Carámbano", 20345, 2, 0, 1, 22566),
(1021, 592, 1, "Collera de Carámbano", 1020, 2, 0, 0, 22566),
(1022, 6156, 0, "Carámbano", 1020, 2, 0, 1, 22566),
(55544, 34683, 0, "", 39018, 2, 0, 3, 22566),
(55545, 34684, 0, "", 39018, 2, 0, 4, 22566),
(55546, 34685, 0, "", 39018, 2, 0, 5, 22566),
(48845, 30561, 3, "Lanza Lanza de hielo contra el muñeco-diana", 48835, 0, 0, 0, 22566),
(47451, 29813, 2, "Lanza Drenar vida", 47449, 0, 0, 3, 22566),
(47324, 29769, 3, "Usa Golpe de cruzado contra el muñeco-diana", 47320, 0, 0, 0, 22566),
(49059, 30666, 3, "Usa Espiral de la muerte contra el muñeco-diana", 49050, 0, 0, 0, 22566),
(49057, 30664, 3, "Usa Golpe purulento contra el muñeco-diana", 49048, 0, 0, 0, 22566),
(48418, 30392, 3, "Usa Palma del tigre contra el muñeco-diana", 48408, 0, 0, 0, 22566),
(47779, 29960, 3, "Lanza Ráfaga de lava contra el muñeco-diana", 47778, 0, 0, 0, 22566),
(48420, 30395, 3, "Usa Patada oscura contra el muñeco-diana", 48410, 0, 0, 0, 22566),
(47785, 29962, 2, "Lanza Choque de tierra contra el muñeco-diana", 47784, 0, 0, 0, 22566),
(48940, 30614, 2, "Lanza Lanza de hielo con Dedos de Escarcha", 48836, 0, 0, 0, 22566),
(48068, 30116, 3, "Usa Golpe mortal contra el muñeco-diana", 48067, 0, 0, 0, 22566),
(48070, 30117, 3, "Usa Embate contra el muñeco-diana", 48069, 0, 0, 0, 22566),
(48844, 30560, 3, "Lanza Descarga de Escarcha contra el muñeco-diana", 48834, 0, 0, 0, 22566),
(47309, 29793, 2, "Usa Sentencia contra el muñeco-diana", 47308, 0, 0, 0, 22566),
(48078, 30117, 6, "Usa Embate", 48075, 0, 0, 2, 22566),
(48077, 30116, 3, "Usa Golpe mortal", 48075, 0, 0, 1, 22566),
(48419, 30393, 2, "Usa Patada del sol naciente contra el muñeco-diana", 48409, 0, 0, 0, 22566),
(52565, 32844, 3, "Lanza Oleada de estrellas contra el muñeco-diana", 52564, 0, 0, 0, 22566),
(47446, 29813, 2, "Lanza Drenar vida contra el muñeco-diana", 47445, 0, 0, 0, 22566),
(47448, 29814, 3, "Lanza Aflicción inestable contra el muñeco-diana", 47447, 0, 0, 0, 22566),
(48731, 30503, 2, "Lanza Penitencia contra el muñeco-diana", 48724, 0, 0, 0, 22566),
(48079, 30118, 2, "Usa Machaque colosal", 48075, 0, 0, 0, 22566),
(48732, 30504, 3, "Lanza Punición contra el muñeco-diana", 48725, 0, 0, 0, 22566),
(47325, 29770, 3, "Usa Veredicto del templario", 47321, 0, 0, 0, 22566),
(47329, 29773, 2, "Usa Hoja de justicia contra el muñeco-diana", 47328, 0, 0, 0, 22566),
(51049, 31703, 2, "Usa Golpe letal", 51048, 0, 0, 0, 22566),
(49003, 30646, 3, "Usa Mutilar contra el muñeco-diana", 48994, 0, 0, 0, 22566),
(52588, 32841, 1, "Lanza Fuego lunar", 52586, 0, 0, 0, 22566),
(52590, 32842, 1, "Lanza Fuego solar", 52586, 0, 0, 1, 22566),
(48497, 30430, 3, "Usa Mordedura feroz con puntos de combo contra la diana", 48484, 0, 0, 0, 22566),
(52563, 32843, 3, "Lanza Cólera solar contra el muñeco-diana", 52562, 0, 0, 0, 22566),
(47482, 29829, 3, "Lanza Matar para ordenar a tu mascota que ataque a la diana", 47481, 0, 0, 0, 22566),
(47484, 29830, 2, "Usa Bestia temible contra el muñeco-diana", 47483, 0, 0, 0, 22566),
(49058, 30665, 3, "Usa Golpe purulento y luego Golpe de la Plaga contra el muñeco-diana", 49049, 0, 0, 0, 22566),
(52576, 30910, 5, "", 52574, 1, 0, 0, 22566),
(49665, 30910, 5, "", 49663, 1, 0, 0, 22566),
(50151, 30910, 5, "", 50149, 1, 0, 0, 22566),
(49416, 30910, 5, "", 49415, 1, 0, 0, 22566),
(49612, 30910, 5, "", 49610, 1, 0, 0, 22566),
(50130, 30910, 5, "", 50128, 1, 0, 0, 22566),
(49680, 30910, 5, "", 49678, 1, 0, 0, 22566),
(52625, 30910, 5, "", 52624, 1, 0, 0, 22566),
(49650, 30910, 5, "", 49648, 1, 0, 0, 22566),
(49718, 30910, 5, "", 49716, 1, 0, 0, 22566),
(49759, 30910, 5, "", 49757, 1, 0, 0, 22566),
(49788, 30910, 5, "", 49786, 1, 0, 0, 22566),
(49695, 30910, 5, "", 49693, 1, 0, 0, 22566),
(55547, 34686, 10, "", 52253, 0, 0, 21, 22566),
(55548, 34686, 10, "", 52282, 0, 0, 21, 22566),
(55692, 34760, 1, "Use Call Pet", 47479, 2, 0, 1, 22566),
(55693, 34761, 1, "Use Call Pet", 47479, 2, 0, 2, 22566),
(55694, 34762, 1, "Use Call Pet", 47479, 2, 0, 3, 22566),
(55695, 34763, 1, "Use Call Pet", 47479, 2, 0, 4, 22566),
(51921, 32104, 1, "", 47479, 2, 0, 5, 22566),
(47480, 29828, 1, "Lanza Llamar a mascota", 47479, 0, 0, 0, 22566),
(55722, 0, 100, "7.0 Order Hall - Monk - Campaign - Chapter 3 - Quest 0B - SBV", 0, 4096, 5, 0, 22566),
(55723, 34775, 0, "", 55722, 0, 0, 0, 22566),
(55724, 34776, 0, "", 55722, 0, 0, 1, 22566),
(55725, 0, 100, "7.0 Order Hall - Monk - Campaign - Chapter 3 - Quest 0B - SBV", 0, 4096, 5, 0, 22566),
(55726, 34777, 0, "", 55725, 0, 0, 0, 22566),
(55727, 0, 100, "7.0 Order Hall - Monk - Campaign - Chapter 3 - Quest 0B", 0, 4096, 5, 0, 22566),
(55728, 34778, 0, "", 55727, 0, 0, 0, 22566),
(55729, 34779, 0, "", 55727, 0, 0, 1, 22566),
(51460, 31897, 1, "Guerrero, Protección", 51436, 0, 0, 40, 22566),
(51467, 31872, 1, "Pícaro, Combate", 51436, 0, 0, 29, 22566),
(55921, 34843, 1, "Rogue, Assassination", 51284, 0, 0, 28, 22566),
(51353, 31897, 1, "Guerrero, Protección", 51284, 0, 0, 40, 22566),
(55922, 34843, 1, "Rogue, Assassination", 51436, 0, 0, 28, 22566),
(51316, 31888, 1, "Chamán, Mejora", 51284, 0, 0, 32, 22566),
(51445, 31888, 1, "Chamán, Mejora", 51436, 0, 0, 32, 22566),
(51313, 31872, 1, "Pícaro, Combate", 51284, 0, 0, 29, 22566),
(51448, 31889, 1, "Chamán, Restauración", 51436, 0, 0, 33, 22566),
(51437, 31894, 1, "Brujo, Destrucción", 51436, 0, 0, 37, 22566),
(51439, 31896, 1, "Guerrero, Furia", 51436, 0, 0, 39, 22566),
(51441, 31891, 1, "Brujo, Aflicción", 51436, 0, 0, 34, 22566),
(51314, 31873, 1, "Pícaro, Sutileza", 51284, 0, 0, 30, 22566),
(51315, 31887, 1, "Chamán, Elemental", 51284, 0, 0, 31, 22566),
(51444, 31895, 1, "Guerrero, Armas", 51436, 0, 0, 38, 22566),
(51317, 31889, 1, "Chamán, Restauración", 51284, 0, 0, 33, 22566),
(51318, 31891, 1, "Brujo, Aflicción", 51284, 0, 0, 34, 22566),
(51319, 31892, 1, "Brujo, Aflicción", 51284, 0, 0, 35, 22566),
(51320, 31893, 1, "Brujo, Demonología", 51284, 0, 0, 36, 22566),
(51321, 31894, 1, "Brujo, Destrucción", 51284, 0, 0, 37, 22566),
(51322, 31895, 1, "Guerrero, Armas", 51284, 0, 0, 38, 22566),
(51323, 31896, 1, "Guerrero, Furia", 51284, 0, 0, 39, 22566),
(51452, 31893, 1, "Brujo, Demonología", 51436, 0, 0, 36, 22566),
(51453, 31873, 1, "Pícaro, Sutileza", 51436, 0, 0, 30, 22566),
(51454, 31887, 1, "Chamán, Elemental", 51436, 0, 0, 31, 22566),
(51455, 31892, 1, "Brujo, Aflicción", 51436, 0, 0, 35, 22566),
(50012, 0, 15, "Cocina 15 de las recetas de Legion", 0, 0, 8, 0, 22566);

REPLACE INTO `criteria_tree_locale` (`ID`, `locale`, `Description_lang`, `VerifiedBuild`) VALUES
(10371, 'esES', "", 22566),
(4399, 'esES', "Huevo múrloc azul", 22566),
(18461, 'esES', "", 22566),
(18462, 'esES', "", 22566),
(10372, 'esES', "", 22566),
(55472, 'esES', "", 22566),
(5800, 'esES', "Collera de panda", 22566),
(55465, 'esES', "", 22566),
(55466, 'esES', "", 22566),
(55467, 'esES', "", 22566),
(55468, 'esES', "", 22566),
(55469, 'esES', "", 22566),
(55470, 'esES', "", 22566),
(3741, 'esES', "Collera de cría abisal", 22566),
(4400, 'esES', "Murky", 22566),
(55473, 'esES', "", 22566),
(55474, 'esES', "", 22566),
(55475, 'esES', "", 22566),
(55476, 'esES', "", 22566),
(3742, 'esES', "Cría abisal", 22566),
(55478, 'esES', "", 22566),
(55479, 'esES', "", 22566),
(55480, 'esES', "", 22566),
(55481, 'esES', "", 22566),
(4666, 'esES', "", 22566),
(4667, 'esES', "", 22566),
(55477, 'esES', "", 22566),
(2248, 'esES', "Piedra de diablo", 22566),
(2249, 'esES', "Mini Diablo", 22566),
(55471, 'esES', "", 22566),
(55464, 'esES', "", 22566),
(5801, 'esES', "Osito panda", 22566),
(20088, 'esES', "Correa Zergling", 22566),
(20089, 'esES', "Zergling", 22566),
(20346, 'esES', "Collera de Carámbano", 22566),
(20347, 'esES', "Carámbano", 22566),
(1021, 'esES', "Collera de Carámbano", 22566),
(1022, 'esES', "Carámbano", 22566),
(55544, 'esES', "", 22566),
(55545, 'esES', "", 22566),
(55546, 'esES', "", 22566),
(48845, 'esES', "Lanza Lanza de hielo contra el muñeco-diana", 22566),
(47451, 'esES', "Lanza Drenar vida", 22566),
(47324, 'esES', "Usa Golpe de cruzado contra el muñeco-diana", 22566),
(49059, 'esES', "Usa Espiral de la muerte contra el muñeco-diana", 22566),
(49057, 'esES', "Usa Golpe purulento contra el muñeco-diana", 22566),
(48418, 'esES', "Usa Palma del tigre contra el muñeco-diana", 22566),
(47779, 'esES', "Lanza Ráfaga de lava contra el muñeco-diana", 22566),
(48420, 'esES', "Usa Patada oscura contra el muñeco-diana", 22566),
(47785, 'esES', "Lanza Choque de tierra contra el muñeco-diana", 22566),
(48940, 'esES', "Lanza Lanza de hielo con Dedos de Escarcha", 22566),
(48068, 'esES', "Usa Golpe mortal contra el muñeco-diana", 22566),
(48070, 'esES', "Usa Embate contra el muñeco-diana", 22566),
(48844, 'esES', "Lanza Descarga de Escarcha contra el muñeco-diana", 22566),
(47309, 'esES', "Usa Sentencia contra el muñeco-diana", 22566),
(48078, 'esES', "Usa Embate", 22566),
(48077, 'esES', "Usa Golpe mortal", 22566),
(48419, 'esES', "Usa Patada del sol naciente contra el muñeco-diana", 22566),
(52565, 'esES', "Lanza Oleada de estrellas contra el muñeco-diana", 22566),
(47446, 'esES', "Lanza Drenar vida contra el muñeco-diana", 22566),
(47448, 'esES', "Lanza Aflicción inestable contra el muñeco-diana", 22566),
(48731, 'esES', "Lanza Penitencia contra el muñeco-diana", 22566),
(48079, 'esES', "Usa Machaque colosal", 22566),
(48732, 'esES', "Lanza Punición contra el muñeco-diana", 22566),
(47325, 'esES', "Usa Veredicto del templario", 22566),
(47329, 'esES', "Usa Hoja de justicia contra el muñeco-diana", 22566),
(51049, 'esES', "Usa Golpe letal", 22566),
(49003, 'esES', "Usa Mutilar contra el muñeco-diana", 22566),
(52588, 'esES', "Lanza Fuego lunar", 22566),
(52590, 'esES', "Lanza Fuego solar", 22566),
(48497, 'esES', "Usa Mordedura feroz con puntos de combo contra la diana", 22566),
(52563, 'esES', "Lanza Cólera solar contra el muñeco-diana", 22566),
(47482, 'esES', "Lanza Matar para ordenar a tu mascota que ataque a la diana", 22566),
(47484, 'esES', "Usa Bestia temible contra el muñeco-diana", 22566),
(49058, 'esES', "Usa Golpe purulento y luego Golpe de la Plaga contra el muñeco-diana", 22566),
(52576, 'esES', "", 22566),
(49665, 'esES', "", 22566),
(50151, 'esES', "", 22566),
(49416, 'esES', "", 22566),
(49612, 'esES', "", 22566),
(50130, 'esES', "", 22566),
(49680, 'esES', "", 22566),
(52625, 'esES', "", 22566),
(49650, 'esES', "", 22566),
(49718, 'esES', "", 22566),
(49759, 'esES', "", 22566),
(49788, 'esES', "", 22566),
(49695, 'esES', "", 22566),
(55547, 'esES', "", 22566),
(55548, 'esES', "", 22566),
(55692, 'esES', "Use Call Pet", 22566),
(55693, 'esES', "Use Call Pet", 22566),
(55694, 'esES', "Use Call Pet", 22566),
(55695, 'esES', "Use Call Pet", 22566),
(51921, 'esES', "", 22566),
(47480, 'esES', "Lanza Llamar a mascota", 22566),
(55722, 'esES', "7.0 Order Hall - Monk - Campaign - Chapter 3 - Quest 0B - SBV", 22566),
(55723, 'esES', "", 22566),
(55724, 'esES', "", 22566),
(55725, 'esES', "7.0 Order Hall - Monk - Campaign - Chapter 3 - Quest 0B - SBV", 22566),
(55726, 'esES', "", 22566),
(55727, 'esES', "7.0 Order Hall - Monk - Campaign - Chapter 3 - Quest 0B", 22566),
(55728, 'esES', "", 22566),
(55729, 'esES', "", 22566),
(51460, 'esES', "Guerrero, Protección", 22566),
(51467, 'esES', "Pícaro, Combate", 22566),
(55921, 'esES', "Rogue, Assassination", 22566),
(51353, 'esES', "Guerrero, Protección", 22566),
(55922, 'esES', "Rogue, Assassination", 22566),
(51316, 'esES', "Chamán, Mejora", 22566),
(51445, 'esES', "Chamán, Mejora", 22566),
(51313, 'esES', "Pícaro, Combate", 22566),
(51448, 'esES', "Chamán, Restauración", 22566),
(51437, 'esES', "Brujo, Destrucción", 22566),
(51439, 'esES', "Guerrero, Furia", 22566),
(51441, 'esES', "Brujo, Aflicción", 22566),
(51314, 'esES', "Pícaro, Sutileza", 22566),
(51315, 'esES', "Chamán, Elemental", 22566),
(51444, 'esES', "Guerrero, Armas", 22566),
(51317, 'esES', "Chamán, Restauración", 22566),
(51318, 'esES', "Brujo, Aflicción", 22566),
(51319, 'esES', "Brujo, Aflicción", 22566),
(51320, 'esES', "Brujo, Demonología", 22566),
(51321, 'esES', "Brujo, Destrucción", 22566),
(51322, 'esES', "Guerrero, Armas", 22566),
(51323, 'esES', "Guerrero, Furia", 22566),
(51452, 'esES', "Brujo, Demonología", 22566),
(51453, 'esES', "Pícaro, Sutileza", 22566),
(51454, 'esES', "Chamán, Elemental", 22566),
(51455, 'esES', "Brujo, Aflicción", 22566),
(50012, 'esES', "Cocina 15 de las recetas de Legion", 22566);


REPLACE INTO `battlemaster_list_locale` (`ID`, `locale`, `Name_lang`, `GameType_lang`, `VerifiedBuild`) VALUES
(32, 'esES', "Campo de batalla aleatorio", "", 22566);

REPLACE INTO `spell_casting_requirements` (`ID`, `SpellID`, `MinFactionID`, `RequiredAreasID`, `RequiresSpellFocus`, `FacingCasterFlags`, `MinReputation`, `RequiredAuraVision`, `VerifiedBuild`) VALUES
(19097, 225798, 0, 5015, 0, 0, 0, 0, 22566),
(19099, 208516, 0, 4309, 0, 0, 0, 0, 22566),
(19100, 208513, 0, 4309, 0, 0, 0, 0, 22566),
(19098, 214689, 0, 5015, 0, 0, 0, 0, 22566),
(19225, 231603, 0, 4615, 0, 0, 0, 0, 22566),
(19217, 198758, 0, 0, 0, 1, 0, 0, 22566),
(19235, 231726, 0, 4615, 0, 0, 0, 0, 22566),
(19216, 203343, 0, 4279, 0, 0, 0, 0, 22566),
(19254, 193669, 0, 4819, 0, 0, 0, 0, 22566),
(19255, 223805, 0, 4279, 0, 0, 0, 0, 22566),
(19260, 207311, 0, 0, 0, 1, 0, 0, 22566),
(18450, 220510, 0, 5060, 0, 0, 0, 0, 22566),
(17868, 182993, 0, 5060, 0, 0, 0, 0, 22566),
(17869, 209563, 0, 5060, 0, 0, 0, 0, 22566);


REPLACE INTO `spell_interrupts` (`ID`, `SpellID`, `AuraInterruptFlags1`, `AuraInterruptFlags2`, `ChannelInterruptFlags1`, `ChannelInterruptFlags2`, `InterruptFlags`, `DifficultyID`, `VerifiedBuild`) VALUES
(34309, 133539, 0, 2048, 0, 0, 8, 0, 22566),
(61194, 211283, 0, 2048, 0, 0, 41, 0, 22566),
(17420, 79833, 0, 2048, 0, 0, 8, 0, 22566),
(35092, 79968, 524288, 2048, 0, 0, 0, 0, 22566),
(53400, 182839, 0, 2048, 0, 0, 8, 0, 22566),
(47685, 165713, 524288, 2048, 0, 0, 0, 0, 22566),
(64301, 222992, 2147483648, 2560, 0, 0, 0, 0, 22566),
(18360, 83872, 0, 2048, 0, 0, 8, 0, 22566),
(33854, 56525, 524288, 2048, 0, 0, 0, 0, 22566),
(66242, 180054, 0, 2048, 0, 0, 0, 0, 22566),
(66243, 184469, 0, 2048, 0, 0, 0, 0, 22566),
(66244, 69305, 0, 2048, 0, 0, 0, 0, 22566),
(66245, 93744, 0, 2048, 0, 0, 0, 0, 22566),
(66246, 68933, 0, 2048, 0, 0, 0, 0, 22566),
(66247, 128852, 0, 2048, 0, 0, 0, 0, 22566),
(66248, 23060, 0, 2048, 0, 0, 0, 0, 22566),
(66249, 189928, 0, 2048, 0, 0, 0, 0, 22566),
(66250, 72043, 0, 2048, 0, 0, 0, 0, 22566),
(66251, 26393, 0, 2048, 0, 0, 0, 0, 22566),
(66252, 220785, 0, 2048, 0, 0, 0, 0, 22566),
(66253, 69378, 0, 2048, 0, 0, 0, 0, 22566),
(66254, 72586, 0, 2048, 0, 0, 0, 0, 22566),
(66255, 89049, 0, 2048, 0, 0, 0, 0, 22566),
(66256, 133533, 0, 2048, 0, 0, 0, 0, 22566),
(66257, 133535, 0, 2048, 0, 0, 0, 0, 22566),
(66258, 133541, 0, 2048, 0, 0, 0, 0, 22566),
(66259, 133545, 0, 2048, 0, 0, 0, 0, 22566),
(66260, 51265, 0, 2048, 0, 0, 0, 0, 22566),
(66261, 52051, 0, 2048, 0, 0, 0, 0, 22566),
(66262, 51729, 0, 2048, 0, 0, 0, 0, 22566),
(66263, 162106, 0, 2048, 0, 0, 0, 0, 22566),
(66264, 189803, 0, 2048, 0, 0, 0, 0, 22566),
(47709, 165754, 0, 2048, 0, 0, 8, 0, 22566),
(33248, 130958, 0, 2048, 0, 0, 8, 0, 22566),
(62054, 214430, 0, 0, 0, 0, 41, 0, 22566),
(22907, 102046, 0, 2048, 0, 0, 8, 0, 22566),
(57929, 197912, 537395200, 0, 0, 0, 0, 0, 22566),
(66237, 209527, 537395200, 0, 0, 0, 0, 0, 22566),
(65729, 228116, 537395200, 0, 0, 0, 0, 0, 22566),
(66284, 229399, 4718592, 0, 0, 0, 0, 0, 22566),
(15544, 13864, 0, 2048, 0, 0, 8, 0, 22566),
(26078, 108211, 0, 16384, 0, 0, 15, 0, 22566),
(66289, 209385, 4718592, 0, 0, 0, 0, 0, 22566),
(66371, 229747, 0, 0, 0, 0, 5, 0, 22566),
(66386, 229776, 0, 0, 0, 0, 5, 0, 22566),
(66387, 229778, 0, 0, 0, 0, 5, 0, 22566),
(66388, 229779, 0, 0, 0, 0, 5, 0, 22566),
(66389, 229780, 0, 0, 0, 0, 5, 0, 22566),
(66390, 229781, 0, 0, 0, 0, 5, 0, 22566),
(66391, 229782, 0, 0, 0, 0, 5, 0, 22566),
(66392, 229783, 0, 0, 0, 0, 5, 0, 22566),
(66393, 229784, 0, 0, 0, 0, 5, 0, 22566),
(66394, 229785, 0, 0, 0, 0, 5, 0, 22566),
(66395, 229786, 0, 0, 0, 0, 5, 0, 22566),
(66396, 229787, 0, 0, 0, 0, 5, 0, 22566),
(66397, 229788, 0, 0, 0, 0, 5, 0, 22566),
(66398, 229789, 0, 0, 0, 0, 5, 0, 22566),
(66399, 229790, 0, 0, 0, 0, 5, 0, 22566),
(66400, 229791, 0, 0, 0, 0, 5, 0, 22566),
(66401, 229792, 0, 0, 0, 0, 5, 0, 22566),
(66402, 229793, 0, 0, 0, 0, 5, 0, 22566),
(66403, 229794, 0, 0, 0, 0, 5, 0, 22566),
(66404, 229795, 0, 0, 0, 0, 5, 0, 22566),
(66405, 229796, 0, 0, 0, 0, 5, 0, 22566),
(66406, 229798, 0, 0, 0, 0, 5, 0, 22566),
(66407, 229799, 0, 0, 0, 0, 5, 0, 22566),
(66408, 229803, 0, 0, 0, 0, 5, 0, 22566),
(66409, 229804, 0, 0, 0, 0, 5, 0, 22566),
(66410, 229805, 0, 0, 0, 0, 5, 0, 22566),
(66411, 229806, 0, 0, 0, 0, 5, 0, 22566),
(66429, 229857, 0, 0, 0, 0, 5, 0, 22566),
(66430, 229858, 0, 0, 0, 0, 5, 0, 22566),
(66431, 229859, 0, 0, 0, 0, 5, 0, 22566),
(56091, 36032, 0, 64, 0, 0, 0, 0, 22566),
(66441, 216420, 0, 0, 0, 0, 41, 0, 22566),
(66469, 161515, 4718592, 0, 0, 0, 0, 0, 22566),
(66541, 221332, 4718592, 0, 0, 0, 0, 0, 22566),
(66588, 230503, 0, 64, 0, 0, 0, 0, 22566),
(62520, 216438, 0, 0, 0, 0, 15, 0, 22566),
(62521, 201944, 131075, 0, 0, 0, 0, 0, 22566),
(62522, 216441, 135171, 0, 0, 0, 0, 0, 22566),
(62519, 216426, 0, 0, 0, 0, 15, 0, 22566),
(64129, 222365, 4718592, 0, 0, 0, 0, 0, 22566),
(65456, 219995, 4718592, 0, 0, 0, 0, 0, 22566),
(64035, 222070, 4718592, 0, 0, 0, 0, 0, 22566),
(63588, 220212, 4718592, 0, 0, 0, 0, 0, 22566),
(65455, 216090, 4718592, 0, 0, 0, 0, 0, 22566),
(63558, 220125, 4718592, 0, 0, 0, 0, 0, 22566),
(61639, 211945, 4718592, 0, 0, 0, 0, 0, 22566),
(61640, 212145, 4718592, 0, 0, 0, 0, 0, 22566),
(63049, 218603, 4718592, 0, 0, 0, 0, 0, 22566),
(64043, 222080, 4718592, 0, 0, 0, 0, 0, 22566),
(64237, 222820, 4718592, 0, 0, 0, 0, 0, 22566),
(64264, 222964, 4718592, 0, 0, 0, 0, 0, 22566),
(64239, 222827, 4718592, 0, 0, 0, 0, 0, 22566),
(63984, 221713, 4718592, 0, 0, 0, 0, 0, 22566),
(62856, 217849, 4718592, 0, 0, 0, 0, 0, 22566),
(62355, 215843, 4718592, 0, 0, 0, 0, 0, 22566),
(63732, 220814, 4718592, 0, 0, 0, 0, 0, 22566),
(63958, 221625, 4718592, 0, 0, 0, 0, 0, 22566),
(64243, 222842, 4718592, 0, 0, 0, 0, 0, 22566),
(63924, 221496, 4718592, 0, 0, 0, 0, 0, 22566),
(62939, 218154, 4718592, 0, 0, 0, 0, 0, 22566),
(61485, 212423, 0, 0, 0, 0, 14, 0, 22566),
(66636, 179185, 0, 0, 0, 0, 1549, 0, 22566),
(55057, 188051, 2148008064, 0, 0, 0, 0, 0, 22566),
(55046, 188042, 268960000, 0, 0, 0, 0, 0, 22566),
(66661, 216813, 1610612736, 3072, 0, 0, 0, 0, 22566),
(66673, 207290, 0, 16384, 0, 0, 0, 0, 22566),
(64490, 223894, 4718592, 0, 0, 0, 41, 0, 22566),
(66852, 231603, 541589504, 0, 0, 0, 0, 0, 22566),
(66875, 102543, 0, 512, 0, 0, 0, 0, 22566),
(66822, 231511, 524288, 0, 0, 0, 0, 0, 22566),
(66836, 203343, 4718592, 0, 0, 0, 0, 0, 22566),
(66985, 215479, 536870912, 0, 0, 0, 0, 0, 22566),
(67110, 232608, 268435456, 0, 0, 0, 0, 0, 22566),
(62127, 214761, 268439554, 0, 0, 0, 8, 0, 22566),
(67112, 232617, 2148007936, 0, 0, 0, 0, 0, 22566),
(67109, 232605, 0, 0, 0, 0, 23, 0, 22566);



REPLACE INTO `item_currency_cost` (`ID`, `ItemId`, `VerifiedBuild`) VALUES
(52914, 141604, 22566),
(52704, 140984, 22566),
(52684, 140964, 22566),
(52682, 140962, 22566),
(52686, 140966, 22566),
(52688, 140968, 22566),
(52690, 140970, 22566),
(52692, 140972, 22566),
(52694, 140974, 22566),
(52696, 140976, 22566),
(52698, 140978, 22566),
(52700, 140980, 22566),
(52702, 140982, 22566),
(52915, 139682, 22566),
(52916, 139673, 22566),
(52917, 139715, 22566),
(52918, 139723, 22566),
(52919, 139707, 22566),
(52920, 139731, 22566),
(52921, 139690, 22566),
(52922, 139739, 22566),
(52923, 139698, 22566),
(52924, 139681, 22566),
(52925, 139674, 22566),
(52926, 139716, 22566),
(52927, 139724, 22566),
(52928, 139708, 22566),
(52929, 139747, 22566),
(52930, 139732, 22566),
(52931, 139691, 22566),
(52932, 139755, 22566),
(52933, 139740, 22566),
(52934, 139699, 22566),
(52935, 139763, 22566),
(52936, 139675, 22566),
(52937, 139717, 22566),
(52938, 139725, 22566),
(52939, 139709, 22566),
(52940, 139748, 22566),
(52941, 139733, 22566),
(52942, 139692, 22566),
(52943, 139756, 22566),
(52944, 139741, 22566),
(52945, 139700, 22566),
(52946, 139764, 22566),
(52947, 139683, 22566),
(52948, 139676, 22566),
(52949, 139718, 22566),
(52950, 139726, 22566),
(52951, 139710, 22566),
(52952, 139749, 22566),
(52953, 139734, 22566),
(52954, 139693, 22566),
(52955, 139757, 22566),
(52956, 139742, 22566),
(52957, 139701, 22566),
(52958, 139765, 22566),
(52959, 139684, 22566),
(52960, 139677, 22566),
(52961, 139719, 22566),
(52962, 139727, 22566),
(52963, 139711, 22566),
(52964, 139750, 22566),
(52965, 139735, 22566),
(52966, 139694, 22566),
(52967, 139758, 22566),
(52968, 139743, 22566),
(52969, 139702, 22566),
(52970, 139766, 22566),
(52971, 139685, 22566),
(52972, 139751, 22566),
(52973, 139759, 22566),
(52974, 139767, 22566),
(52975, 139678, 22566),
(52976, 139720, 22566),
(52977, 139728, 22566),
(52978, 139712, 22566),
(52979, 139752, 22566),
(52980, 139736, 22566),
(52981, 139695, 22566),
(52982, 139760, 22566),
(52983, 139744, 22566),
(52984, 139703, 22566),
(52985, 139768, 22566),
(52986, 139686, 22566),
(52987, 139679, 22566),
(52988, 139721, 22566),
(52989, 139729, 22566),
(52990, 139713, 22566),
(52991, 139753, 22566),
(52992, 139737, 22566),
(52993, 139696, 22566),
(52994, 139761, 22566),
(52995, 139745, 22566),
(52996, 139704, 22566),
(52997, 139769, 22566),
(52998, 139687, 22566),
(52999, 139680, 22566),
(53000, 139722, 22566),
(53001, 139730, 22566),
(53002, 139714, 22566),
(53003, 139754, 22566),
(53004, 139738, 22566),
(53005, 139697, 22566),
(53006, 139762, 22566),
(53007, 139746, 22566),
(53008, 139705, 22566),
(53009, 139770, 22566),
(53010, 139688, 22566),
(53088, 142526, 22566),
(52833, 141862, 22566),
(45888, 137720, 22566),
(53120, 137978, 22566),
(52323, 128593, 22566),
(53121, 137980, 22566),
(45870, 137974, 22566),
(45874, 137925, 22566),
(52846, 141914, 22566),
(45878, 137893, 22566),
(52312, 137790, 22566),
(52313, 137791, 22566),
(45882, 123949, 22566),
(52315, 137746, 22566),
(52314, 137745, 22566),
(53119, 137977, 22566);


REPLACE INTO `spell_duration` (`ID`, `Duration`, `MaxDuration`, `DurationPerLevel`, `VerifiedBuild`) VALUES
(859, 0, 100000, 0, 22566);

REPLACE INTO `player_condition_locale` (`ID`, `locale`, `FailureDescription_lang`, `VerifiedBuild`) VALUES
(45800, 'esES', "", 22566),
(43731, 'esES', "", 22566),
(45193, 'esES', "", 22566),
(46210, 'esES', "", 22566),
(46211, 'esES', "", 22566),
(46219, 'esES', "", 22566),
(46220, 'esES', "", 22566),
(37248, 'esES', "", 22566),
(42592, 'esES', "", 22566),
(42590, 'esES', "", 22566),
(42591, 'esES', "", 22566),
(46292, 'esES', "", 22566),
(46293, 'esES', "", 22566),
(46297, 'esES', "", 22566),
(46296, 'esES', "", 22566),
(39737, 'esES', "", 22566),
(39738, 'esES', "", 22566),
(45619, 'esES', "", 22566),
(41962, 'esES', "Debes tener nivel 100 para investigar esto.", 22566),
(40640, 'esES', "", 22566),
(41052, 'esES', "", 22566),
(44149, 'esES', "", 22566),
(44151, 'esES', "", 22566),
(45324, 'esES', "", 22566),
(45325, 'esES', "", 22566),
(45326, 'esES', "", 22566),
(45327, 'esES', "", 22566),
(45328, 'esES', "", 22566),
(45329, 'esES', "", 22566),
(45330, 'esES', "", 22566),
(45331, 'esES', "", 22566),
(45332, 'esES', "", 22566),
(45333, 'esES', "", 22566),
(45334, 'esES', "", 22566),
(45335, 'esES', "", 22566),
(45615, 'esES', "", 22566),
(38048, 'esES', "", 22566),
(35506, 'esES', "", 22566),
(35507, 'esES', "", 22566),
(42998, 'esES', "", 22566),
(42999, 'esES', "", 22566),
(43000, 'esES', "", 22566),
(43001, 'esES', "", 22566),
(33788, 'esES', "", 22566),
(33790, 'esES', "", 22566),
(37620, 'esES', "", 22566),
(37305, 'esES', "", 22566),
(37215, 'esES', "", 22566),
(46632, 'esES', "", 22566),
(46640, 'esES', "", 22566),
(46639, 'esES', "", 22566);

REPLACE INTO `spell_aura_restrictions` (`ID`, `SpellID`, `CasterAuraSpell`, `TargetAuraSpell`, `ExcludeCasterAuraSpell`, `ExcludeTargetAuraSpell`, `DifficultyID`, `CasterAuraState`, `TargetAuraState`, `ExcludeCasterAuraState`, `ExcludeTargetAuraState`, `VerifiedBuild`) VALUES
(10150, 186348, 0, 0, 0, 186362, 0, 0, 0, 0, 0, 22566),
(11728, 208513, 0, 0, 208513, 208513, 0, 0, 0, 0, 0, 22566),
(11729, 208516, 0, 0, 208516, 208516, 0, 0, 0, 0, 0, 22566),
(11731, 38258, 0, 0, 0, 38258, 0, 0, 0, 0, 0, 22566),
(11751, 210041, 206478, 206478, 0, 0, 0, 0, 0, 0, 0, 22566),
(11769, 157922, 0, 186899, 0, 0, 0, 0, 0, 0, 0, 22566),
(10821, 208860, 0, 210203, 0, 200192, 0, 0, 0, 0, 0, 22566),
(11821, 209944, 0, 0, 209944, 0, 0, 0, 0, 0, 0, 22566),
(11819, 218378, 0, 0, 218378, 218378, 0, 0, 0, 0, 0, 22566),
(11846, 209576, 0, 0, 209576, 209576, 0, 0, 0, 0, 0, 22566);



REPLACE INTO `spell_shapeshift` (`ID`, `SpellID`, `ShapeshiftExclude1`, `ShapeshiftExclude2`, `ShapeshiftMask1`, `ShapeshiftMask2`, `StanceBarOrder`, `VerifiedBuild`) VALUES
(23, 768, 0, 0, 0, 0, 2, 22566);


REPLACE INTO `spell_category_locale` (`ID`, `locale`, `Name_lang`, `VerifiedBuild`) VALUES
(1662, 'esES', "Class - Paladin - Divine Steed", 22566),
(1615, 'esES', "Shadow Dance", 22566);

REPLACE INTO `spell_item_enchantment_locale` (`ID`, `locale`, `Name_lang`, `VerifiedBuild`) VALUES
(5344, 'esES', "+$k1 versatilidad", 22566),
(5345, 'esES', "+$k1 aguante", 22566),
(5346, 'esES', "+$k1 golpe crítico", 22566),
(5347, 'esES', "+$k1 celeridad", 22566),
(5348, 'esES', "+$k1 maestría", 22566),
(5349, 'esES', "+$k1 celeridad", 22566),
(5350, 'esES', "+$k1 versatilidad", 22566),
(5351, 'esES', "+$k1 aguante", 22566),
(5416, 'esES', "+$k1 celeridad", 22566),
(5417, 'esES', "+$k1 versatilidad", 22566),
(5418, 'esES', "+$k1 aguante", 22566),
(5415, 'esES', "+$k1 maestría", 22566),
(5420, 'esES', "+$k1 celeridad", 22566),
(5413, 'esES', "+$k1 golpe crítico", 22566),
(5421, 'esES', "+$k1 maestría", 22566),
(5414, 'esES', "+$k1 celeridad", 22566),
(5419, 'esES', "+$k1 golpe crítico", 22566),
(5339, 'esES', "+$k1 golpe crítico", 22566),
(5340, 'esES', "+$k1 celeridad", 22566),
(5342, 'esES', "+$k1 maestría", 22566),
(5343, 'esES', "+$k1 celeridad", 22566),
(5872, 'esES', "Lengua de Fuego", 22566),
(5396, 'esES', "Tiranía gloriosa", 22566),
(5397, 'esES', "Victoria primigenia", 22566);


REPLACE INTO `phase` (`ID`, `Flags`, `VerifiedBuild`) VALUES
(6821, 20, 22566),
(7895, 20, 22566),
(7927, 20, 22566),
(2297, 4, 22566),
(6980, 20, 22566),
(7968, 20, 22566),
(5286, 20, 22566),
(5137, 20, 22566),
(4587, 20, 22566),
(7990, 20, 22566),
(7991, 20, 22566);

REPLACE INTO `talent` (`ID`, `SpellID`, `OverridesSpellID`, `Description`, `SpecID`, `TierID`, `ColumnIndex`, `Flags`, `CategoryMask1`, `CategoryMask2`, `ClassID`, `VerifiedBuild`) VALUES
(22594, 204023, 0, "", 66, 1, 2, 0, 0, 0, 2, 22566),
(22430, 203785, 0, "", 66, 0, 2, 0, 0, 0, 2, 22566),
(22428, 152261, 0, "", 66, 0, 0, 0, 0, 0, 2, 22566),
(22558, 204019, 53595, "", 66, 0, 1, 0, 0, 0, 2, 22566),
(22604, 204035, 0, "", 66, 1, 1, 0, 0, 0, 2, 22566),
(22431, 203776, 0, "", 66, 1, 0, 0, 0, 0, 2, 22566),
(22176, 230332, 0, "", 65, 1, 0, 0, 0, 0, 2, 22566),
(22434, 230332, 0, "", 66, 3, 1, 0, 0, 0, 2, 22566),
(22483, 230332, 0, "", 70, 5, 1, 0, 0, 0, 2, 22566),
(22540, 211881, 0, "", 581, 2, 2, 0, 0, 0, 12, 22566),
(22510, 202138, 0, "", 581, 4, 1, 0, 0, 0, 12, 22566);

REPLACE INTO `talent_locale` (`ID`, `locale`, `Description_lang`, `VerifiedBuild`) VALUES
(22594, 'esES', "", 22566),
(22430, 'esES', "", 22566),
(22428, 'esES', "", 22566),
(22558, 'esES', "", 22566),
(22604, 'esES', "", 22566),
(22431, 'esES', "", 22566),
(22176, 'esES', "", 22566),
(22434, 'esES', "", 22566),
(22483, 'esES', "", 22566),
(22540, 'esES', "", 22566),
(22510, 'esES', "", 22566);

REPLACE INTO `spell_cooldowns` (`ID`, `SpellID`, `CategoryRecoveryTime`, `RecoveryTime`, `StartRecoveryTime`, `DifficultyID`, `VerifiedBuild`) VALUES
(23714, 205029, 0, 45000, 0, 0, 22566),
(26535, 229746, 0, 0, 1500, 0, 22566),
(23521, 204293, 0, 60000, 1500, 0, 22566),
(25523, 221703, 0, 30000, 1500, 0, 22566),
(26536, 229807, 0, 0, 1500, 0, 22566),
(21893, 190336, 0, 15000, 1500, 0, 22566),
(23760, 205385, 0, 30000, 1500, 0, 22566),
(24571, 212552, 0, 45000, 1500, 0, 22566),
(25554, 221883, 0, 0, 1500, 0, 22566),
(25555, 221885, 0, 0, 1500, 0, 22566),
(22292, 190784, 0, 0, 1500, 0, 22566),
(25205, 218999, 0, 45000, 1000, 0, 22566),
(25207, 219006, 0, 45000, 1000, 0, 22566),
(25556, 221886, 0, 0, 1500, 0, 22566),
(25211, 219014, 0, 45000, 1000, 0, 22566),
(25557, 221887, 0, 0, 1500, 0, 22566),
(23216, 201948, 1000, 0, 0, 0, 22566),
(24985, 201891, 0, 300000, 1500, 0, 22566),
(26637, 210053, 0, 0, 1500, 0, 22566),
(23248, 202138, 60000, 0, 1500, 0, 22566),
(21265, 184662, 0, 120000, 0, 0, 22566),
(26694, 209944, 0, 10000, 0, 0, 22566),
(23959, 207407, 0, 40000, 1500, 0, 22566),
(24732, 213981, 0, 60000, 0, 0, 22566),
(26754, 214202, 0, 1500, 0, 0, 22566),
(23748, 205364, 0, 120000, 1500, 0, 22566);

REPLACE INTO `faction` (`ID`, `ReputationRaceMask1`, `ReputationRaceMask2`, `ReputationRaceMask3`, `ReputationRaceMask4`, `ReputationBase1`, `ReputationBase2`, `ReputationBase3`, `ReputationBase4`, `ParentFactionMod1`, `ParentFactionMod2`, `Name`, `Description`, `ReputationMax1`, `ReputationMax2`, `ReputationMax3`, `ReputationMax4`, `ReputationIndex`, `ReputationClassMask1`, `ReputationClassMask2`, `ReputationClassMask3`, `ReputationClassMask4`, `ReputationFlags1`, `ReputationFlags2`, `ReputationFlags3`, `ReputationFlags4`, `ParentFactionID`, `ParentFactionCap1`, `ParentFactionCap2`, `Expansion`, `Flags`, `FriendshipRepID`, `VerifiedBuild`) VALUES
(609, 60819455, 60817576, 0, 0, 0, 2000, 0, 0, 0, 0, "Círculo Cenarion", "Los druidas del Círculo Cenarion son guardianes de la Naturaleza y conviven en el calmo Claro de la Luna.", 42999, 42999, 0, 0, 36, 3071, 1024, 0, 0, 16, 16, 0, 0, 1118, 5, 5, 0, 0, 0, 22566),
(1090, 27264077, 33555378, 18875469, 33555378, 0, 0, 3000, 3000, 0, 0, "Kirin Tor", "Los magos y archimagos que gobiernan la ciudad de Dalaran. Enfrentados a las crecientes amenazas del Vuelo Azul y la Plaga, ahora han mudado su ciudad al corazón de Rasganorte.", 42999, 42999, 42999, 42999, 84, 3967, 3967, 128, 128, 16, 16, 16, 16, 1097, 5, 5, 0, 0, 0, 22566),
(1011, 52461567, 0, 0, 0, 0, 0, 0, 0, 0, 0, "Bajo Arrabal", "Los refugiados de Shattrath proceden de diferentes razas y contextos. Los relatos de buenas acciones se extienden rápidamente entre los habitantes del Bajo Arrabal.", 42999, 0, 0, 0, 69, 4095, 0, 0, 0, 16, 0, 0, 0, 936, 3, 3, 0, 0, 0, 22566),
(1098, 0, 0, 0, 0, 3200, 0, 0, 0, 1, 1, "Caballeros de la Espada de Ébano", "Liberados del control del Rey Exánime, sus otrora caballeros de la Muerte se han reagrupado contra él bajo el estandarte del alto señor Darion Mograine.", 42999, 42999, 0, 0, 91, 32, 4063, 0, 0, 16, 16, 0, 0, 1097, 5, 5, 0, 0, 0, 22566),
(1031, 52430847, 0, 0, 0, 0, 0, 0, 0, 0, 0, "Guardia del cielo Sha'tari", "Fuerza militar aérea creada en la Ciudad de Shattrath para hacer frente a la amenaza que se cierne sobre el cielo de Terrallende.", 42999, 0, 0, 0, 72, 4095, 0, 0, 0, 16, 0, 0, 0, 936, 5, 5, 0, 0, 0, 22566),
(1138, 0, 0, 0, 0, 0, 0, 0, 0, 1, 1, "Cataclysm - Nueva Reputación Neutral", "", 0, 0, 0, 0, -1, 0, 0, 0, 0, 0, 0, 0, 0, 0, 0, 0, 0, 0, 0, 22566),
(1272, 56625151, 0, 0, 0, 0, 0, 0, 0, 0, 0, "Los Labradores", "Los Labradores son pandaren productivos y pacíficos que trabajan la tierra para alimentar los enormes apetitos de los suyos.", 42999, 0, 0, 0, 171, 4095, 0, 0, 0, 152, 0, 0, 0, 1245, 0, 0, 0, 1, 0, 22566),
(1492, 65013759, 0, 0, 0, 0, 0, 0, 0, 0, 0, "Emperador Shaohao", "Shaohao, el antiguo emperador de los pandaren, es una figura digna del más profundo de los respetos.", 42999, 0, 0, 0, 241, 4095, 0, 0, 0, 16, 0, 0, 0, 1245, 0, 0, 0, 0, 0, 22566),
(1271, 65013759, 0, 0, 0, 3000, 0, 0, 0, 0, 0, "Orden del dragón nimbo", "Guardianes del Templo del Este", 42999, 0, 0, 0, 154, 4095, 0, 0, 0, 16, 0, 0, 0, 1245, 0, 0, 0, 1, 0, 22566),
(1015, 52430847, 0, 0, 0, -42000, 0, 0, 0, 0, 0, "Ala Abisal", "Esta inusual camada de dragones nació de los huevos del Vuelo Negro de Alamuerte y está imbuida de energías del vacío puras. Ahora buscan su identidad más allá de las sombras de la destructora herencia de su padre.", 42999, 0, 0, 0, 71, 4095, 0, 0, 0, 2, 0, 0, 0, 980, 5, 5, 0, 0, 0, 22566),
(1435, 65013759, 0, 0, 0, 0, 0, 0, 0, 0, 0, "Asalto del Shadopan", "Los valerosos guerreros del Shadopan se aventuran en el Solio del Trueno con la esperanza de poder contener el mal que allí acecha y clamar justicia por los siglos de esclavitud que soportaron bajo el mandato del Rey del Trueno.", 42999, 0, 0, 0, 228, 4095, 0, 0, 0, 16, 0, 0, 0, 1245, 0, 0, 0, 0, 0, 22566),
(1732, 67108863, 0, 0, 0, 0, 0, 0, 0, 1, 1, "Expedición Bonvapor de Draenor", "Draenor es una tierra repleta de oportunidades con muy poca competencia.", 0, 0, 0, 0, 138, 4095, 0, 0, 0, 4, 0, 0, 0, 1444, 0, 0, 0, 0, 0, 22566),
(1416, 2047, 0, 0, 0, 500, 0, 0, 0, 1, 1, "Confianza de Akama", "Akama no confía en los brujos después de presenciar la caída de Illidan por su propia corrupción, seguido de la invasión del Templo Oscuro por los brujos tras el Cataclismo.", 1000, 0, 0, 0, 221, 4095, 0, 0, 0, 0, 0, 0, 0, 1245, 0, 0, 4, 0, 0, 22566),
(1005, 67108863, 0, 0, 0, 3000, 0, 0, 0, 1, 1, "Amistoso, oculto", "", 30000, 0, 0, 0, 68, 3551, 0, 0, 0, 20, 0, 0, 0, 0, 5, 5, 0, 0, 0, 22566),
(1359, 56625151, 0, 0, 0, 2800, 0, 0, 0, 0, 0, "El Príncipe Negro", "Wrathion, el Príncipe Negro, es el último dragón Negro. Es conocido por otorgar copiosas recompensas a todo el que se gane su confianza y le apoye en sus empresas.", 42999, 0, 0, 0, 193, 4095, 0, 0, 0, 16, 0, 0, 0, 1245, 0, 0, 0, 0, 0, 22566),
(1137, 60882943, 0, 0, 0, 0, 0, 0, 0, 0, 0, "Conversión de sableinvernales", "", 42999, 0, 0, 0, 101, 3583, 0, 0, 0, 4, 0, 0, 0, 0, 0, 0, 0, 0, 0, 22566),
(1433, 67108863, 0, 0, 0, 100, 0, 0, 0, 0, 0, "Monstruo, forzado a neutral para reacción de fuerza", "", 100, 0, 0, 0, 227, 4095, 0, 0, 0, 20, 0, 0, 0, 0, 0, 0, 0, 0, 0, 22566),
(953, 0, 0, 0, 0, 0, 0, 0, 0, 1, 1, "Facción de prueba 4", "", 42999, 0, 0, 0, 108, 4095, 0, 0, 0, 4, 0, 0, 0, 0, 5, 5, 0, 0, 0, 22566),
(1242, 23069773, 33555378, 0, 0, 0, -42000, 0, 0, 0, 0, "Jinyu Aleta de Nácar", "Una raza reservada y metódica de hombres pez.", 42999, 4294925296, 0, 0, 143, 4095, 0, 0, 0, 16, 2, 0, 0, 1245, 0, 0, 0, 0, 0, 22566);



REPLACE INTO `faction_locale` (`ID`, `locale`, `Name_lang`, `Description_lang`, `VerifiedBuild`) VALUES
(609, 'esES', "Círculo Cenarion", "Los druidas del Círculo Cenarion son guardianes de la Naturaleza y conviven en el calmo Claro de la Luna.", 22566),
(1090, 'esES', "Kirin Tor", "Los magos y archimagos que gobiernan la ciudad de Dalaran. Enfrentados a las crecientes amenazas del Vuelo Azul y la Plaga, ahora han mudado su ciudad al corazón de Rasganorte.", 22566),
(1011, 'esES', "Bajo Arrabal", "Los refugiados de Shattrath proceden de diferentes razas y contextos. Los relatos de buenas acciones se extienden rápidamente entre los habitantes del Bajo Arrabal.", 22566),
(1098, 'esES', "Caballeros de la Espada de Ébano", "Liberados del control del Rey Exánime, sus otrora caballeros de la Muerte se han reagrupado contra él bajo el estandarte del alto señor Darion Mograine.", 22566),
(1031, 'esES', "Guardia del cielo Sha'tari", "Fuerza militar aérea creada en la Ciudad de Shattrath para hacer frente a la amenaza que se cierne sobre el cielo de Terrallende.", 22566),
(1138, 'esES', "Cataclysm - Nueva Reputación Neutral", "", 22566),
(1272, 'esES', "Los Labradores", "Los Labradores son pandaren productivos y pacíficos que trabajan la tierra para alimentar los enormes apetitos de los suyos.", 22566),
(1492, 'esES', "Emperador Shaohao", "Shaohao, el antiguo emperador de los pandaren, es una figura digna del más profundo de los respetos.", 22566),
(1271, 'esES', "Orden del dragón nimbo", "Guardianes del Templo del Este", 22566),
(1015, 'esES', "Ala Abisal", "Esta inusual camada de dragones nació de los huevos del Vuelo Negro de Alamuerte y está imbuida de energías del vacío puras. Ahora buscan su identidad más allá de las sombras de la destructora herencia de su padre.", 22566),
(1435, 'esES', "Asalto del Shadopan", "Los valerosos guerreros del Shadopan se aventuran en el Solio del Trueno con la esperanza de poder contener el mal que allí acecha y clamar justicia por los siglos de esclavitud que soportaron bajo el mandato del Rey del Trueno.", 22566),
(1732, 'esES', "Expedición Bonvapor de Draenor", "Draenor es una tierra repleta de oportunidades con muy poca competencia.", 22566),
(1416, 'esES', "Confianza de Akama", "Akama no confía en los brujos después de presenciar la caída de Illidan por su propia corrupción, seguido de la invasión del Templo Oscuro por los brujos tras el Cataclismo.", 22566),
(1005, 'esES', "Amistoso, oculto", "", 22566),
(1359, 'esES', "El Príncipe Negro", "Wrathion, el Príncipe Negro, es el último dragón Negro. Es conocido por otorgar copiosas recompensas a todo el que se gane su confianza y le apoye en sus empresas.", 22566),
(1137, 'esES', "Conversión de sableinvernales", "", 22566),
(1433, 'esES', "Monstruo, forzado a neutral para reacción de fuerza", "", 22566),
(953, 'esES', "Facción de prueba 4", "", 22566),
(1242, 'esES', "Jinyu Aleta de Nácar", "Una raza reservada y metódica de hombres pez.", 22566);


REPLACE INTO `area_group_member` (`ID`, `AreaGroupID`, `AreaID`, `VerifiedBuild`) VALUES
(10723, 3856, 8485, 22566),
(10727, 4064, 8485, 22566),
(10724, 4705, 8485, 22566),
(10733, 5015, 7534, 22566),
(10734, 5015, 1519, 22566),
(10735, 5015, 1637, 22566),
(10736, 5015, 40, 22566),
(10737, 5015, 440, 22566),
(10738, 5015, 16, 22566),
(10739, 5015, 1, 22566),
(10740, 5015, 17, 22566),
(10741, 5015, 267, 22566),
(10752, 4622, 4614, 22566),
(10753, 4622, 4616, 22566),
(10754, 4622, 4618, 22566),
(10755, 4622, 4619, 22566),
(10756, 4622, 4620, 22566),
(10757, 4622, 4632, 22566),
(10758, 4622, 4637, 22566),
(10759, 4622, 4638, 22566),
(10760, 4622, 4739, 22566),
(10761, 4622, 4740, 22566),
(10762, 4622, 4395, 22566),
(10763, 4622, 8474, 22566),
(10742, 4622, 4560, 22566),
(10743, 4622, 4564, 22566),
(10744, 4622, 4567, 22566),
(10745, 4622, 4568, 22566),
(10746, 4622, 4569, 22566),
(10747, 4622, 4570, 22566),
(10748, 4622, 4598, 22566),
(10749, 4622, 4599, 22566),
(10750, 4622, 4601, 22566),
(10751, 4622, 4613, 22566),
(10825, 4260, 8390, 22566),
(10828, 4974, 7578, 22566),
(10832, 4724, 8296, 22566),
(10829, 4724, 8194, 22566),
(10830, 4724, 8191, 22566),
(10831, 4724, 8192, 22566),
(10868, 4733, 7842, 22566),
(10927, 5060, 7638, 22566),
(10928, 5060, 2268, 22566),
(10929, 5060, 7813, 22566),
(10930, 5060, 7679, 22566),
(10931, 5060, 7879, 22566),
(10932, 5060, 7875, 22566),
(10933, 5060, 7834, 22566),
(10934, 5060, 7753, 22566),
(10935, 5060, 8011, 22566),
(10936, 5060, 7905, 22566),
(10937, 5060, 7903, 22566),
(10938, 5060, 8065, 22566),
(10939, 5060, 8023, 22566),
(10940, 5060, 7877, 22566),
(10941, 5060, 7846, 22566),
(10942, 5060, 7543, 22566),
(10943, 5060, 7334, 22566),
(10944, 5060, 7558, 22566),
(10945, 5060, 7503, 22566),
(10946, 5060, 7541, 22566),
(10947, 5060, 7637, 22566),
(10948, 5060, 7502, 22566),
(10949, 5060, 8392, 22566),
(10950, 5060, 7656, 22566),
(10951, 5060, 7979, 22566);

REPLACE INTO `glyph_bindable_spell` (`ID`, `SpellID`, `GlyphPropertiesID`, `VerifiedBuild`) VALUES
(220, 198013, 1275, 22566),
(221, 212641, 1245, 22566);

REPLACE INTO `artifact_power_rank` (`ID`, `SpellID`, `AuraPointsOverride`, `ArtifactPowerID`, `ItemBonusListID`, `RankIndex`, `VerifiedBuild`) VALUES
(2570, 192457, 3, 275, 0, 0, 22566),
(2573, 192460, 4, 276, 0, 0, 22566),
(2579, 192464, 4, 278, 0, 0, 22566),
(5159, 210570, 7, 1161, 0, 0, 22566),
(5160, 210570, 14, 1161, 0, 1, 22566),
(5161, 210570, 21, 1161, 0, 2, 22566),
(5162, 210570, 28, 1161, 0, 3, 22566),
(5163, 210570, 35, 1161, 0, 4, 22566),
(5164, 210570, 42, 1161, 0, 5, 22566),
(5171, 210575, 7, 1163, 0, 0, 22566),
(5172, 210575, 14, 1163, 0, 1, 22566),
(5173, 210575, 21, 1163, 0, 2, 22566),
(5174, 210575, 28, 1163, 0, 3, 22566),
(5175, 210575, 35, 1163, 0, 4, 22566),
(5176, 210575, 42, 1163, 0, 5, 22566),
(5189, 210593, 7, 1166, 0, 0, 22566),
(5190, 210593, 14, 1166, 0, 1, 22566),
(5191, 210593, 21, 1166, 0, 2, 22566),
(5192, 210593, 28, 1166, 0, 3, 22566),
(5193, 210593, 35, 1166, 0, 4, 22566),
(5194, 210593, 42, 1166, 0, 5, 22566),
(5201, 210637, 7, 1168, 0, 0, 22566),
(5202, 210637, 14, 1168, 0, 1, 22566),
(5203, 210637, 21, 1168, 0, 2, 22566),
(5204, 210637, 28, 1168, 0, 3, 22566),
(5205, 210637, 35, 1168, 0, 4, 22566),
(5206, 210637, 42, 1168, 0, 5, 22566),
(3695, 192457, 6, 275, 0, 1, 22566),
(3696, 192457, 9, 275, 0, 2, 22566),
(3697, 192457, 12, 275, 0, 3, 22566),
(3698, 192457, 15, 275, 0, 4, 22566),
(3699, 192457, 18, 275, 0, 5, 22566),
(3700, 192460, 8, 276, 0, 1, 22566),
(3701, 192460, 12, 276, 0, 2, 22566),
(3702, 192460, 16, 276, 0, 3, 22566),
(3703, 192460, 20, 276, 0, 4, 22566),
(3704, 192460, 24, 276, 0, 5, 22566),
(3705, 192464, 8, 278, 0, 1, 22566),
(3706, 192464, 12, 278, 0, 2, 22566),
(3707, 192464, 16, 278, 0, 3, 22566),
(3708, 192464, 20, 278, 0, 4, 22566),
(3709, 192464, 24, 278, 0, 5, 22566),
(3830, 214626, -2, 792, 0, 0, 22566),
(3831, 214626, -4, 792, 0, 1, 22566),
(3832, 214626, -6, 792, 0, 2, 22566),
(3833, 214626, -8, 792, 0, 3, 22566),
(3834, 214626, -10, 792, 0, 4, 22566),
(3835, 214626, -12, 792, 0, 5, 22566),
(6463, 216272, 12, 96, 0, 1, 22566),
(6464, 216272, 18, 96, 0, 2, 22566),
(6465, 216272, 24, 96, 0, 3, 22566),
(6466, 216272, 30, 96, 0, 4, 22566),
(6467, 216272, 36, 96, 0, 5, 22566),
(4420, 200409, 10, 952, 0, 0, 22566),
(4421, 200409, 20, 952, 0, 1, 22566),
(4422, 200409, 30, 952, 0, 2, 22566),
(4423, 200409, 40, 952, 0, 3, 22566),
(4424, 200409, 50, 952, 0, 4, 22566),
(4425, 200409, 60, 952, 0, 5, 22566),
(4438, 200440, 7, 956, 0, 0, 22566),
(4439, 200440, 14, 956, 0, 1, 22566),
(4440, 200440, 21, 956, 0, 2, 22566),
(4441, 200440, 28, 956, 0, 3, 22566),
(4442, 200440, 35, 956, 0, 4, 22566),
(4443, 200440, 42, 956, 0, 5, 22566),
(6508, 216273, 14, 989, 0, 1, 22566),
(6509, 216273, 21, 989, 0, 2, 22566),
(6510, 216273, 28, 989, 0, 3, 22566),
(6511, 216273, 35, 989, 0, 4, 22566),
(6512, 216273, 42, 989, 0, 5, 22566),
(2429, 216272, 6, 96, 0, 0, 22566),
(4527, 216273, 7, 989, 0, 0, 22566),
(4533, 200849, 5, 990, 0, 0, 22566),
(4534, 200849, 10, 990, 0, 1, 22566),
(4535, 200849, 15, 990, 0, 2, 22566),
(4536, 200849, 20, 990, 0, 3, 22566),
(4537, 200849, 25, 990, 0, 4, 22566),
(4538, 200849, 30, 990, 0, 5, 22566),
(4541, 200853, 9, 991, 0, 2, 22566),
(4542, 200853, 12, 991, 0, 3, 22566),
(4543, 200853, 15, 991, 0, 4, 22566),
(4544, 200853, 18, 991, 0, 5, 22566),
(4569, 200861, 1, 996, 0, 0, 22566),
(4570, 200861, 2, 996, 0, 1, 22566),
(4571, 200861, 3, 996, 0, 2, 22566),
(4572, 200861, 4, 996, 0, 3, 22566),
(4573, 200861, 5, 996, 0, 4, 22566),
(4574, 200861, 6, 996, 0, 5, 22566),
(4160, 197708, 16, 888, 0, 3, 22566),
(4161, 197708, 20, 888, 0, 4, 22566),
(4162, 197708, 24, 888, 0, 5, 22566),
(3992, 196418, 3, 844, 0, 0, 22566),
(3993, 196418, 6, 844, 0, 1, 22566),
(3994, 196418, 9, 844, 0, 2, 22566),
(3995, 196418, 12, 844, 0, 3, 22566),
(3996, 196418, 15, 844, 0, 4, 22566),
(3997, 196418, 18, 844, 0, 5, 22566),
(5317, 191740, 16, 301, 0, 1, 22566),
(2611, 191740, 8, 301, 0, 0, 22566),
(4157, 197708, 4, 888, 0, 0, 22566),
(4158, 197708, 8, 888, 0, 1, 22566),
(4159, 197708, 12, 888, 0, 2, 22566),
(3904, 196211, 3, 804, 0, 0, 22566),
(3905, 196211, 6, 804, 0, 1, 22566),
(3906, 196211, 9, 804, 0, 2, 22566),
(3907, 196211, 12, 804, 0, 3, 22566),
(3908, 196211, 15, 804, 0, 4, 22566),
(3909, 196211, 18, 804, 0, 5, 22566),
(5318, 191740, 24, 301, 0, 2, 22566),
(5319, 191740, 32, 301, 0, 3, 22566),
(5320, 191740, 40, 301, 0, 4, 22566),
(5321, 191740, 48, 301, 0, 5, 22566),
(3916, 196222, -2, 806, 0, 0, 22566),
(3917, 196222, -4, 806, 0, 1, 22566),
(3918, 196222, -6, 806, 0, 2, 22566),
(3919, 196222, -8, 806, 0, 3, 22566),
(3920, 196222, -10, 806, 0, 4, 22566),
(3921, 196222, -12, 806, 0, 5, 22566),
(3948, 196305, -3, 812, 0, 0, 22566),
(3949, 196305, -6, 812, 0, 1, 22566),
(3950, 196305, -9, 812, 0, 2, 22566),
(3951, 196305, -12, 812, 0, 3, 22566),
(3952, 196305, -15, 812, 0, 4, 22566),
(3953, 196305, -18, 812, 0, 5, 22566),
(4704, 202445, 40, 1040, 0, 3, 22566),
(4705, 202445, 50, 1040, 0, 4, 22566),
(4706, 202445, 60, 1040, 0, 5, 22566),
(4868, 224764, 20, 1077, 0, 1, 22566),
(4869, 224764, 30, 1077, 0, 2, 22566),
(4870, 224764, 40, 1077, 0, 3, 22566),
(4871, 224764, 50, 1077, 0, 4, 22566),
(4872, 224764, 60, 1077, 0, 5, 22566),
(4814, 224764, 10, 1077, 0, 0, 22566),
(4701, 202445, 10, 1040, 0, 0, 22566),
(4702, 202445, 20, 1040, 0, 1, 22566),
(4703, 202445, 30, 1040, 0, 2, 22566);

REPLACE INTO `area_trigger` (`PosX`, `PosY`, `PosZ`, `Radius`, `BoxLength`, `BoxWidth`, `BoxHeight`, `BoxYaw`, `ContinentID`, `PhaseID`, `PhaseGroupID`, `ShapeID`, `AreaTriggerActionSetID`, `PhaseUseFlags`, `ShapeType`, `Flags`, `ID`, `VerifiedBuild`) VALUES
(1703.891, 865.2518, 139.8969, 0, 1.186, 50.39, 71.4, 6.264593, 580, 180, 0, 0, 1596, 0, 1, 0, 5681, 22566),
(1698.939, 865.217, 144.9459, 0, 0.5106, 51.12, 71.4, 6.246593, 580, 180, 0, 0, 1597, 0, 1, 0, 5682, 22566);



REPLACE INTO `spell_levels` (`ID`, `SpellID`, `BaseLevel`, `MaxLevel`, `SpellLevel`, `DifficultyID`, `MaxPassiveAuraLevel`, `VerifiedBuild`) VALUES
(21424, 79684, 14, 0, 14, 0, 0, 22566),
(32362, 170571, 14, 0, 14, 0, 0, 22566),
(32363, 170572, 14, 0, 14, 0, 0, 22566),
(16365, 79683, 14, 0, 14, 0, 0, 22566),
(16366, 79808, 14, 0, 14, 0, 0, 22566),
(1136, 7268, 14, 0, 14, 0, 0, 22566),
(36210, 208030, 14, 0, 14, 0, 0, 22566),
(16688, 85043, 28, 0, 28, 0, 0, 22566),
(16734, 85416, 28, 0, 28, 0, 0, 22566),
(37781, 227563, 0, 109, 0, 0, 0, 22566),
(34890, 195181, 55, 0, 55, 0, 0, 22566),
(37990, 137021, 10, 40, 10, 0, 0, 22566),
(10475, 48263, 55, 0, 55, 0, 0, 22566),
(37344, 221885, 1, 0, 1, 0, 0, 22566),
(37345, 221886, 1, 0, 1, 0, 0, 22566),
(37242, 220509, 1, 0, 1, 0, 0, 22566),
(37346, 221887, 1, 0, 1, 0, 0, 22566),
(37343, 221883, 1, 0, 1, 0, 0, 22566),
(37427, 222695, 98, 0, 98, 0, 0, 22566),
(35171, 198304, 28, 0, 28, 0, 0, 22566),
(11307, 53600, 24, 0, 24, 0, 0, 22566),
(26003, 132403, 1, 0, 1, 0, 0, 22566),
(2235, 12950, 28, 0, 28, 0, 0, 22566),
(35831, 204488, 44, 0, 44, 0, 0, 22566),
(34485, 190784, 28, 0, 28, 0, 0, 22566),
(35546, 201948, 18, 0, 18, 0, 0, 22566),
(229, 1464, 1, 0, 1, 0, 0, 22566),
(38130, 196718, 100, 0, 100, 0, 0, 22566),
(38262, 167262, 0, 99, 0, 0, 0, 22566),
(38307, 139116, 0, 0, 0, 0, 99, 22566);


REPLACE INTO `spell_class_options` (`ID`, `SpellID`, `SpellClassMask1`, `SpellClassMask2`, `SpellClassMask3`, `SpellClassMask4`, `SpellClassSet`, `ModalNextSpell`, `VerifiedBuild`) VALUES
(20601, 164500, 64, 0, 0, 0, 5, 0, 22566),
(22453, 187787, 64, 0, 0, 0, 5, 0, 22566),
(20638, 165077, 64, 0, 0, 0, 5, 0, 22566),
(22454, 187788, 64, 0, 0, 0, 5, 0, 22566),
(20434, 162524, 64, 0, 0, 0, 5, 0, 22566),
(28210, 228354, 1048576, 0, 0, 64, 3, 0, 22566),
(12984, 96103, 0, 8192, 0, 0, 4, 0, 22566),
(8511, 85384, 0, 8192, 0, 0, 4, 0, 22566),
(27308, 216426, 0, 0, 0, 0, 10, 0, 22566),
(24717, 201880, 0, 0, 0, 0, 10, 0, 22566),
(24718, 201881, 0, 0, 0, 0, 10, 0, 22566),
(24719, 201882, 0, 0, 0, 0, 10, 0, 22566),
(24720, 201883, 0, 0, 0, 0, 10, 0, 22566),
(24721, 201884, 0, 0, 0, 0, 10, 0, 22566),
(24722, 201887, 0, 0, 0, 0, 10, 0, 22566),
(24723, 201891, 0, 0, 0, 0, 10, 0, 22566),
(24731, 201921, 0, 0, 0, 0, 10, 0, 22566),
(24732, 201922, 0, 0, 0, 0, 10, 0, 22566),
(24733, 201923, 0, 0, 0, 0, 10, 0, 22566),
(24734, 201924, 0, 0, 0, 0, 10, 0, 22566),
(24735, 201925, 0, 0, 0, 0, 10, 0, 22566),
(24736, 201926, 0, 0, 0, 0, 10, 0, 22566),
(24737, 201927, 0, 0, 0, 0, 10, 0, 22566),
(24738, 201928, 0, 0, 0, 0, 10, 0, 22566),
(24739, 201929, 0, 0, 0, 0, 10, 0, 22566),
(24740, 201930, 0, 0, 0, 0, 10, 0, 22566),
(24741, 201931, 0, 0, 0, 0, 10, 0, 22566),
(24742, 201932, 0, 0, 0, 0, 10, 0, 22566),
(24746, 201943, 0, 0, 0, 0, 10, 0, 22566),
(24747, 201944, 0, 0, 0, 0, 10, 0, 22566),
(24748, 201945, 0, 0, 0, 0, 10, 0, 22566),
(24749, 201946, 0, 0, 0, 0, 10, 0, 22566),
(27310, 216441, 0, 0, 0, 0, 10, 0, 22566),
(24751, 201952, 0, 0, 0, 0, 10, 0, 22566),
(27309, 216438, 0, 0, 0, 0, 10, 0, 22566),
(7375, 73685, 0, 0, 1073741824, 0, 11, 0, 22566),
(22408, 187394, 0, 0, 0, 262144, 5, 0, 22566),
(23778, 196657, 0, 0, 0, 262144, 5, 0, 22566),
(27186, 215279, 0, 0, 0, 262144, 5, 0, 22566),
(23741, 196448, 32768, 0, 0, 0, 5, 0, 22566),
(26852, 213121, 0, -2147483648, 0, 0, 7, 0, 22566),
(26358, 210722, 0, 0, 0, 2097152, 7, 0, 22566),
(26280, 210198, 0, 0, 0, 0, 6, 0, 22566),
(26281, 210199, 0, 0, 0, 0, 6, 0, 22566),
(26279, 210197, 0, 0, 0, 0, 6, 0, 22566),
(28477, 232244, 0, 0, 0, 0, 6, 0, 22566),
(27959, 225056, 0, 0, 0, 0, 10, 0, 22566),
(25962, 208681, 0, 0, 0, 2048, 7, 0, 22566),
(26003, 208827, 0, 134217728, 0, 0, 107, 0, 22566),
(26039, 209041, 0, 0, 16, 0, 8, 0, 22566),
(16687, 124974, 0, 0, 0, 0, 7, 0, 22566);

REPLACE INTO `item_x_bonus_tree` (`ID`, `ItemID`, `ItemBonusTreeID`, `VerifiedBuild`) VALUES
(42113, 139628, 547, 22566),
(42117, 139629, 547, 22566),
(42101, 139625, 547, 22566),
(42109, 139627, 547, 22566),
(42105, 139626, 547, 22566),
(43457, 139716, 506, 22566),
(43459, 139724, 506, 22566),
(43461, 139732, 506, 22566),
(43463, 139740, 506, 22566),
(43465, 139747, 506, 22566),
(43467, 139755, 506, 22566),
(43469, 139763, 506, 22566),
(43447, 139674, 506, 22566),
(43449, 139682, 506, 22566),
(43451, 139691, 506, 22566),
(43453, 139699, 506, 22566),
(43455, 139708, 506, 22566),
(48992, 141595, 553, 22566),
(48993, 141617, 553, 22566),
(48994, 141616, 553, 22566),
(48995, 141606, 553, 22566),
(48996, 141594, 553, 22566),
(48978, 141615, 553, 22566),
(48979, 141603, 553, 22566),
(48980, 141614, 553, 22566),
(48981, 141602, 553, 22566),
(48982, 141613, 553, 22566),
(48983, 141601, 553, 22566),
(48984, 141612, 553, 22566),
(48985, 141600, 553, 22566),
(48986, 141611, 553, 22566),
(48987, 141599, 553, 22566),
(48988, 141604, 553, 22566),
(48989, 141609, 553, 22566),
(48990, 141597, 553, 22566),
(48991, 141607, 553, 22566),
(48997, 142526, 466, 22566),
(48999, 142526, 553, 22566),
(34284, 135565, 405, 22566),
(34285, 135568, 405, 22566),
(34286, 135569, 405, 22566),
(34288, 135573, 405, 22566),
(34289, 135571, 405, 22566),
(34290, 135574, 405, 22566),
(34291, 135576, 405, 22566),
(34293, 135578, 405, 22566),
(34295, 135570, 405, 22566),
(34294, 135572, 405, 22566);

REPLACE INTO `summon_properties` (`ID`, `Flags`, `Control`, `Faction`, `Title`, `Slot`, `VerifiedBuild`) VALUES
(3002, 34, 1, 0, 0, 1, 22566),
(3768, 1107296264, 0, 0, 7, 4, 22566),
(3955, 4608, 0, 0, 9, 0, 22566),
(3941, 6656, 1, 0, 2, 0, 22566),
(3655, 514, 1, 0, 0, 0, 22566),
(3211, 1049090, 1, 0, 4, -1, 22566),
(3401, 1048578, 1, 0, 4, -1, 22566),
(3403, 1048578, 1, 0, 4, -1, 22566),
(3405, 1048578, 1, 0, 4, -1, 22566),
(3667, 1049090, 1, 0, 4, -1, 22566),
(3672, 1049090, 1, 0, 4, -1, 22566),
(3673, 1049090, 1, 0, 4, -1, 22566),
(3804, 1048578, 1, 0, 4, -1, 22566),
(3959, 514, 1, 0, 2, 0, 22566),
(1941, 770, 1, 0, 2, 0, 22566),
(3679, 8522506, 1, 1665, 0, 0, 22566);

REPLACE INTO `sound_kit` (`VolumeFloat`, `MinDistance`, `DistanceCutoff`, `VolumeVariationPlus`, `VolumeVariationMinus`, `PitchVariationPlus`, `PitchVariationMinus`, `PitchAdjust`, `Flags`, `SoundEntriesAdvancedID`, `BusOverwriteID`, `SoundType`, `EAXDef`, `DialogType`, `MaxInstances`, `ID`, `VerifiedBuild`) VALUES
(0.8, 300, 300, 0, 0, 0, 0, 0, 4096, 24581, 0, 10, 0, 1, 0, 53514, 22566),
(0.8, 300, 300, 0, 0, 0, 0, 0, 4096, 24894, 0, 10, 0, 1, 0, 53517, 22566),
(0.8, 300, 300, 0, 0, 0, 0, 0, 4096, 23418, 0, 10, 0, 1, 0, 53518, 22566),
(0.8, 300, 300, 0, 0, 0, 0, 0, 4096, 24580, 0, 10, 0, 1, 0, 53519, 22566),
(0.8, 300, 300, 0, 0, 0, 0, 0, 4096, 24239, 0, 10, 0, 1, 0, 53516, 22566),
(0.8, 8, 45, 0, 0, 0, 0, 0, 0, 0, 0, 28, 0, 0, 0, 75371, 22566),
(0.8, 8, 45, 0, 0, 0, 0, 0, 32, 0, 0, 1, 0, 0, 0, 15247, 22566),
(0.75, 8, 45, 0, 0.09999999, 0, 0, 0, 0, 42692, 0, 10, 2, 0, 1, 62470, 22566),
(0.8, 20, 50, 0, 0, 0, 0, 0, 0, 1101, 0, 10, 0, 0, 0, 15649, 22566),
(0.8, 20, 50, 0, 0, 0, 0, 0, 0, 1102, 0, 10, 0, 0, 0, 15650, 22566),
(0.8, 20, 50, 0, 0, 0, 0, 0, 0, 1103, 0, 10, 0, 0, 0, 15651, 22566),
(0.8, 20, 50, 0, 0, 0, 0, 0, 0, 1104, 0, 10, 0, 0, 0, 15652, 22566),
(0.8, 20, 50, 0, 0, 0, 0, 0, 0, 1105, 0, 10, 0, 0, 0, 15653, 22566),
(0.8, 20, 50, 0, 0, 0, 0, 0, 0, 1106, 0, 10, 0, 0, 0, 15654, 22566),
(0.8, 20, 50, 0, 0, 0, 0, 0, 0, 1107, 0, 10, 0, 0, 0, 15655, 22566),
(0.8, 20, 50, 0, 0, 0, 0, 0, 0, 1108, 0, 10, 0, 0, 0, 15656, 22566),
(0.35, 8, 45, 0, 0.25, 0, 0, 0.09999999, 0, 26933, 0, 1, 0, 0, 0, 60190, 22566),
(0.4, 25, 55, 0, 0.5, 0, 0, 0, 0, 26968, 0, 1, 0, 0, 2, 60231, 22566);

REPLACE INTO `quest_xp` (`ID`, `Difficulty1`, `Difficulty2`, `Difficulty3`, `Difficulty4`, `Difficulty5`, `Difficulty6`, `Difficulty7`, `Difficulty8`, `Difficulty9`, `Difficulty10`, `VerifiedBuild`) VALUES
(1, 0, 10, 20, 40, 60, 80, 100, 120, 160, 0, 22566),
(3, 0, 25, 65, 125, 190, 250, 315, 380, 500, 0, 22566),
(4, 0, 35, 90, 180, 270, 355, 445, 540, 710, 0, 22566),
(5, 0, 45, 110, 225, 335, 450, 560, 670, 900, 0, 22566),
(2, 0, 15, 45, 85, 130, 170, 215, 255, 340, 0, 22566),
(6, 0, 65, 160, 315, 475, 630, 790, 950, 1260, 0, 22566),
(7, 0, 85, 210, 415, 625, 830, 1040, 1250, 1660, 0, 22566),
(8, 0, 105, 265, 530, 795, 1060, 1330, 1590, 2120, 0, 22566),
(9, 0, 130, 325, 650, 975, 1300, 1630, 1950, 2600, 0, 22566),
(10, 0, 155, 390, 780, 1170, 1560, 1950, 2340, 3120, 0, 22566),
(11, 0, 185, 460, 920, 1380, 1840, 2300, 2760, 3680, 0, 22566),
(12, 0, 215, 540, 1075, 1615, 2150, 2690, 3230, 4300, 0, 22566),
(13, 0, 245, 620, 1235, 1855, 2470, 3090, 3710, 4940, 0, 22566),
(14, 0, 280, 705, 1405, 2110, 2810, 3510, 4220, 5620, 0, 22566),
(15, 0, 315, 795, 1585, 2380, 3170, 3960, 4760, 6340, 0, 22566),
(16, 0, 340, 855, 1705, 2560, 3410, 4260, 5120, 6820, 0, 22566),
(17, 0, 355, 890, 1775, 2665, 3550, 4440, 5330, 7100, 0, 22566),
(18, 0, 370, 925, 1845, 2770, 3690, 4610, 5540, 7380, 0, 22566),
(19, 0, 380, 955, 1910, 2865, 3820, 4780, 5730, 7640, 0, 22566),
(20, 0, 395, 990, 1980, 2970, 3960, 4950, 5940, 7920, 0, 22566),
(21, 0, 410, 1025, 2050, 3075, 4100, 5130, 6150, 8200, 0, 22566),
(23, 0, 435, 1095, 2185, 3280, 4370, 5460, 6560, 8740, 0, 22566),
(24, 0, 450, 1125, 2250, 3375, 4500, 5630, 6750, 9000, 0, 22566),
(25, 0, 465, 1160, 2320, 3480, 4640, 5800, 6960, 9280, 0, 22566),
(22, 0, 425, 1060, 2115, 3175, 4230, 5290, 6350, 8460, 0, 22566),
(26, 0, 480, 1195, 2390, 3585, 4780, 5980, 7170, 9560, 0, 22566),
(27, 0, 490, 1230, 2455, 3685, 4910, 6140, 7370, 9820, 0, 22566),
(28, 0, 505, 1265, 2525, 3790, 5050, 6310, 7580, 10100, 0, 22566),
(29, 0, 520, 1300, 2595, 3895, 5190, 6490, 7790, 10380, 0, 22566),
(30, 0, 530, 1330, 2660, 3990, 5320, 6650, 7980, 10640, 0, 22566),
(31, 0, 545, 1365, 2730, 4095, 5460, 6830, 8190, 10920, 0, 22566),
(32, 0, 560, 1400, 2800, 4200, 5600, 7000, 8400, 11200, 0, 22566),
(33, 0, 575, 1435, 2865, 4300, 5730, 7160, 8600, 11460, 0, 22566),
(34, 0, 585, 1470, 2935, 4405, 5870, 7340, 8810, 11740, 0, 22566),
(35, 0, 600, 1505, 3005, 4510, 6010, 7510, 9020, 12020, 0, 22566),
(36, 0, 615, 1535, 3070, 4605, 6140, 7680, 9210, 12280, 0, 22566),
(37, 0, 630, 1570, 3140, 4710, 6280, 7850, 9420, 12560, 0, 22566),
(38, 0, 640, 1605, 3210, 4815, 6420, 8030, 9630, 12840, 0, 22566),
(39, 0, 655, 1640, 3275, 4915, 6550, 8190, 9830, 13100, 0, 22566),
(40, 0, 670, 1675, 3345, 5020, 6690, 8360, 10040, 13380, 0, 22566),
(41, 0, 685, 1710, 3415, 5125, 6830, 8540, 10250, 13660, 0, 22566),
(42, 0, 695, 1740, 3480, 5220, 6960, 8700, 10440, 13920, 0, 22566),
(43, 0, 710, 1775, 3550, 5325, 7100, 8880, 10650, 14200, 0, 22566),
(44, 0, 725, 1810, 3615, 5425, 7230, 9040, 10845, 14460, 0, 22566),
(45, 0, 735, 1845, 3685, 5530, 7370, 9215, 11055, 14740, 0, 22566),
(46, 0, 750, 1880, 3755, 5635, 7510, 9390, 11265, 15020, 0, 22566),
(47, 0, 765, 1910, 3820, 5730, 7640, 9550, 11460, 15280, 0, 22566),
(48, 0, 780, 1945, 3890, 5835, 7780, 9725, 11670, 15560, 0, 22566),
(49, 0, 790, 1980, 3960, 5940, 7920, 9900, 11880, 15840, 0, 22566),
(50, 0, 805, 2015, 4025, 6040, 8050, 10065, 12075, 16100, 0, 22566),
(51, 0, 820, 2050, 4095, 6145, 8190, 10240, 12285, 16380, 0, 22566),
(52, 0, 835, 2085, 4165, 6250, 8330, 10415, 12495, 16660, 0, 22566),
(53, 0, 845, 2115, 4230, 6345, 8460, 10575, 12690, 16920, 0, 22566),
(54, 0, 860, 2150, 4300, 6450, 8600, 10750, 12900, 17200, 0, 22566),
(55, 0, 875, 2185, 4370, 6555, 8740, 10925, 13110, 17480, 0, 22566),
(56, 0, 885, 2220, 4435, 6655, 8870, 11090, 13305, 17740, 0, 22566),
(57, 0, 900, 2255, 4505, 6760, 9010, 11265, 13515, 18020, 0, 22566),
(58, 0, 915, 2290, 4575, 6865, 9150, 11440, 13725, 18300, 0, 22566),
(59, 0, 930, 2320, 4640, 6960, 9280, 11600, 13920, 18560, 0, 22566),
(60, 0, 945, 2365, 4725, 7090, 9450, 11815, 14175, 18900, 0, 22566),
(61, 0, 960, 2400, 4790, 7190, 9580, 11980, 14370, 19160, 0, 22566),
(62, 0, 970, 2430, 4860, 7290, 9720, 12150, 14580, 19440, 0, 22566),
(63, 0, 990, 2470, 4930, 7400, 9860, 12330, 14790, 19720, 0, 22566),
(64, 0, 1000, 2500, 5000, 7490, 9990, 12490, 14990, 19980, 0, 22566),
(65, 0, 1010, 2530, 5070, 7600, 10130, 12660, 15200, 20260, 0, 22566),
(66, 0, 1030, 2570, 5140, 7700, 10270, 12840, 15410, 20540, 0, 22566),
(67, 0, 1040, 2600, 5210, 7810, 10410, 13010, 15620, 20820, 0, 22566),
(68, 0, 1050, 2640, 5270, 7910, 10540, 13180, 15810, 21080, 0, 22566),
(69, 0, 1070, 2670, 5340, 8010, 10680, 13350, 16020, 21360, 0, 22566),
(70, 0, 1080, 2710, 5410, 8120, 10820, 13530, 16230, 21640, 0, 22566),
(71, 0, 1100, 2740, 5480, 8210, 10950, 13690, 16430, 21900, 0, 22566),
(72, 0, 1110, 2770, 5550, 8320, 11090, 13860, 16640, 22180, 0, 22566),
(73, 0, 1120, 2810, 5620, 8420, 11230, 14040, 16850, 22460, 0, 22566),
(74, 0, 1140, 2840, 5680, 8520, 11360, 14200, 17040, 22720, 0, 22566),
(75, 0, 1150, 2880, 5750, 8630, 11500, 14380, 17250, 23000, 0, 22566),
(76, 0, 1160, 2910, 5820, 8730, 11640, 14550, 17460, 23280, 0, 22566),
(77, 0, 1180, 2940, 5890, 8830, 11770, 14710, 17660, 23540, 0, 22566),
(78, 0, 1190, 2980, 5960, 8930, 11910, 14890, 17870, 23820, 0, 22566),
(79, 0, 1210, 3010, 6030, 9040, 12050, 15060, 18080, 24100, 0, 22566),
(80, 0, 1220, 3050, 6100, 9140, 12190, 15240, 18290, 24380, 0, 22566),
(81, 0, 1230, 3080, 6160, 9240, 12320, 15400, 18480, 24640, 0, 22566),
(82, 0, 1250, 3120, 6230, 9350, 12460, 15580, 18690, 24920, 0, 22566),
(83, 0, 1260, 3150, 6300, 9450, 12600, 15750, 18900, 25200, 0, 22566),
(84, 0, 1270, 3180, 6370, 9550, 12730, 15910, 19100, 25460, 0, 22566),
(85, 0, 1290, 3220, 6440, 9650, 12870, 16090, 19310, 25740, 0, 22566),
(86, 0, 1300, 3250, 6510, 9760, 13010, 16260, 19520, 26020, 0, 22566),
(87, 0, 1310, 3290, 6570, 9860, 13140, 16430, 19710, 26280, 0, 22566),
(88, 0, 1330, 3320, 6640, 9960, 13280, 16600, 19920, 26560, 0, 22566),
(89, 0, 1340, 3360, 6710, 10070, 13420, 16780, 20130, 26840, 0, 22566),
(90, 0, 1370, 3420, 6850, 10270, 13690, 17110, 20540, 27380, 0, 22566),
(91, 0, 1380, 3460, 6920, 10370, 13830, 17290, 20750, 27660, 0, 22566),
(92, 0, 1400, 3490, 6990, 10480, 13970, 17460, 20960, 27940, 0, 22566),
(93, 0, 1410, 3530, 7050, 10580, 14100, 17630, 21150, 28200, 0, 22566),
(94, 0, 1420, 3560, 7120, 10680, 14240, 17800, 21360, 28480, 0, 22566),
(95, 0, 1440, 3600, 7190, 10790, 14380, 17980, 21570, 28760, 0, 22566),
(96, 0, 1450, 3630, 7260, 10890, 14520, 18150, 21780, 29040, 0, 22566),
(97, 0, 1470, 3670, 7330, 11000, 14660, 18330, 21990, 29320, 0, 22566),
(98, 0, 1480, 3700, 7400, 11100, 14800, 18500, 22200, 29600, 0, 22566),
(99, 0, 1490, 3730, 7470, 11200, 14930, 18660, 22400, 29860, 0, 22566),
(100, 0, 1510, 3770, 7540, 11300, 15070, 18840, 22610, 30140, 0, 22566),
(101, 0, 1520, 3800, 7610, 11410, 15210, 19010, 22820, 30420, 0, 22566),
(102, 0, 1530, 3840, 7670, 11510, 15340, 19180, 23010, 30680, 0, 22566),
(103, 0, 1550, 3870, 7740, 11610, 15480, 19350, 23220, 30960, 0, 22566),
(104, 0, 1560, 3910, 7810, 11720, 15620, 19530, 23430, 31240, 0, 22566),
(105, 0, 1580, 3940, 7880, 11820, 15760, 19700, 23640, 31520, 0, 22566),
(106, 0, 1590, 3980, 7950, 11930, 15900, 19880, 23850, 31800, 0, 22566),
(107, 0, 1600, 4010, 8020, 12030, 16040, 20050, 24060, 32080, 0, 22566),
(108, 0, 1620, 4040, 8090, 12130, 16170, 20210, 24260, 32340, 0, 22566),
(109, 0, 1630, 4080, 8160, 12230, 16310, 20390, 24470, 32620, 0, 22566),
(110, 0, 1650, 4110, 8230, 12340, 16450, 20560, 24680, 32900, 0, 22566),
(111, 0, 1660, 4150, 8300, 12440, 16590, 20740, 24890, 33180, 0, 22566),
(112, 0, 1670, 4180, 8370, 12550, 16730, 20910, 25100, 33460, 0, 22566),
(113, 0, 1690, 4220, 8440, 12650, 16870, 21090, 25310, 33740, 0, 22566),
(114, 0, 1690, 4220, 8440, 12650, 16870, 21090, 25310, 33740, 0, 22566),
(115, 0, 1690, 4220, 8440, 12650, 16870, 21090, 25310, 33740, 0, 22566),
(116, 0, 1690, 4220, 8440, 12650, 16870, 21090, 25310, 33740, 0, 22566),
(117, 0, 1690, 4220, 8440, 12650, 16870, 21090, 25310, 33740, 0, 22566),
(118, 0, 1690, 4220, 8440, 12650, 16870, 21090, 25310, 33740, 0, 22566),
(119, 0, 1690, 4220, 8440, 12650, 16870, 21090, 25310, 33740, 0, 22566),
(120, 0, 1690, 4220, 8440, 12650, 16870, 21090, 25310, 33740, 0, 22566),
(121, 0, 1690, 4220, 8440, 12650, 16870, 21090, 25310, 33740, 0, 22566),
(122, 0, 1690, 4220, 8440, 12650, 16870, 21090, 25310, 33740, 0, 22566),
(123, 0, 1690, 4220, 8440, 12650, 16870, 21090, 25310, 33740, 0, 22566);


REPLACE INTO `item_effect` (`ID`, `ParentItemID`, `SpellID`, `CooldownMSec`, `CategoryCooldownMSec`, `Charges`, `SpellCategoryID`, `ChrSpecializationID`, `LegacySlotIndex`, `TriggerType`, `VerifiedBuild`) VALUES
(31673, 141447, 483, -1, -1, -1, 0, 0, 0, 0, 22566),
(31819, 141642, 483, -1, -1, -1, 0, 0, 0, 0, 22566),
(31639, 140359, 229784, -1, -1, -1, 0, 0, 0, 0, 22566),
(31636, 140361, 229784, -1, -1, -1, 0, 0, 0, 0, 22566),
(32071, 142054, 229778, -1, -1, -1, 0, 0, 0, 0, 22566),
(31303, 140847, 229779, -1, -1, -1, 0, 0, 0, 0, 22566),
(31836, 141667, 229785, -1, -1, -1, 0, 0, 0, 0, 22566),
(31837, 141668, 229779, -1, -1, -1, 0, 0, 0, 0, 22566),
(31838, 141669, 229787, -1, -1, -1, 0, 0, 0, 0, 22566),
(31839, 141670, 229779, -1, -1, -1, 0, 0, 0, 0, 22566),
(31840, 141671, 229779, -1, -1, -1, 0, 0, 0, 0, 22566),
(31841, 141672, 229779, -1, -1, -1, 0, 0, 0, 0, 22566),
(31842, 141673, 229780, -1, -1, -1, 0, 0, 0, 0, 22566),
(31843, 141674, 229779, -1, -1, -1, 0, 0, 0, 0, 22566),
(31844, 141675, 229779, -1, -1, -1, 0, 0, 0, 0, 22566),
(31845, 141676, 229794, -1, -1, -1, 0, 0, 0, 0, 22566),
(31846, 141677, 229785, -1, -1, -1, 0, 0, 0, 0, 22566),
(31847, 141678, 229795, -1, -1, -1, 0, 0, 0, 0, 22566),
(31848, 141679, 229785, -1, -1, -1, 0, 0, 0, 0, 22566),
(31849, 141680, 229796, -1, -1, -1, 0, 0, 0, 0, 22566),
(31850, 141681, 229859, -1, -1, -1, 0, 0, 0, 0, 22566),
(31851, 141682, 229803, -1, -1, -1, 0, 0, 0, 0, 22566),
(31852, 141683, 229803, -1, -1, -1, 0, 0, 0, 0, 22566),
(31853, 141684, 229804, -1, -1, -1, 0, 0, 0, 0, 22566),
(31854, 141685, 229806, -1, -1, -1, 0, 0, 0, 0, 22566),
(31088, 140349, 229778, -1, -1, -1, 0, 0, 0, 0, 22566),
(31915, 141863, 229807, -1, -1, -1, 0, 0, 0, 0, 22566),
(30387, 138784, 229746, -1, -1, -1, 0, 0, 0, 0, 22566),
(31984, 141933, 229779, -1, -1, -1, 0, 0, 0, 0, 22566),
(31985, 141934, 229857, -1, -1, -1, 0, 0, 0, 0, 22566),
(31986, 141935, 229779, -1, -1, -1, 0, 0, 0, 0, 22566),
(31987, 141936, 229780, -1, -1, -1, 0, 0, 0, 0, 22566),
(31988, 141937, 229786, -1, -1, -1, 0, 0, 0, 0, 22566),
(31991, 141940, 229779, -1, -1, -1, 0, 0, 0, 0, 22566),
(31992, 141941, 229780, -1, -1, -1, 0, 0, 0, 0, 22566),
(31993, 141942, 229780, -1, -1, -1, 0, 0, 0, 0, 22566),
(31994, 141943, 229779, -1, -1, -1, 0, 0, 0, 0, 22566),
(31995, 141944, 229779, -1, -1, -1, 0, 0, 0, 0, 22566),
(31996, 141945, 229779, -1, -1, -1, 0, 0, 0, 0, 22566),
(31997, 141946, 229779, -1, -1, -1, 0, 0, 0, 0, 22566),
(31998, 141947, 229779, -1, -1, -1, 0, 0, 0, 0, 22566),
(31999, 141948, 229779, -1, -1, -1, 0, 0, 0, 0, 22566),
(32000, 141949, 229779, -1, -1, -1, 0, 0, 0, 0, 22566),
(32001, 141950, 229785, -1, -1, -1, 0, 0, 0, 0, 22566),
(32002, 141951, 229788, -1, -1, -1, 0, 0, 0, 0, 22566),
(32003, 141952, 229788, -1, -1, -1, 0, 0, 0, 0, 22566),
(32004, 141953, 229794, -1, -1, -1, 0, 0, 0, 0, 22566),
(32005, 141954, 229795, -1, -1, -1, 0, 0, 0, 0, 22566),
(32006, 141955, 229796, -1, -1, -1, 0, 0, 0, 0, 22566),
(31499, 141313, 229782, -1, -1, -1, 0, 0, 0, 0, 22566),
(31500, 141314, 229782, -1, -1, -1, 0, 0, 0, 0, 22566),
(31001, 140237, 229780, -1, -1, -1, 0, 0, 0, 0, 22566),
(31002, 140238, 229779, -1, -1, -1, 0, 0, 0, 0, 22566),
(31005, 140241, 229779, -1, -1, -1, 0, 0, 0, 0, 22566),
(31621, 140519, 229783, -1, -1, -1, 0, 0, 0, 0, 22566),
(31008, 140244, 229780, -1, -1, -1, 0, 0, 0, 0, 22566),
(31011, 140247, 229780, -1, -1, -1, 0, 0, 0, 0, 22566),
(31013, 140250, 229780, -1, -1, -1, 0, 0, 0, 0, 22566),
(31014, 140251, 229786, -1, -1, -1, 0, 0, 0, 0, 22566),
(31015, 140252, 229779, -1, -1, -1, 0, 0, 0, 0, 22566),
(31017, 140254, 229786, -1, -1, -1, 0, 0, 0, 0, 22566),
(31018, 140255, 229858, -1, -1, -1, 0, 0, 0, 0, 22566),
(31542, 140364, 229783, -1, -1, -1, 0, 0, 0, 0, 22566),
(31543, 140365, 229783, -1, -1, -1, 0, 0, 0, 0, 22566),
(31544, 140366, 229783, -1, -1, -1, 0, 0, 0, 0, 22566),
(31545, 140367, 229783, -1, -1, -1, 0, 0, 0, 0, 22566),
(31546, 140368, 229783, -1, -1, -1, 0, 0, 0, 0, 22566),
(31547, 140369, 229784, -1, -1, -1, 0, 0, 0, 0, 22566),
(31548, 140370, 229784, -1, -1, -1, 0, 0, 0, 0, 22566),
(31549, 140371, 229784, -1, -1, -1, 0, 0, 0, 0, 22566),
(31550, 140373, 229784, -1, -1, -1, 0, 0, 0, 0, 22566),
(31551, 140374, 229784, -1, -1, -1, 0, 0, 0, 0, 22566),
(31553, 140377, 229783, -1, -1, -1, 0, 0, 0, 0, 22566),
(31554, 140379, 229783, -1, -1, -1, 0, 0, 0, 0, 22566),
(31555, 140380, 229783, -1, -1, -1, 0, 0, 0, 0, 22566),
(31556, 140382, 229783, -1, -1, -1, 0, 0, 0, 0, 22566),
(31557, 140383, 229783, -1, -1, -1, 0, 0, 0, 0, 22566),
(31558, 140385, 229783, -1, -1, -1, 0, 0, 0, 0, 22566),
(31559, 140387, 229784, -1, -1, -1, 0, 0, 0, 0, 22566),
(31560, 140389, 229784, -1, -1, -1, 0, 0, 0, 0, 22566),
(31561, 140391, 229784, -1, -1, -1, 0, 0, 0, 0, 22566),
(31562, 140392, 229784, -1, -1, -1, 0, 0, 0, 0, 22566),
(31563, 140393, 229784, -1, -1, -1, 0, 0, 0, 0, 22566),
(31052, 140304, 229789, -1, -1, -1, 0, 0, 0, 0, 22566),
(31053, 140305, 229790, -1, -1, -1, 0, 0, 0, 0, 22566),
(31054, 140306, 229791, -1, -1, -1, 0, 0, 0, 0, 22566),
(31055, 140307, 229792, -1, -1, -1, 0, 0, 0, 0, 22566),
(31568, 140461, 229783, -1, -1, -1, 0, 0, 0, 0, 22566),
(31569, 140462, 229783, -1, -1, -1, 0, 0, 0, 0, 22566),
(31570, 140463, 229783, -1, -1, -1, 0, 0, 0, 0, 22566),
(31572, 140466, 229783, -1, -1, -1, 0, 0, 0, 0, 22566),
(31573, 140467, 229783, -1, -1, -1, 0, 0, 0, 0, 22566),
(31574, 140468, 229783, -1, -1, -1, 0, 0, 0, 0, 22566),
(31575, 140469, 229783, -1, -1, -1, 0, 0, 0, 0, 22566),
(31576, 140470, 229783, -1, -1, -1, 0, 0, 0, 0, 22566),
(31577, 140471, 229784, -1, -1, -1, 0, 0, 0, 0, 22566),
(31580, 140473, 229783, -1, -1, -1, 0, 0, 0, 0, 22566),
(31581, 140474, 229783, -1, -1, -1, 0, 0, 0, 0, 22566),
(31582, 140475, 229783, -1, -1, -1, 0, 0, 0, 0, 22566),
(31583, 140477, 229783, -1, -1, -1, 0, 0, 0, 0, 22566),
(31584, 140476, 229783, -1, -1, -1, 0, 0, 0, 0, 22566),
(31585, 140478, 229784, -1, -1, -1, 0, 0, 0, 0, 22566),
(31586, 140479, 229784, -1, -1, -1, 0, 0, 0, 0, 22566),
(31587, 140480, 229784, -1, -1, -1, 0, 0, 0, 0, 22566),
(31588, 140481, 229784, -1, -1, -1, 0, 0, 0, 0, 22566),
(31589, 140482, 229784, -1, -1, -1, 0, 0, 0, 0, 22566),
(31591, 140484, 229783, -1, -1, -1, 0, 0, 0, 0, 22566),
(31592, 140485, 229783, -1, -1, -1, 0, 0, 0, 0, 22566),
(31593, 140486, 229783, -1, -1, -1, 0, 0, 0, 0, 22566),
(31594, 140487, 229783, -1, -1, -1, 0, 0, 0, 0, 22566),
(31595, 140488, 229783, -1, -1, -1, 0, 0, 0, 0, 22566),
(31596, 140489, 229784, -1, -1, -1, 0, 0, 0, 0, 22566),
(31597, 140490, 229784, -1, -1, -1, 0, 0, 0, 0, 22566),
(31598, 140491, 229784, -1, -1, -1, 0, 0, 0, 0, 22566),
(31599, 140492, 229784, -1, -1, -1, 0, 0, 0, 0, 22566),
(31600, 140494, 229784, -1, -1, -1, 0, 0, 0, 0, 22566),
(31602, 140497, 229783, -1, -1, -1, 0, 0, 0, 0, 22566),
(31603, 140498, 229784, -1, -1, -1, 0, 0, 0, 0, 22566),
(31638, 140358, 229784, -1, -1, -1, 0, 0, 0, 0, 22566),
(31607, 140503, 229783, -1, -1, -1, 0, 0, 0, 0, 22566),
(31608, 140504, 229783, -1, -1, -1, 0, 0, 0, 0, 22566),
(31609, 140505, 229783, -1, -1, -1, 0, 0, 0, 0, 22566),
(31610, 140507, 229783, -1, -1, -1, 0, 0, 0, 0, 22566),
(31611, 140508, 229783, -1, -1, -1, 0, 0, 0, 0, 22566),
(31612, 140509, 229784, -1, -1, -1, 0, 0, 0, 0, 22566),
(31613, 140510, 229784, -1, -1, -1, 0, 0, 0, 0, 22566),
(31614, 140511, 229784, -1, -1, -1, 0, 0, 0, 0, 22566),
(31615, 140512, 229784, -1, -1, -1, 0, 0, 0, 0, 22566),
(31616, 140513, 229784, -1, -1, -1, 0, 0, 0, 0, 22566),
(31618, 140515, 229783, -1, -1, -1, 0, 0, 0, 0, 22566),
(31619, 140516, 229783, -1, -1, -1, 0, 0, 0, 0, 22566),
(31620, 140518, 229783, -1, -1, -1, 0, 0, 0, 0, 22566),
(30597, 139413, 229747, -1, -1, -1, 0, 0, 0, 0, 22566),
(31622, 140520, 229783, -1, -1, -1, 0, 0, 0, 0, 22566),
(31623, 140521, 229784, -1, -1, -1, 0, 0, 0, 0, 22566),
(31624, 140522, 229784, -1, -1, -1, 0, 0, 0, 0, 22566),
(31625, 140523, 229784, -1, -1, -1, 0, 0, 0, 0, 22566),
(31626, 140524, 229784, -1, -1, -1, 0, 0, 0, 0, 22566),
(31627, 140525, 229784, -1, -1, -1, 0, 0, 0, 0, 22566),
(31628, 140528, 229784, -1, -1, -1, 0, 0, 0, 0, 22566),
(31629, 140529, 229784, -1, -1, -1, 0, 0, 0, 0, 22566),
(31630, 140530, 229784, -1, -1, -1, 0, 0, 0, 0, 22566),
(31631, 140531, 229784, -1, -1, -1, 0, 0, 0, 0, 22566),
(31632, 140532, 229784, -1, -1, -1, 0, 0, 0, 0, 22566),
(31121, 140409, 229793, -1, -1, -1, 0, 0, 0, 0, 22566),
(31122, 140410, 229794, -1, -1, -1, 0, 0, 0, 0, 22566),
(31123, 140421, 229799, -1, -1, -1, 0, 0, 0, 0, 22566),
(31124, 140422, 229798, -1, -1, -1, 0, 0, 0, 0, 22566),
(31637, 140357, 229784, -1, -1, -1, 0, 0, 0, 0, 22566),
(31126, 140444, 229805, -1, -1, -1, 0, 0, 0, 0, 22566),
(31127, 140445, 229804, -1, -1, -1, 0, 0, 0, 0, 22566),
(31640, 138487, 229783, -1, -1, -1, 0, 0, 0, 0, 22566),
(31641, 138480, 229783, -1, -1, -1, 0, 0, 0, 0, 22566),
(31644, 141383, 229746, -1, -1, -1, 0, 0, 0, 0, 22566),
(31645, 141384, 229746, -1, -1, -1, 0, 0, 0, 0, 22566),
(31646, 141385, 229746, -1, -1, -1, 0, 0, 0, 0, 22566),
(31647, 141386, 229746, -1, -1, -1, 0, 0, 0, 0, 22566),
(31648, 141387, 229746, -1, -1, -1, 0, 0, 0, 0, 22566),
(31649, 141388, 229746, -1, -1, -1, 0, 0, 0, 0, 22566),
(31650, 141389, 229746, -1, -1, -1, 0, 0, 0, 0, 22566),
(31651, 141390, 229746, -1, -1, -1, 0, 0, 0, 0, 22566),
(31652, 141391, 229746, -1, -1, -1, 0, 0, 0, 0, 22566),
(31653, 141392, 229746, -1, -1, -1, 0, 0, 0, 0, 22566),
(31654, 141393, 229746, -1, -1, -1, 0, 0, 0, 0, 22566),
(31143, 140517, 229781, -1, -1, -1, 0, 0, 0, 0, 22566),
(31656, 141395, 229746, -1, -1, -1, 0, 0, 0, 0, 22566),
(31657, 141396, 229746, -1, -1, -1, 0, 0, 0, 0, 22566),
(31658, 141397, 229746, -1, -1, -1, 0, 0, 0, 0, 22566),
(31659, 141398, 229746, -1, -1, -1, 0, 0, 0, 0, 22566),
(31660, 141399, 229746, -1, -1, -1, 0, 0, 0, 0, 22566),
(31661, 141400, 229746, -1, -1, -1, 0, 0, 0, 0, 22566),
(31662, 141401, 229746, -1, -1, -1, 0, 0, 0, 0, 22566),
(31663, 141402, 229746, -1, -1, -1, 0, 0, 0, 0, 22566),
(31664, 141403, 229746, -1, -1, -1, 0, 0, 0, 0, 22566),
(31665, 141404, 229746, -1, -1, -1, 0, 0, 0, 0, 22566),
(31666, 141405, 229746, -1, -1, -1, 0, 0, 0, 0, 22566),
(30648, 139506, 229776, -1, -1, -1, 0, 0, 0, 0, 22566),
(31566, 140459, 229783, -1, -1, -1, 0, 0, 0, 0, 22566),
(31655, 141394, 229746, -1, -1, -1, 0, 0, 0, 0, 22566),
(31010, 140246, 222942, -1, 500, -1, 1564, 0, 0, 0, 22566),
(32206, 40775, 54729, -1, -1, 0, 0, 0, 1, 6, 22566),
(32205, 40775, 483, -1, 3000, -1, 330, 0, 0, 0, 22566),
(32214, 142274, 52781, -1, -1, 0, 0, 0, 0, 2, 22566),
(2597, 17067, 17490, 60000, -1, 0, 0, 0, 0, 0, 22566),
(32378, 83086, 55884, -1, 3000, -1, 330, 0, 0, 0, 22566),
(32379, 83086, 121820, -1, -1, 0, 0, 0, 1, 6, 22566),
(32389, 104253, 55884, -1, 3000, -1, 330, 0, 0, 0, 22566),
(32390, 104253, 148417, -1, -1, 0, 0, 0, 1, 6, 22566),
(32391, 89783, 55884, -1, 3000, -1, 330, 0, 0, 0, 22566),
(32392, 89783, 130965, -1, -1, 0, 0, 0, 1, 6, 22566),
(32393, 70909, 55884, -1, 3000, -1, 330, 0, 0, 0, 22566),
(32394, 70909, 100332, -1, -1, 0, 0, 0, 1, 6, 22566),
(32395, 94228, 55884, -1, 3000, -1, 330, 0, 0, 0, 22566),
(32396, 94228, 138423, -1, -1, 0, 0, 0, 1, 6, 22566),
(32397, 102514, 55884, -1, 3000, -1, 330, 0, 0, 0, 22566),
(32398, 102514, 146615, -1, -1, 0, 0, 0, 1, 6, 22566),
(32399, 102533, 55884, -1, 3000, -1, 330, 0, 0, 0, 22566),
(32400, 102533, 146622, -1, -1, 0, 0, 0, 1, 6, 22566),
(27204, 132511, 200287, 0, 60000, -20, 24, 0, 0, 0, 22566),
(25767, 127840, 188023, -1, 600000, -1, 4, 0, 0, 0, 22566);


REPLACE INTO `spell_scaling` (`ID`, `SpellID`, `ScalesFromItemLevel`, `Class`, `MinScalingLevel`, `MaxScalingLevel`, `VerifiedBuild`) VALUES
(7936, 188779, 0, -1, 0, 100, 22566),
(7942, 188909, 0, -1, 0, 100, 22566),
(7335, 201348, 0, -1, 0, 0, 22566),
(7949, 215599, 0, -2, 0, 100, 22566),
(7941, 183521, 0, -1, 0, 100, 22566),
(7048, 190026, 0, -1, 0, 0, 22566),
(7049, 190027, 0, -1, 0, 0, 22566),
(6596, 170397, 0, -1, 0, 0, 22566),
(7047, 190025, 0, -1, 0, 0, 22566);

REPLACE INTO `item_appearance` (`ID`, `ItemDisplayInfoID`, `DefaultIconFileDataID`, `UIOrder`, `DisplayType`, `VerifiedBuild`) VALUES
(31663, 159126, 1372770, 3166300, 12, 22566),
(30541, 159121, 1147463, 2741100, 12, 22566),
(30543, 159119, 1147463, 2741100, 12, 22566),
(30540, 159118, 1147463, 2741100, 12, 22566);


REPLACE INTO `curve` (`ID`, `Type`, `Flags`, `VerifiedBuild`) VALUES
(2400, 0, 2, 22566),
(2344, 0, 0, 22566),
(2346, 0, 0, 22566),
(2347, 0, 0, 22566),
(2399, 0, 2, 22566);


REPLACE INTO `battlemaster_list` (`ID`, `Name`, `IconFileDataID`, `GameType`, `MapID1`, `MapID2`, `MapID3`, `MapID4`, `MapID5`, `MapID6`, `MapID7`, `MapID8`, `MapID9`, `MapID10`, `MapID11`, `MapID12`, `MapID13`, `MapID14`, `MapID15`, `MapID16`, `HolidayWorldState`, `RequiredPlayerConditionID`, `InstanceType`, `GroupsAllowed`, `MaxGroupSize`, `MinLevel`, `MaxLevel`, `RatedPlayers`, `MinPlayers`, `MaxPlayers`, `Flags`, `VerifiedBuild`) VALUES
(32, "Campo de batalla aleatorio", 525915, "", 529, 489, 566, 607, 761, 726, 727, 998, 1105, 30, 628, -1, -1, -1, -1, -1, 0, 0, 3, 1, 5, 15, 110, 25, 5, 40, 0, 22566);



REPLACE INTO `item_disenchant_loot` (`ID`, `MinLevel`, `MaxLevel`, `SkillRequired`, `Class`, `SubClass`, `Quality`, `VerifiedBuild`) VALUES
(166, 711, 900, 0, 4, -1, 3, 22566),
(167, 711, 900, 0, 2, -1, 3, 22566);


REPLACE INTO `battle_pet_species` (`CreatureID`, `IconFileDataID`, `SummonSpellID`, `SourceText`, `Description`, `Flags`, `PetTypeEnum`, `SourceTypeEnum`, `ID`, `VerifiedBuild`) VALUES
(91340, 236196, 0, "", "", 48, 2, -1, 1645, 22566),
(65344, 133718, 0, "", "", 57, 7, -1, 800, 22566);

REPLACE INTO `battle_pet_species_locale` (`locale`, `SourceText_lang`, `Description_lang`, `VerifiedBuild`) VALUES
('esES', "", "", 22566),
('esES', "", "", 22566);


REPLACE INTO `curve_point` (`ID`, `PosX`, `PosY`, `CurveID`, `OrderIndex`, `VerifiedBuild`) VALUES
(10063, 1, 1, 2400, 1, 22566),
(1365, 1, 0.1871657, 489, 1, 22566),
(10062, 0, 0, 2400, 0, 22566),
(10060, 0, 0, 2399, 0, 22566),
(10061, 1, 1, 2399, 1, 22566),
(8806, 57, 72, 2210, 2, 22566),
(8811, 81, 299, 2210, 7, 22566),
(8812, 85, 353, 2210, 8, 22566),
(8813, 86, 404, 2210, 9, 22566),
(8814, 90, 483, 2210, 10, 22566),
(8815, 91, 550, 2210, 11, 22566),
(8816, 97, 620, 2210, 12, 22566),
(8788, 5, 15, 2209, 1, 22566),
(8789, 57, 67, 2209, 2, 22566),
(8790, 58, 84, 2209, 3, 22566),
(8791, 67, 110, 2209, 4, 22566),
(8792, 68, 144, 2209, 5, 22566),
(8793, 80, 192, 2209, 6, 22566),
(8794, 81, 289, 2209, 7, 22566),
(8795, 85, 343, 2209, 8, 22566),
(8796, 86, 394, 2209, 9, 22566),
(8797, 90, 473, 2209, 10, 22566),
(8798, 91, 540, 2209, 11, 22566),
(8799, 97, 610, 2209, 12, 22566),
(8215, 0.75, 10, 2116, 1, 22566),
(6545, 104, 740, 1748, 14, 22566),
(6546, 109, 790, 1748, 15, 22566),
(10787, 110, 790, 1748, 16, 22566),
(10786, 110, 780, 1746, 15, 22566),
(6526, 109, 780, 1746, 14, 22566);


REPLACE INTO `area_table_locale` (`ID`, `locale`, `AreaName_lang`, `VerifiedBuild`) VALUES
(1637, 'esES', "Orgrimmar", 22566),
(1519, 'esES', "Ciudad de Ventormenta", 22566),
(4982, 'esES', "El Bloqueo Dranosh'ar", 22566),
(7552, 'esES', "[TEMP] The Ancient Vault", 22566),
(7553, 'esES', "[TEMP] The Dark Below", 22566),
(7941, 'esES', "Ashran", 22566),
(8321, 'esES', "Fuera de control", 22566),
(7438, 'esES', "Asiento de Kor'lok", 22566),
(7311, 'esES', "Cementerio Machacabrasas", 22566),
(7444, 'esES', "Ashran", 22566),
(7446, 'esES', "Mar Barrera", 22566),
(6941, 'esES', "Ashran", 22566),
(7201, 'esES', "Alto del Tosco", 22566),
(7332, 'esES', "Escudo de Tormenta", 22566),
(7333, 'esES', "Lanza de Guerra", 22566),
(7088, 'esES', "Círculo de Conquista", 22566),
(7080, 'esES', "Torre Fulgor", 22566),
(7476, 'esES', "Avance de Volrath", 22566),
(7477, 'esES', "El Cruce", 22566),
(7478, 'esES', "Vanguardia de Tremblade", 22566),
(7479, 'esES', "Avanzada de los Archimagos", 22566),
(7099, 'esES', "Avanzada Lanza de Guerra", 22566),
(7100, 'esES', "Bastión Escudo de Tormenta", 22566),
(7378, 'esES', "Bosque Oscuro", 22566),
(7379, 'esES', "Cascadas Gorianas", 22566),
(7439, 'esES', "Reposo de los Reyes", 22566),
(8485, 'esES', "Ashran", 22566),
(7275, 'esES', "Cantera de Magma", 22566),
(7279, 'esES', "Anfiteatro de la Aniquilación", 22566),
(8433, 'esES', "Ashran", 22566),
(7548, 'esES', "Mina de Ashran", 22566),
(7549, 'esES', "[TEMP] Stormshield Excavation", 22566),
(7550, 'esES', "[TEMP] Warspear Excavation", 22566),
(7551, 'esES', "[TEMP] The Hollow", 22566),
(8474, 'esES', "Dalaran (Rasganorte)", 22566),
(7971, 'esES', "Catacumbas de Karazhan", 22566),
(6450, 'esES', "Cañada Umbría", 22566),
(6451, 'esES', "Valle de los Retos", 22566),
(6452, 'esES', "Campamento Narache", 22566),
(6455, 'esES', "Isla del Caminante del Sol", 22566),
(6456, 'esES', "Valle Ammen", 22566),
(6170, 'esES', "Villanorte", 22566),
(16, 'esES', "Azshara", 22566),
(440, 'esES', "Tanaris", 22566),
(7873, 'esES', "Cámara del Silencio", 22566),
(41, 'esES', "Paso de la Muerte", 22566),
(2562, 'esES', "Karazhan", 22566),
(7578, 'esES', "Ojo de Azshara", 22566),
(8373, 'esES', "Ojo de Azshara", 22566);


