DELETE FROM areatrigger_scripts WHERE entry IN (35231, 3523100);
INSERT INTO areatrigger_scripts (entry, ScriptName) VALUES (35231, 'SmartTrigger');
INSERT INTO areatrigger_scripts (entry, ScriptName) VALUES (3523100, 'SmartTrigger');

DELETE FROM creature_text WHERE CreatureID = 35230 AND  GroupID = 1 AND  ID = 0; -- delete unneeded sound and text from 35230, otherwise it repeats a text and sound by every 2 second. This does not belongs to this NPC.

DELETE FROM vehicle_template_accessory WHERE entry IN (36283,35905,35231);
INSERT INTO vehicle_template_accessory (`entry`, `accessory_entry`, `seat_id`, `minion`, `description`, `summontype`, `summontimer`) VALUES
(36283, 36292, 2, 0, '36283 - 36292', 0, 0), -- 36283 - 36292 Forsaken Catapult seat definition
(35905, 35907, 1, 0, '35905 - 35907', 3, 300000), -- 35905 - 35907 - summontime - King GreyMane Horse seat definition
(35231, 35230, 1, 0, '35231 - 35230', 3, 300000); -- 35231 - 35230 - summontime - Lord Crowley's Horse seat definition

UPDATE creature_template SET npcflag =16777216 WHERE  entry IN (44427, 44429);
DELETE FROM npc_spellclick_spells WHERE npc_entry IN (35231, 44427, 44429);
INSERT INTO npc_spellclick_spells VALUES 
(35231, 63151, 1, 0), -- Lord Crowley's horse (summoned) - Ride Vehicle spell
(44427, 67001, 1, 0), -- Lord Crowley's Horse (spawned quest start) - Summon Crowley's Horse 35231
(44429, 82992, 1, 0); -- Lord Crowley's Horse (spawned quest end Cathedral) - Summon Crowley's Horse 35231

UPDATE `creature_template` SET `AIName`='SmartAI', `ScriptName`='', `spell1`=67063, `unit_flags`=10, MovementType = 2 WHERE `entry` IN (35231);
UPDATE `creature_template` SET `AIName`='SmartAI', `ScriptName`='' WHERE `entry` IN (35230);
DELETE FROM smart_scripts WHERE entryorguid IN (35231, 3523100);
INSERT INTO `smart_scripts` (`entryorguid`, `source_type`, `id`, `link`, `event_type`, `event_phase_mask`, `event_chance`, `event_flags`, `event_param1`, `event_param2`, `event_param3`, `event_param4`, `event_param_string`, `action_type`, `action_param1`, `action_param2`, `action_param3`, `action_param4`, `action_param5`, `action_param6`, `target_type`, `target_param1`, `target_param2`, `target_param3`, `target_x`, `target_y`, `target_z`, `target_o`, `comment`) VALUES 
(35231, 0, 0, 0, 54, 0, 100, 512, 0, 0, 0, 0, '', 80, 3523100, 2, 0, 0, 0, 0, 1, 0, 0, 0, 0, 0, 0, 0, 'Crowley Hors Start Script'),
(35231, 0, 1, 0, 40, 0, 100, 512, 10, 35231, 0, 0, '', 54, 1000, 0, 0, 0, 0, 0, 1, 0, 0, 0, 0, 0, 0, 0, 'WP Paused'),
(35231, 0, 2, 3, 40, 0, 100, 512, 22, 35231, 0, 0, '', 11, 68576, 4, 0, 0, 0, 0, 1, 0, 0, 0, 0, 0, 0, 0, 'Despawn'),
(35231, 0, 3, 0, 61, 0, 100, 512, 0, 0, 0, 0, '', 41, 1, 0, 0, 0, 0, 0, 1, 0, 0, 0, 0, 0, 0, 0, 'WP Reached Despawn'),
(35231, 0, 4, 0, 6, 0, 100, 512, 0, 0, 0, 0, '', 41, 1, 0, 0, 0, 0, 0, 1, 0, 0, 0, 0, 0, 0, 0, 'On Die'),
(35231, 0, 5, 6, 60, 0, 100, 512, 4500, 4500, 4500, 4500, '', 1, 1, 1, 0, 0, 0, 0, 19, 35230, 5, 0, 0, 0, 0, 0, 'WP Reached'),
(35231, 0, 6, 7, 61, 0, 100, 512, 0, 0, 0, 0, '', 28, 67063, 0, 0, 0, 0, 0, 19, 35230, 5, 0, 0, 0, 0, 0, 'Remove Buff'),
(35231, 0, 7, 8, 61, 0, 100, 512, 0, 0, 0, 0, '', 28, 67063, 0, 0, 0, 0, 0, 23, 0, 0, 0, 0, 0, 0, 0, 'Remove Buff'),
(35231, 0, 8, 0, 61, 0, 100, 512, 0, 0, 0, 0, '', 28, 67063, 0, 0, 0, 0, 0, 1, 0, 0, 0, 0, 0, 0, 0, 'Remove Buff'),
(3523100, 9, 0, 0, 0, 0, 100, 512, 1500, 1500, 1500, 1500, '', 69, 0, 0, 0, 0, 0, 0, 1, 0, 0, 0, -1735.01, 1653.01, 20.49, 0, ''),
(3523100, 9, 1, 0, 0, 0, 100, 512, 100, 100, 100, 100, '', 97, 15, 15, 0, 1709, 20, 0, 1, 0, 0, 0, -1714.02, 1666.37, 20.57, 0, ''),
(3523100, 9, 2, 0, 0, 0, 100, 512, 0, 0, 0, 0, '', 1, 0, 1, 0, 0, 0, 0, 19, 35230, 5, 0, 0, 0, 0, 0, ''),
(3523100, 9, 3, 0, 0, 0, 100, 512, 1800, 1800, 1800, 1800, '', 69, 0, 0, 0, 0, 0, 0, 1, 0, 0, 0, -1695.77, 1662.28, 20.5008, 0, ''),
(3523100, 9, 4, 0, 0, 0, 100, 512, 1800, 1800, 1800, 1800, '', 69, 0, 0, 0, 0, 0, 0, 1, 0, 0, 0, -1678.26, 1648.95, 20.6123, 0, ''),
(3523100, 9, 5, 0, 0, 0, 100, 512, 1500, 1500, 1500, 1500, '', 69, 0, 0, 0, 0, 0, 0, 1, 0, 0, 0, -1669.8, 1634.52, 20.4897, 0, ''),
(3523100, 9, 6, 0, 0, 0, 100, 512, 3000, 3000, 3000, 3000, '', 69, 0, 0, 0, 0, 0, 0, 1, 0, 0, 0, -1678.61, 1615.53, 20.4897, 0, ''),
(3523100, 9, 7, 0, 0, 0, 100, 512, 1500, 1500, 1500, 1500, '', 69, 0, 0, 0, 0, 0, 0, 1, 0, 0, 0, -1692.43, 1613.71, 20.4897, 0, ''),
(3523100, 9, 8, 0, 0, 0, 100, 512, 1500, 1500, 1500, 1500, '', 69, 0, 0, 0, 0, 0, 0, 1, 0, 0, 0, -1703.6, 1621.72, 20.4897, 0, ''),
(3523100, 9, 9, 0, 0, 0, 100, 512, 2800, 2800, 2800, 2800, '', 69, 0, 0, 0, 0, 0, 0, 1, 0, 0, 0, -1673.3, 1701.64, 20.4992, 0, ''),
(3523100, 9, 10, 0, 0, 0, 100, 512, 4800, 4800, 4800, 4800, '', 69, 0, 0, 0, 0, 0, 0, 1, 0, 0, 0, -1681.95, 1703.72, 20.4992, 0, ''),
(3523100, 9, 11, 0, 0, 0, 100, 512, 5200, 5200, 5200, 5200, '', 69, 0, 0, 0, 0, 0, 0, 1, 0, 0, 0, -1646.58, 1708.64, 20.4918, 0, ''),
(3523100, 9, 12, 0, 0, 0, 100, 512, 4200, 4200, 4200, 4200, '', 69, 0, 0, 0, 0, 0, 0, 1, 0, 0, 0, -1611.8, 1710.91, 22.6814, 0, ''),
(3523100, 9, 13, 0, 0, 0, 100, 512, 5200, 5200, 5200, 5200, '', 69, 0, 0, 0, 0, 0, 0, 1, 0, 0, 0, -1589.02, 1710.71, 20.4852, 0, ''),
(3523100, 9, 14, 0, 0, 0, 100, 512, 3000, 3000, 3000, 3000, '', 97, 15, 15, 0, 1709, 20, 0, 1, 0, 0, 0, -1572.31, 1709.16, 20.4861, 0, ''),
(3523100, 9, 15, 0, 0, 0, 100, 512, 1500, 1500, 1500, 1500, '', 69, 0, 0, 0, 0, 0, 0, 1, 0, 0, 0, -1549.35, 1705.51, 20.4861, 0, ''),
(3523100, 9, 16, 0, 0, 0, 100, 512, 3400, 3400, 3400, 3400, '', 69, 0, 0, 0, 0, 0, 0, 1, 0, 0, 0, -1522.72, 1696.79, 20.4861, 0, ''),
(3523100, 9, 17, 0, 0, 0, 100, 512, 4300, 4300, 4300, 4300, '', 69, 0, 0, 0, 0, 0, 0, 1, 0, 0, 0, -1490.45, 1679.68, 20.4861, 0, ''),
(3523100, 9, 18, 0, 0, 0, 100, 512, 4700, 4700, 4700, 4700, '', 69, 0, 0, 0, 0, 0, 0, 1, 0, 0, 0, -1435.31, 1623.39, 20.4861, 0, ''),
(3523100, 9, 19, 0, 0, 0, 100, 512, 4500, 4500, 4500, 4500, '', 69, 0, 0, 0, 0, 0, 0, 1, 0, 0, 0, -1418.88, 1592.74, 20.4861, 0, ''),
(3523100, 9, 20, 0, 0, 0, 100, 512, 4500, 4500, 4500, 4500, '', 69, 0, 0, 0, 0, 0, 0, 1, 0, 0, 0, -1414.37, 1575.23, 20.4802, 0, ''),
(3523100, 9, 21, 0, 0, 0, 100, 512, 3000, 3000, 3000, 3000, '', 69, 0, 0, 0, 0, 0, 0, 1, 0, 0, 0, -1416.5, 1566.34, 20.4821, 0, ''),
(3523100, 9, 22, 0, 0, 0, 100, 512, 3000, 3000, 3000, 3000, '', 69, 0, 0, 0, 0, 0, 0, 1, 0, 0, 0, -1444.24, 1553.16, 20.4839, 0, ''),
(3523100, 9, 23, 0, 0, 0, 100, 512, 3000, 3000, 3000, 3000, '', 69, 0, 0, 0, 0, 0, 0, 1, 0, 0, 0, -1469.58, 1560.96, 20.4839, 0, ''),
(3523100, 9, 24, 0, 0, 0, 100, 512, 2500, 2500, 2500, 2500, '', 69, 0, 0, 0, 0, 0, 0, 1, 0, 0, 0, -1505.88, 1566.46, 20.4858, 0, ''),
(3523100, 9, 25, 0, 0, 0, 100, 512, 2500, 2500, 2500, 2500, '', 69, 0, 0, 0, 0, 0, 0, 1, 0, 0, 0, -1517.87, 1568.61, 26.2918, 0, ''),
(3523100, 9, 26, 0, 0, 0, 100, 512, 2500, 2500, 2500, 2500, '', 69, 0, 0, 0, 0, 0, 0, 1, 0, 0, 0, -1535.83, 1572.85, 28.9941, 0, ''),
(3523100, 9, 27, 0, 0, 0, 100, 512, 4500, 4500, 4500, 4500, '', 41, 1, 0, 0, 0, 0, 0, 19, 35230, 5, 0, 0, 0, 0, 0, ''),
(3523100, 9, 28, 0, 0, 0, 100, 512, 100, 100, 100, 100, '', 28, 67063, 0, 0, 0, 0, 0, 23, 0, 0, 0, 0, 0, 0, 0, ''),
(3523100, 9, 29, 0, 0, 0, 100, 512, 0, 0, 0, 0, '', 11, 68576, 4, 0, 0, 0, 0, 1, 0, 0, 0, 0, 0, 0, 0, '');