-- fix - doubled creatures around duskhaven
-- 36286 - overspawns

DELETE FROM `creature_addon` WHERE `guid` IN (SELECT guid FROM `creature` WHERE `id`=36286 AND map = 654);
INSERT INTO `creature_addon` (`guid`, `path_id`, `mount`, `bytes1`, `bytes2`, `emote`, `aiAnimKit`, `movementAnimKit`, `meleeAnimKit`, `auras`) 
VALUES 
(801570, 0, 0, 0, 1, 0, 0, 0, 0, ''), 
(801575, 0, 0, 0, 1, 0, 0, 0, 0, ''), 
(801582, 0, 0, 0, 1, 0, 0, 0, 0, ''), 
(801587, 0, 0, 0, 1, 0, 0, 0, 0, ''), 
(801584, 0, 0, 0, 1, 0, 0, 0, 0, ''), 
(801589, 0, 0, 0, 1, 0, 0, 0, 0, ''), 
(801594, 0, 0, 0, 1, 0, 0, 0, 0, ''), 
(801597, 0, 0, 0, 1, 0, 0, 0, 0, ''), 
(801598, 0, 0, 0, 1, 0, 0, 0, 0, ''), 
(801605, 0, 0, 0, 1, 0, 0, 0, 0, ''), 
(801622, 0, 0, 0, 1, 0, 0, 0, 0, ''), 
(801624, 0, 0, 0, 1, 0, 0, 0, 0, ''), 
(804880, 0, 0, 0, 1, 0, 0, 0, 0, ''), 
(804879, 0, 0, 0, 1, 0, 0, 0, 0, ''), 
(804878, 0, 0, 0, 1, 0, 0, 0, 0, ''), 
(804877, 0, 0, 0, 1, 0, 0, 0, 0, ''), 
(804876, 0, 0, 0, 1, 0, 0, 0, 0, ''), 
(804875, 0, 0, 0, 1, 0, 0, 0, 0, ''), 
(804874, 0, 0, 0, 1, 0, 0, 0, 0, ''), 
(804873, 0, 0, 0, 1, 0, 0, 0, 0, '');

DELETE FROM `creature` WHERE `id`=36286 AND map = 654;
INSERT INTO `creature` (`guid`, `id`, `map`, `zoneId`, `areaId`, `spawnDifficulties`, `phaseUseFlags`, `PhaseId`, `PhaseGroup`, `terrainSwapMap`, `modelid`, `equipment_id`, `position_x`, `position_y`, `position_z`, `orientation`, `spawntimesecs`, `spawndist`, `currentwaypoint`, `curhealth`, `curmana`, `MovementType`, `npcflag`, `unit_flags`, `unit_flags2`, `unit_flags3`, `dynamicflags`, `ScriptName`, `VerifiedBuild`)
VALUES 
(801570, 36286, 654, 4714, 4792, '0', 0, 182, 0, -1, 0, 0, -1893.56, 2561.07, 1.55054, 0, 7200, 0, 0, 0, 0, 0, 0, 0, 0, 0, 0, '', 25549), 
(801575, 36286, 654, 4714, 4793, '0', 0, 182, 0, -1, 0, 0, -1935.31, 2556.95, 21.4788, 0, 7200, 0, 0, 0, 0, 0, 0, 0, 0, 0, 0, '', 25549), 
(801582, 36286, 654, 4714, 4793, '0', 0, 182, 0, -1, 0, 0, -1914.4, 2517.61, 2.25322, 0, 7200, 0, 0, 0, 0, 0, 0, 0, 0, 0, 0, '', 25549), 
(801587, 36286, 654, 4714, 4793, '0', 0, 182, 0, -1, 0, 0, -1945.19, 2524.12, 1.48521, 0, 7200, 0, 0, 0, 0, 0, 0, 0, 0, 0, 0, '', 25549), 
(801584, 36286, 654, 4714, 4792, '0', 0, 182, 0, -1, 0, 0, -1853.79, 2553.17, 12.6827, 4.2586, 7200, 0, 0, 0, 0, 0, 0, 0, 0, 0, 0, '', 25549), 
(801589, 36286, 654, 4714, 4793, '0', 0, 182, 0, -1, 0, 0, -1921.34, 2557.3, 30.927, 0, 7200, 0, 0, 0, 0, 0, 0, 0, 0, 0, 0, '', 25549), 
(801594, 36286, 654, 4714, 4792, '0', 0, 182, 0, -1, 0, 0, -1865.78, 2545.12, 31.4739, 4.2586, 7200, 0, 0, 0, 0, 0, 0, 0, 0, 0, 0, '', 25549), 
(801597, 36286, 654, 4714, 4792, '0', 0, 182, 0, -1, 0, 0, -1858.74, 2560.08, 15.8903, 4.2586, 7200, 0, 0, 0, 0, 0, 0, 0, 0, 0, 0, '', 25549), 
(801598, 36286, 654, 4714, 4793, '0', 0, 182, 0, -1, 0, 0, -1939.78, 2562.5, 14.4454, 0, 7200, 0, 0, 0, 0, 0, 0, 0, 0, 0, 0, '', 25549), 
(801605, 36286, 654, 4714, 4793, '0', 0, 182, 0, -1, 0, 0, -1934, 2565.76, 24.5374, 0, 7200, 0, 0, 0, 0, 0, 0, 0, 0, 0, 0, '', 25549), 
(801622, 36286, 654, 4714, 4793, '0', 0, 182, 0, -1, 0, 0, -1918.36, 2578.03, 1.59042, 0, 7200, 0, 0, 0, 0, 0, 0, 0, 0, 0, 0, '', 25549), 
(801624, 36286, 654, 4714, 4714, '0', 0, 182, 0, -1, 0, 0, -2101.91, 2688.91, 19.3181, 0, 7200, 0, 0, 0, 0, 0, 0, 0, 0, 0, 0, '', 25549), 
(804880, 36286, 654, 4714, 4786, '0', 0, 182, 0, -1, 0, 0, -2114.29, 2679.66, 14.2676, 0, 7200, 0, 0, 0, 0, 0, 0, 0, 0, 0, 0, '', 25549), 
(804879, 36286, 654, 4714, 4786, '0', 0, 182, 0, -1, 0, 0, -2127.53, 2664.09, 8.33806, 0, 7200, 0, 0, 0, 0, 0, 0, 0, 0, 0, 0, '', 25549), 
(804878, 36286, 654, 4714, 4786, '0', 0, 182, 0, -1, 0, 0, -2137.02, 2655.3, 20.1049, 0, 7200, 0, 0, 0, 0, 0, 0, 0, 0, 0, 0, '', 25549), 
(804877, 36286, 654, 4714, 4786, '0', 0, 182, 0, -1, 0, 0, -2238.09, 2557.53, 20.4911, 0, 7200, 0, 0, 0, 0, 0, 0, 0, 0, 0, 0, '', 25549), 
(804876, 36286, 654, 4714, 4786, '0', 0, 182, 0, -1, 0, 0, -2149.62, 2644.01, 26.5928, 0, 7200, 0, 0, 0, 0, 0, 0, 0, 0, 0, 0, '', 25549), 
(804875, 36286, 654, 4714, 4786, '0', 0, 182, 0, -1, 0, 0, -2202.28, 2589.49, 19.6422, 0, 7200, 0, 0, 0, 0, 0, 0, 0, 0, 0, 0, '', 25549), 
(804874, 36286, 654, 4714, 4786, '0', 0, 182, 0, -1, 0, 0, -2229.24, 2565.48, 8.74696, 0, 7200, 0, 0, 0, 0, 0, 0, 0, 0, 0, 0, '', 25549), 
(804873, 36286, 654, 4714, 4786, '0', 0, 182, 0, -1, 0, 0, -2215.69, 2580.56, 14.6174, 0, 7200, 0, 0, 0, 0, 0, 0, 0, 0, 0, 0, '', 25549);

-- 36397 and 36399 -  overspawns

DELETE FROM `creature_addon` WHERE `guid` IN (SELECT `guid` FROM `creature` WHERE `id` IN  (36397, 36399));
INSERT INTO `creature_addon` (`guid`, `path_id`, `mount`, `bytes1`, `bytes2`, `emote`, `aiAnimKit`, `movementAnimKit`, `meleeAnimKit`, `auras`) 
VALUES 
(801530, 0, 0, 0, 1, 0, 0, 0, 0, ''),
(801544, 0, 0, 0, 1, 0, 0, 0, 0, '');

DELETE FROM `creature` WHERE `id`IN (36397, 36399);
INSERT INTO `creature` (`guid`, `id`, `map`, `zoneId`, `areaId`, `spawnDifficulties`, `phaseUseFlags`, `PhaseId`, `PhaseGroup`, `terrainSwapMap`, `modelid`, `equipment_id`, `position_x`, `position_y`, `position_z`, `orientation`, `spawntimesecs`, `spawndist`, `currentwaypoint`, `curhealth`, `curmana`, `MovementType`, `npcflag`, `unit_flags`, `unit_flags2`, `unit_flags3`, `dynamicflags`, `ScriptName`, `VerifiedBuild`) 
VALUES 
(801544, 36399, 654, 4714, 5720, '0', 0, 182, 0, -1, 0, 0, -2197.34, 2594.98, 1.8069, 3.87522, 7200, 0, 0, 0, 0, 0, 0, 0, 0, 0, 0, '', 25549),
(801530, 36397, 654, 4714, 5720, '0', 0, 182, 0, -1, 0, 0, -2100.52, 2691.79, 1.39731, 3.89208, 7200, 0, 0, 0, 0, 0, 0, 0, 0, 0, 0, '', 25549);

-- 36211 - overspawns

DELETE FROM `creature_addon` WHERE `guid` IN (SELECT guid FROM `creature` WHERE `id`IN (36211));
INSERT INTO `creature_addon` (`guid`, `path_id`, `mount`, `bytes1`, `bytes2`, `emote`, `aiAnimKit`, `movementAnimKit`, `meleeAnimKit`, `auras`) 
VALUES 
(801340, 0, 0, 0, 1, 0, 0, 0, 0, ''),
(801348, 0, 0, 0, 1, 0, 0, 0, 0, ''), 
(801353, 0, 0, 0, 1, 0, 0, 0, 0, ''), 
(801364, 0, 0, 0, 1, 0, 0, 0, 0, ''),
(801369, 0, 0, 0, 1, 0, 0, 0, 0, ''),
(801517, 0, 0, 0, 1, 0, 0, 0, 0, ''), 
(801564, 0, 0, 0, 1, 0, 0, 0, 0, ''),
(801565, 0, 0, 0, 1, 0, 0, 0, 0, ''), 
(801569, 0, 0, 0, 1, 0, 0, 0, 0, ''),
(801573, 0, 0, 0, 1, 0, 0, 0, 0, ''), 
(801580, 0, 0, 0, 1, 0, 0, 0, 0, ''), 
(801612, 0, 0, 0, 1, 0, 0, 0, 0, ''), 
(801619, 0, 0, 0, 1, 0, 0, 0, 0, ''), 
(801628, 0, 0, 0, 1, 0, 0, 0, 0, ''), 
(801647, 0, 0, 0, 1, 0, 0, 0, 0, ''), 
(801659, 0, 0, 0, 1, 0, 0, 0, 0, ''), 
(801661, 0, 0, 0, 1, 0, 0, 0, 0, '');

DELETE FROM `creature` WHERE `id`IN (36211);
INSERT INTO `creature` (`guid`, `id`, `map`, `zoneId`, `areaId`, `spawnDifficulties`, `phaseUseFlags`, `PhaseId`, `PhaseGroup`, `terrainSwapMap`, `modelid`, `equipment_id`, `position_x`, `position_y`, `position_z`, `orientation`, `spawntimesecs`, `spawndist`, `currentwaypoint`, `curhealth`, `curmana`, `MovementType`, `npcflag`, `unit_flags`, `unit_flags2`, `unit_flags3`, `dynamicflags`, `ScriptName`, `VerifiedBuild`)
VALUES 
(801340, 36211, 654, 4714, 4786, '0', 0, 182, 0, -1, 0, 0, -1931.82, 2314.95, 37.4725, 1.83902, 7200, 0, 0, 0, 0, 0, 0, 0, 0, 0, 0, '', 25549), 
(801348, 36211, 654, 4714, 4786, '0', 0, 182, 0, -1, 0, 0, -1923.13, 2322.82, 37.8107, 2.17983, 7200, 0, 0, 0, 0, 0, 0, 0, 0, 0, 0, '', 25549), 
(801353, 36211, 654, 4714, 4786, '0', 0, 182, 0, -1, 0, 0, -1922.01, 2329.51, 37.7097, 2.14398, 7200, 0, 0, 0, 0, 0, 0, 0, 0, 0, 0, '', 25549), 
(801364, 36211, 654, 4714, 4786, '0', 0, 182, 0, -1, 0, 0, -1936.64, 2314.3, 37.0137, 2.21456, 7200, 0, 0, 0, 0, 0, 0, 0, 0, 0, 0, '', 25549), 
(801369, 36211, 654, 4714, 4786, '0', 0, 182, 0, -1, 0, 0, -1930.52, 2321.31, 36.5642, 1.39576, 7200, 0, 0, 0, 0, 0, 0, 0, 0, 0, 0, '', 25549), 
(801517, 36211, 654, 4714, 5720, '0', 0, 182, 0, -1, 0, 0, -2070.56, 2671.97, 0.682668, 2.11012, 7200, 0, 0, 0, 0, 0, 0, 0, 0, 0, 0, '', 25549), 
(801564, 36211, 654, 4714, 5720, '0', 0, 182, 0, -1, 0, 0, -2078.33, 2509.06, 1.60569, 2.10516, 7200, 0, 0, 0, 0, 0, 0, 0, 0, 0, 0, '', 25549), 
(801565, 36211, 654, 4714, 5720, '0', 0, 182, 0, -1, 0, 0, -2111.64, 2482.17, 5.60498, 2.05949, 7200, 0, 0, 0, 0, 0, 0, 0, 0, 0, 0, '', 25549), 
(801569, 36211, 654, 4714, 5720, '0', 0, 182, 0, -1, 0, 0, -2084.36, 2577.76, 5.01181, 2.027, 7200, 0, 0, 0, 0, 0, 0, 0, 0, 0, 0, '', 25549), 
(801573, 36211, 654, 4714, 5720, '0', 0, 182, 0, -1, 0, 0, -2054.12, 2465.95, 3.36137, 2.02987, 7200, 0, 0, 0, 0, 0, 0, 0, 0, 0, 0, '', 25549), 
(801580, 36211, 654, 4714, 5720, '0', 0, 182, 0, -1, 0, 0, -2110.94, 2571.86, 5.33277, 5.98608, 7200, 0, 0, 0, 0, 0, 0, 0, 0, 0, 0, '', 25549), 
(801612, 36211, 654, 4714, 5720, '0', 0, 182, 0, -1, 0, 0, -2007.14, 2517.27, 1.47522, 2.03596, 7200, 0, 0, 0, 0, 0, 0, 0, 0, 0, 0, '', 25549), 
(801619, 36211, 654, 4714, 5720, '0', 0, 182, 0, -1, 0, 0, -2043.2, 2516.6, 1.37208, 2.14071, 7200, 0, 0, 0, 0, 0, 0, 0, 0, 0, 0, '', 25549), 
(801628, 36211, 654, 4714, 5720, '0', 0, 182, 0, -1, 0, 0, -2097.17, 2616.27, 5.14965, 2.0661, 7200, 0, 0, 0, 0, 0, 0, 0, 0, 0, 0, '', 25549), 
(801647, 36211, 654, 4714, 5720, '0', 0, 182, 0, -1, 0, 0, -1979.2, 2613.92, 1.46909, 2.07961, 7200, 0, 0, 0, 0, 0, 0, 0, 0, 0, 0, '', 25549), 
(801659, 36211, 654, 4714, 4792, '0', 0, 182, 0, -1, 0, 0, -1881.74, 2549.33, 1.72804, 3.89264, 7200, 0, 0, 0, 0, 0, 0, 0, 0, 0, 0, '', 25549), 
(801661, 36211, 654, 4714, 4792, '0', 0, 182, 0, -1, 0, 0, -1877.87, 2543.61, 1.711, 3.78736, 7200, 0, 0, 0, 0, 0, 0, 0, 0, 0, 0, '', 25549);

-- 36236 - overspawns

DELETE FROM `creature_addon` WHERE `guid` IN (SELECT guid FROM `creature` WHERE `id`IN (36236));
INSERT INTO `creature_addon` (`guid`, `path_id`, `mount`, `bytes1`, `bytes2`, `emote`, `aiAnimKit`, `movementAnimKit`, `meleeAnimKit`, `auras`) 
VALUES 
(801468, 0, 0, 0, 1, 0, 0, 0, 0, ''), 
(801472, 0, 0, 0, 1, 0, 0, 0, 0, ''), 
(801474, 0, 0, 0, 1, 0, 0, 0, 0, ''), 
(801478, 0, 0, 0, 1, 0, 0, 0, 0, ''), 
(801479, 0, 0, 0, 1, 0, 0, 0, 0, ''), 
(801489, 0, 0, 0, 1, 0, 0, 0, 0, ''), 
(801515, 0, 0, 0, 1, 0, 0, 0, 0, ''), 
(801516, 0, 0, 0, 1, 0, 0, 0, 0, ''), 
(801522, 0, 0, 0, 1, 0, 0, 0, 0, ''), 
(801525, 0, 0, 0, 1, 0, 0, 0, 0, ''), 
(801545, 0, 0, 0, 1, 0, 0, 0, 0, ''), 
(801555, 0, 0, 0, 1, 0, 0, 0, 0, ''), 
(801560, 0, 0, 0, 1, 0, 0, 0, 0, ''), 
(801562, 0, 0, 0, 1, 0, 0, 0, 0, ''), 
(801568, 0, 0, 0, 1, 0, 0, 0, 0, ''), 
(801578, 0, 0, 0, 1, 0, 0, 0, 0, ''), 
(801586, 0, 0, 0, 1, 0, 0, 0, 0, ''), 
(801621, 0, 0, 0, 1, 0, 0, 0, 0, ''), 
(801629, 0, 0, 0, 1, 0, 0, 0, 0, ''), 
(801630, 0, 0, 0, 1, 0, 0, 0, 0, ''), 
(801635, 0, 0, 0, 1, 0, 0, 0, 0, ''), 
(801639, 0, 0, 0, 1, 0, 0, 0, 0, ''), 
(801642, 0, 0, 0, 1, 0, 0, 0, 0, ''), 
(801646, 0, 0, 0, 1, 0, 0, 0, 0, ''), 
(801651, 0, 0, 0, 1, 0, 0, 0, 0, ''), 
(801653, 0, 0, 0, 1, 0, 0, 0, 0, ''), 
(801656, 0, 0, 0, 1, 0, 0, 0, 0, ''), 
(801663, 0, 0, 0, 1, 0, 0, 0, 0, ''), 
(801667, 0, 0, 0, 1, 0, 0, 0, 0, ''), 
(801697, 0, 0, 0, 1, 0, 0, 0, 0, ''), 
(801698, 0, 0, 0, 1, 0, 0, 0, 0, '');

DELETE FROM `creature` WHERE `id`IN (36236);
INSERT INTO `creature` (`guid`, `id`, `map`, `zoneId`, `areaId`, `spawnDifficulties`, `phaseUseFlags`, `PhaseId`, `PhaseGroup`, `terrainSwapMap`, `modelid`, `equipment_id`, `position_x`, `position_y`, `position_z`, `orientation`, `spawntimesecs`, `spawndist`, `currentwaypoint`, `curhealth`, `curmana`, `MovementType`, `npcflag`, `unit_flags`, `unit_flags2`, `unit_flags3`, `dynamicflags`, `ScriptName`, `VerifiedBuild`)
VALUES 
(801468, 36236, 654, 4714, 4792, '0', 0, 182, 0, -1, 0, 0, -1932.84, 2562.82, 3.6626, 5.81195, 7200, 0, 0, 0, 0, 0, 0, 0, 0, 0, 0, '', 25549), 
(801472, 36236, 654, 4714, 4792, '0', 0, 182, 0, -1, 0, 0, -1937.65, 2603.93, 2.93576, 5.81195, 7200, 0, 0, 0, 0, 0, 0, 0, 0, 0, 0, '', 25549), 
(801474, 36236, 654, 4714, 4792, '0', 0, 182, 0, -1, 0, 0, -1972.37, 2574.23, 1.47526, 5.81195, 7200, 0, 0, 0, 0, 0, 0, 0, 0, 0, 0, '', 25549), 
(801478, 36236, 654, 4714, 4792, '0', 0, 182, 0, -1, 0, 0, -2004.75, 2552.34, 1.47072, 0.181272, 7200, 0, 0, 0, 0, 0, 0, 0, 0, 0, 0, '', 25549), 
(801479, 36236, 654, 4714, 4793, '0', 0, 182, 0, -1, 0, 0, -2009.85, 2519.74, 1.44652, 5.54361, 7200, 0, 0, 0, 0, 0, 0, 0, 0, 0, 0, '', 25549), 
(801489, 36236, 654, 4714, 4793, '0', 0, 182, 0, -1, 0, 0, -2081.09, 2511.47, 1.92597, 5.56603, 7200, 0, 0, 0, 0, 0, 0, 0, 0, 0, 0, '', 25549), 
(801515, 36236, 654, 4714, 5720, '0', 0, 182, 0, -1, 0, 0, -2072.44, 2675.12, 0.699844, 5.25171, 7200, 0, 0, 0, 0, 0, 0, 0, 0, 0, 0, '', 25549), 
(801516, 36236, 654, 4714, 5720, '0', 0, 182, 0, -1, 0, 0, -2070.58, 2675.64, 0.699844, 0.272814, 7200, 0, 0, 0, 0, 0, 0, 0, 0, 0, 0, '', 25549), 
(801522, 36236, 654, 4714, 5720, '0', 0, 182, 0, -1, 0, 0, -2097.86, 2619.88, 5.09859, 4.90015, 7200, 0, 0, 0, 0, 0, 0, 0, 0, 0, 0, '', 25549), 
(801525, 36236, 654, 4714, 5720, '0', 0, 182, 0, -1, 0, 0, -2045.17, 2519.66, 0.955548, 5.2823, 7200, 0, 0, 0, 0, 0, 0, 0, 0, 0, 0, '', 25549), 
(801545, 36236, 654, 4714, 5720, '0', 0, 182, 0, -1, 0, 0, -2183.6, 2577.31, 1.03325, 5.81195, 7200, 10, 0, 0, 0, 1, 0, 0, 0, 0, 0, '', 25549), 
(801555, 36236, 654, 4714, 5720, '0', 0, 182, 0, -1, 0, 0, -2214.42, 2538.85, 1.03324, 5.81195, 7200, 0, 0, 0, 0, 0, 0, 0, 0, 0, 0, '', 25549), 
(801560, 36236, 654, 4714, 5720, '0', 0, 182, 0, -1, 0, 0, -2058.07, 2470.18, 3.36799, 1.25664, 7200, 0, 0, 0, 0, 0, 0, 0, 0, 0, 0, '', 25549), 
(801562, 36236, 654, 4714, 5720, '0', 0, 182, 0, -1, 0, 0, -2114.71, 2484.64, 5.25929, 6.19592, 7200, 0, 0, 0, 0, 0, 0, 0, 0, 0, 0, '', 25549), 
(801568, 36236, 654, 4714, 5720, '0', 0, 182, 0, -1, 0, 0, -2084.03, 2581.46, 4.96914, 6.19592, 7200, 0, 0, 0, 0, 0, 0, 0, 0, 0, 0, '', 25549), 
(801578, 36236, 654, 4714, 5720, '0', 0, 182, 0, -1, 0, 0, -2168.85, 2485.4, 4.30768, 6.19592, 7200, 0, 0, 0, 0, 0, 0, 0, 0, 0, 0, '', 25549), 
(801586, 36236, 654, 4714, 5720, '0', 0, 182, 0, -1, 0, 0, -2107.4, 2570.92, 5.27535, 2.88392, 7200, 0, 0, 0, 0, 0, 0, 0, 0, 0, 0, '', 25549), 
(801621, 36236, 654, 4714, 5720, '0', 0, 182, 0, -1, 0, 0, -2111.46, 2568.23, 5.33835, 1.42856, 7200, 0, 0, 0, 0, 0, 0, 0, 0, 0, 0, '', 25549), 
(801629, 36236, 654, 4714, 5720, '0', 0, 182, 0, -1, 0, 0, -2178.76, 2461.57, 4.73735, 6.19592, 7200, 0, 0, 0, 0, 0, 0, 0, 0, 0, 0, '', 25549), 
(801630, 36236, 654, 4714, 5720, '0', 0, 182, 0, -1, 0, 0, -2211, 2474.59, 3.39504, 0.453786, 7200, 0, 0, 0, 0, 0, 0, 0, 0, 0, 0, '', 25549), 
(801635, 36236, 654, 4714, 5720, '0', 0, 182, 0, -1, 0, 0, -2214.55, 2512.44, 0.685296, 5.81195, 7200, 0, 0, 0, 0, 0, 0, 0, 0, 0, 0, '', 25549), 
(801639, 36236, 654, 4714, 5720, '0', 0, 182, 0, -1, 0, 0, -2083.71, 2513.75, 1.84084, 6.19592, 7200, 0, 0, 0, 0, 0, 0, 0, 0, 0, 0, '', 25549), 
(801642, 36236, 654, 4714, 5720, '0', 0, 182, 0, -1, 0, 0, -2020.92, 2618.37, -2.44457, 6.19592, 7200, 0, 0, 0, 0, 0, 0, 0, 0, 0, 0, '', 25549), 
(801646, 36236, 654, 4714, 5720, '0', 0, 182, 0, -1, 0, 0, -1980.99, 2617.12, 1.40005, 5.2212, 7200, 0, 0, 0, 0, 0, 0, 0, 0, 0, 0, '', 25549), 
(801651, 36236, 654, 4714, 5720, '0', 0, 182, 0, -1, 0, 0, -1915.98, 2591.27, 1.49276, 5.75481, 7200, 0, 0, 0, 0, 0, 0, 0, 0, 0, 0, '', 25549), 
(801653, 36236, 654, 4714, 5720, '0', 0, 182, 0, -1, 0, 0, -1981.39, 2663.55, -1.92335, 3.7001, 7200, 0, 0, 0, 0, 0, 0, 0, 0, 0, 0, '', 25549), 
(801656, 36236, 654, 4714, 4793, '0', 0, 182, 0, -1, 0, 0, -1945.88, 2675.33, 0.986981, 4.53599, 7200, 0, 0, 0, 0, 0, 0, 0, 0, 0, 0, '', 25549), 
(801663, 36236, 654, 4714, 4793, '0', 0, 182, 0, -1, 0, 0, -1981.86, 2675.36, -2.15712, 5.81195, 7200, 0, 0, 0, 0, 0, 0, 0, 0, 0, 0, '', 25549), 
(801667, 36236, 654, 4714, 4793, '0', 0, 182, 0, -1, 0, 0, -2007.4, 2672.02, -2.24721, 6.19592, 7200, 0, 0, 0, 0, 0, 0, 0, 0, 0, 0, '', 25549), 
(801697, 36236, 654, 4714, 4792, '0', 0, 182, 0, -1, 0, 0, -1978.15, 2528.33, 2.3672, 5.81195, 7200, 0, 0, 0, 0, 0, 0, 0, 0, 0, 0, '', 25549), 
(801698, 36236, 654, 4714, 4793, '0', 0, 182, 0, -1, 0, 0, -1953.84, 2690.38, 0.971278, 4.92984, 7200, 0, 0, 0, 0, 0, 0, 0, 0, 0, 0, '', 25549);

-- gameobjects in area 4808 set in corect phase group 385

DELETE FROM `gameobject` WHERE `id` IN (196810, 196809, 196808);
INSERT INTO `gameobject` (`guid`, `id`, `map`, `zoneId`, `areaId`, `spawnDifficulties`, `phaseUseFlags`, `PhaseId`, `PhaseGroup`, `terrainSwapMap`, `position_x`, `position_y`, `position_z`, `orientation`, `rotation0`, `rotation1`, `rotation2`, `rotation3`, `spawntimesecs`, `animprogress`, `state`, `isActive`, `ScriptName`, `VerifiedBuild`) 
VALUES 
(51003220, 196810, 654, 4714, 4808, '0', 0, 0, 385, -1, -2361.65, 2261.07, 2.32001, 0.837758, 0, 0, 0.406736, 0.913545, 200, 255, 1, 0, '', 27547),
(51003221, 196809, 654, 4714, 4808, '0', 0, 0, 385, -1, -2347.02, 2304.01, 0.37202, 0, 0, 0, 0, 1, 200, 255, 1, 0, '', 27547),
(51003222, 196808, 654, 4714, 4808, '0', 0, 0, 385, -1, -2337.03, 2257.33, 0.328134, 0, 0, 0, 0, 1, 200, 255, 0, 0, '', 27547);

-- 36396 overspawns

DELETE FROM `creature_addon` WHERE `guid` IN ( SELECT guid FROM `creature` WHERE `id`=36396);
INSERT INTO `creature_addon` (`guid`, `path_id`, `mount`, `bytes1`, `bytes2`, `emote`, `aiAnimKit`, `movementAnimKit`, `meleeAnimKit`, `auras`) 
VALUES 
(801529, 0, 0, 0, 1, 0, 0, 0, 0, ''),
(801532, 0, 0, 0, 1, 0, 0, 0, 0, ''),
(801533, 0, 0, 0, 1, 0, 0, 0, 0, ''),
(801534, 0, 0, 0, 1, 0, 0, 0, 0, ''),
(801535, 0, 0, 0, 1, 0, 0, 0, 0, ''),
(801536, 0, 0, 0, 1, 0, 0, 0, 0, ''),
(801540, 0, 0, 0, 1, 0, 0, 0, 0, ''),
(801546, 0, 0, 0, 1, 0, 0, 0, 0, ''),
(801550, 0, 0, 0, 1, 0, 0, 0, 0, ''),
(801552, 0, 0, 0, 1, 0, 0, 0, 0, ''),
(801553, 0, 0, 0, 1, 0, 0, 0, 0, ''),
(801632, 0, 0, 0, 1, 0, 0, 0, 0, ''),
(801634, 0, 0, 0, 1, 0, 0, 0, 0, ''),
(801637, 0, 0, 0, 1, 0, 0, 0, 0, '');

DELETE FROM `creature` WHERE `id`=36396;
INSERT INTO `creature` (`guid`, `id`, `map`, `zoneId`, `areaId`, `spawnDifficulties`, `phaseUseFlags`, `PhaseId`, `PhaseGroup`, `terrainSwapMap`, `modelid`, `equipment_id`, `position_x`, `position_y`, `position_z`, `orientation`, `spawntimesecs`, `spawndist`, `currentwaypoint`, `curhealth`, `curmana`, `MovementType`, `npcflag`, `unit_flags`, `unit_flags2`, `unit_flags3`, `dynamicflags`, `ScriptName`, `VerifiedBuild`) 
VALUES 
(801529, 36396, 654, 4714, 5720, '0', 0, 182, 0, -1, 0, 0, -2134.66, 2657.81, 2.75078, 3.89777, 7200, 0, 0, 0, 0, 0, 0, 0, 0, 0, 0, '', 25549), 
(801532, 36396, 654, 4714, 5720, '0', 0, 182, 0, -1, 0, 0, -2134.52, 2654.88, 19.7591, 0, 7200, 0, 0, 0, 0, 0, 0, 0, 0, 0, 0, '', 25549), 
(801533, 36396, 654, 4714, 5720, '0', 0, 182, 0, -1, 0, 0, -2133.62, 2662.75, 8.25689, 0.954665, 7200, 0, 0, 0, 0, 0, 0, 0, 0, 0, 0, '', 25549), 
(801534, 36396, 654, 4714, 5720, '0', 0, 182, 0, -1, 0, 0, -2106.88, 2691.04, 18.8718, 0, 7200, 0, 0, 0, 0, 0, 0, 0, 0, 0, 0, '', 25549), 
(801535, 36396, 654, 4714, 5720, '0', 0, 182, 0, -1, 0, 0, -2106.63, 2693.64, 13.3906, 0, 7200, 0, 0, 0, 0, 0, 0, 0, 0, 0, 0, '', 25549), 
(801536, 36396, 654, 4714, 5720, '0', 0, 182, 0, -1, 0, 0, -2118.38, 2683.62, 8.33846, 0, 7200, 0, 0, 0, 0, 0, 0, 0, 0, 0, 0, '', 25549), 
(801540, 36396, 654, 4714, 5720, '0', 0, 182, 0, -1, 0, 0, -2116.97, 2673.6, 1.00825, 0, 7200, 0, 0, 0, 0, 0, 0, 0, 0, 0, 0, '', 25549), 
(801546, 36396, 654, 4714, 5720, '0', 0, 182, 0, -1, 0, 0, -2204.21, 2594.03, 19.9087, 0, 7200, 0, 0, 0, 0, 0, 0, 0, 0, 0, 0, '', 25549), 
(801550, 36396, 654, 4714, 5720, '0', 0, 182, 0, -1, 0, 0, -2206.2, 2578.19, 8.74729, 0, 7200, 0, 0, 0, 0, 0, 0, 0, 0, 0, 0, '', 25549), 
(801552, 36396, 654, 4714, 5720, '0', 0, 182, 0, -1, 0, 0, -2218.17, 2584.61, 8.74767, 0, 7200, 0, 0, 0, 0, 0, 0, 0, 0, 0, 0, '', 25549), 
(801553, 36396, 654, 4714, 5720, '0', 0, 182, 0, -1, 0, 0, -2223.41, 2572.2, 1.41761, 0, 7200, 0, 0, 0, 0, 0, 0, 0, 0, 0, 0, '', 25549), 
(801632, 36396, 654, 4714, 5720, '0', 0, 182, 0, -1, 0, 0, -2204.99, 2580.55, 8.66384, 1.09611, 7200, 0, 0, 0, 0, 0, 0, 0, 0, 0, 0, '', 25549), 
(801634, 36396, 654, 4714, 5720, '0', 0, 182, 0, -1, 0, 0, -2207.85, 2582.37, 8.6641, 6.06854, 7200, 0, 0, 0, 0, 0, 0, 0, 0, 0, 0, '', 25549), 
(801637, 36396, 654, 4714, 5720, '0', 0, 182, 0, -1, 0, 0, -2140.79, 2651.38, 4.99229, 3.83197, 7200, 0, 0, 0, 0, 0, 0, 0, 0, 0, 0, '', 25549);

-- 35374 overspawns

DELETE FROM `creature` WHERE `guid`=801395;
DELETE FROM `creature_addon` WHERE `guid`=801395;

-- 36231 36140 34511 overspawns

DELETE FROM `creature_addon` WHERE `guid` IN ( SELECT guid FROM `creature` WHERE `id`=36231);
INSERT INTO `creature_addon` (`guid`, `path_id`, `mount`, `bytes1`, `bytes2`, `emote`, `aiAnimKit`, `movementAnimKit`, `meleeAnimKit`, `auras`) 
VALUES 
(801356, 0, 0, 0, 1, 0, 0, 0, 0, ''),
(801389, 0, 0, 0, 1, 0, 0, 0, 0, ''),
(801400, 0, 0, 0, 1, 0, 0, 0, 0, ''),
(801401, 0, 0, 0, 1, 0, 0, 0, 0, ''),
(801403, 0, 0, 0, 1, 0, 0, 0, 0, ''),
(801404, 0, 0, 0, 1, 0, 0, 0, 0, ''),
(801425, 0, 0, 0, 1, 0, 0, 0, 0, ''),
(801609, 0, 0, 0, 1, 0, 0, 0, 0, ''),
(801610, 0, 0, 0, 1, 0, 0, 0, 0, '');

DELETE FROM `creature` WHERE `id`=36231;
INSERT INTO `creature` (`guid`, `id`, `map`, `zoneId`, `areaId`, `spawnDifficulties`, `phaseUseFlags`, `PhaseId`, `PhaseGroup`, `terrainSwapMap`, `modelid`, `equipment_id`, `position_x`, `position_y`, `position_z`, `orientation`, `spawntimesecs`, `spawndist`, `currentwaypoint`, `curhealth`, `curmana`, `MovementType`, `npcflag`, `unit_flags`, `unit_flags2`, `unit_flags3`, `dynamicflags`, `ScriptName`, `VerifiedBuild`) 
VALUES 
(801356, 36231, 654, 4714, 4714, '0', 0, 182, 0, -1, 0, 0, -2029.12, 2230.1, 31.1398, 0.684719, 7200, 0, 0, 0, 0, 0, 0, 0, 0, 0, 0, '', 25549),
(801389, 36231, 654, 4714, 4714, '0', 0, 182, 0, -1, 0, 0, -1957.7, 2390.49, 29.0095, 5.60251, 7200, 0, 0, 0, 0, 0, 0, 0, 0, 0, 0, '', 25549),
(801400, 36231, 654, 4714, 4714, '0', 0, 182, 0, -1, 0, 0, -2000.61, 2362.93, 25.1312, 5.70723, 7200, 0, 0, 0, 0, 0, 0, 0, 0, 0, 0, '', 25549),
(801401, 36231, 654, 4714, 4714, '0', 0, 182, 0, -1, 0, 0, -2014.85, 2386.75, 18.6097, 5.46288, 7200, 0, 0, 0, 0, 0, 0, 0, 0, 0, 0, '', 25549),
(801403, 36231, 654, 4714, 4714, '0', 0, 182, 0, -1, 0, 0, -2039.2, 2388.03, 16.5155, 5.46288, 7200, 0, 0, 0, 0, 0, 0, 0, 0, 0, 0, '', 25549),
(801404, 36231, 654, 4714, 4714, '0', 0, 182, 0, -1, 0, 0, -2027.01, 2305.54, 24.164, 0.296706, 7200, 0, 0, 0, 0, 0, 0, 0, 0, 0, 0, '', 25549),
(801425, 36231, 654, 4714, 4714, '0', 0, 182, 0, -1, 0, 0, -2029.42, 2267.01, 24.4055, 0.750492, 7200, 0, 0, 0, 0, 0, 0, 0, 0, 0, 0, '', 25549),
(801609, 36231, 654, 4714, 4714, '0', 0, 182, 0, -1, 0, 0, -1989.46, 2248.29, 33.0225, 1.47518, 7200, 0, 0, 0, 0, 0, 0, 0, 0, 0, 0, '', 25549),
(801610, 36231, 654, 4714, 4714, '0', 0, 182, 0, -1, 0, 0, -1890.18, 2380.2, 30.0542, 3.90869, 7200, 0, 0, 0, 0, 0, 0, 0, 0, 0, 0, '', 25549);

-- 36140 overspawn

DELETE FROM `creature_addon` WHERE `guid` IN (SELECT guid FROM `creature` WHERE `id`=36140);
INSERT INTO `creature_addon` (`guid`, `path_id`, `mount`, `bytes1`, `bytes2`, `emote`, `aiAnimKit`, `movementAnimKit`, `meleeAnimKit`, `auras`) 
VALUES 
(801588, 0, 0, 0, 1, 0, 0, 0, 0, '');

DELETE FROM `creature` WHERE `id`=36140;
INSERT INTO `creature` (`guid`, `id`, `map`, `zoneId`, `areaId`, `spawnDifficulties`, `phaseUseFlags`, `PhaseId`, `PhaseGroup`, `terrainSwapMap`, `modelid`, `equipment_id`, `position_x`, `position_y`, `position_z`, `orientation`, `spawntimesecs`, `spawndist`, `currentwaypoint`, `curhealth`, `curmana`, `MovementType`, `npcflag`, `unit_flags`, `unit_flags2`, `unit_flags3`, `dynamicflags`, `ScriptName`, `VerifiedBuild`) 
VALUES 
(801588, 36140, 654, 4714, 5720, '0', 0, 182, 0, -1, 0, 0, -1931.8, 2316.07, 37.3742, 2.07288, 7200, 0, 0, 0, 0, 0, 0, 0, 0, 0, 0, '', 25549);

-- 34511 overspawns

DELETE FROM `creature_addon` WHERE `guid` IN (SELECT guid FROM `creature` WHERE `id`=34511);
INSERT INTO `creature_addon` (`guid`, `path_id`, `mount`, `bytes1`, `bytes2`, `emote`, `aiAnimKit`, `movementAnimKit`, `meleeAnimKit`, `auras`) 
VALUES 
(801341, 0, 0, 0, 1, 0, 0, 0, 0, ''), 
(801342, 0, 0, 0, 1, 0, 0, 0, 0, ''), 
(801343, 0, 0, 0, 1, 0, 0, 0, 0, ''), 
(801344, 0, 0, 0, 1, 0, 0, 0, 0, ''), 
(801346, 0, 0, 0, 1, 0, 0, 0, 0, ''), 
(801347, 0, 0, 0, 1, 0, 0, 0, 0, ''), 
(801350, 0, 0, 0, 1, 0, 0, 0, 0, ''), 
(801352, 0, 0, 0, 1, 0, 0, 0, 0, ''), 
(801370, 0, 0, 0, 1, 0, 0, 0, 0, ''), 
(801373, 0, 0, 0, 1, 0, 0, 0, 0, ''), 
(801376, 0, 0, 0, 1, 0, 0, 0, 0, ''), 
(801377, 0, 0, 0, 1, 0, 0, 0, 0, ''), 
(801383, 0, 0, 0, 1, 0, 0, 0, 0, ''), 
(801385, 0, 0, 0, 1, 0, 0, 0, 0, ''), 
(801394, 0, 0, 0, 1, 0, 0, 0, 0, ''), 
(801398, 0, 0, 0, 1, 0, 0, 0, 0, ''), 
(801399, 0, 0, 0, 1, 0, 0, 0, 0, ''), 
(801402, 0, 0, 0, 1, 0, 0, 0, 0, ''), 
(801405, 0, 0, 0, 1, 0, 0, 0, 0, ''), 
(801406, 0, 0, 0, 1, 0, 0, 0, 0, ''), 
(801407, 0, 0, 0, 1, 0, 0, 0, 0, ''), 
(801408, 0, 0, 0, 1, 0, 0, 0, 0, ''), 
(801409, 0, 0, 0, 1, 0, 0, 0, 0, ''), 
(801410, 0, 0, 0, 1, 0, 0, 0, 0, ''), 
(801412, 0, 0, 0, 1, 0, 0, 0, 0, ''), 
(801413, 0, 0, 0, 1, 0, 0, 0, 0, ''), 
(801414, 0, 0, 0, 1, 0, 0, 0, 0, ''), 
(801416, 0, 0, 0, 1, 0, 0, 0, 0, ''), 
(801420, 0, 0, 0, 1, 0, 0, 0, 0, ''), 
(801421, 0, 0, 0, 1, 0, 0, 0, 0, ''), 
(801423, 0, 0, 0, 1, 0, 0, 0, 0, ''), 
(801424, 0, 0, 0, 1, 0, 0, 0, 0, ''), 
(801426, 0, 0, 0, 1, 0, 0, 0, 0, ''), 
(801427, 0, 0, 0, 1, 0, 0, 0, 0, ''), 
(801434, 0, 0, 0, 1, 0, 0, 0, 0, '');

DELETE FROM `creature` WHERE `id`=34511;
INSERT INTO `creature` (`guid`, `id`, `map`, `zoneId`, `areaId`, `spawnDifficulties`, `phaseUseFlags`, `PhaseId`, `PhaseGroup`, `terrainSwapMap`, `modelid`, `equipment_id`, `position_x`, `position_y`, `position_z`, `orientation`, `spawntimesecs`, `spawndist`, `currentwaypoint`, `curhealth`, `curmana`, `MovementType`, `npcflag`, `unit_flags`, `unit_flags2`, `unit_flags3`, `dynamicflags`, `ScriptName`, `VerifiedBuild`) 
VALUES 
(801341, 34511, 654, 4714, 4786, '0', 0, 182, 0, -1, 0, 0, -1935.46, 2315.03, 37.0889, 6.26009, 7200, 0, 0, 0, 0, 0, 0, 0, 0, 0, 0, '', 25549), 
(801342, 34511, 654, 4714, 4786, '0', 0, 182, 0, -1, 0, 0, -1934.95, 2313.1, 37.3736, 4.95703, 7200, 0, 0, 0, 0, 0, 0, 0, 0, 0, 0, '', 25549), 
(801343, 34511, 654, 4714, 4786, '0', 0, 182, 0, -1, 0, 0, -1939.05, 2311.54, 36.9123, 0.85436, 7200, 0, 0, 0, 0, 0, 0, 0, 0, 0, 0, '', 25549), 
(801344, 34511, 654, 4714, 4786, '0', 0, 182, 0, -1, 0, 0, -1939.74, 2312.38, 36.6198, 0.553967, 7200, 0, 0, 0, 0, 0, 0, 0, 0, 0, 0, '', 25549), 
(801346, 34511, 654, 4714, 4786, '0', 0, 182, 0, -1, 0, 0, -1918.38, 2329.58, 38.2169, 3.16223, 7200, 0, 0, 0, 0, 0, 0, 0, 0, 0, 0, '', 25549), 
(801347, 34511, 654, 4714, 4786, '0', 0, 182, 0, -1, 0, 0, -1935.33, 2317.71, 36.7521, 4.34529, 7200, 0, 0, 0, 0, 0, 0, 0, 0, 0, 0, '', 25549), 
(801350, 34511, 654, 4714, 4786, '0', 0, 182, 0, -1, 0, 0, -1932.21, 2318.54, 36.8287, 4.82199, 7200, 0, 0, 0, 0, 0, 0, 0, 0, 0, 0, '', 25549), 
(801352, 34511, 654, 4714, 4786, '0', 0, 182, 0, -1, 0, 0, -1940.11, 2313.11, 36.378, 2.12572, 7200, 0, 0, 0, 0, 0, 0, 0, 0, 0, 0, '', 25549), 
(801370, 34511, 654, 4714, 4786, '0', 0, 182, 0, -1, 0, 0, -1906.13, 2355.93, 31.2926, 4.06662, 7200, 0, 0, 0, 0, 0, 0, 0, 0, 0, 0, '', 25549), 
(801373, 34511, 654, 4714, 4786, '0', 0, 182, 0, -1, 0, 0, -1965.39, 2284.48, 35.486, 0.663225, 7200, 0, 0, 0, 0, 0, 0, 0, 0, 0, 0, '', 25549), 
(801376, 34511, 654, 4714, 4786, '0', 0, 182, 0, -1, 0, 0, -1990.75, 2263.14, 33.419, 0.715585, 7200, 0, 0, 0, 0, 0, 0, 0, 0, 0, 0, '', 25549), 
(801377, 34511, 654, 4714, 4786, '0', 0, 182, 0, -1, 0, 0, -1983.81, 2312.92, 30.4294, 5.95157, 7200, 0, 0, 0, 0, 0, 0, 0, 0, 0, 0, '', 25549), 
(801383, 34511, 654, 4714, 4786, '0', 0, 182, 0, -1, 0, 0, -1981.4, 2375.04, 26.7233, 5.3058, 7200, 0, 0, 0, 0, 0, 0, 0, 0, 0, 0, '', 25549), 
(801385, 34511, 654, 4714, 4786, '0', 0, 182, 0, -1, 0, 0, -2031.74, 2323, 23.6916, 5.44543, 7200, 0, 0, 0, 0, 0, 0, 0, 0, 0, 0, '', 25549), 
(801394, 34511, 654, 4714, 4714, '0', 0, 182, 0, -1, 0, 0, -2044.75, 2279.86, 22.785, 0.663225, 7200, 0, 0, 0, 0, 0, 0, 0, 0, 0, 0, '', 25549), 
(801398, 34511, 654, 4714, 4714, '0', 0, 182, 0, -1, 0, 0, -2042.78, 2414.49, 13.3333, 0.081234, 7200, 0, 0, 0, 0, 0, 0, 0, 0, 0, 0, '', 25549), 
(801399, 34511, 654, 4714, 4714, '0', 0, 182, 0, -1, 0, 0, -2062.83, 2343.69, 14.6314, 5.85727, 7200, 0, 0, 0, 0, 0, 0, 0, 0, 0, 0, '', 25549), 
(801402, 34511, 654, 4714, 4714, '0', 0, 182, 0, -1, 0, 0, -2060.9, 2283.92, 21.8544, 6.26573, 7200, 10, 0, 0, 0, 1, 0, 0, 0, 0, 0, '', 25549), 
(801405, 34511, 654, 4714, 4714, '0', 0, 182, 0, -1, 0, 0, -2046.91, 2367.21, 15.4902, 5.81954, 7200, 10, 0, 0, 0, 1, 0, 0, 0, 0, 0, '', 25549), 
(801406, 34511, 654, 4714, 4714, '0', 0, 182, 0, -1, 0, 0, -2019.91, 2404.23, 15.9075, 5.74093, 7200, 0, 0, 0, 0, 0, 0, 0, 0, 0, 0, '', 25549), 
(801407, 34511, 654, 4714, 4714, '0', 0, 182, 0, -1, 0, 0, -1959.22, 2360.82, 30.1363, 5.16617, 7200, 0, 0, 0, 0, 0, 0, 0, 0, 0, 0, '', 25549), 
(801408, 34511, 654, 4714, 4714, '0', 0, 182, 0, -1, 0, 0, -2010.82, 2346.56, 25.004, 5.72468, 7200, 0, 0, 0, 0, 0, 0, 0, 0, 0, 0, '', 25549), 
(801409, 34511, 654, 4714, 4714, '0', 0, 182, 0, -1, 0, 0, -2013.3, 2412.64, 18.2761, 5.56344, 7200, 0, 0, 0, 0, 0, 0, 0, 0, 0, 0, '', 25549), 
(801410, 34511, 654, 4714, 4714, '0', 0, 182, 0, -1, 0, 0, -1996, 2312.32, 28.6176, 0.685105, 7200, 0, 0, 0, 0, 0, 0, 0, 0, 0, 0, '', 25549), 
(801412, 34511, 654, 4714, 4714, '0', 0, 182, 0, -1, 0, 0, -2020.36, 2374.53, 20.4659, 5.49779, 7200, 0, 0, 0, 0, 0, 0, 0, 0, 0, 0, '', 25549), 
(801413, 34511, 654, 4714, 4714, '0', 0, 182, 0, -1, 0, 0, -2002.84, 2396.68, 19.5755, 5.91047, 7200, 10, 0, 0, 0, 1, 0, 0, 0, 0, 0, '', 25549), 
(801414, 34511, 654, 4714, 4714, '0', 0, 182, 0, -1, 0, 0, -2020.98, 2290.32, 23.9563, 0.52393, 7200, 0, 0, 0, 0, 0, 0, 0, 0, 0, 0, '', 25549), 
(801416, 34511, 654, 4714, 4714, '0', 0, 182, 0, -1, 0, 0, -2026.24, 2363.87, 18.948, 0, 7200, 0, 0, 0, 0, 0, 0, 0, 0, 0, 0, '', 25549), 
(801420, 34511, 654, 4714, 4714, '0', 0, 182, 0, -1, 0, 0, -2030.1, 2328.84, 23.7135, 5.85712, 7200, 10, 0, 0, 0, 1, 0, 0, 0, 0, 0, '', 25549), 
(801421, 34511, 654, 4714, 4714, '0', 0, 182, 0, -1, 0, 0, -2028.49, 2314.7, 24.2785, 5.95896, 7200, 10, 0, 0, 0, 1, 0, 0, 0, 0, 0, '', 25549), 
(801423, 34511, 654, 4714, 4714, '0', 0, 182, 0, -1, 0, 0, -2035.52, 2342.08, 22.7408, 5.47569, 7200, 0, 0, 0, 0, 0, 0, 0, 0, 0, 0, '', 25549), 
(801424, 34511, 654, 4714, 4714, '0', 0, 182, 0, -1, 0, 0, -2001.53, 2276.88, 31.169, 0.856574, 7200, 0, 0, 0, 0, 0, 0, 0, 0, 0, 0, '', 25549), 
(801426, 34511, 654, 4714, 4714, '0', 0, 182, 0, -1, 0, 0, -2016.05, 2340.73, 24.8779, 5.6819, 7200, 0, 0, 0, 0, 0, 0, 0, 0, 0, 0, '', 25549), 
(801427, 34511, 654, 4714, 4714, '0', 0, 182, 0, -1, 0, 0, -1917.31, 2405.52, 29.895, 4.57276, 7200, 0, 0, 0, 0, 0, 0, 0, 0, 0, 0, '', 25549), 
(801434, 34511, 654, 4714, 4786, '0', 0, 182, 0, -1, 0, 0, -1954.84, 2319.41, 34.4105, 5.67775, 7200, 0, 0, 0, 0, 0, 0, 0, 0, 0, 0, '', 25549);

-- 36488 overspawns

DELETE FROM `creature_addon` WHERE `guid` IN (SELECT guid FROM `creature` WHERE `id`=36488);
INSERT INTO `creature_addon` (`guid`, `path_id`, `mount`, `bytes1`, `bytes2`, `emote`, `aiAnimKit`, `movementAnimKit`, `meleeAnimKit`, `auras`) 
VALUES 
(801922, 0, 0, 0, 1, 0, 0, 0, 0, ''), 
(801924, 0, 0, 0, 1, 0, 0, 0, 0, ''), 
(801926, 0, 0, 0, 1, 0, 0, 0, 0, ''), 
(801927, 0, 0, 0, 1, 0, 0, 0, 0, ''), 
(801928, 0, 0, 0, 1, 0, 0, 0, 0, ''), 
(801929, 0, 0, 0, 1, 0, 0, 0, 0, ''), 
(801916, 0, 0, 0, 1, 0, 0, 0, 0, ''), 
(801917, 0, 0, 0, 1, 0, 0, 0, 0, ''), 
(801919, 0, 0, 0, 1, 0, 0, 0, 0, ''), 
(801921, 0, 0, 0, 1, 0, 0, 0, 0, ''), 
(801915, 0, 0, 0, 1, 0, 0, 0, 0, ''), 
(801907, 0, 0, 0, 1, 0, 0, 0, 0, ''), 
(801938, 0, 0, 0, 1, 0, 0, 0, 0, ''), 
(801909, 0, 0, 0, 1, 0, 0, 0, 0, ''), 
(801911, 0, 0, 0, 1, 0, 0, 0, 0, ''), 
(801912, 0, 0, 0, 1, 0, 0, 0, 0, ''), 
(801942, 0, 0, 0, 1, 0, 0, 0, 0, ''), 
(801945, 0, 0, 0, 1, 0, 0, 0, 0, '');

DELETE FROM `creature` WHERE `id`=36488;
INSERT INTO `creature` (`guid`, `id`, `map`, `zoneId`, `areaId`, `spawnDifficulties`, `phaseUseFlags`, `PhaseId`, `PhaseGroup`, `terrainSwapMap`, `modelid`, `equipment_id`, `position_x`, `position_y`, `position_z`, `orientation`, `spawntimesecs`, `spawndist`, `currentwaypoint`, `curhealth`, `curmana`, `MovementType`, `npcflag`, `unit_flags`, `unit_flags2`, `unit_flags3`, `dynamicflags`, `ScriptName`, `VerifiedBuild`) 
VALUES 
(801922, 36488, 654, 4714, 4808, '0', 0, 183, 0, -1, 0, 0, -2351.7, 2303.55, 8.47411, 5.4314, 7200, 0, 0, 0, 0, 0, 0, 0, 0, 0, 0, '', 25549), 
(801924, 36488, 654, 4714, 4808, '0', 0, 183, 0, -1, 0, 0, -2336.22, 2260.19, 0.412189, 1.309, 7200, 0, 0, 0, 0, 0, 0, 0, 0, 0, 0, '', 25549), 
(801926, 36488, 654, 4714, 4808, '0', 0, 183, 0, -1, 0, 0, -2324.17, 2246.65, 8.90744, 1.44862, 7200, 0, 0, 0, 0, 0, 0, 0, 0, 0, 0, '', 25549), 
(801927, 36488, 654, 4714, 4808, '0', 0, 183, 0, -1, 0, 0, -2318.12, 2253.83, 4.03507, 1.65806, 7200, 0, 0, 0, 0, 0, 0, 0, 0, 0, 0, '', 25549), 
(801928, 36488, 654, 4714, 4808, '0', 0, 183, 0, -1, 0, 0, -2367.13, 2297.41, 2.48071, 6.02139, 7200, 0, 0, 0, 0, 0, 0, 0, 0, 0, 0, '', 25549), 
(801929, 36488, 654, 4714, 4808, '0', 0, 183, 0, -1, 0, 0, -2375.96, 2284.38, 8.67486, 0.296706, 7200, 0, 0, 0, 0, 0, 0, 0, 0, 0, 0, '', 25549), 
(801916, 36488, 654, 4714, 4808, '0', 0, 183, 0, -1, 0, 0, -2309.84, 2279.13, 0.412626, 6.17889, 7200, 0, 0, 0, 0, 0, 0, 0, 0, 0, 0, '', 25549), 
(801917, 36488, 654, 4714, 4808, '0', 0, 183, 0, -1, 0, 0, -2304.24, 2270.52, 0.108939, 5.9507, 7200, 0, 0, 0, 0, 0, 0, 0, 0, 0, 0, '', 25549), 
(801919, 36488, 654, 4714, 4808, '0', 0, 183, 0, -1, 0, 0, -2341.83, 2307.64, 0.51961, 5.63741, 7200, 0, 0, 0, 0, 0, 0, 0, 0, 0, 0, '', 25549), 
(801921, 36488, 654, 4714, 4808, '0', 0, 183, 0, -1, 0, 0, -2350.44, 2277.98, 0.408028, 0.593412, 7200, 0, 0, 0, 0, 0, 0, 0, 0, 0, 0, '', 25549), 
(801915, 36488, 654, 4714, 4808, '0', 0, 183, 0, -1, 0, 0, -2303.49, 2271.79, 0.0961541, 5.54674, 7200, 0, 0, 0, 0, 0, 0, 0, 0, 0, 0, '', 25549), 
(801907, 36488, 654, 4714, 4808, '0', 0, 183, 0, -1, 0, 0, -2317.77, 2320.37, 2.61017, 4.86947, 7200, 0, 0, 0, 0, 0, 0, 0, 0, 0, 0, '', 25549), 
(801938, 36488, 654, 4714, 4808, '0', 0, 183, 0, -1, 0, 0, -2325.95, 2333.44, 8.00461, 4.54233, 7200, 0, 0, 0, 0, 0, 0, 0, 0, 0, 0, '', 25549), 
(801909, 36488, 654, 4714, 4808, '0', 0, 183, 0, -1, 0, 0, -2308.17, 2288.2, 0.257101, 5.63615, 7200, 0, 0, 0, 0, 0, 0, 0, 0, 0, 0, '', 25549), 
(801911, 36488, 654, 4714, 4808, '0', 0, 183, 0, -1, 0, 0, -2306.66, 2289.37, 0.201157, 5.10943, 7200, 0, 0, 0, 0, 0, 0, 0, 0, 0, 0, '', 25549), 
(801912, 36488, 654, 4714, 4808, '0', 0, 183, 0, -1, 0, 0, -2308.91, 2285.9, 0.332749, 0.0242409, 7200, 0, 0, 0, 0, 0, 0, 0, 0, 0, 0, '', 25549), 
(801942, 36488, 654, 4714, 4808, '0', 0, 183, 0, -1, 0, 0, -2343.31, 2312.71, 8.62602, 5.8294, 7200, 0, 0, 0, 0, 0, 0, 0, 0, 0, 0, '', 25549), 
(801945, 36488, 654, 4714, 4808, '0', 0, 183, 0, -1, 0, 0, -2358.65, 2251.28, 10.9757, 0.715585, 7200, 0, 0, 0, 0, 0, 0, 0, 0, 0, 0, '', 25549);

