UPDATE `gameobject_template_addon` SET `flags`=0 WHERE `entry`=241949; -- Lamp
UPDATE `gameobject_template_addon` SET `flags`=0 WHERE `entry`=241948; -- Lamp
UPDATE `gameobject_template_addon` SET `flags`=0 WHERE `entry`=241969; -- Lamp
UPDATE `gameobject_template_addon` SET `flags`=0 WHERE `entry`=241971; -- Lamp
UPDATE `gameobject_template_addon` SET `flags`=0 WHERE `entry`=241970; -- Lamp
UPDATE `gameobject_template_addon` SET `flags`=32 WHERE `entry`=206294; -- Hero's Call Board
UPDATE `creature_template` SET `femaleName`='Crimson Pilgrim' WHERE  `entry`=112079;
UPDATE `creature_template` SET `npcflag`=17179869184, `unit_flags3`=32 WHERE `entry`=97514; -- Danric the Bold
UPDATE `creature_template` SET `npcflag`=17179869184, `unit_flags3`=32 WHERE `entry`=97533; -- Felcaster Virim
UPDATE `creature_template` SET `minlevel`=98 WHERE `entry`=112543; -- Khronus Lightwarden
UPDATE `creature_template` SET `npcflag`=17180655617, `unit_flags3`=32 WHERE `entry`=96811; -- Andrew Matthews
UPDATE `creature_template` SET `npcflag`=17179869185, `unit_flags3`=32 WHERE `entry`=96810; -- Archivist Betha
UPDATE `creature_template` SET `minlevel`=105 WHERE `entry`=106263; -- Earthen Ring Shaman
UPDATE `gameobject_questitem` SET `VerifiedBuild`=25549 WHERE (`GameObjectEntry`=203801 AND `Idx`=0); -- Sack of Confectioner's Sugar
UPDATE `gameobject_questitem` SET `VerifiedBuild`=25549 WHERE (`GameObjectEntry`=203800 AND `Idx`=0); -- Barrel of Canal Fish
UPDATE `gameobject_questitem` SET `VerifiedBuild`=25549 WHERE (`GameObjectEntry`=203762 AND `Idx`=0); -- Juicy Apple
UPDATE `gameobject_questitem` SET `VerifiedBuild`=25549 WHERE (`GameObjectEntry`=105175 AND `Idx`=0); -- Cantation of Manifestation
UPDATE `gameobject_questitem` SET `VerifiedBuild`=25549 WHERE (`GameObjectEntry`=105174 AND `Idx`=0); -- Chest of Containment Coffers
UPDATE gameobject_loot_template SET MinCount = 1 WHERE MinCount = 0;
UPDATE gameobject_loot_template SET MaxCount = 1 WHERE MaxCount = 0;

DELETE FROM reference_loot_template WHERE entry IN (190663, 193597);
INSERT INTO reference_loot_template (entry, item, Chance, lootmode, groupid, mincount, maxcount) VALUES
(190663, 37107, 0, 1, 1, 1, 1),
(190663, 37108, 0, 1, 1, 1, 1),
(190663, 37112, 0, 1, 1, 1, 1),
(190663, 37113, 0, 1, 1, 1, 1),
(190663, 37109, 0, 1, 1, 1, 1),
(190663, 37110, 0, 1, 1, 1, 1),
(190663, 37111, 0, 1, 1, 1, 1),
(190663, 37114, 0, 1, 1, 1, 1),
(193597, 37689, 0, 1, 1, 1, 1),
(193597, 37690, 0, 1, 1, 1, 1),
(193597, 37691, 0, 1, 1, 1, 1),
(193597, 37692, 0, 1, 1, 1, 1),
(193597, 37693, 0, 1, 1, 1, 1),
(193597, 37694, 0, 1, 1, 1, 1),
(193597, 37695, 0, 1, 1, 1, 1),
(193597, 37696, 0, 1, 1, 1, 1),
(193597, 43085, 0, 1, 1, 1, 1);

DELETE FROM gameobject_loot_template WHERE entry IN (190663, 193597);
INSERT INTO gameobject_loot_template (entry, item, Chance, lootmode, groupid, mincount, maxcount) VALUES
(190663, 1, 100, 1, 1, 1, 2),
(193597, 1, 100, 1, 1, 1, 2);

DELETE FROM quest_offer_reward WHERE `ID`=40792;
INSERT INTO quest_offer_reward (`ID`, `Emote1`, `Emote2`, `Emote3`, `Emote4`, `EmoteDelay1`, `EmoteDelay2`, `EmoteDelay3`, `EmoteDelay4`, `RewardText`, `VerifiedBuild`) VALUES
(40792, 0, 0, 0, 0, 0, 0, 0, 0, 'Ah, , has vuelto. Hay un aire de otro mundo que te rodea con intensidad.', 21463); -- 40792

DELETE FROM `npc_vendor` WHERE (`entry`=32639 AND `item`=4565 AND `ExtendedCost`=0 AND `type`=1) OR (`entry`=32639 AND `item`=79249 AND `ExtendedCost`=0 AND `type`=1) OR (`entry`=32639 AND `item`=63388 AND `ExtendedCost`=0 AND `type`=1) OR (`entry`=32639 AND `item`=64670 AND `ExtendedCost`=0 AND `type`=1) OR (`entry`=32639 AND `item`=39505 AND `ExtendedCost`=0 AND `type`=1) OR (`entry`=32639 AND `item`=20815 AND `ExtendedCost`=0 AND `type`=1) OR (`entry`=32639 AND `item`=39354 AND `ExtendedCost`=0 AND `type`=1) OR (`entry`=32639 AND `item`=6532 AND `ExtendedCost`=0 AND `type`=1) OR (`entry`=32639 AND `item`=3371 AND `ExtendedCost`=0 AND `type`=1) OR (`entry`=32639 AND `item`=38426 AND `ExtendedCost`=0 AND `type`=1) OR (`entry`=32639 AND `item`=14341 AND `ExtendedCost`=0 AND `type`=1) OR (`entry`=32638 AND `item`=44737 AND `ExtendedCost`=0 AND `type`=1) OR (`entry`=32638 AND `item`=4470 AND `ExtendedCost`=0 AND `type`=1) OR (`entry`=32638 AND `item`=60335 AND `ExtendedCost`=0 AND `type`=1) OR (`entry`=32638 AND `item`=33449 AND `ExtendedCost`=0 AND `type`=1) OR (`entry`=32638 AND `item`=159 AND `ExtendedCost`=0 AND `type`=1) OR (`entry`=32638 AND `item`=35953 AND `ExtendedCost`=0 AND `type`=1) OR (`entry`=32638 AND `item`=35947 AND `ExtendedCost`=0 AND `type`=1) OR (`entry`=32638 AND `item`=35948 AND `ExtendedCost`=0 AND `type`=1) OR (`entry`=32638 AND `item`=35951 AND `ExtendedCost`=0 AND `type`=1) OR (`entry`=32638 AND `item`=35952 AND `ExtendedCost`=0 AND `type`=1) OR (`entry`=32638 AND `item`=35950 AND `ExtendedCost`=0 AND `type`=1) OR (`entry`=32638 AND `item`=33454 AND `ExtendedCost`=0 AND `type`=1) OR (`entry`=32638 AND `item`=33452 AND `ExtendedCost`=0 AND `type`=1) OR (`entry`=32638 AND `item`=35949 AND `ExtendedCost`=0 AND `type`=1) OR (`entry`=32638 AND `item`=33451 AND `ExtendedCost`=0 AND `type`=1) OR (`entry`=32638 AND `item`=33443 AND `ExtendedCost`=0 AND `type`=1) OR (`entry`=32638 AND `item`=33445 AND `ExtendedCost`=0 AND `type`=1) OR (`entry`=32638 AND `item`=33444 AND `ExtendedCost`=0 AND `type`=1) OR (`entry`=32638 AND `item`=35954 AND `ExtendedCost`=0 AND `type`=1) OR (`entry`=32638 AND `item`=40042 AND `ExtendedCost`=0 AND `type`=1) OR (`entry`=32638 AND `item`=40036 AND `ExtendedCost`=0 AND `type`=1) OR (`entry`=32638 AND `item`=40035 AND `ExtendedCost`=0 AND `type`=1);
INSERT INTO `npc_vendor` (`entry`, `slot`, `item`, `maxcount`, `ExtendedCost`, `type`, `PlayerConditionID`, `IgnoreFiltering`, `VerifiedBuild`) VALUES
(32639, 11, 4565, 0, 0, 1, 0, 0, 21463), -- 4565
(32639, 10, 79249, 0, 0, 1, 0, 0, 21463), -- 79249
(32639, 9, 63388, 0, 0, 1, 0, 0, 21463), -- 63388
(32639, 8, 64670, 0, 0, 1, 0, 0, 21463), -- 64670
(32639, 7, 39505, 0, 0, 1, 0, 0, 21463), -- 39505
(32639, 6, 20815, 0, 0, 1, 0, 0, 21463), -- 20815
(32639, 5, 39354, 0, 0, 1, 0, 0, 21463), -- 39354
(32639, 4, 6532, 0, 0, 1, 0, 0, 21463), -- 6532
(32639, 3, 3371, 0, 0, 1, 0, 0, 21463), -- 3371
(32639, 2, 38426, 0, 0, 1, 0, 0, 21463), -- 38426
(32639, 1, 14341, 0, 0, 1, 0, 0, 21463), -- 14341
(32638, 23, 44737, 0, 0, 1, 0, 0, 21463), -- 44737
(32638, 22, 4470, 0, 0, 1, 0, 0, 21463), -- 4470
(32638, 21, 60335, 0, 0, 1, 0, 0, 21463), -- 60335
(32638, 20, 33449, 0, 0, 1, 0, 0, 21463), -- 33449
(32638, 19, 159, 0, 0, 1, 0, 0, 21463), -- 159
(32638, 18, 35953, 0, 0, 1, 0, 0, 21463), -- 35953
(32638, 17, 35947, 0, 0, 1, 0, 0, 21463), -- 35947
(32638, 16, 35948, 0, 0, 1, 0, 0, 21463), -- 35948
(32638, 15, 35951, 0, 0, 1, 0, 0, 21463), -- 35951
(32638, 14, 35952, 0, 0, 1, 0, 0, 21463), -- 35952
(32638, 13, 35950, 0, 0, 1, 0, 0, 21463), -- 35950
(32638, 12, 33454, 0, 0, 1, 0, 0, 21463), -- 33454
(32638, 11, 33452, 0, 0, 1, 0, 0, 21463), -- 33452
(32638, 10, 35949, 0, 0, 1, 0, 0, 21463), -- 35949
(32638, 9, 33451, 0, 0, 1, 0, 0, 21463), -- 33451
(32638, 8, 33443, 0, 0, 1, 0, 0, 21463), -- 33443
(32638, 6, 33445, 0, 0, 1, 0, 0, 21463), -- 33445
(32638, 5, 33444, 0, 0, 1, 0, 0, 21463), -- 33444
(32638, 4, 35954, 0, 0, 1, 0, 0, 21463), -- 35954
(32638, 3, 40042, 0, 0, 1, 0, 0, 21463), -- 40042
(32638, 2, 40036, 0, 0, 1, 0, 0, 21463), -- 40036
(32638, 1, 40035, 0, 0, 1, 0, 0, 21463); -- 40035

UPDATE `creature_template` SET `npcflag`=211 WHERE `entry` = 4941;
UPDATE `creature_template` SET `npcflag`=4305 WHERE `entry` = 45286;
UPDATE `creature_template` SET `npcflag`=209 WHERE `entry` = 55143;
UPDATE `creature_template` SET `npcflag`=81 WHERE `entry` IN (72407, 93519, 95634, 95907, 98872, 99078, 99098, 102961, 107898, 113926);
UPDATE `creature_template` SET `npcflag`=49 WHERE `entry` = 35807;

-- Add missing npcflag for vendors
UPDATE `creature_template` SET `npcflag`=131 WHERE `entry` IN  (4217, 4730);
UPDATE `creature_template` SET `npcflag`=129 WHERE `entry` IN  (87049, 87052, 87057, 87062, 87065);
UPDATE `creature_template` SET `npcflag`=130 WHERE `entry` = 92185;
UPDATE `creature_template` SET `npcflag`=147 WHERE `entry` = 93527;

DELETE FROM `areatrigger_template` WHERE `Id` IN (730684, 724178, 732617);
INSERT INTO `areatrigger_template` (`Id`, `Type`, `Flags`, `Data0`, `Data1`, `Data2`, `Data3`, `Data4`, `Data5`, `VerifiedBuild`) VALUES
(730684, 0, 4, 11, 11, 0, 0, 0, 0, 23420),
(724178, 0, 0, 1, 1, 0, 0, 0, 0, 23420),
(732617, 0, 0, 1, 1, 0, 0, 0, 0, 23420);


DELETE FROM `creature_template_scaling` WHERE `Entry` IN (100438, 100440, 103171, 101316, 100356, 99181, 100475, 102820, 97778, 98496);
INSERT INTO `creature_template_scaling` (`Entry`, `LevelScalingMin`, `LevelScalingMax`, `LevelScalingDeltaMin`, `LevelScalingDeltaMax`, `VerifiedBuild`) VALUES
(100438, 98, 110, 0, 0, 23420),
(100440, 98, 110, 0, 0, 23420),
(103171, 98, 110, 0, 0, 23420),
(101316, 98, 110, 0, 0, 23420),
(100356, 98, 110, 0, 0, 23420),
(99181, 98, 110, 0, 0, 23420),
(100475, 98, 110, 0, 0, 23420),
(102820, 98, 110, 0, 0, 23420),
(97778, 98, 110, 0, 0, 23420),
(98496, 98, 110, 0, 0, 23420);

DELETE FROM `gossip_menu` WHERE (`MenuId`=19948 AND `TextId`=29654) OR (`MenuId`=68 AND `TextId`=16777215) OR (`MenuId`=19317 AND `TextId`=16777215);
INSERT INTO `gossip_menu` (`MenuId`, `TextId`, `VerifiedBuild`) VALUES
(19948, 29654, 23420), -- 100438
(68, 16777215, 23420), -- 99181
(19317, 16777215, 23420); -- 99141

UPDATE `gossip_menu_option` SET `VerifiedBuild`='23420' WHERE  `MenuId`=19948 AND `OptionIndex`=0;

DELETE FROM `spell_areatrigger` WHERE (`AreaTriggerId`=720896) OR (`AreaTriggerId`=732316) OR (`AreaTriggerId`=732765) OR (`AreaTriggerId`=731456) OR (`AreaTriggerId`=733274) OR (`AreaTriggerId`=727093) OR (`AreaTriggerId`=730344) OR (`AreaTriggerId`=731413) OR (`AreaTriggerId`=730293) OR (`AreaTriggerId`=732409);
REPLACE INTO `spell_areatrigger` (`SpellMiscId`, `AreaTriggerId`, `MoveCurveId`, `ScaleCurveId`, `MorphCurveId`, `FacingCurveId`, `DecalPropertiesId`, `TimeToTarget`, `TimeToTargetScale`, `VerifiedBuild`) VALUES
(193236, 720896, 0, 0, 0, 0, 0, 0, 4294967295, 26365), -- SpellId : 219222
(170796, 732316, 0, 0, 0, 0, 0, 0, 8000, 26365), -- SpellId : 196770
(0, 732765, 0, 0, 0, 0, 0, 0, 0, 26365), -- SpellId : 230829
(176725, 731456, 0, 0, 0, 0, 0, 0, 8000, 26365), -- SpellId : 202703
(195820, 733274, 0, 0, 0, 0, 0, 0, 10000, 26365), -- SpellId : 221803
(198436, 727093, 0, 0, 0, 0, 70, 0, 1000, 26365), -- SpellId : 224399
(164793, 730344, 0, 0, 0, 0, 0, 1500, 1500, 26365), -- SpellId : 190778
(176298, 731413, 0, 0, 0, 0, 0, 0, 8000, 26365), -- SpellId : 202277
(164352, 730293, 0, 0, 0, 0, 0, 0, 8000, 26365), -- SpellId : 190356
(186822, 732409, 0, 0, 0, 0, 0, 0, 10000, 26365); -- SpellId : 212799

UPDATE `quest_offer_reward` SET VerifiedBuild = 25549 WHERE `ID` IN (26385 /*26385*/, 28517 /*28517*/, 26706 /*26706*/, 24681 /*24681*/, 24680 /*24680*/, 24679 /*24679*/, 24602 /*24602*/, 24678 /*24678*/, 24902 /*24902*/, 24575 /*24575*/, 24592 /*24592*/, 24627 /*24627*/, 24617 /*24617*/, 24616 /*24616*/, 24578 /*24578*/, 24501 /*24501*/, 24472 /*24472*/, 24438 /*24438*/, 14467 /*14467*/, 14466 /*14466*/, 14465 /*14465*/, 14404 /*14404*/, 14403 /*14403*/, 14400 /*14400*/, 14399 /*14399*/, 14416 /*14416*/, 14382 /*14382*/, 14369 /*14369*/, 14367 /*14367*/, 14366 /*14366*/, 14348 /*14348*/, 14347 /*14347*/, 14336 /*14336*/, 14321 /*14321*/, 14313 /*14313*/, 14221 /*14221*/, 14212 /*14212*/, 14293 /*14293*/, 14204 /*14204*/, 14154 /*14154*/, 28850 /*28850*/, 14157 /*14157*/, 14287 /*14287*/, 14273 /*14273*/, 14094 /*14094*/, 14093 /*14093*/, 14078 /*14078*/, 14434 /*14434*/, 24920 /*24920*/, 24903 /*24903*/, 24904 /*24904*/, 24676 /*24676*/, 24674 /*24674*/, 24675 /*24675*/, 24677 /*24677*/, 24672 /*24672*/, 24673 /*24673*/, 24593 /*24593*/, 24646 /*24646*/, 24628 /*24628*/, 24495 /*24495*/, 24484 /*24484*/, 24483 /*24483*/, 24468 /*24468*/, 14405 /*14405*/, 14412 /*14412*/, 14401 /*14401*/, 14398 /*14398*/, 14406 /*14406*/, 14397 /*14397*/, 14395 /*14395*/, 14396 /*14396*/, 14386 /*14386*/, 14368 /*14368*/, 14320 /*14320*/, 14375 /*14375*/, 14222 /*14222*/, 14218 /*14218*/, 14294 /*14294*/, 14214 /*14214*/, 14159 /*14159*/, 24930 /*24930*/, 26129 /*26129*/, 14099 /*14099*/, 14098 /*14098*/, 14091 /*14091*/);

DELETE FROM `trainer` WHERE `Id` IN (46, 388, 136, 102, 103, 59, 390, 10, 877, 387);
INSERT INTO `trainer` (`Id`, `Type`, `Greeting`, `VerifiedBuild`) VALUES
(46, 0, 'Hello!  Can I teach you something?', 27602),
(388, 2, 'Searching for herbs requires both knowledge and instinct.', 27602),
(136, 2, 'Can I teach you how to turn the meat you find on beasts into a feast?', 27602),
(102, 2, 'Engineering is very simple once you grasp the basics.', 27602),
(103, 2, 'Greetings!  Can I teach you how to turn beast hides into armor?', 27602),
(59, 2, 'With alchemy you can turn found herbs into healing and other types of potions.', 27602),
(390, 2, 'It requires a steady hand to remove the leather from a slain beast.', 27602),
(10, 2, 'I can teach you how to use a fishing pole to catch fish.', 27602),
(877, 2, 'Here, let me show you how to bind those wounds....', 27602),
(387, 2, 'Would you like to learn the intricacies of inscription?', 27602);

DELETE FROM quest_offer_reward WHERE `ID` IN (36271 /*36271*/, 38175 /*38175*/);
INSERT INTO quest_offer_reward (`ID`, `Emote1`, `Emote2`, `Emote3`, `Emote4`, `EmoteDelay1`, `EmoteDelay2`, `EmoteDelay3`, `EmoteDelay4`, `RewardText`, `VerifiedBuild`) VALUES
(36271, 1, 0, 0, 0, 0, 0, 0, 0, '¡Buen trabajo, Comandante! Tendremos tu cuero o piel listos en un periquete.$B$BAhora que sabes cómo usar la trampa, la tendrás a tu disposición en cualquier momento. No podemos tener muchas bestias a la vez en la cuadra, ¡así que asegúrate de tener espacio antes de liarte a poner trampas!', 21355), -- 36271
(38175, 1, 1, 5, 0, 0, 0, 0, 0, 'Buenas, Comandante. Hemos tenido que poner las forjas a enfriar, pero mañana deberían estar listas para procesar más restos.', 21355); -- 38175


DELETE FROM quest_details WHERE `ID` IN (36272 /*36272*/, 38175 /*38175*/);
INSERT INTO quest_details (`ID`, `Emote1`, `Emote2`, `Emote3`, `Emote4`, `EmoteDelay1`, `EmoteDelay2`, `EmoteDelay3`, `EmoteDelay4`, `VerifiedBuild`) VALUES
(36272, 397, 0, 0, 0, 0, 0, 0, 0, 21355), -- 36272
(38175, 1, 5, 0, 0, 0, 0, 0, 0, 21355); -- 38175

DELETE FROM quest_request_items WHERE `ID`=38175;
INSERT INTO quest_request_items (`ID`, `EmoteOnComplete`, `EmoteOnIncomplete`, `CompletionText`, `VerifiedBuild`) VALUES
(38175, 0, 0, '¿Tienes los restos que te he pedido?', 21355); -- 38175


DELETE FROM `npc_vendor` WHERE (`entry`=78564 AND `item`=120349 AND `ExtendedCost`=5488 AND `type`=1) OR (`entry`=78564 AND `item`=120348 AND `ExtendedCost`=5488 AND `type`=1) OR (`entry`=78564 AND `item`=120347 AND `ExtendedCost`=5488 AND `type`=1) OR (`entry`=78564 AND `item`=120182 AND `ExtendedCost`=5462 AND `type`=1) OR (`entry`=78564 AND `item`=122406 AND `ExtendedCost`=5809 AND `type`=1) OR (`entry`=78564 AND `item`=122399 AND `ExtendedCost`=5809 AND `type`=1) OR (`entry`=78564 AND `item`=122401 AND `ExtendedCost`=5809 AND `type`=1) OR (`entry`=78564 AND `item`=122404 AND `ExtendedCost`=5809 AND `type`=1) OR (`entry`=78564 AND `item`=122407 AND `ExtendedCost`=5809 AND `type`=1) OR (`entry`=78564 AND `item`=122409 AND `ExtendedCost`=5809 AND `type`=1) OR (`entry`=78564 AND `item`=122410 AND `ExtendedCost`=5809 AND `type`=1) OR (`entry`=78564 AND `item`=122414 AND `ExtendedCost`=5809 AND `type`=1) OR (`entry`=78564 AND `item`=122415 AND `ExtendedCost`=5809 AND `type`=1) OR (`entry`=78564 AND `item`=122417 AND `ExtendedCost`=5809 AND `type`=1) OR (`entry`=78564 AND `item`=122422 AND `ExtendedCost`=5809 AND `type`=1) OR (`entry`=78564 AND `item`=122423 AND `ExtendedCost`=5809 AND `type`=1) OR (`entry`=78564 AND `item`=133883 AND `ExtendedCost`=5809 AND `type`=1) OR (`entry`=78564 AND `item`=133878 AND `ExtendedCost`=5809 AND `type`=1) OR (`entry`=78564 AND `item`=122500 AND `ExtendedCost`=5805 AND `type`=1) OR (`entry`=78564 AND `item`=122490 AND `ExtendedCost`=5805 AND `type`=1) OR (`entry`=78564 AND `item`=122487 AND `ExtendedCost`=5805 AND `type`=1) OR (`entry`=78564 AND `item`=122307 AND `ExtendedCost`=5805 AND `type`=1) OR (`entry`=78564 AND `item`=122503 AND `ExtendedCost`=5806 AND `type`=1) OR (`entry`=78564 AND `item`=122497 AND `ExtendedCost`=5806 AND `type`=1) OR (`entry`=78564 AND `item`=128373 AND `ExtendedCost`=5543 AND `type`=1) OR (`entry`=78564 AND `item`=122272 AND `ExtendedCost`=5807 AND `type`=1) OR (`entry`=78564 AND `item`=122273 AND `ExtendedCost`=5808 AND `type`=1);
INSERT INTO `npc_vendor` (`entry`, `slot`, `item`, `maxcount`, `ExtendedCost`, `type`, `PlayerConditionID`, `IgnoreFiltering`, `VerifiedBuild`) VALUES
(78564, 27, 120349, 0, 5488, 1, 0, 0, 21355), -- 120349
(78564, 26, 120348, 0, 5488, 1, 0, 0, 21355), -- 120348
(78564, 25, 120347, 0, 5488, 1, 0, 0, 21355), -- 120347
(78564, 24, 120182, 0, 5462, 1, 0, 0, 21355), -- 120182
(78564, 23, 122406, 0, 5809, 1, 0, 0, 21355), -- 122406
(78564, 22, 122399, 0, 5809, 1, 0, 0, 21355), -- 122399
(78564, 21, 122401, 0, 5809, 1, 0, 0, 21355), -- 122401
(78564, 20, 122404, 0, 5809, 1, 0, 0, 21355), -- 122404
(78564, 19, 122407, 0, 5809, 1, 0, 0, 21355), -- 122407
(78564, 18, 122409, 0, 5809, 1, 0, 0, 21355), -- 122409
(78564, 17, 122410, 0, 5809, 1, 0, 0, 21355), -- 122410
(78564, 16, 122414, 0, 5809, 1, 0, 0, 21355), -- 122414
(78564, 15, 122415, 0, 5809, 1, 0, 0, 21355), -- 122415
(78564, 14, 122417, 0, 5809, 1, 0, 0, 21355), -- 122417
(78564, 13, 122422, 0, 5809, 1, 0, 0, 21355), -- 122422
(78564, 12, 122423, 0, 5809, 1, 0, 0, 21355), -- 122423
(78564, 11, 133883, 0, 5809, 1, 0, 0, 21355), -- 133883
(78564, 10, 133878, 0, 5809, 1, 0, 0, 21355), -- 133878
(78564, 9, 122500, 0, 5805, 1, 0, 0, 21355), -- 122500
(78564, 8, 122490, 0, 5805, 1, 0, 0, 21355), -- 122490
(78564, 7, 122487, 0, 5805, 1, 0, 0, 21355), -- 122487
(78564, 6, 122307, 0, 5805, 1, 0, 0, 21355), -- 122307
(78564, 5, 122503, 0, 5806, 1, 0, 0, 21355), -- 122503
(78564, 4, 122497, 0, 5806, 1, 0, 0, 21355), -- 122497
(78564, 3, 128373, 0, 5543, 1, 0, 0, 21355), -- 128373
(78564, 2, 122272, 0, 5807, 1, 0, 0, 21355), -- 122272
(78564, 1, 122273, 0, 5808, 1, 0, 0, 21355); -- 122273


DELETE FROM `gossip_menu` WHERE (`menuid`=16889 AND `textid`=24567) OR (`menuid`=17025 AND `textid`=24835) OR (`menuid`=17267 AND `textid`=25554) OR (`menuid`=16597 AND `textid`=7778) OR (`menuid`=16890 AND `textid`=24568) OR (`menuid`=16891 AND `textid`=24569) OR (`menuid`=16916 AND `textid`=24619);
INSERT INTO gossip_menu (`menuid`, `textid`) VALUES
(16889, 24567), -- 84524
(17025, 24835), -- 77377
(17267, 25554), -- 89065
(16597, 7778), -- 81103
(16890, 24568), -- 84524
(16891, 24569), -- 84524
(16916, 24619); -- 78564

UPDATE `gossip_menu` SET verifiedbuild = 21355 WHERE (`menuid`=16889 AND `textid`=24567) OR (`menuid`=17025 AND `textid`=24835) OR (`menuid`=17267 AND `textid`=25554) OR (`menuid`=16597 AND `textid`=7778) OR (`menuid`=16890 AND `textid`=24568) OR (`menuid`=16891 AND `textid`=24569) OR (`menuid`=16916 AND `textid`=24619);
UPDATE creature_template SET npcflag=128 WHERE entry=5519;

DELETE FROM gossip_menu WHERE (`menuid`=16002 AND `textid`=23077) OR (`menuid`=15992 AND `textid`=23053) OR (`menuid`=15762 AND `textid`=22645);
INSERT INTO gossip_menu (`menuid`, `textid`) VALUES
(16002, 23077), -- 74007
(15992, 23053), -- 72302
(15762, 22645); -- 71967

UPDATE `gossip_menu` SET `VerifiedBuild`='26124' WHERE  `MenuId`=21720 AND `TextId`=33093;

DELETE FROM `graveyard_zone` WHERE `GhostZone` = 7334;
INSERT INTO `graveyard_zone` (`ID`, `GhostZone`, `Faction`, `Comment`) VALUES 
(4949, 7334, 0, '7.0 Azsuna - (01) Azurewing Repose'),
(4950, 7334, 0, '7.0 Azsuna - (02) Crumbled Palace'),
(4951, 7334, 0, '7.0 Azsuna - (03) Ruins of Narthalas'),
(4952, 7334, 0, '7.0 Azsuna - (04) Shipwreck Arena'),
(4953, 7334, 0, '7.0 Azsuna - (05) Oceanus Cove'),
(4954, 7334, 0, '7.0 Azsuna - (06) Illidari Stand'),
(4983, 7334, 0, '7.0 Azsuna - (07) Rhutvan Passage'),
(4984, 7334, 0, '7.0 Azsuna - (08) The Lost Orchard'),
(5010, 7334, 0, '7.0 Azsuna - (10) Makrana'),
(5011, 7334, 0, '7.0 Azsuna - (11) Eldranil Lagoon'),
(5012, 7334, 0, '7.0 Azsuna - (12) Hatecoil Warcamp'),
(5013, 7334, 0, '7.0 Azsuna - (13)  Farondale'),
(5014, 7334, 0, '7.0 Azsuna - (14) Llothien Woods'),
(5015, 7334, 0, '7.0 Azsuna - (15) Timeworn Strand North'),
(5613, 7334, 0, '7.0 Azsuna - (16) Isle of the Watchers Central'),
(5610, 7334, 0, '7.0 Azsuna - (17) Isle of the Watchers East'),
(5612, 7334, 0, '7.0 Azsuna - (18) Isle of the Watchers North'),
(5614, 7334, 0, '7.0 Azsuna - (19) Timeworn Strand South'),
(5621, 7334, 0, '7.0 Azsuna - (20) Illidari Perch'),
(5856, 7334, 0, '7.0 Azsuna - (21) Temple of a Thousand Lights'),
(5675, 7334, 0, '7.0 Azsuna - (22) Rhutvan Divide'),
(5745, 7334, 0, '7.0 Azsuna - (23) Eldranil Peak'),
(5780, 7334, 0, '7.0 Azsuna - (24) Seabreak Isle'),
(5782, 7334, 0, '7.0 Azsuna - (25) Eye of Azshara E'),
(5781, 7334, 0, '7.0 Azsuna - (26) Eye of Azshara W'),
(5652, 7334, 0, '7.0 Azsuna - (21) Timeworn Strand Underwater');

DELETE FROM `gossip_menu` WHERE (`MenuId`=19363 AND `TextId`=28532);
INSERT INTO `gossip_menu` (`MenuId`, `TextId`, `VerifiedBuild`) VALUES
(19363, 28532, 23420); -- 103860

DELETE FROM `gossip_menu_option` WHERE (`MenuId`=19363 AND `OptionIndex`=0);
INSERT INTO `gossip_menu_option` (`MenuId`, `OptionIndex`, `OptionIcon`, `OptionText`, `OptionBroadcastTextId`, `VerifiedBuild`) VALUES
(19363, 0, 0, 'I will let the other wardens know of Cordana\'s fate.', 0, 23420);

DELETE FROM `npc_text` WHERE `ID`=28532;
INSERT INTO `npc_text` (`ID`, `Probability0`, `Probability1`, `Probability2`, `Probability3`, `Probability4`, `Probability5`, `Probability6`, `Probability7`, `BroadcastTextId0`, `BroadcastTextId1`, `BroadcastTextId2`, `BroadcastTextId3`, `BroadcastTextId4`, `BroadcastTextId5`, `BroadcastTextId6`, `BroadcastTextId7`, `VerifiedBuild`) VALUES
(28532, 1, 0, 0, 0, 0, 0, 0, 0, 103229, 0, 0, 0, 0, 0, 0, 0, 23420); -- 28532

-- Mending Fences and A Spark of Hope reputation correction.
UPDATE quest_template SET RewardFactionOverride1=2860000 WHERE id IN(12915, 12956);


-- Hot and cold, Krolmir, Hammer of storms, Spy Hunter, Polishing the helm
UPDATE quest_template SET RewardFactionOverride1=45500 WHERE id IN(12981, 13010, 12994, 13006);


-- Raising Hodir's Spear,
UPDATE quest_template SET RewardFactionOverride1=32500 WHERE id IN(13001);


-- Thrusting Hodir's Spear, Hodir's Tribute
UPDATE quest_template SET RewardFactionOverride1=65000 WHERE id IN(13003, 13559);

REPLACE INTO `game_tele` VALUES ('1796', '3811.66', '6344.61', '185.366', '0.900254', '1220', 'darkheart');
REPLACE INTO `game_tele` VALUES ('1797', '389.98', '1417.1', '769.6', '0.434238', '1669', 'vindicar');
REPLACE INTO `game_tele` VALUES ('1799', '3590.87', '6485.46', '177.971', '0.763773', '1220', 'eternalnightmare');
REPLACE INTO `game_tele` VALUES ('1801', '-428.092', '2426.08', '108.379', '3.98067', '1220', 'cathedralofnight');
REPLACE INTO `game_tele` VALUES ('1802', '1175.5', '4368.06', '8.3599', '2.62326', '1220', 'arcway');
REPLACE INTO `game_tele` VALUES ('1803', '3086.2', '7473.92', '51.5545', '0.858024', '1220', 'blackrookhold');
REPLACE INTO `game_tele` VALUES ('1804', '2.1352', '5800', '1.79186', '1.76359', '1220', 'eyeofazshara');
REPLACE INTO `game_tele` VALUES ('1805', '-1788.56', '6655.96', '149.568', '5.83038', '1220', 'vaultofwardens');
REPLACE INTO `game_tele` VALUES ('1806', '1227.33', '4210.88', '-66.9406', '5.76484', '1220', 'nighthold');
REPLACE INTO `game_tele` VALUES ('1807', '1020.63', '3844.15', '7.82536', '4.61223', '1220', 'courtofstars');
REPLACE INTO `game_tele` VALUES ('1808', '3735.32', '4182.46', '892.069', '3.10487', '1220', 'neltharionslair');
REPLACE INTO `game_tele` VALUES ('1809', '3419.38', '1990.25', '15.7132', '6.06816', '1220', 'mawofsouls');
REPLACE INTO `game_tele` VALUES ('1810', '2431.83', '834.436', '252.923', '5.54214', '1220', 'hallsofvalor');
REPLACE INTO `game_tele` VALUES ('1811', '2360.45', '906.769', '252.926', '2.40996', '1220', 'trialofvalor');
REPLACE INTO `game_tele` VALUES ('1812', '-557.716', '2459.14', '103.04', '5.29915', '1220', 'tombofsargeras');
REPLACE INTO `game_tele` VALUES ('1813', '5392.79', '10823.6', '18.7419', '6.01613', '1669', 'seatofthetriumvirate');
REPLACE INTO `game_tele` VALUES ('1814', '-3198.29', '9401.71', '-179.765', '2.22338', '1669', 'antorustheburningthrone');

DELETE FROM creature_loot_template WHERE Entry=25227;
INSERT INTO creature_loot_template VALUES 
(25227,33470,0,20,0,1,0,1,2,''),
(25227,33452,0,14,0,1,0,1,1,''),
(25227,33444,0,7,0,1,0,1,1,''),
(25227,36417,0,0.4,0,1,0,1,1,''),
(25227,36179,0,0.3,0,1,0,1,1,''),
(25227,42108,0,0.3,0,1,0,1,1,''),
(25227,36669,0,0.2,0,1,0,1,1,''),
(25227,35955,0,0.17,0,1,0,1,1,''),
(25227,35960,0,0.17,0,1,0,1,1,''),
(25227,35958,0,0.16,0,1,0,1,1,''),
(25227,35957,0,0.13,0,1,0,1,1,''),
(25227,35961,0,0.13,0,1,0,1,1,''),
(25227,36655,0,0.13,0,1,0,1,1,''),
(25227,36431,0,0.12,0,1,0,1,1,''),
(25227,36298,0,0.12,0,1,0,1,1,''),
(25227,36294,0,0.12,0,1,0,1,1,''),
(25227,35956,0,0.11,0,1,0,1,1,''),
(25227,36181,0,0.11,0,1,0,1,1,''),
(25227,36185,0,0.11,0,1,0,1,1,''),
(25227,36297,0,0.11,0,1,0,1,1,''),
(25227,36074,0,0.1,0,1,0,1,1,''),
(25227,36071,0,0.1,0,1,0,1,1,''),
(25227,36073,0,0.1,0,1,0,1,1,''),
(25227,35962,0,0.1,0,1,0,1,1,''),
(25227,35959,0,0.1,0,1,0,1,1,''),
(25227,36180,0,0.1,0,1,0,1,1,''),
(25227,36293,0,0.1,0,1,0,1,1,''),
(25227,36070,0,0.09,0,1,0,1,1,''),
(25227,36069,0,0.09,0,1,0,1,1,''),
(25227,36683,0,0.09,0,1,0,1,1,''),
(25227,36186,0,0.09,0,1,0,1,1,''),
(25227,36183,0,0.09,0,1,0,1,1,''),
(25227,36445,0,0.09,0,1,0,1,1,''),
(25227,36067,0,0.08,0,1,0,1,1,''),
(25227,36182,0,0.08,0,1,0,1,1,''),
(25227,36291,0,0.08,0,1,0,1,1,''),
(25227,36296,0,0.08,0,1,0,1,1,''),
(25227,36072,0,0.07,0,1,0,1,1,''),
(25227,36184,0,0.07,0,1,0,1,1,''),
(25227,36487,0,0.07,0,1,0,1,1,''),
(25227,36292,0,0.07,0,1,0,1,1,''),
(25227,36295,0,0.07,0,1,0,1,1,''),
(25227,35963,0,0.06,0,1,0,1,1,''),
(25227,36303,0,0.06,0,1,0,1,1,''),
(25227,36670,0,0.06,0,1,0,1,1,''),
(25227,36459,0,0.06,0,1,0,1,1,''),
(25227,36557,0,0.06,0,1,0,1,1,''),
(25227,36188,0,0.06,0,1,0,1,1,''),
(25227,35966,0,0.05,0,1,0,1,1,''),
(25227,35964,0,0.05,0,1,0,1,1,''),
(25227,36068,0,0.05,0,1,0,1,1,''),
(25227,36501,0,0.05,0,1,0,1,1,''),
(25227,36194,0,0.05,0,1,0,1,1,''),
(25227,36190,0,0.05,0,1,0,1,1,''),
(25227,36192,0,0.05,0,1,0,1,1,''),
(25227,36403,0,0.05,0,1,0,1,1,''),
(25227,36684,0,0.04,0,1,0,1,1,''),
(25227,36697,0,0.04,0,1,0,1,1,''),
(25227,35969,0,0.04,0,1,0,1,1,''),
(25227,35965,0,0.04,0,1,0,1,1,''),
(25227,36299,0,0.04,0,1,0,1,1,''),
(25227,36656,0,0.04,0,1,0,1,1,''),
(25227,36585,0,0.04,0,1,0,1,1,''),
(25227,36473,0,0.04,0,1,0,1,1,''),
(25227,36515,0,0.04,0,1,0,1,1,''),
(25227,36432,0,0.04,0,1,0,1,1,''),
(25227,36082,0,0.04,0,1,0,1,1,''),
(25227,35970,0,0.03,0,1,0,1,1,''),
(25227,36306,0,0.03,0,1,0,1,1,''),
(25227,36301,0,0.03,0,1,0,1,1,''),
(25227,36304,0,0.03,0,1,0,1,1,''),
(25227,36187,0,0.03,0,1,0,1,1,''),
(25227,36189,0,0.03,0,1,0,1,1,''),
(25227,36191,0,0.03,0,1,0,1,1,''),
(25227,36599,0,0.03,0,1,0,1,1,''),
(25227,36571,0,0.03,0,1,0,1,1,''),
(25227,36529,0,0.03,0,1,0,1,1,''),
(25227,36076,0,0.03,0,1,0,1,1,''),
(25227,36077,0,0.03,0,1,0,1,1,''),
(25227,36075,0,0.03,0,1,0,1,1,''),
(25227,36081,0,0.03,0,1,0,1,1,''),
(25227,36586,0,0.03,0,1,0,1,1,''),
(25227,37746,0,0.02,0,1,0,1,1,''),
(25227,37743,0,0.02,0,1,0,1,1,''),
(25227,35967,0,0.02,0,1,0,1,1,''),
(25227,36641,0,0.02,0,1,0,1,1,''),
(25227,36305,0,0.02,0,1,0,1,1,''),
(25227,36300,0,0.02,0,1,0,1,1,''),
(25227,36488,0,0.02,0,1,0,1,1,''),
(25227,36193,0,0.02,0,1,0,1,1,''),
(25227,36460,0,0.02,0,1,0,1,1,''),
(25227,36543,0,0.02,0,1,0,1,1,''),
(25227,36516,0,0.02,0,1,0,1,1,''),
(25227,36530,0,0.02,0,1,0,1,1,''),
(25227,36078,0,0.02,0,1,0,1,1,''),
(25227,36080,0,0.02,0,1,0,1,1,''),
(25227,35122,0,0.02,0,1,0,1,1,''),
(25227,37745,0,0.01,0,1,0,1,1,''),
(25227,37752,0,0.01,0,1,0,1,1,''),
(25227,37749,0,0.01,0,1,0,1,1,''),
(25227,37751,0,0.01,0,1,0,1,1,''),
(25227,37748,0,0.01,0,1,0,1,1,''),
(25227,37772,0,0.01,0,1,0,1,1,''),
(25227,36302,0,0.01,0,1,0,1,1,''),
(25227,36627,0,0.01,0,1,0,1,1,''),
(25227,36698,0,0.01,0,1,0,1,1,''),
(25227,36558,0,0.01,0,1,0,1,1,''),
(25227,36572,0,0.01,0,1,0,1,1,''),
(25227,36474,0,0.01,0,1,0,1,1,''),
(25227,36446,0,0.01,0,1,0,1,1,''),
(25227,36544,0,0.01,0,1,0,1,1,''),
(25227,36404,0,0.01,0,1,0,1,1,''),
(25227,36502,0,0.01,0,1,0,1,1,''),
(25227,36079,0,0.01,0,1,0,1,1,''),
(25227,36308,0,0.02,0,1,0,1,1,''),
(25227,36203,0,0.03,0,1,0,1,1,''),
(25227,36657,0,0.04,0,1,0,1,1,''),
(25227,35947,0,0.05,0,1,0,1,1,''),
(25227,43851,0,18,0,1,0,1,1,''),
(25227,22829,0,4,0,1,0,1,1,''),
(25227,22832,0,2,0,1,0,1,1,''),
(25227,31952,0,0.7,0,1,0,1,1,''),
(25227,33439,0,0.7,0,1,0,1,1,''),
(25227,33390,0,0.7,0,1,0,1,1,''),
(25227,43463,0,0.5,0,1,0,1,1,''),
(25227,43467,0,0.5,0,1,0,1,1,''),
(25227,37093,0,0.5,0,1,0,1,1,''),
(25227,43465,0,0.5,0,1,0,1,1,''),
(25227,37097,0,0.5,0,1,0,1,1,''),
(25227,37091,0,0.4,0,1,0,1,1,''),
(25227,33376,0,0.3,0,1,0,1,1,''),
(25227,33378,0,0.3,0,1,0,1,1,''),
(25227,33404,0,0.3,0,1,0,1,1,''),
(25227,33405,0,0.3,0,1,0,1,1,''),
(25227,33437,0,0.3,0,1,0,1,1,''),
(25227,33395,0,0.3,0,1,0,1,1,''),
(25227,33360,0,0.3,0,1,0,1,1,''),
(25227,33362,0,0.3,0,1,0,1,1,''),
(25227,33424,0,0.2,0,1,0,1,1,''),
(25227,33428,0,0.2,0,1,0,1,1,''),
(25227,33373,0,0.2,0,1,0,1,1,''),
(25227,33375,0,0.2,0,1,0,1,1,''),
(25227,33377,0,0.2,0,1,0,1,1,''),
(25227,33406,0,0.2,0,1,0,1,1,''),
(25227,33440,0,0.2,0,1,0,1,1,''),
(25227,33409,0,0.2,0,1,0,1,1,''),
(25227,33410,0,0.2,0,1,0,1,1,''),
(25227,33425,0,0.2,0,1,0,1,1,''),
(25227,33392,0,0.2,0,1,0,1,1,''),
(25227,33393,0,0.2,0,1,0,1,1,''),
(25227,33394,0,0.2,0,1,0,1,1,''),
(25227,33396,0,0.2,0,1,0,1,1,''),
(25227,33423,0,0.2,0,1,0,1,1,''),
(25227,33422,0,0.2,0,1,0,1,1,''),
(25227,33358,0,0.2,0,1,0,1,1,''),
(25227,33361,0,0.2,0,1,0,1,1,''),
(25227,33363,0,0.2,0,1,0,1,1,''),
(25227,33364,0,0.2,0,1,0,1,1,''),
(25227,33438,0,0.2,0,1,0,1,1,''),
(25227,33372,0,0.19,0,1,0,1,1,''),
(25227,33374,0,0.19,0,1,0,1,1,''),
(25227,33407,0,0.19,0,1,0,1,1,''),
(25227,33408,0,0.19,0,1,0,1,1,''),
(25227,33359,0,0.19,0,1,0,1,1,''),
(25227,33431,0,0.18,0,1,0,1,1,''),
(25227,33391,0,0.18,0,1,0,1,1,''),
(25227,33430,0,0.17,0,1,0,1,1,''),
(25227,33426,0,0.17,0,1,0,1,1,''),
(25227,43509,0,0.16,0,1,0,1,1,''),
(25227,43510,0,0.16,0,1,0,1,1,''),
(25227,33427,0,0.16,0,1,0,1,1,''),
(25227,43508,0,0.15,0,1,0,1,1,''),
(25227,43507,0,0.15,0,1,0,1,1,''),
(25227,33429,0,0.14,0,1,0,1,1,''),
(25227,33569,0,0.1,0,1,0,1,1,''),
(25227,36418,0,0.08,0,1,0,1,1,''),
(25227,35968,0,0.07,0,1,0,1,1,''),
(25227,33571,0,0.07,0,1,0,1,1,''),
(25227,33445,0,0.01,0,1,0,1,1,''),
(25227,13444,0,0.01,0,1,0,1,1,'');
DELETE FROM creature_loot_template WHERE Entry=25228;
INSERT INTO creature_loot_template VALUES 
(25228,43851,0,3,0,1,0,1,2,''),
(25228,22829,0,0.6,0,1,0,1,1,''),
(25228,22832,0,0.3,0,1,0,1,1,''),
(25228,33363,0,0.16,0,1,0,1,1,''),
(25228,43463,0,0.11,0,1,0,1,1,''),
(25228,33374,0,0.11,0,1,0,1,1,''),
(25228,43507,0,0.08,0,1,0,1,1,''),
(25228,37097,0,0.08,0,1,0,1,1,''),
(25228,43509,0,0.06,0,1,0,1,1,''),
(25228,43465,0,0.06,0,1,0,1,1,''),
(25228,33373,0,0.06,0,1,0,1,1,''),
(25228,33375,0,0.06,0,1,0,1,1,''),
(25228,33377,0,0.06,0,1,0,1,1,''),
(25228,33395,0,0.06,0,1,0,1,1,''),
(25228,33372,0,0.05,0,1,0,1,1,''),
(25228,33376,0,0.05,0,1,0,1,1,''),
(25228,33404,0,0.05,0,1,0,1,1,''),
(25228,33390,0,0.05,0,1,0,1,1,''),
(25228,37091,0,0.04,0,1,0,1,1,''),
(25228,37093,0,0.04,0,1,0,1,1,''),
(25228,33428,0,0.04,0,1,0,1,1,''),
(25228,33439,0,0.04,0,1,0,1,1,''),
(25228,33358,0,0.04,0,1,0,1,1,''),
(25228,33406,0,0.03,0,1,0,1,1,''),
(25228,33409,0,0.03,0,1,0,1,1,''),
(25228,33410,0,0.03,0,1,0,1,1,''),
(25228,33391,0,0.03,0,1,0,1,1,''),
(25228,33364,0,0.03,0,1,0,1,1,''),
(25228,33438,0,0.03,0,1,0,1,1,''),
(25228,33408,0,0.01,0,1,0,1,1,''),
(25228,33425,0,0.01,0,1,0,1,1,''),
(25228,33393,0,0.01,0,1,0,1,1,''),
(25228,33360,0,0.01,0,1,0,1,1,''),
(25228,33470,0,4,0,1,0,1,1,''),
(25228,33444,0,3,0,1,0,1,1,''),
(25228,33452,0,2,0,1,0,1,1,''),
(25228,35958,0,0.3,0,1,0,1,1,''),
(25228,36067,0,0.08,0,1,0,1,1,''),
(25228,35966,0,0.05,0,1,0,1,1,''),
(25228,36079,0,0.04,0,1,0,1,1,''),
(25228,36189,0,0.03,0,1,0,1,1,''),
(25228,36297,0,0.03,0,1,0,1,1,''),
(25228,35961,0,0.01,0,1,0,1,1,''),
(25228,36459,0,0.01,0,1,0,1,1,''),
(25228,36417,0,0.01,0,1,0,1,1,''),
(25228,36688,0,0.01,0,1,0,1,1,''),
(25228,36200,0,0.01,0,1,0,1,1,''),
(25228,36097,0,0.01,0,1,0,1,1,'');
DELETE FROM creature_loot_template WHERE Entry=25651;
INSERT INTO creature_loot_template VALUES 
(25651,35122,0,40,1,1,0,1,1,''),
(25651,33470,0,12,0,1,0,1,1,''),
(25651,33443,0,8,0,1,0,1,1,''),
(25651,33444,0,4,0,1,0,1,1,''),
(25651,36417,0,0.17,0,1,0,1,1,''),
(25651,36431,0,0.14,0,1,0,1,1,''),
(25651,35956,0,0.13,0,1,0,1,1,''),
(25651,35955,0,0.11,0,1,0,1,1,''),
(25651,36669,0,0.1,0,1,0,1,1,''),
(25651,35959,0,0.09,0,1,0,1,1,''),
(25651,35961,0,0.09,0,1,0,1,1,''),
(25651,36655,0,0.09,0,1,0,1,1,''),
(25651,36296,0,0.09,0,1,0,1,1,''),
(25651,35962,0,0.08,0,1,0,1,1,''),
(25651,36291,0,0.08,0,1,0,1,1,''),
(25651,36295,0,0.08,0,1,0,1,1,''),
(25651,36299,0,0.07,0,1,0,1,1,''),
(25651,36068,0,0.07,0,1,0,1,1,''),
(25651,36067,0,0.07,0,1,0,1,1,''),
(25651,36182,0,0.07,0,1,0,1,1,''),
(25651,36070,0,0.06,0,1,0,1,1,''),
(25651,36683,0,0.06,0,1,0,1,1,''),
(25651,35960,0,0.06,0,1,0,1,1,''),
(25651,36186,0,0.06,0,1,0,1,1,''),
(25651,36179,0,0.06,0,1,0,1,1,''),
(25651,36403,0,0.06,0,1,0,1,1,''),
(25651,36297,0,0.06,0,1,0,1,1,''),
(25651,35963,0,0.05,0,1,0,1,1,''),
(25651,36074,0,0.05,0,1,0,1,1,''),
(25651,35957,0,0.05,0,1,0,1,1,''),
(25651,36180,0,0.05,0,1,0,1,1,''),
(25651,36183,0,0.05,0,1,0,1,1,''),
(25651,36445,0,0.05,0,1,0,1,1,''),
(25651,36298,0,0.05,0,1,0,1,1,''),
(25651,36294,0,0.05,0,1,0,1,1,''),
(25651,36071,0,0.04,0,1,0,1,1,''),
(25651,36069,0,0.04,0,1,0,1,1,''),
(25651,36073,0,0.04,0,1,0,1,1,''),
(25651,36072,0,0.04,0,1,0,1,1,''),
(25651,35958,0,0.04,0,1,0,1,1,''),
(25651,36184,0,0.04,0,1,0,1,1,''),
(25651,36185,0,0.04,0,1,0,1,1,''),
(25651,36670,0,0.04,0,1,0,1,1,''),
(25651,36194,0,0.04,0,1,0,1,1,''),
(25651,36293,0,0.04,0,1,0,1,1,''),
(25651,36292,0,0.04,0,1,0,1,1,''),
(25651,36697,0,0.03,0,1,0,1,1,''),
(25651,35970,0,0.03,0,1,0,1,1,''),
(25651,35966,0,0.03,0,1,0,1,1,''),
(25651,35965,0,0.03,0,1,0,1,1,''),
(25651,36301,0,0.03,0,1,0,1,1,''),
(25651,36302,0,0.03,0,1,0,1,1,''),
(25651,36656,0,0.03,0,1,0,1,1,''),
(25651,36585,0,0.03,0,1,0,1,1,''),
(25651,36181,0,0.03,0,1,0,1,1,''),
(25651,36501,0,0.03,0,1,0,1,1,''),
(25651,36459,0,0.03,0,1,0,1,1,''),
(25651,36557,0,0.03,0,1,0,1,1,''),
(25651,36187,0,0.03,0,1,0,1,1,''),
(25651,36571,0,0.03,0,1,0,1,1,''),
(25651,36684,0,0.02,0,1,0,1,1,''),
(25651,35967,0,0.02,0,1,0,1,1,''),
(25651,35969,0,0.02,0,1,0,1,1,''),
(25651,35964,0,0.02,0,1,0,1,1,''),
(25651,36303,0,0.02,0,1,0,1,1,''),
(25651,36190,0,0.02,0,1,0,1,1,''),
(25651,36473,0,0.02,0,1,0,1,1,''),
(25651,36515,0,0.02,0,1,0,1,1,''),
(25651,36432,0,0.02,0,1,0,1,1,''),
(25651,36487,0,0.02,0,1,0,1,1,''),
(25651,36516,0,0.02,0,1,0,1,1,''),
(25651,36529,0,0.02,0,1,0,1,1,''),
(25651,36077,0,0.02,0,1,0,1,1,''),
(25651,36075,0,0.02,0,1,0,1,1,''),
(25651,36079,0,0.02,0,1,0,1,1,''),
(25651,36078,0,0.02,0,1,0,1,1,''),
(25651,36080,0,0.02,0,1,0,1,1,''),
(25651,37751,0,0.01,0,1,0,1,1,''),
(25651,36641,0,0.01,0,1,0,1,1,''),
(25651,36306,0,0.01,0,1,0,1,1,''),
(25651,36305,0,0.01,0,1,0,1,1,''),
(25651,36300,0,0.01,0,1,0,1,1,''),
(25651,36558,0,0.01,0,1,0,1,1,''),
(25651,36446,0,0.01,0,1,0,1,1,''),
(25651,36544,0,0.01,0,1,0,1,1,''),
(25651,36188,0,0.01,0,1,0,1,1,''),
(25651,36191,0,0.01,0,1,0,1,1,''),
(25651,36192,0,0.01,0,1,0,1,1,''),
(25651,36599,0,0.01,0,1,0,1,1,''),
(25651,36404,0,0.01,0,1,0,1,1,''),
(25651,36543,0,0.01,0,1,0,1,1,''),
(25651,36082,0,0.01,0,1,0,1,1,''),
(25651,36081,0,0.01,0,1,0,1,1,''),
(25651,36586,0,0.01,0,1,0,1,1,''),
(25651,35952,0,0.01,0,1,0,1,1,''),
(25651,36474,0,0.01,0,1,0,1,1,''),
(25651,36600,0,0.01,0,1,0,1,1,''),
(25651,36098,0,0.01,0,1,0,1,1,''),
(25651,36315,0,0.01,0,1,0,1,1,''),
(25651,43851,0,12,0,1,0,1,1,''),
(25651,22829,0,3,0,1,0,1,1,''),
(25651,22832,0,1.3,0,1,0,1,1,''),
(25651,37091,0,0.5,0,1,0,1,1,''),
(25651,43463,0,0.3,0,1,0,1,1,''),
(25651,37093,0,0.3,0,1,0,1,1,''),
(25651,43465,0,0.3,0,1,0,1,1,''),
(25651,37097,0,0.3,0,1,0,1,1,''),
(25651,33404,0,0.3,0,1,0,1,1,''),
(25651,43467,0,0.2,0,1,0,1,1,''),
(25651,33439,0,0.19,0,1,0,1,1,''),
(25651,33358,0,0.18,0,1,0,1,1,''),
(25651,33396,0,0.17,0,1,0,1,1,''),
(25651,33360,0,0.17,0,1,0,1,1,''),
(25651,33438,0,0.17,0,1,0,1,1,''),
(25651,31952,0,0.16,0,1,0,1,1,''),
(25651,33406,0,0.16,0,1,0,1,1,''),
(25651,33393,0,0.16,0,1,0,1,1,''),
(25651,43509,0,0.15,0,1,0,1,1,''),
(25651,33428,0,0.15,0,1,0,1,1,''),
(25651,33376,0,0.15,0,1,0,1,1,''),
(25651,33378,0,0.15,0,1,0,1,1,''),
(25651,33437,0,0.15,0,1,0,1,1,''),
(25651,33422,0,0.15,0,1,0,1,1,''),
(25651,33373,0,0.14,0,1,0,1,1,''),
(25651,33429,0,0.14,0,1,0,1,1,''),
(25651,33405,0,0.14,0,1,0,1,1,''),
(25651,33440,0,0.14,0,1,0,1,1,''),
(25651,33431,0,0.14,0,1,0,1,1,''),
(25651,33391,0,0.14,0,1,0,1,1,''),
(25651,33359,0,0.14,0,1,0,1,1,''),
(25651,33364,0,0.14,0,1,0,1,1,''),
(25651,33372,0,0.13,0,1,0,1,1,''),
(25651,33374,0,0.13,0,1,0,1,1,''),
(25651,33407,0,0.13,0,1,0,1,1,''),
(25651,33408,0,0.13,0,1,0,1,1,''),
(25651,33390,0,0.13,0,1,0,1,1,''),
(25651,33362,0,0.13,0,1,0,1,1,''),
(25651,33363,0,0.13,0,1,0,1,1,''),
(25651,33410,0,0.12,0,1,0,1,1,''),
(25651,33361,0,0.12,0,1,0,1,1,''),
(25651,33426,0,0.11,0,1,0,1,1,''),
(25651,33375,0,0.11,0,1,0,1,1,''),
(25651,33409,0,0.11,0,1,0,1,1,''),
(25651,33395,0,0.11,0,1,0,1,1,''),
(25651,43507,0,0.1,0,1,0,1,1,''),
(25651,33427,0,0.1,0,1,0,1,1,''),
(25651,33377,0,0.1,0,1,0,1,1,''),
(25651,33392,0,0.1,0,1,0,1,1,''),
(25651,43510,0,0.09,0,1,0,1,1,''),
(25651,43508,0,0.09,0,1,0,1,1,''),
(25651,33423,0,0.09,0,1,0,1,1,''),
(25651,33424,0,0.08,0,1,0,1,1,''),
(25651,33425,0,0.08,0,1,0,1,1,''),
(25651,33394,0,0.08,0,1,0,1,1,''),
(25651,33430,0,0.06,0,1,0,1,1,''),
(25651,36418,0,0.05,0,1,0,1,1,''),
(25651,35968,0,0.03,0,1,0,1,1,''),
(25651,29550,0,0.01,0,1,0,1,1,''),
(25651,3914,0,0.01,0,1,0,1,1,''),
(25651,13444,0,0.01,0,1,0,1,1,'');
DELETE FROM creature_loot_template WHERE Entry=25650;
INSERT INTO creature_loot_template VALUES 
(25650,33470,0,23,1,1,0,1,1,''),
(25650,33452,0,16,0,1,0,1,1,''),
(25650,33444,0,8,0,1,0,1,1,''),
(25650,36417,0,0.3,0,1,0,1,1,''),
(25650,36669,0,0.2,0,1,0,1,1,''),
(25650,35959,0,0.2,0,1,0,1,1,''),
(25650,36431,0,0.19,0,1,0,1,1,''),
(25650,35957,0,0.16,0,1,0,1,1,''),
(25650,35961,0,0.16,0,1,0,1,1,''),
(25650,36183,0,0.15,0,1,0,1,1,''),
(25650,36292,0,0.15,0,1,0,1,1,''),
(25650,35955,0,0.14,0,1,0,1,1,''),
(25650,35962,0,0.14,0,1,0,1,1,''),
(25650,35956,0,0.14,0,1,0,1,1,''),
(25650,36181,0,0.14,0,1,0,1,1,''),
(25650,36073,0,0.13,0,1,0,1,1,''),
(25650,35958,0,0.13,0,1,0,1,1,''),
(25650,36655,0,0.13,0,1,0,1,1,''),
(25650,35967,0,0.12,0,1,0,1,1,''),
(25650,36071,0,0.12,0,1,0,1,1,''),
(25650,35960,0,0.12,0,1,0,1,1,''),
(25650,36187,0,0.12,0,1,0,1,1,''),
(25650,36185,0,0.11,0,1,0,1,1,''),
(25650,36179,0,0.11,0,1,0,1,1,''),
(25650,36293,0,0.11,0,1,0,1,1,''),
(25650,36291,0,0.11,0,1,0,1,1,''),
(25650,36295,0,0.11,0,1,0,1,1,''),
(25650,36296,0,0.11,0,1,0,1,1,''),
(25650,36072,0,0.1,0,1,0,1,1,''),
(25650,36186,0,0.1,0,1,0,1,1,''),
(25650,36182,0,0.1,0,1,0,1,1,''),
(25650,36297,0,0.1,0,1,0,1,1,''),
(25650,36068,0,0.09,0,1,0,1,1,''),
(25650,36074,0,0.09,0,1,0,1,1,''),
(25650,36070,0,0.09,0,1,0,1,1,''),
(25650,36683,0,0.09,0,1,0,1,1,''),
(25650,36298,0,0.09,0,1,0,1,1,''),
(25650,36067,0,0.08,0,1,0,1,1,''),
(25650,36184,0,0.08,0,1,0,1,1,''),
(25650,36294,0,0.08,0,1,0,1,1,''),
(25650,35965,0,0.07,0,1,0,1,1,''),
(25650,36069,0,0.07,0,1,0,1,1,''),
(25650,36180,0,0.07,0,1,0,1,1,''),
(25650,36501,0,0.07,0,1,0,1,1,''),
(25650,36670,0,0.07,0,1,0,1,1,''),
(25650,36459,0,0.07,0,1,0,1,1,''),
(25650,36080,0,0.07,0,1,0,1,1,''),
(25650,42108,0,0.07,0,1,0,1,1,''),
(25650,36300,0,0.06,0,1,0,1,1,''),
(25650,36075,0,0.06,0,1,0,1,1,''),
(25650,35122,0,0.06,0,1,0,1,1,''),
(25650,35970,0,0.05,0,1,0,1,1,''),
(25650,35966,0,0.05,0,1,0,1,1,''),
(25650,35963,0,0.05,0,1,0,1,1,''),
(25650,36299,0,0.05,0,1,0,1,1,''),
(25650,36656,0,0.05,0,1,0,1,1,''),
(25650,36585,0,0.05,0,1,0,1,1,''),
(25650,36557,0,0.05,0,1,0,1,1,''),
(25650,36473,0,0.05,0,1,0,1,1,''),
(25650,36515,0,0.05,0,1,0,1,1,''),
(25650,36403,0,0.05,0,1,0,1,1,''),
(25650,36445,0,0.05,0,1,0,1,1,''),
(25650,36432,0,0.05,0,1,0,1,1,''),
(25650,36571,0,0.05,0,1,0,1,1,''),
(25650,36404,0,0.05,0,1,0,1,1,''),
(25650,36301,0,0.04,0,1,0,1,1,''),
(25650,36305,0,0.04,0,1,0,1,1,''),
(25650,36188,0,0.04,0,1,0,1,1,''),
(25650,36487,0,0.04,0,1,0,1,1,''),
(25650,36076,0,0.04,0,1,0,1,1,''),
(25650,36078,0,0.04,0,1,0,1,1,''),
(25650,36684,0,0.03,0,1,0,1,1,''),
(25650,35969,0,0.03,0,1,0,1,1,''),
(25650,35964,0,0.03,0,1,0,1,1,''),
(25650,36306,0,0.03,0,1,0,1,1,''),
(25650,36303,0,0.03,0,1,0,1,1,''),
(25650,36488,0,0.03,0,1,0,1,1,''),
(25650,36446,0,0.03,0,1,0,1,1,''),
(25650,36190,0,0.03,0,1,0,1,1,''),
(25650,36192,0,0.03,0,1,0,1,1,''),
(25650,36193,0,0.03,0,1,0,1,1,''),
(25650,36543,0,0.03,0,1,0,1,1,''),
(25650,36529,0,0.03,0,1,0,1,1,''),
(25650,36082,0,0.03,0,1,0,1,1,''),
(25650,36079,0,0.03,0,1,0,1,1,''),
(25650,36081,0,0.03,0,1,0,1,1,''),
(25650,37747,0,0.02,0,1,0,1,1,''),
(25650,37745,0,0.02,0,1,0,1,1,''),
(25650,37743,0,0.02,0,1,0,1,1,''),
(25650,37748,0,0.02,0,1,0,1,1,''),
(25650,36697,0,0.02,0,1,0,1,1,''),
(25650,36302,0,0.02,0,1,0,1,1,''),
(25650,36304,0,0.02,0,1,0,1,1,''),
(25650,36558,0,0.02,0,1,0,1,1,''),
(25650,36572,0,0.02,0,1,0,1,1,''),
(25650,36194,0,0.02,0,1,0,1,1,''),
(25650,36189,0,0.02,0,1,0,1,1,''),
(25650,36460,0,0.02,0,1,0,1,1,''),
(25650,36599,0,0.02,0,1,0,1,1,''),
(25650,36600,0,0.02,0,1,0,1,1,''),
(25650,36077,0,0.02,0,1,0,1,1,''),
(25650,36586,0,0.02,0,1,0,1,1,''),
(25650,37782,0,0.01,0,1,0,1,1,''),
(25650,37746,0,0.01,0,1,0,1,1,''),
(25650,37744,0,0.01,0,1,0,1,1,''),
(25650,37762,0,0.01,0,1,0,1,1,''),
(25650,37752,0,0.01,0,1,0,1,1,''),
(25650,37749,0,0.01,0,1,0,1,1,''),
(25650,37751,0,0.01,0,1,0,1,1,''),
(25650,37772,0,0.01,0,1,0,1,1,''),
(25650,36627,0,0.01,0,1,0,1,1,''),
(25650,36698,0,0.01,0,1,0,1,1,''),
(25650,36474,0,0.01,0,1,0,1,1,''),
(25650,36613,0,0.01,0,1,0,1,1,''),
(25650,36544,0,0.01,0,1,0,1,1,''),
(25650,36191,0,0.01,0,1,0,1,1,''),
(25650,36516,0,0.01,0,1,0,1,1,''),
(25650,36628,0,0.01,0,1,0,1,1,''),
(25650,36530,0,0.01,0,1,0,1,1,''),
(25650,35976,0,0.01,0,1,0,1,1,''),
(25650,36671,0,0.01,0,1,0,1,1,''),
(25650,36087,0,0.01,0,1,0,1,1,''),
(25650,36202,0,0.01,0,1,0,1,1,''),
(25650,36198,0,0.01,0,1,0,1,1,''),
(25650,36319,0,0.01,0,1,0,1,1,''),
(25650,33443,0,0.01,0,1,0,1,1,''),
(25650,35947,0,0.01,0,1,0,1,1,''),
(25650,43851,0,20,0,1,0,1,1,''),
(25650,22829,0,5,0,1,0,1,1,''),
(25650,22832,0,2,0,1,0,1,1,''),
(25650,43463,0,0.6,0,1,0,1,1,''),
(25650,37097,0,0.6,0,1,0,1,1,''),
(25650,37091,0,0.5,0,1,0,1,1,''),
(25650,43467,0,0.5,0,1,0,1,1,''),
(25650,37093,0,0.5,0,1,0,1,1,''),
(25650,43465,0,0.5,0,1,0,1,1,''),
(25650,31952,0,0.3,0,1,0,1,1,''),
(25650,33426,0,0.3,0,1,0,1,1,''),
(25650,33372,0,0.3,0,1,0,1,1,''),
(25650,33373,0,0.3,0,1,0,1,1,''),
(25650,33374,0,0.3,0,1,0,1,1,''),
(25650,33376,0,0.3,0,1,0,1,1,''),
(25650,33439,0,0.3,0,1,0,1,1,''),
(25650,33405,0,0.3,0,1,0,1,1,''),
(25650,33406,0,0.3,0,1,0,1,1,''),
(25650,33407,0,0.3,0,1,0,1,1,''),
(25650,33440,0,0.3,0,1,0,1,1,''),
(25650,33392,0,0.3,0,1,0,1,1,''),
(25650,33394,0,0.3,0,1,0,1,1,''),
(25650,33395,0,0.3,0,1,0,1,1,''),
(25650,33396,0,0.3,0,1,0,1,1,''),
(25650,33422,0,0.3,0,1,0,1,1,''),
(25650,33358,0,0.3,0,1,0,1,1,''),
(25650,33360,0,0.3,0,1,0,1,1,''),
(25650,33361,0,0.3,0,1,0,1,1,''),
(25650,33438,0,0.3,0,1,0,1,1,''),
(25650,43508,0,0.2,0,1,0,1,1,''),
(25650,33430,0,0.2,0,1,0,1,1,''),
(25650,33428,0,0.2,0,1,0,1,1,''),
(25650,33375,0,0.2,0,1,0,1,1,''),
(25650,33377,0,0.2,0,1,0,1,1,''),
(25650,33378,0,0.2,0,1,0,1,1,''),
(25650,33429,0,0.2,0,1,0,1,1,''),
(25650,33404,0,0.2,0,1,0,1,1,''),
(25650,33408,0,0.2,0,1,0,1,1,''),
(25650,33409,0,0.2,0,1,0,1,1,''),
(25650,33410,0,0.2,0,1,0,1,1,''),
(25650,33390,0,0.2,0,1,0,1,1,''),
(25650,33391,0,0.2,0,1,0,1,1,''),
(25650,33393,0,0.2,0,1,0,1,1,''),
(25650,33437,0,0.2,0,1,0,1,1,''),
(25650,33423,0,0.2,0,1,0,1,1,''),
(25650,33359,0,0.2,0,1,0,1,1,''),
(25650,33362,0,0.2,0,1,0,1,1,''),
(25650,33363,0,0.2,0,1,0,1,1,''),
(25650,33364,0,0.2,0,1,0,1,1,''),
(25650,33427,0,0.18,0,1,0,1,1,''),
(25650,33431,0,0.18,0,1,0,1,1,''),
(25650,43509,0,0.17,0,1,0,1,1,''),
(25650,33425,0,0.17,0,1,0,1,1,''),
(25650,43507,0,0.15,0,1,0,1,1,''),
(25650,33424,0,0.15,0,1,0,1,1,''),
(25650,43510,0,0.12,0,1,0,1,1,''),
(25650,36418,0,0.08,0,1,0,1,1,''),
(25650,36813,0,0.06,0,1,0,1,1,''),
(25650,35968,0,0.05,0,1,0,1,1,''),
(25650,36812,0,0.02,0,1,0,1,1,''),
(25650,13444,0,0.01,0,1,0,1,1,''),
(25650,22146,0,0.01,0,1,0,1,1,''),
(25650,22153,0,0.01,0,1,0,1,1,''),
(25650,4500,0,0.01,0,1,0,1,1,''),
(25650,33445,0,0.01,0,1,0,1,1,''),
(25650,29549,0,0.01,0,1,0,1,1,'');
DELETE FROM creature_loot_template WHERE Entry=25981;
INSERT INTO creature_loot_template VALUES
(25981,33470,0,22,1,1,0,1,1,''),
(25981,33452,0,16,0,1,0,1,1,''),
(25981,33444,0,8,0,1,0,1,1,''),
(25981,36417,0,0.3,0,1,0,1,1,''),
(25981,36669,0,0.2,0,1,0,1,1,''),
(25981,36655,0,0.19,0,1,0,1,1,''),
(25981,35957,0,0.18,0,1,0,1,1,''),
(25981,35955,0,0.17,0,1,0,1,1,''),
(25981,35961,0,0.17,0,1,0,1,1,''),
(25981,35960,0,0.16,0,1,0,1,1,''),
(25981,36431,0,0.16,0,1,0,1,1,''),
(25981,36292,0,0.16,0,1,0,1,1,''),
(25981,36185,0,0.15,0,1,0,1,1,''),
(25981,36069,0,0.14,0,1,0,1,1,''),
(25981,36072,0,0.14,0,1,0,1,1,''),
(25981,36403,0,0.14,0,1,0,1,1,''),
(25981,35962,0,0.13,0,1,0,1,1,''),
(25981,35956,0,0.13,0,1,0,1,1,''),
(25981,35959,0,0.13,0,1,0,1,1,''),
(25981,36683,0,0.11,0,1,0,1,1,''),
(25981,35958,0,0.11,0,1,0,1,1,''),
(25981,36298,0,0.11,0,1,0,1,1,''),
(25981,36074,0,0.1,0,1,0,1,1,''),
(25981,36071,0,0.1,0,1,0,1,1,''),
(25981,36070,0,0.1,0,1,0,1,1,''),
(25981,36186,0,0.1,0,1,0,1,1,''),
(25981,36184,0,0.1,0,1,0,1,1,''),
(25981,36297,0,0.1,0,1,0,1,1,''),
(25981,36073,0,0.09,0,1,0,1,1,''),
(25981,36067,0,0.09,0,1,0,1,1,''),
(25981,36181,0,0.09,0,1,0,1,1,''),
(25981,36183,0,0.09,0,1,0,1,1,''),
(25981,36179,0,0.09,0,1,0,1,1,''),
(25981,36291,0,0.09,0,1,0,1,1,''),
(25981,36294,0,0.09,0,1,0,1,1,''),
(25981,36295,0,0.09,0,1,0,1,1,''),
(25981,36296,0,0.09,0,1,0,1,1,''),
(25981,35966,0,0.08,0,1,0,1,1,''),
(25981,36068,0,0.08,0,1,0,1,1,''),
(25981,36182,0,0.08,0,1,0,1,1,''),
(25981,36180,0,0.08,0,1,0,1,1,''),
(25981,36445,0,0.08,0,1,0,1,1,''),
(25981,36670,0,0.07,0,1,0,1,1,''),
(25981,36487,0,0.07,0,1,0,1,1,''),
(25981,36293,0,0.07,0,1,0,1,1,''),
(25981,35964,0,0.06,0,1,0,1,1,''),
(25981,36299,0,0.06,0,1,0,1,1,''),
(25981,36459,0,0.06,0,1,0,1,1,''),
(25981,36080,0,0.06,0,1,0,1,1,''),
(25981,35969,0,0.05,0,1,0,1,1,''),
(25981,36304,0,0.05,0,1,0,1,1,''),
(25981,36557,0,0.05,0,1,0,1,1,''),
(25981,36697,0,0.04,0,1,0,1,1,''),
(25981,35967,0,0.04,0,1,0,1,1,''),
(25981,35965,0,0.04,0,1,0,1,1,''),
(25981,35963,0,0.04,0,1,0,1,1,''),
(25981,36306,0,0.04,0,1,0,1,1,''),
(25981,36301,0,0.04,0,1,0,1,1,''),
(25981,36585,0,0.04,0,1,0,1,1,''),
(25981,36187,0,0.04,0,1,0,1,1,''),
(25981,36473,0,0.04,0,1,0,1,1,''),
(25981,36515,0,0.04,0,1,0,1,1,''),
(25981,36432,0,0.04,0,1,0,1,1,''),
(25981,36571,0,0.04,0,1,0,1,1,''),
(25981,36079,0,0.04,0,1,0,1,1,''),
(25981,36081,0,0.04,0,1,0,1,1,''),
(25981,36684,0,0.03,0,1,0,1,1,''),
(25981,35970,0,0.03,0,1,0,1,1,''),
(25981,36302,0,0.03,0,1,0,1,1,''),
(25981,36303,0,0.03,0,1,0,1,1,''),
(25981,36300,0,0.03,0,1,0,1,1,''),
(25981,36656,0,0.03,0,1,0,1,1,''),
(25981,36501,0,0.03,0,1,0,1,1,''),
(25981,36188,0,0.03,0,1,0,1,1,''),
(25981,36194,0,0.03,0,1,0,1,1,''),
(25981,36189,0,0.03,0,1,0,1,1,''),
(25981,36190,0,0.03,0,1,0,1,1,''),
(25981,36191,0,0.03,0,1,0,1,1,''),
(25981,36193,0,0.03,0,1,0,1,1,''),
(25981,36599,0,0.03,0,1,0,1,1,''),
(25981,36543,0,0.03,0,1,0,1,1,''),
(25981,36529,0,0.03,0,1,0,1,1,''),
(25981,36082,0,0.03,0,1,0,1,1,''),
(25981,37746,0,0.02,0,1,0,1,1,''),
(25981,37762,0,0.02,0,1,0,1,1,''),
(25981,37752,0,0.02,0,1,0,1,1,''),
(25981,36641,0,0.02,0,1,0,1,1,''),
(25981,36305,0,0.02,0,1,0,1,1,''),
(25981,36558,0,0.02,0,1,0,1,1,''),
(25981,36474,0,0.02,0,1,0,1,1,''),
(25981,36446,0,0.02,0,1,0,1,1,''),
(25981,36192,0,0.02,0,1,0,1,1,''),
(25981,36460,0,0.02,0,1,0,1,1,''),
(25981,36516,0,0.02,0,1,0,1,1,''),
(25981,36502,0,0.02,0,1,0,1,1,''),
(25981,36076,0,0.02,0,1,0,1,1,''),
(25981,36077,0,0.02,0,1,0,1,1,''),
(25981,36075,0,0.02,0,1,0,1,1,''),
(25981,36078,0,0.02,0,1,0,1,1,''),
(25981,37747,0,0.01,0,1,0,1,1,''),
(25981,37782,0,0.01,0,1,0,1,1,''),
(25981,37745,0,0.01,0,1,0,1,1,''),
(25981,37744,0,0.01,0,1,0,1,1,''),
(25981,37743,0,0.01,0,1,0,1,1,''),
(25981,37749,0,0.01,0,1,0,1,1,''),
(25981,37751,0,0.01,0,1,0,1,1,''),
(25981,37748,0,0.01,0,1,0,1,1,''),
(25981,37772,0,0.01,0,1,0,1,1,''),
(25981,36488,0,0.01,0,1,0,1,1,''),
(25981,36698,0,0.01,0,1,0,1,1,''),
(25981,36572,0,0.01,0,1,0,1,1,''),
(25981,36642,0,0.01,0,1,0,1,1,''),
(25981,36613,0,0.01,0,1,0,1,1,''),
(25981,36544,0,0.01,0,1,0,1,1,''),
(25981,36404,0,0.01,0,1,0,1,1,''),
(25981,36530,0,0.01,0,1,0,1,1,''),
(25981,36586,0,0.01,0,1,0,1,1,''),
(25981,42108,0,0.01,0,1,0,1,1,''),
(25981,36699,0,0.01,0,1,0,1,1,''),
(25981,35975,0,0.01,0,1,0,1,1,''),
(25981,35976,0,0.01,0,1,0,1,1,''),
(25981,36671,0,0.01,0,1,0,1,1,''),
(25981,36083,0,0.01,0,1,0,1,1,''),
(25981,36532,0,0.01,0,1,0,1,1,''),
(25981,36315,0,0.01,0,1,0,1,1,''),
(25981,35947,0,0.01,0,1,0,1,1,''),
(25981,43851,0,20,0,1,0,1,1,''),
(25981,22829,0,4,0,1,0,1,1,''),
(25981,22832,0,2,0,1,0,1,1,''),
(25981,43463,0,0.5,0,1,0,1,1,''),
(25981,37091,0,0.5,0,1,0,1,1,''),
(25981,43467,0,0.5,0,1,0,1,1,''),
(25981,37093,0,0.5,0,1,0,1,1,''),
(25981,37097,0,0.5,0,1,0,1,1,''),
(25981,33427,0,0.5,0,1,0,1,1,''),
(25981,31952,0,0.4,0,1,0,1,1,''),
(25981,43465,0,0.4,0,1,0,1,1,''),
(25981,33374,0,0.3,0,1,0,1,1,''),
(25981,33375,0,0.3,0,1,0,1,1,''),
(25981,33376,0,0.3,0,1,0,1,1,''),
(25981,33439,0,0.3,0,1,0,1,1,''),
(25981,33377,0,0.3,0,1,0,1,1,''),
(25981,33409,0,0.3,0,1,0,1,1,''),
(25981,33390,0,0.3,0,1,0,1,1,''),
(25981,33393,0,0.3,0,1,0,1,1,''),
(25981,33394,0,0.3,0,1,0,1,1,''),
(25981,33395,0,0.3,0,1,0,1,1,''),
(25981,33396,0,0.3,0,1,0,1,1,''),
(25981,33422,0,0.3,0,1,0,1,1,''),
(25981,33358,0,0.3,0,1,0,1,1,''),
(25981,33359,0,0.3,0,1,0,1,1,''),
(25981,33360,0,0.3,0,1,0,1,1,''),
(25981,33361,0,0.3,0,1,0,1,1,''),
(25981,33362,0,0.3,0,1,0,1,1,''),
(25981,33363,0,0.3,0,1,0,1,1,''),
(25981,33364,0,0.3,0,1,0,1,1,''),
(25981,33424,0,0.2,0,1,0,1,1,''),
(25981,33428,0,0.2,0,1,0,1,1,''),
(25981,33372,0,0.2,0,1,0,1,1,''),
(25981,33373,0,0.2,0,1,0,1,1,''),
(25981,33378,0,0.2,0,1,0,1,1,''),
(25981,33429,0,0.2,0,1,0,1,1,''),
(25981,33404,0,0.2,0,1,0,1,1,''),
(25981,33406,0,0.2,0,1,0,1,1,''),
(25981,33407,0,0.2,0,1,0,1,1,''),
(25981,33408,0,0.2,0,1,0,1,1,''),
(25981,33440,0,0.2,0,1,0,1,1,''),
(25981,33410,0,0.2,0,1,0,1,1,''),
(25981,33431,0,0.2,0,1,0,1,1,''),
(25981,33391,0,0.2,0,1,0,1,1,''),
(25981,33392,0,0.2,0,1,0,1,1,''),
(25981,33437,0,0.2,0,1,0,1,1,''),
(25981,33423,0,0.2,0,1,0,1,1,''),
(25981,33438,0,0.2,0,1,0,1,1,''),
(25981,33405,0,0.19,0,1,0,1,1,''),
(25981,33425,0,0.19,0,1,0,1,1,''),
(25981,43509,0,0.17,0,1,0,1,1,''),
(25981,43510,0,0.17,0,1,0,1,1,''),
(25981,33426,0,0.16,0,1,0,1,1,''),
(25981,43508,0,0.14,0,1,0,1,1,''),
(25981,33430,0,0.13,0,1,0,1,1,''),
(25981,43507,0,0.11,0,1,0,1,1,''),
(25981,36418,0,0.09,0,1,0,1,1,''),
(25981,35968,0,0.04,0,1,0,1,1,''),
(25981,33445,0,0.01,0,1,0,1,1,''),
(25981,4500,0,0.01,0,1,0,1,1,''),
(25981,13444,0,0.01,0,1,0,1,1,'');
DELETE FROM creature_loot_template WHERE Entry=25839;
INSERT INTO creature_loot_template VALUES
(25839,35188,0,66,1,1,0,1,2,''),
(25839,33470,0,16,0,1,0,1,1,''),
(25839,33454,0,6,0,1,0,1,1,''),
(25839,33444,0,3,0,1,0,1,1,''),
(25839,36417,0,0.06,0,1,0,1,1,''),
(25839,35967,0,0.04,0,1,0,1,1,''),
(25839,35964,0,0.04,0,1,0,1,1,''),
(25839,35962,0,0.04,0,1,0,1,1,''),
(25839,35956,0,0.04,0,1,0,1,1,''),
(25839,36189,0,0.04,0,1,0,1,1,''),
(25839,36191,0,0.04,0,1,0,1,1,''),
(25839,36432,0,0.04,0,1,0,1,1,''),
(25839,35970,0,0.03,0,1,0,1,1,''),
(25839,35969,0,0.03,0,1,0,1,1,''),
(25839,35965,0,0.03,0,1,0,1,1,''),
(25839,36301,0,0.03,0,1,0,1,1,''),
(25839,36299,0,0.03,0,1,0,1,1,''),
(25839,36303,0,0.03,0,1,0,1,1,''),
(25839,36305,0,0.03,0,1,0,1,1,''),
(25839,36300,0,0.03,0,1,0,1,1,''),
(25839,36669,0,0.03,0,1,0,1,1,''),
(25839,36683,0,0.03,0,1,0,1,1,''),
(25839,35955,0,0.03,0,1,0,1,1,''),
(25839,35959,0,0.03,0,1,0,1,1,''),
(25839,35960,0,0.03,0,1,0,1,1,''),
(25839,35957,0,0.03,0,1,0,1,1,''),
(25839,36185,0,0.03,0,1,0,1,1,''),
(25839,36179,0,0.03,0,1,0,1,1,''),
(25839,36670,0,0.03,0,1,0,1,1,''),
(25839,36431,0,0.03,0,1,0,1,1,''),
(25839,36295,0,0.03,0,1,0,1,1,''),
(25839,36075,0,0.03,0,1,0,1,1,''),
(25839,36684,0,0.02,0,1,0,1,1,''),
(25839,35966,0,0.02,0,1,0,1,1,''),
(25839,35963,0,0.02,0,1,0,1,1,''),
(25839,36306,0,0.02,0,1,0,1,1,''),
(25839,36302,0,0.02,0,1,0,1,1,''),
(25839,36304,0,0.02,0,1,0,1,1,''),
(25839,36073,0,0.02,0,1,0,1,1,''),
(25839,36072,0,0.02,0,1,0,1,1,''),
(25839,36067,0,0.02,0,1,0,1,1,''),
(25839,36656,0,0.02,0,1,0,1,1,''),
(25839,36572,0,0.02,0,1,0,1,1,''),
(25839,35958,0,0.02,0,1,0,1,1,''),
(25839,35961,0,0.02,0,1,0,1,1,''),
(25839,36186,0,0.02,0,1,0,1,1,''),
(25839,36181,0,0.02,0,1,0,1,1,''),
(25839,36184,0,0.02,0,1,0,1,1,''),
(25839,35976,0,0.02,0,1,0,1,1,''),
(25839,35978,0,0.02,0,1,0,1,1,''),
(25839,36194,0,0.02,0,1,0,1,1,''),
(25839,36190,0,0.02,0,1,0,1,1,''),
(25839,36192,0,0.02,0,1,0,1,1,''),
(25839,36671,0,0.02,0,1,0,1,1,''),
(25839,36655,0,0.02,0,1,0,1,1,''),
(25839,36515,0,0.02,0,1,0,1,1,''),
(25839,36445,0,0.02,0,1,0,1,1,''),
(25839,36404,0,0.02,0,1,0,1,1,''),
(25839,36516,0,0.02,0,1,0,1,1,''),
(25839,36293,0,0.02,0,1,0,1,1,''),
(25839,36298,0,0.02,0,1,0,1,1,''),
(25839,36297,0,0.02,0,1,0,1,1,''),
(25839,36294,0,0.02,0,1,0,1,1,''),
(25839,36296,0,0.02,0,1,0,1,1,''),
(25839,36082,0,0.02,0,1,0,1,1,''),
(25839,36076,0,0.02,0,1,0,1,1,''),
(25839,36077,0,0.02,0,1,0,1,1,''),
(25839,36079,0,0.02,0,1,0,1,1,''),
(25839,36078,0,0.02,0,1,0,1,1,''),
(25839,36081,0,0.02,0,1,0,1,1,''),
(25839,36313,0,0.01,0,1,0,1,1,''),
(25839,36308,0,0.01,0,1,0,1,1,''),
(25839,36311,0,0.01,0,1,0,1,1,''),
(25839,36312,0,0.01,0,1,0,1,1,''),
(25839,36314,0,0.01,0,1,0,1,1,''),
(25839,36488,0,0.01,0,1,0,1,1,''),
(25839,36558,0,0.01,0,1,0,1,1,''),
(25839,36068,0,0.01,0,1,0,1,1,''),
(25839,36074,0,0.01,0,1,0,1,1,''),
(25839,36071,0,0.01,0,1,0,1,1,''),
(25839,36070,0,0.01,0,1,0,1,1,''),
(25839,36069,0,0.01,0,1,0,1,1,''),
(25839,36461,0,0.01,0,1,0,1,1,''),
(25839,36474,0,0.01,0,1,0,1,1,''),
(25839,36585,0,0.01,0,1,0,1,1,''),
(25839,36446,0,0.01,0,1,0,1,1,''),
(25839,36182,0,0.01,0,1,0,1,1,''),
(25839,36180,0,0.01,0,1,0,1,1,''),
(25839,36183,0,0.01,0,1,0,1,1,''),
(25839,36501,0,0.01,0,1,0,1,1,''),
(25839,36613,0,0.01,0,1,0,1,1,''),
(25839,36489,0,0.01,0,1,0,1,1,''),
(25839,36544,0,0.01,0,1,0,1,1,''),
(25839,36557,0,0.01,0,1,0,1,1,''),
(25839,35972,0,0.01,0,1,0,1,1,''),
(25839,35975,0,0.01,0,1,0,1,1,''),
(25839,35971,0,0.01,0,1,0,1,1,''),
(25839,35974,0,0.01,0,1,0,1,1,''),
(25839,35973,0,0.01,0,1,0,1,1,''),
(25839,35977,0,0.01,0,1,0,1,1,''),
(25839,36187,0,0.01,0,1,0,1,1,''),
(25839,36188,0,0.01,0,1,0,1,1,''),
(25839,36193,0,0.01,0,1,0,1,1,''),
(25839,36460,0,0.01,0,1,0,1,1,''),
(25839,36403,0,0.01,0,1,0,1,1,''),
(25839,36083,0,0.01,0,1,0,1,1,''),
(25839,36084,0,0.01,0,1,0,1,1,''),
(25839,36086,0,0.01,0,1,0,1,1,''),
(25839,36088,0,0.01,0,1,0,1,1,''),
(25839,36090,0,0.01,0,1,0,1,1,''),
(25839,36197,0,0.01,0,1,0,1,1,''),
(25839,36198,0,0.01,0,1,0,1,1,''),
(25839,36196,0,0.01,0,1,0,1,1,''),
(25839,36199,0,0.01,0,1,0,1,1,''),
(25839,36201,0,0.01,0,1,0,1,1,''),
(25839,36195,0,0.01,0,1,0,1,1,''),
(25839,36433,0,0.01,0,1,0,1,1,''),
(25839,36487,0,0.01,0,1,0,1,1,''),
(25839,36587,0,0.01,0,1,0,1,1,''),
(25839,36657,0,0.01,0,1,0,1,1,''),
(25839,36600,0,0.01,0,1,0,1,1,''),
(25839,36291,0,0.01,0,1,0,1,1,''),
(25839,36292,0,0.01,0,1,0,1,1,''),
(25839,36080,0,0.01,0,1,0,1,1,''),
(25839,36586,0,0.01,0,1,0,1,1,''),
(25839,37751,0,0.01,0,1,0,1,1,''),
(25839,36698,0,0.01,0,1,0,1,1,''),
(25839,36405,0,0.01,0,1,0,1,1,''),
(25839,36447,0,0.01,0,1,0,1,1,''),
(25839,36599,0,0.01,0,1,0,1,1,''),
(25839,36473,0,0.01,0,1,0,1,1,''),
(25839,36685,0,0.01,0,1,0,1,1,''),
(25839,36200,0,0.01,0,1,0,1,1,''),
(25839,36571,0,0.01,0,1,0,1,1,''),
(25839,36530,0,0.01,0,1,0,1,1,''),
(25839,43851,0,35,0,1,0,1,1,''),
(25839,22829,0,1.6,0,1,0,1,1,''),
(25839,22832,0,0.9,0,1,0,1,1,''),
(25839,43467,0,0.3,0,1,0,1,1,''),
(25839,37093,0,0.2,0,1,0,1,1,''),
(25839,43465,0,0.2,0,1,0,1,1,''),
(25839,37097,0,0.18,0,1,0,1,1,''),
(25839,37091,0,0.16,0,1,0,1,1,''),
(25839,43463,0,0.15,0,1,0,1,1,''),
(25839,36418,0,0.14,0,1,0,1,1,''),
(25839,31952,0,0.13,0,1,0,1,1,''),
(25839,33391,0,0.12,0,1,0,1,1,''),
(25839,33363,0,0.12,0,1,0,1,1,''),
(25839,33373,0,0.11,0,1,0,1,1,''),
(25839,33375,0,0.11,0,1,0,1,1,''),
(25839,33392,0,0.11,0,1,0,1,1,''),
(25839,33396,0,0.11,0,1,0,1,1,''),
(25839,33424,0,0.1,0,1,0,1,1,''),
(25839,33427,0,0.1,0,1,0,1,1,''),
(25839,33374,0,0.1,0,1,0,1,1,''),
(25839,33439,0,0.1,0,1,0,1,1,''),
(25839,33377,0,0.1,0,1,0,1,1,''),
(25839,33405,0,0.1,0,1,0,1,1,''),
(25839,33425,0,0.1,0,1,0,1,1,''),
(25839,33431,0,0.1,0,1,0,1,1,''),
(25839,33390,0,0.1,0,1,0,1,1,''),
(25839,33393,0,0.1,0,1,0,1,1,''),
(25839,33395,0,0.1,0,1,0,1,1,''),
(25839,33358,0,0.1,0,1,0,1,1,''),
(25839,33426,0,0.09,0,1,0,1,1,''),
(25839,33372,0,0.09,0,1,0,1,1,''),
(25839,33378,0,0.09,0,1,0,1,1,''),
(25839,33406,0,0.09,0,1,0,1,1,''),
(25839,33408,0,0.09,0,1,0,1,1,''),
(25839,33409,0,0.09,0,1,0,1,1,''),
(25839,33437,0,0.09,0,1,0,1,1,''),
(25839,33438,0,0.09,0,1,0,1,1,''),
(25839,33430,0,0.08,0,1,0,1,1,''),
(25839,33428,0,0.08,0,1,0,1,1,''),
(25839,33376,0,0.08,0,1,0,1,1,''),
(25839,33404,0,0.08,0,1,0,1,1,''),
(25839,33407,0,0.08,0,1,0,1,1,''),
(25839,33440,0,0.08,0,1,0,1,1,''),
(25839,33394,0,0.08,0,1,0,1,1,''),
(25839,33422,0,0.08,0,1,0,1,1,''),
(25839,33359,0,0.08,0,1,0,1,1,''),
(25839,33360,0,0.08,0,1,0,1,1,''),
(25839,33361,0,0.08,0,1,0,1,1,''),
(25839,33362,0,0.08,0,1,0,1,1,''),
(25839,33364,0,0.08,0,1,0,1,1,''),
(25839,33429,0,0.07,0,1,0,1,1,''),
(25839,33410,0,0.07,0,1,0,1,1,''),
(25839,43507,0,0.05,0,1,0,1,1,''),
(25839,36419,0,0.04,0,1,0,1,1,''),
(25839,43510,0,0.04,0,1,0,1,1,''),
(25839,43508,0,0.04,0,1,0,1,1,''),
(25839,35968,0,0.03,0,1,0,1,1,''),
(25839,43509,0,0.02,0,1,0,1,1,''),
(25839,43876,0,0.01,0,1,0,1,1,''),
(25839,22153,0,0.01,0,1,0,1,1,''),
(25839,33445,0,0.01,0,1,0,1,1,''),
(25839,3914,0,0.01,0,1,0,1,1,''),
(25839,13444,0,0.01,0,1,0,1,1,''),
(25839,35953,0,0.01,0,1,0,1,1,'');
DELETE FROM creature_loot_template WHERE Entry=25843;
INSERT INTO creature_loot_template VALUES
(25843,35188,0,56,1,1,0,1,4,''),
(25843,35222,0,55,1,1,0,1,1,''),
(25843,33470,0,14,0,1,0,1,1,''),
(25843,33454,0,5,0,1,0,1,1,''),
(25843,33444,0,2,0,1,0,1,1,''),
(25843,36656,0,0.17,0,1,0,1,1,''),
(25843,36417,0,0.05,0,1,0,1,1,''),
(25843,36431,0,0.04,0,1,0,1,1,''),
(25843,35966,0,0.03,0,1,0,1,1,''),
(25843,35967,0,0.03,0,1,0,1,1,''),
(25843,35964,0,0.03,0,1,0,1,1,''),
(25843,36299,0,0.03,0,1,0,1,1,''),
(25843,35957,0,0.03,0,1,0,1,1,''),
(25843,36184,0,0.03,0,1,0,1,1,''),
(25843,36670,0,0.03,0,1,0,1,1,''),
(25843,36188,0,0.03,0,1,0,1,1,''),
(25843,36081,0,0.03,0,1,0,1,1,''),
(25843,35970,0,0.02,0,1,0,1,1,''),
(25843,35965,0,0.02,0,1,0,1,1,''),
(25843,36305,0,0.02,0,1,0,1,1,''),
(25843,36071,0,0.02,0,1,0,1,1,''),
(25843,36070,0,0.02,0,1,0,1,1,''),
(25843,36067,0,0.02,0,1,0,1,1,''),
(25843,36669,0,0.02,0,1,0,1,1,''),
(25843,35959,0,0.02,0,1,0,1,1,''),
(25843,36186,0,0.02,0,1,0,1,1,''),
(25843,36182,0,0.02,0,1,0,1,1,''),
(25843,36185,0,0.02,0,1,0,1,1,''),
(25843,36179,0,0.02,0,1,0,1,1,''),
(25843,36192,0,0.02,0,1,0,1,1,''),
(25843,36655,0,0.02,0,1,0,1,1,''),
(25843,36445,0,0.02,0,1,0,1,1,''),
(25843,36291,0,0.02,0,1,0,1,1,''),
(25843,37745,0,0.01,0,1,0,1,1,''),
(25843,36684,0,0.01,0,1,0,1,1,''),
(25843,36307,0,0.01,0,1,0,1,1,''),
(25843,36310,0,0.01,0,1,0,1,1,''),
(25843,35969,0,0.01,0,1,0,1,1,''),
(25843,35963,0,0.01,0,1,0,1,1,''),
(25843,36306,0,0.01,0,1,0,1,1,''),
(25843,36301,0,0.01,0,1,0,1,1,''),
(25843,36302,0,0.01,0,1,0,1,1,''),
(25843,36074,0,0.01,0,1,0,1,1,''),
(25843,36072,0,0.01,0,1,0,1,1,''),
(25843,36474,0,0.01,0,1,0,1,1,''),
(25843,36683,0,0.01,0,1,0,1,1,''),
(25843,35955,0,0.01,0,1,0,1,1,''),
(25843,35962,0,0.01,0,1,0,1,1,''),
(25843,35958,0,0.01,0,1,0,1,1,''),
(25843,35960,0,0.01,0,1,0,1,1,''),
(25843,35961,0,0.01,0,1,0,1,1,''),
(25843,36585,0,0.01,0,1,0,1,1,''),
(25843,36180,0,0.01,0,1,0,1,1,''),
(25843,36183,0,0.01,0,1,0,1,1,''),
(25843,36501,0,0.01,0,1,0,1,1,''),
(25843,36517,0,0.01,0,1,0,1,1,''),
(25843,36557,0,0.01,0,1,0,1,1,''),
(25843,35974,0,0.01,0,1,0,1,1,''),
(25843,35977,0,0.01,0,1,0,1,1,''),
(25843,36187,0,0.01,0,1,0,1,1,''),
(25843,36191,0,0.01,0,1,0,1,1,''),
(25843,36671,0,0.01,0,1,0,1,1,''),
(25843,36086,0,0.01,0,1,0,1,1,''),
(25843,36432,0,0.01,0,1,0,1,1,''),
(25843,36571,0,0.01,0,1,0,1,1,''),
(25843,36487,0,0.01,0,1,0,1,1,''),
(25843,36502,0,0.01,0,1,0,1,1,''),
(25843,36293,0,0.01,0,1,0,1,1,''),
(25843,36298,0,0.01,0,1,0,1,1,''),
(25843,36297,0,0.01,0,1,0,1,1,''),
(25843,36294,0,0.01,0,1,0,1,1,''),
(25843,36082,0,0.01,0,1,0,1,1,''),
(25843,36080,0,0.01,0,1,0,1,1,''),
(25843,35994,0,0.01,0,1,0,1,1,''),
(25843,36529,0,0.01,0,1,0,1,1,''),
(25843,36079,0,0.01,0,1,0,1,1,''),
(25843,43851,0,29,0,1,0,1,1,''),
(25843,22829,0,1.4,0,1,0,1,1,''),
(25843,22832,0,0.7,0,1,0,1,1,''),
(25843,43463,0,0.2,0,1,0,1,1,''),
(25843,43467,0,0.17,0,1,0,1,1,''),
(25843,37097,0,0.15,0,1,0,1,1,''),
(25843,33396,0,0.15,0,1,0,1,1,''),
(25843,37091,0,0.14,0,1,0,1,1,''),
(25843,31952,0,0.13,0,1,0,1,1,''),
(25843,43465,0,0.13,0,1,0,1,1,''),
(25843,33424,0,0.1,0,1,0,1,1,''),
(25843,33372,0,0.1,0,1,0,1,1,''),
(25843,37093,0,0.09,0,1,0,1,1,''),
(25843,33404,0,0.09,0,1,0,1,1,''),
(25843,33405,0,0.09,0,1,0,1,1,''),
(25843,33407,0,0.09,0,1,0,1,1,''),
(25843,33408,0,0.09,0,1,0,1,1,''),
(25843,33360,0,0.09,0,1,0,1,1,''),
(25843,33361,0,0.09,0,1,0,1,1,''),
(25843,43508,0,0.08,0,1,0,1,1,''),
(25843,33374,0,0.08,0,1,0,1,1,''),
(25843,33439,0,0.08,0,1,0,1,1,''),
(25843,33377,0,0.08,0,1,0,1,1,''),
(25843,33378,0,0.08,0,1,0,1,1,''),
(25843,33425,0,0.08,0,1,0,1,1,''),
(25843,33391,0,0.08,0,1,0,1,1,''),
(25843,33393,0,0.08,0,1,0,1,1,''),
(25843,33437,0,0.08,0,1,0,1,1,''),
(25843,33438,0,0.08,0,1,0,1,1,''),
(25843,33430,0,0.07,0,1,0,1,1,''),
(25843,33428,0,0.07,0,1,0,1,1,''),
(25843,33427,0,0.07,0,1,0,1,1,''),
(25843,33373,0,0.07,0,1,0,1,1,''),
(25843,33376,0,0.07,0,1,0,1,1,''),
(25843,33406,0,0.07,0,1,0,1,1,''),
(25843,33409,0,0.07,0,1,0,1,1,''),
(25843,33410,0,0.07,0,1,0,1,1,''),
(25843,33390,0,0.07,0,1,0,1,1,''),
(25843,33394,0,0.07,0,1,0,1,1,''),
(25843,33359,0,0.07,0,1,0,1,1,''),
(25843,33362,0,0.07,0,1,0,1,1,''),
(25843,33363,0,0.07,0,1,0,1,1,''),
(25843,36418,0,0.06,0,1,0,1,1,''),
(25843,33426,0,0.06,0,1,0,1,1,''),
(25843,33429,0,0.06,0,1,0,1,1,''),
(25843,33431,0,0.06,0,1,0,1,1,''),
(25843,33395,0,0.06,0,1,0,1,1,''),
(25843,33422,0,0.06,0,1,0,1,1,''),
(25843,33358,0,0.06,0,1,0,1,1,''),
(25843,33364,0,0.06,0,1,0,1,1,''),
(25843,43509,0,0.05,0,1,0,1,1,''),
(25843,33375,0,0.05,0,1,0,1,1,''),
(25843,33440,0,0.05,0,1,0,1,1,''),
(25843,35968,0,0.04,0,1,0,1,1,''),
(25843,43507,0,0.04,0,1,0,1,1,''),
(25843,33392,0,0.04,0,1,0,1,1,''),
(25843,43510,0,0.02,0,1,0,1,1,''),
(25843,36419,0,0.01,0,1,0,1,1,''),
(25843,33445,0,0.01,0,1,0,1,1,''),
(25843,13444,0,0.01,0,1,0,1,1,''),
(25843,35953,0,0.01,0,1,0,1,1,'');
