# TrinityCore - WowPacketParser
# File name: 森加.pkt
# Detected build: V7_3_5_26124
# Detected locale: zhCN
# Targeted database: Legion
# Parsing date: 03/11/2018 20:30:15

DELETE FROM `areatrigger_template` WHERE `Id` IN (16197, 15925, 16380);
INSERT INTO `areatrigger_template` (`Id`, `Type`, `Flags`, `Data0`, `Data1`, `Data2`, `Data3`, `Data4`, `Data5`, `VerifiedBuild`) VALUES
(16197, 0, 0, 3, 3, 0, 0, 0, 0, 26124),
(15925, 0, 4, 3, 3, 0, 0, 0, 0, 26124),
(16380, 1, 4, 6, 1, 0.75, 6, 1, 0.75, 26124);

UPDATE `areatrigger_template` SET `Flags`=0 WHERE `Id`=10682;


DELETE FROM `spell_areatrigger` WHERE (`AreaTriggerId`=16713) OR (`AreaTriggerId`=16197) OR (`AreaTriggerId`=10698) OR (`AreaTriggerId`=9228) OR (`AreaTriggerId`=16572) OR (`AreaTriggerId`=15925) OR (`AreaTriggerId`=10682) OR (`AreaTriggerId`=16380) OR (`AreaTriggerId`=9110)  OR (`AreaTriggerId`=16170) OR (`AreaTriggerId`=10693) OR (`AreaTriggerId`=10727) OR (`AreaTriggerId`=10665);
INSERT INTO `spell_areatrigger` (`SpellMiscId`, `AreaTriggerId`, `MoveCurveId`, `ScaleCurveId`, `MorphCurveId`, `FacingCurveId`, `DecalPropertiesId`, `TimeToTarget`, `TimeToTargetScale`, `VerifiedBuild`) VALUES
(12002, 16713, 0, 0, 0, 0, 0, 0, 6000, 26124), -- SpellId : 256820
(11435, 16197, 0, 0, 0, 0, 57, 0, 30000, 26124), -- SpellId : 251900
(6006, 10698, 0, 0, 0, 0, 0, 5000, 5000, 26124), -- SpellId : 204019
(4488, 9228, 0, 0, 0, 0, 0, 0, 10785, 26124), -- SpellId : 26573
(11883, 16572, 0, 0, 0, 0, 0, 0, 15000, 26124), -- SpellId : 253320
(11126, 15925, 0, 0, 0, 0, 0, 0, 60000, 26124), -- SpellId : 249239
(5994, 10682, 0, 0, 0, 0, 0, 0, 8500, 26124), -- SpellId : 204066
(11692, 16380, 0, 0, 0, 0, 0, 0, 20000, 26124), -- SpellId : 253991
(4366, 9110, 0, 0, 0, 0, 0, 1431, 1750, 26124), -- SpellId : 186775
(11408, 16170, 0, 0, 0, 0, 0, 0, 8000, 26124), -- SpellId : 251549
(6711, 10693, 0, 0, 0, 0, 0, 0, 20000, 26124), -- SpellId : 204062
(6039, 10727, 0, 0, 0, 0, 0, 0, 1000, 26124), -- SpellId : 204596
(5977, 10665, 0, 0, 0, 0, 0, 0, 20000, 26124); -- SpellId : 204255


DELETE FROM `conversation_actors` WHERE (`ConversationId`=5788 AND `Idx`=0) OR (`ConversationId`=5785 AND `Idx`=0) OR (`ConversationId`=5791 AND `Idx`=0) OR (`ConversationId`=6141 AND `Idx`=0);
INSERT INTO `conversation_actors` (`ConversationId`, `ConversationActorId`, `Idx`, `VerifiedBuild`) VALUES
(5788, 53609, 0, 26124),
(5785, 53609, 0, 26124),
(5791, 53609, 0, 26124),
(6141, 2259997, 0, 26124);



UPDATE `conversation_actor_template` SET `CreatureId`=120218, `CreatureModelId`=74146 WHERE `Id`=53609;
UPDATE `conversation_actor_template` SET `CreatureId`=120218, `CreatureModelId`=74146 WHERE `Id`=53609;
UPDATE `conversation_actor_template` SET `CreatureId`=120218, `CreatureModelId`=74146 WHERE `Id`=53609;

DELETE FROM `conversation_line_template` WHERE `Id` IN (12992, 12998, 13663);
INSERT INTO `conversation_line_template` (`Id`, `StartTime`, `UiCameraID`, `ActorIdx`, `Flags`, `VerifiedBuild`) VALUES
(12992, 0, 296, 0, 0, 26124),
(12998, 0, 296, 0, 0, 26124),
(13663, 0, 553551152, 0, 0, 26124);

UPDATE `conversation_line_template` SET `VerifiedBuild`=26124 WHERE `Id`=12995;

DELETE FROM `conversation_template` WHERE `Id` IN (5791, 5785, 6141);
INSERT INTO `conversation_template` (`Id`, `FirstLineID`, `LastLineEndTime`, `VerifiedBuild`) VALUES
(5791, 12998, 7464, 26124),
(5785, 12992, 4882, 26124),
(6141, 13663, 8621, 26124);


DELETE FROM `gameobject_template_addon` WHERE `entry`=273513;
INSERT INTO `gameobject_template_addon` (`entry`, `faction`, `flags`) VALUES
(273513, 0, 1048608); -- 维迪卡尔






SET @CGUID=441863; -- 150
SET @OGUID=100569; -- 40

DELETE FROM `creature` WHERE `guid` BETWEEN @CGUID+0 AND @CGUID+99;
INSERT INTO `creature` (`guid`, `id`, `map`, `zoneId`, `areaId`, `spawnMask`, `PhaseId`, `PhaseGroup`, `modelid`, `equipment_id`, `position_x`, `position_y`, `position_z`, `orientation`, `spawntimesecs`, `spawndist`, `currentwaypoint`, `curhealth`, `curmana`, `MovementType`, `npcflag`, `unit_flags`, `dynamicflags`, `VerifiedBuild`) VALUES
(@CGUID+0, 125967, 1779, 9126, 9126, 1, '0', 0, 0, 0, 668.9375, 611.6354, 40.68224, 3.522511, 7200, 10, 0, 0, 0, 1, 0, 0, 0, 26124), -- 凝魂审判官 (Area: -Unknown- - Difficulty: 0) (Auras: 251298 - -Unknown-) (possible waypoints or random movement)
(@CGUID+1, 125938, 1779, 9126, 9126, 1, '0', 0, 0, 0, 663.691, 606.4236, 40.88541, 1.454035, 7200, 10, 0, 0, 0, 1, 0, 0, 0, 26124), -- 灼热的地狱火 (Area: -Unknown- - Difficulty: 0) (Auras: 251298 - -Unknown-) (possible waypoints or random movement)
(@CGUID+2, 125938, 1779, 9126, 9126, 1, '0', 0, 0, 0, 663.8924, 616.3993, 40.53472, 4.740067, 7200, 10, 0, 0, 0, 1, 0, 0, 0, 26124), -- 灼热的地狱火 (Area: -Unknown- - Difficulty: 0) (Auras: 251298 - -Unknown-) (possible waypoints or random movement)
(@CGUID+3, 125936, 1779, 9126, 9126, 1, '0', 0, 0, 0, 635.8108, 586.2847, 40.58562, 0.7638926, 7200, 10, 0, 0, 0, 1, 0, 0, 0, 26124), -- 炽燃猎犬 (Area: -Unknown- - Difficulty: 0) (Auras: 251298 - -Unknown-) (possible waypoints or random movement)
(@CGUID+4, 125921, 1779, 9126, 9126, 1, '0', 0, 0, 0, 638.934, 577.941, 40.61733, 0.7638926, 7200, 10, 0, 0, 0, 1, 0, 0, 0, 26124), -- 聒噪的恶魔 (Area: -Unknown- - Difficulty: 0) (Auras: 251298 - -Unknown-) (possible waypoints or random movement)
(@CGUID+5, 125936, 1779, 9126, 9126, 1, '0', 0, 0, 0, 627.9705, 578.0382, 40.5434, 0.7638926, 7200, 10, 0, 0, 0, 1, 0, 0, 0, 26124), -- 炽燃猎犬 (Area: -Unknown- - Difficulty: 0) (Auras: 251298 - -Unknown-) (possible waypoints or random movement)
(@CGUID+6, 125965, 1779, 9126, 9126, 1, '0', 0, 0, 0, 633.5226, 580.1424, 40.62674, 0.7638926, 7200, 10, 0, 0, 0, 1, 0, 0, 0, 26124), -- 疯狂的掠夺者 (Area: -Unknown- - Difficulty: 0) (Auras: 251298 - -Unknown-) (possible waypoints or random movement)
(@CGUID+7, 125527, 1779, 9126, 9126, 1, '0', 0, 0, 0, 663.7761, 618.4219, 40.47853, 1.392737, 7200, 10, 0, 0, 0, 1, 0, 0, 0, 26124), -- 恐惧使者瓦鲁斯 (Area: -Unknown- - Difficulty: 0) (Auras: 251298 - -Unknown-) (possible waypoints or random movement)
(@CGUID+8, 72676, 1779, 9126, 9126, 1, '0', 0, 0, 0, 758.7639, 740.0608, 41.28571, 4.16352, 7200, 0, 0, 0, 0, 0, 0, 0, 0, 26124), -- 灵魂医者 (Area: -Unknown- - Difficulty: 0) (Auras: 9036 - -Unknown-, 251896 - -Unknown-, 10848 - -Unknown-, 22011 - -Unknown-)
(@CGUID+9, 124884, 1779, 9126, 9126, 1, '0', 0, 0, 0, 654.0816, 596.4531, 40.40311, 4.222463, 7200, 0, 0, 0, 0, 0, 0, 0, 0, 26124), -- 侵入点 (Area: -Unknown- - Difficulty: 0) (Auras: 251896 - -Unknown-)
(@CGUID+10, 127108, 1779, 9126, 9126, 1, '0', 0, 0, 0, 654.0816, 596.4531, 40.40311, 3.860927, 7200, 0, 0, 0, 0, 0, 0, 0, 0, 26124), -- 恶魔猎手 (Area: -Unknown- - Difficulty: 0) (Auras: 222589 - -Unknown-)
(@CGUID+11, 127108, 1779, 9126, 9126, 1, '0', 0, 0, 0, 654.0816, 596.4531, 40.40311, 5.117566, 7200, 0, 0, 0, 0, 0, 0, 0, 0, 26124), -- 恶魔猎手 (Area: -Unknown- - Difficulty: 0) (Auras: 222589 - -Unknown-)
(@CGUID+12, 127108, 1779, 9126, 9126, 1, '0', 0, 0, 0, 654.0816, 596.4531, 40.40311, 2.604293, 7200, 0, 0, 0, 0, 0, 0, 0, 0, 26124), -- 恶魔猎手 (Area: -Unknown- - Difficulty: 0) (Auras: 222589 - -Unknown-)
(@CGUID+13, 127108, 1779, 9126, 9126, 1, '0', 0, 0, 0, 654.0816, 596.4531, 40.40311, 0.09102253, 7200, 0, 0, 0, 0, 0, 0, 0, 0, 26124), -- 恶魔猎手 (Area: -Unknown- - Difficulty: 0) (Auras: 222589 - -Unknown-)
(@CGUID+14, 127108, 1779, 9126, 9126, 1, '0', 0, 0, 0, 654.0816, 596.4531, 40.40311, 1.348016, 7200, 0, 0, 0, 0, 0, 0, 0, 0, 26124), -- 恶魔猎手 (Area: -Unknown- - Difficulty: 0) (Auras: 222589 - -Unknown-)

(@CGUID+15, 126120, 1669, 8899, 9143, 1, '0', 0, 0, 0, -2763.939, 9230.536, -169.6172, 1.814568, 7200, 0, 0, 0, 0, 0, 0, 0, 0, 26124), -- 侵入点：森加 (Area: -Unknown- - Difficulty: 1)

(@CGUID+36, 124884, 1779, 9126, 9126, 1, '0', 0, 0, 0, 764.0625, 724.7049, 42.02058, 3.396429, 7200, 0, 0, 0, 0, 0, 0, 0, 0, 26124), -- 侵入点 (Area: -Unknown- - Difficulty: 0) (Auras: 251896 - -Unknown-)
(@CGUID+37, 124884, 1779, 9126, 9126, 1, '0', 0, 0, 0, 764.0625, 724.7049, 42.02058, 3.396429, 7200, 0, 0, 0, 0, 0, 0, 0, 0, 26124), -- 侵入点 (Area: -Unknown- - Difficulty: 0) (Auras: 251896 - -Unknown-)
(@CGUID+38, 127378, 1779, 9126, 9126, 1, '0', 0, 0, 0, 743.4879, 662.5573, 44.29123, 3.041971, 7200, 0, 0, 0, 0, 0, 0, 0, 0, 26124), -- 纹章驯火者 (Area: -Unknown- - Difficulty: 0) (Auras: 251896 - -Unknown-, 252778 - -Unknown-)
(@CGUID+39, 124835, 1779, 9126, 9126, 1, '0', 0, 0, 0, 632.6528, 677.3229, 37.62013, 2.111262, 7200, 0, 0, 0, 0, 0, 0, 0, 0, 26124), -- 熔岩巨人 (Area: -Unknown- - Difficulty: 0) (Auras: 251896 - -Unknown-)
(@CGUID+40, 126293, 1779, 9126, 9126, 1, '0', 0, 0, 0, 632.5903, 723.3212, 48.2458, 4.992579, 7200, 0, 0, 0, 0, 0, 0, 0, 0, 26124), -- 阴燃裂隙 (Area: -Unknown- - Difficulty: 0) (Auras: 250722 - -Unknown-)
(@CGUID+41, 124835, 1779, 9126, 9126, 1, '0', 0, 0, 0, 719.7917, 663.9375, 37.21225, 6.245734, 7200, 0, 0, 0, 0, 0, 0, 0, 0, 26124), -- 熔岩巨人 (Area: -Unknown- - Difficulty: 0) (Auras: 251896 - -Unknown-)
(@CGUID+42, 127257, 1779, 9126, 9126, 1, '0', 0, 0, 0, 740.9738, 601.744, 65.3952, 4.503026, 7200, 10, 0, 0, 0, 1, 0, 0, 0, 26124), -- 炽燃的火翼鹰 (Area: -Unknown- - Difficulty: 0) (Auras: 251896 - -Unknown-) (possible waypoints or random movement)
(@CGUID+43, 126293, 1779, 9126, 9126, 1, '0', 0, 0, 0, 749.9809, 687.559, 47.4518, 3.811936, 7200, 0, 0, 0, 0, 0, 0, 0, 0, 26124), -- 阴燃裂隙 (Area: -Unknown- - Difficulty: 0) (Auras: 250722 - -Unknown-)
(@CGUID+44, 125197, 1779, 9126, 9126, 1, '0', 0, 0, 0, 674.0382, 609.6268, 40.68924, 5.363329, 7200, 0, 0, 0, 0, 0, 0, 0, 0, 26124), -- -Unknown- (Area: -Unknown- - Difficulty: 0)
(@CGUID+45, 125197, 1779, 9126, 9126, 1, '0', 0, 0, 0, 673.2188, 629.5625, 40.30209, 5.363329, 7200, 0, 0, 0, 0, 0, 0, 0, 0, 26124), -- -Unknown- (Area: -Unknown- - Difficulty: 0) (Auras: 251896 - -Unknown-, 252628 - -Unknown-)
(@CGUID+46, 126230, 1779, 9126, 9126, 1, '0', 0, 0, 0, 706.1597, 646.6476, 39.92415, 0.7510715, 7200, 0, 0, 0, 0, 0, 0, 0, 0, 26124), -- 疯狂的腐蚀者 (Area: -Unknown- - Difficulty: 0) (Auras: 251896 - -Unknown-, 252244 - -Unknown-)
(@CGUID+47, 125758, 1779, 9126, 9126, 1, '0', 0, 0, 0, 629.292, 643.3549, 42.03051, 4.331017, 7200, 0, 0, 0, 0, 0, 0, 0, 0, 26124), -- 暗誓叛徒 (Area: -Unknown- - Difficulty: 0) (Auras: 251896 - -Unknown-)
(@CGUID+48, 125197, 1779, 9126, 9126, 1, '0', 0, 0, 0, 654.0208, 629.8108, 40.38764, 5.363329, 7200, 0, 0, 0, 0, 0, 0, 0, 0, 26124), -- -Unknown- (Area: -Unknown- - Difficulty: 0)
(@CGUID+49, 125757, 1779, 9126, 9126, 1, '0', 0, 0, 0, 691.0767, 593.6154, 40.66082, 0.7471859, 7200, 0, 0, 0, 0, 0, 0, 0, 0, 26124), -- 魔焰入侵者 (Area: -Unknown- - Difficulty: 0) (Auras: 251896 - -Unknown-)
(@CGUID+50, 125936, 1779, 9126, 9126, 1, '0', 0, 0, 0, 632.2948, 640.7287, 42.03796, 4.342263, 7200, 0, 0, 0, 0, 0, 0, 0, 0, 26124), -- 炽燃猎犬 (Area: -Unknown- - Difficulty: 0) (Auras: 251896 - -Unknown-)
(@CGUID+51, 126293, 1779, 9126, 9126, 1, '0', 0, 0, 0, 558.6129, 593.2448, 48.7298, 0.2371592, 7200, 0, 0, 0, 0, 0, 0, 0, 0, 26124), -- 阴燃裂隙 (Area: -Unknown- - Difficulty: 0)
(@CGUID+52, 124835, 1779, 9126, 9126, 1, '0', 0, 0, 0, 655.6354, 536.5208, 36.13264, 5.040635, 7200, 10, 0, 0, 0, 1, 0, 0, 0, 26124), -- 熔岩巨人 (Area: -Unknown- - Difficulty: 0) (Auras: 251896 - -Unknown-) (possible waypoints or random movement)
(@CGUID+53, 125936, 1779, 9126, 9126, 1, '0', 0, 0, 0, 662.7232, 572.1814, 41.44585, 3.073288, 7200, 0, 0, 0, 0, 0, 0, 0, 0, 26124), -- 炽燃猎犬 (Area: -Unknown- - Difficulty: 0) (Auras: 251896 - -Unknown-)
(@CGUID+54, 126293, 1779, 9126, 9126, 1, '0', 0, 0, 0, 597.2656, 523.7205, 48.06181, 0.9656233, 7200, 0, 0, 0, 0, 0, 0, 0, 0, 26124), -- 阴燃裂隙 (Area: -Unknown- - Difficulty: 0) (Auras: 250722 - -Unknown-)
(@CGUID+55, 124835, 1779, 9126, 9126, 1, '0', 0, 0, 0, 592.993, 598.5799, 36.08507, 2.13949, 7200, 0, 0, 0, 0, 0, 0, 0, 0, 26124), -- 熔岩巨人 (Area: -Unknown- - Difficulty: 0) (Auras: 251896 - -Unknown-)
(@CGUID+56, 125936, 1779, 9126, 9126, 1, '0', 0, 0, 0, 651.5793, 570.9391, 40.59138, 3.073287, 7200, 0, 0, 0, 0, 0, 0, 0, 0, 26124), -- 炽燃猎犬 (Area: -Unknown- - Difficulty: 0) (Auras: 251896 - -Unknown-)
(@CGUID+57, 126293, 1779, 9126, 9126, 1, '0', 0, 0, 0, 609.7396, 709.5608, 48.16679, 5.239416, 7200, 0, 0, 0, 0, 0, 0, 0, 0, 26124), -- 阴燃裂隙 (Area: -Unknown- - Difficulty: 0) (Auras: 250722 - -Unknown-)
(@CGUID+58, 125777, 1779, 9126, 9126, 1, '0', 0, 0, 0, 662.4503, 568.1907, 41.44585, 3.073288, 7200, 0, 0, 0, 0, 0, 0, 0, 0, 26124), -- 邪恶腐化者 (Area: -Unknown- - Difficulty: 0) (Auras: 251896 - -Unknown-)
(@CGUID+59, 125776, 1779, 9126, 9126, 1, '0', 0, 0, 0, 628.9291, 639.8463, 41.09177, 4.636765, 7200, 0, 0, 0, 0, 0, 0, 0, 0, 26124), -- 邪恶腐化者 (Area: -Unknown- - Difficulty: 0) (Auras: 251896 - -Unknown-)
(@CGUID+60, 125197, 1779, 9126, 9126, 1, '0', 0, 0, 0, 686.5585, 586.7037, 41.56551, 0.7471852, 7200, 0, 0, 0, 0, 0, 0, 0, 0, 26124), -- -Unknown- (Area: -Unknown- - Difficulty: 0) (Auras: 251896 - -Unknown-)
(@CGUID+61, 125197, 1779, 9126, 9126, 1, '0', 0, 0, 0, 653.9028, 607.9097, 40.81361, 5.363329, 7200, 0, 0, 0, 0, 0, 0, 0, 0, 26124), -- -Unknown- (Area: -Unknown- - Difficulty: 0)
(@CGUID+62, 126293, 1779, 9126, 9126, 1, '0', 0, 0, 0, 746.6545, 550.4879, 47.81181, 2.460838, 7200, 0, 0, 0, 0, 0, 0, 0, 0, 26124), -- 阴燃裂隙 (Area: -Unknown- - Difficulty: 0)
(@CGUID+63, 126293, 1779, 9126, 9126, 1, '0', 0, 0, 0, 559.5695, 663.8055, 48.40479, 5.8689, 7200, 0, 0, 0, 0, 0, 0, 0, 0, 26124), -- 阴燃裂隙 (Area: -Unknown- - Difficulty: 0) (Auras: 250722 - -Unknown-)
(@CGUID+64, 125199, 1779, 9126, 9126, 1, '0', 0, 0, 0, 683.8403, 589.6382, 41.56551, 0.7471852, 7200, 0, 0, 0, 0, 0, 0, 0, 0, 26124), -- 得意的裂隙行者 (Area: -Unknown- - Difficulty: 0) (Auras: 251896 - -Unknown-)
(@CGUID+65, 126293, 1779, 9126, 9126, 1, '0', 0, 0, 0, 668.8698, 498.5, 47.6778, 1.621567, 7200, 0, 0, 0, 0, 0, 0, 0, 0, 26124), -- 阴燃裂隙 (Area: -Unknown- - Difficulty: 0)
(@CGUID+66, 124835, 1779, 9126, 9126, 1, '0', 0, 0, 0, 733.993, 576.9271, 36.23611, 3.513478, 7200, 0, 0, 0, 0, 0, 0, 0, 0, 26124), -- 熔岩巨人 (Area: -Unknown- - Difficulty: 0) (Auras: 251896 - -Unknown-)
(@CGUID+67, 128117, 1779, 9126, 9126, 1, '0', 0, 0, 0, 665.5052, 620.559, 40.41585, 1.95861, 7200, 0, 0, 0, 0, 0, 0, 0, 0, 26124), -- Invasion Point Bunny (Area: -Unknown- - Difficulty: 0)
(@CGUID+68, 126230, 1779, 9126, 9126, 1, '0', 0, 0, 0, 639.7448, 657.6597, 40.63898, 2.094975, 7200, 0, 0, 0, 0, 0, 0, 0, 0, 26124), -- 疯狂的腐蚀者 (Area: -Unknown- - Difficulty: 0) (Auras: 251896 - -Unknown-, 252244 - -Unknown-)
(@CGUID+69, 127404, 1779, 9126, 9126, 1, '0', 0, 0, 0, 664.368, 620.4375, 72.68623, 0, 7200, 0, 0, 0, 0, 0, 0, 0, 0, 26124), -- 裂隙破坏者 (Area: -Unknown- - Difficulty: 0) (Auras: 251896 - -Unknown-)
(@CGUID+70, 126230, 1779, 9126, 9126, 1, '0', 0, 0, 0, 662.5972, 671.368, 40.71817, 2.094565, 7200, 0, 0, 0, 0, 0, 0, 0, 0, 26124), -- 疯狂的腐蚀者 (Area: -Unknown- - Difficulty: 0) (Auras: 251896 - -Unknown-, 252244 - -Unknown-)
(@CGUID+71, 126875, 1779, 9126, 9126, 1, '0', 0, 0, 0, 663.2327, 615.6476, 77.23857, 0, 7200, 0, 0, 0, 0, 0, 0, 0, 0, 26124), -- 燃烧脚步 (Area: -Unknown- - Difficulty: 0) (Auras: 251896 - -Unknown-)
(@CGUID+72, 126230, 1779, 9126, 9126, 1, '0', 0, 0, 0, 615.2101, 641.3333, 40.87648, 2.757745, 7200, 0, 0, 0, 0, 0, 0, 0, 0, 26124), -- 疯狂的腐蚀者 (Area: -Unknown- - Difficulty: 0) (Auras: 251896 - -Unknown-, 252244 - -Unknown-)
(@CGUID+73, 127378, 1779, 9126, 9126, 1, '0', 0, 0, 0, 600.5121, 730.5729, 40.89684, 5.255278, 7200, 0, 0, 0, 0, 0, 0, 0, 0, 26124), -- 纹章驯火者 (Area: -Unknown- - Difficulty: 0) (Auras: 251896 - -Unknown-, 252778 - -Unknown-)
(@CGUID+74, 126230, 1779, 9126, 9126, 1, '0', 0, 0, 0, 714.8646, 601.3733, 40.33338, 5.270799, 7200, 10, 0, 0, 0, 1, 0, 0, 0, 26124), -- 疯狂的腐蚀者 (Area: -Unknown- - Difficulty: 0) (Auras: 251896 - -Unknown-, 252244 - -Unknown-) (possible waypoints or random movement)
(@CGUID+75, 127378, 1779, 9126, 9126, 1, '0', 0, 0, 0, 718.8021, 570.4601, 43.40936, 0.3439174, 7200, 0, 0, 0, 0, 0, 0, 0, 0, 26124), -- 纹章驯火者 (Area: -Unknown- - Difficulty: 0) (Auras: 251896 - -Unknown-, 252778 - -Unknown-)
(@CGUID+76, 126230, 1779, 9126, 9126, 1, '0', 0, 0, 0, 616.8368, 607.7691, 41.20167, 3.386059, 7200, 0, 0, 0, 0, 0, 0, 0, 0, 26124), -- 疯狂的腐蚀者 (Area: -Unknown- - Difficulty: 0) (Auras: 251896 - -Unknown-, 252244 - -Unknown-)
(@CGUID+77, 126230, 1779, 9126, 9126, 1, '0', 0, 0, 0, 631.6893, 572.8785, 40.53381, 4.101485, 7200, 0, 0, 0, 0, 0, 0, 0, 0, 26124), -- 疯狂的腐蚀者 (Area: -Unknown- - Difficulty: 0) (Auras: 251896 - -Unknown-, 252244 - -Unknown-)
(@CGUID+78, 127378, 1779, 9126, 9126, 1, '0', 0, 0, 0, 555.4323, 656.7761, 40.49913, 5.358727, 7200, 0, 0, 0, 0, 0, 0, 0, 0, 26124), -- 纹章驯火者 (Area: -Unknown- - Difficulty: 0) (Auras: 251896 - -Unknown-, 252778 - -Unknown-)
(@CGUID+79, 126230, 1779, 9126, 9126, 1, '0', 0, 0, 0, 668.8768, 558.5399, 40.15018, 4.712273, 7200, 10, 0, 0, 0, 1, 0, 0, 0, 26124), -- 疯狂的腐蚀者 (Area: -Unknown- - Difficulty: 0) (Auras: 251896 - -Unknown-, 252244 - -Unknown-) (possible waypoints or random movement)
(@CGUID+80, 125777, 1779, 9126, 9126, 1, '0', 0, 0, 0, 662.1354, 627.1945, 40.3129, 0, 7200, 0, 0, 0, 0, 0, 0, 0, 0, 26124), -- 邪恶腐化者 (Area: -Unknown- - Difficulty: 0) (Auras: 251298 - -Unknown-)
(@CGUID+81, 125936, 1779, 9126, 9126, 1, '0', 0, 0, 0, 673.507, 627.7327, 40.32813, 0, 7200, 0, 0, 0, 0, 0, 0, 0, 0, 26124), -- 炽燃猎犬 (Area: -Unknown- - Difficulty: 0) (Auras: 251298 - -Unknown-)
(@CGUID+82, 125936, 1779, 9126, 9126, 1, '0', 0, 0, 0, 669.9861, 619.5452, 40.45313, 0, 7200, 0, 0, 0, 0, 0, 0, 0, 0, 26124), -- 炽燃猎犬 (Area: -Unknown- - Difficulty: 0) (Auras: 251298 - -Unknown-)
(@CGUID+83, 125199, 1779, 9126, 9126, 1, '0', 0, 0, 0, 687.9393, 630.4445, 40.34722, 0, 7200, 0, 0, 0, 0, 0, 0, 0, 0, 26124), -- 得意的裂隙行者 (Area: -Unknown- - Difficulty: 0) (Auras: 251298 - -Unknown-)
(@CGUID+84, 125197, 1779, 9126, 9126, 1, '0', 0, 0, 0, 695.7917, 622.7952, 40.30555, 0, 7200, 0, 0, 0, 0, 0, 0, 0, 0, 26124), -- -Unknown- (Area: -Unknown- - Difficulty: 0) (Auras: 251298 - -Unknown-)
(@CGUID+85, 125757, 1779, 9126, 9126, 1, '0', 0, 0, 0, 699.3125, 630.9827, 40.2294, 0, 7200, 0, 0, 0, 0, 0, 0, 0, 0, 26124), -- 魔焰入侵者 (Area: -Unknown- - Difficulty: 0) (Auras: 251298 - -Unknown-)
(@CGUID+86, 127378, 1779, 9126, 9126, 1, '0', 0, 0, 0, 669.2708, 496.9427, 44.86546, 1.925539, 7200, 0, 0, 0, 0, 0, 0, 0, 0, 26124), -- 纹章驯火者 (Area: -Unknown- - Difficulty: 0) (Auras: 251896 - -Unknown-, 252778 - -Unknown-)
(@CGUID+87, 125199, 1779, 9126, 9126, 1, '0', 0, 0, 0, 675.9045, 600.625, 40.34722, 0, 7200, 0, 0, 0, 0, 0, 0, 0, 0, 26124), -- 得意的裂隙行者 (Area: -Unknown- - Difficulty: 0) (Auras: 251298 - -Unknown-)
(@CGUID+88, 125197, 1779, 9126, 9126, 1, '0', 0, 0, 0, 683.7587, 592.9757, 40.44965, 0, 7200, 0, 0, 0, 0, 0, 0, 0, 0, 26124), -- -Unknown- (Area: -Unknown- - Difficulty: 0) (Auras: 251298 - -Unknown-)
(@CGUID+89, 125757, 1779, 9126, 9126, 1, '0', 0, 0, 0, 687.2795, 601.1632, 40.45139, 0, 7200, 0, 0, 0, 0, 0, 0, 0, 0, 26124), -- 魔焰入侵者 (Area: -Unknown- - Difficulty: 0) (Auras: 251298 - -Unknown-)
(@CGUID+90, 125785, 1779, 9126, 9126, 1, '0', 0, 0, 0, 668.9375, 611.6354, 40.68224, 3.522511, 7200, 0, 0, 0, 0, 0, 0, 0, 0, 26124), -- 邪疯狂战士 (Area: -Unknown- - Difficulty: 0) (Auras: 251298 - -Unknown-)
(@CGUID+91, 125788, 1779, 9126, 9126, 1, '0', 0, 0, 0, 663.8924, 616.3993, 40.53472, 4.740067, 7200, 0, 0, 0, 0, 0, 0, 0, 0, 26124), -- 刃誓信徒 (Area: -Unknown- - Difficulty: 0) (Auras: 251298 - -Unknown-)
(@CGUID+92, 125936, 1779, 9126, 9126, 1, '0', 0, 0, 0, 635.8108, 586.2847, 40.58562, 0.7638926, 7200, 0, 0, 0, 0, 0, 0, 0, 0, 26124), -- 炽燃猎犬 (Area: -Unknown- - Difficulty: 0) (Auras: 251298 - -Unknown-)
(@CGUID+93, 125921, 1779, 9126, 9126, 1, '0', 0, 0, 0, 638.934, 577.941, 40.61733, 0.7638926, 7200, 0, 0, 0, 0, 0, 0, 0, 0, 26124), -- 聒噪的恶魔 (Area: -Unknown- - Difficulty: 0) (Auras: 251298 - -Unknown-)
(@CGUID+94, 125933, 1779, 9126, 9126, 1, '0', 0, 0, 0, 663.691, 606.4236, 40.88541, 1.454035, 7200, 0, 0, 0, 0, 0, 0, 0, 0, 26124), -- 吐白沫的刀翼蝠 (Area: -Unknown- - Difficulty: 0) (Auras: 251298 - -Unknown-)
(@CGUID+95, 125936, 1779, 9126, 9126, 1, '0', 0, 0, 0, 627.9705, 578.0382, 40.5434, 0.7638926, 7200, 0, 0, 0, 0, 0, 0, 0, 0, 26124), -- 炽燃猎犬 (Area: -Unknown- - Difficulty: 0) (Auras: 251298 - -Unknown-)
(@CGUID+96, 125965, 1779, 9126, 9126, 1, '0', 0, 0, 0, 633.5226, 580.1424, 40.62674, 0.7638926, 7200, 0, 0, 0, 0, 0, 0, 0, 0, 26124), -- 疯狂的掠夺者 (Area: -Unknown- - Difficulty: 0) (Auras: 251298 - -Unknown-)
(@CGUID+97, 125938, 1779, 9126, 9126, 1, '0', 0, 0, 0, 644.0712, 654.941, 40.69618, 1.202802, 7200, 0, 0, 0, 0, 0, 0, 0, 0, 26124), -- 灼热的地狱火 (Area: -Unknown- - Difficulty: 0) (Auras: 251298 - -Unknown-)
(@CGUID+98, 125938, 1779, 9126, 9126, 1, '0', 0, 0, 0, 652.1337, 660.1111, 40.80035, 3.452601, 7200, 0, 0, 0, 0, 0, 0, 0, 0, 26124), -- 灼热的地狱火 (Area: -Unknown- - Difficulty: 0) (Auras: 251298 - -Unknown-)
(@CGUID+99, 125967, 1779, 9126, 9126, 1, '0', 0, 0, 0, 641.0208, 661.8993, 40.45551, 5.518114, 7200, 10, 0, 0, 0, 1, 0, 0, 0, 26124); -- 凝魂审判官 (Area: -Unknown- - Difficulty: 0) (Auras: 251298 - -Unknown-) (possible waypoints or random movement)

DELETE FROM `creature_addon` WHERE `guid` BETWEEN @CGUID+0 AND @CGUID+99;
INSERT INTO `creature_addon` (`guid`, `path_id`, `mount`, `bytes1`, `bytes2`, `emote`, `aiAnimKit`, `movementAnimKit`, `meleeAnimKit`, `auras`) VALUES
(@CGUID+0, 0, 0, 0, 1, 0, 0, 0, 0, '251298'), -- 凝魂审判官 - 251298 - -Unknown-
(@CGUID+1, 0, 0, 0, 1, 0, 0, 0, 0, '251298'), -- 灼热的地狱火 - 251298 - -Unknown-
(@CGUID+2, 0, 0, 0, 1, 0, 0, 0, 0, '251298'), -- 灼热的地狱火 - 251298 - -Unknown-
(@CGUID+3, 0, 0, 0, 1, 0, 0, 0, 0, '251298'), -- 炽燃猎犬 - 251298 - -Unknown-
(@CGUID+4, 0, 0, 0, 1, 0, 0, 0, 0, '251298'), -- 聒噪的恶魔 - 251298 - -Unknown-
(@CGUID+5, 0, 0, 0, 1, 0, 0, 0, 0, '251298'), -- 炽燃猎犬 - 251298 - -Unknown-
(@CGUID+6, 0, 0, 0, 1, 0, 0, 0, 0, '251298'), -- 疯狂的掠夺者 - 251298 - -Unknown-
(@CGUID+7, 0, 0, 0, 1, 0, 0, 0, 0, '251298'), -- 恐惧使者瓦鲁斯 - 251298 - -Unknown-
(@CGUID+8, 0, 0, 65536, 1, 0, 0, 0, 0, '9036 251896 10848 22011'), -- 灵魂医者 - 9036 - -Unknown-, 251896 - -Unknown-, 10848 - -Unknown-, 22011 - -Unknown-
(@CGUID+9, 0, 0, 0, 1, 0, 0, 0, 0, '251896'), -- 侵入点 - 251896 - -Unknown-
(@CGUID+10, 0, 0, 0, 1, 0, 0, 0, 0, '222589'), -- 恶魔猎手 - 222589 - -Unknown-
(@CGUID+11, 0, 0, 0, 1, 0, 0, 0, 0, '222589'), -- 恶魔猎手 - 222589 - -Unknown-
(@CGUID+12, 0, 0, 0, 1, 0, 0, 0, 0, '222589'), -- 恶魔猎手 - 222589 - -Unknown-
(@CGUID+13, 0, 0, 0, 1, 0, 0, 0, 0, '222589'), -- 恶魔猎手 - 222589 - -Unknown-
(@CGUID+14, 0, 0, 0, 1, 0, 0, 0, 0, '222589'), -- 恶魔猎手 - 222589 - -Unknown-

(@CGUID+15, 0, 0, 0, 1, 0, 0, 0, 0, ''), -- 侵入点：森加

(@CGUID+36, 0, 0, 0, 1, 0, 0, 0, 0, '251896'), -- 侵入点 - 251896 - -Unknown-
(@CGUID+37, 0, 0, 0, 1, 0, 0, 0, 0, '251896'), -- 侵入点 - 251896 - -Unknown-
(@CGUID+38, 0, 0, 0, 1, 0, 0, 0, 0, '251896 252778'), -- 纹章驯火者 - 251896 - -Unknown-, 252778 - -Unknown-
(@CGUID+39, 0, 0, 0, 1, 0, 0, 0, 0, '251896'), -- 熔岩巨人 - 251896 - -Unknown-
(@CGUID+40, 0, 0, 50331648, 1, 0, 0, 0, 0, '250722'), -- 阴燃裂隙 - 250722 - -Unknown-
(@CGUID+41, 0, 0, 0, 1, 0, 0, 0, 0, '251896'), -- 熔岩巨人 - 251896 - -Unknown-
(@CGUID+42, 0, 0, 50331648, 1, 0, 0, 0, 0, '251896'), -- 炽燃的火翼鹰 - 251896 - -Unknown-
(@CGUID+43, 0, 0, 50331648, 1, 0, 0, 0, 0, '250722'), -- 阴燃裂隙 - 250722 - -Unknown-
(@CGUID+44, 0, 0, 0, 1, 0, 0, 0, 0, ''), -- -Unknown-
(@CGUID+45, 0, 0, 0, 1, 0, 0, 0, 0, '251896 252628'), -- -Unknown- - 251896 - -Unknown-, 252628 - -Unknown-
(@CGUID+46, 0, 0, 0, 1, 0, 0, 0, 0, '251896 252244'), -- 疯狂的腐蚀者 - 251896 - -Unknown-, 252244 - -Unknown-
(@CGUID+47, 0, 0, 0, 1, 0, 0, 0, 0, '251896'), -- 暗誓叛徒 - 251896 - -Unknown-
(@CGUID+48, 0, 0, 0, 1, 0, 0, 0, 0, ''), -- -Unknown-
(@CGUID+49, 0, 0, 0, 1, 0, 0, 0, 0, '251896'), -- 魔焰入侵者 - 251896 - -Unknown-
(@CGUID+50, 0, 0, 0, 1, 0, 0, 0, 0, '251896'), -- 炽燃猎犬 - 251896 - -Unknown-
(@CGUID+51, 0, 0, 50331648, 1, 0, 0, 0, 0, ''), -- 阴燃裂隙
(@CGUID+52, 0, 0, 0, 1, 0, 0, 0, 0, '251896'), -- 熔岩巨人 - 251896 - -Unknown-
(@CGUID+53, 0, 0, 0, 1, 0, 0, 0, 0, '251896'), -- 炽燃猎犬 - 251896 - -Unknown-
(@CGUID+54, 0, 0, 50331648, 1, 0, 0, 0, 0, '250722'), -- 阴燃裂隙 - 250722 - -Unknown-
(@CGUID+55, 0, 0, 0, 1, 0, 0, 0, 0, '251896'), -- 熔岩巨人 - 251896 - -Unknown-
(@CGUID+56, 0, 0, 0, 1, 0, 0, 0, 0, '251896'), -- 炽燃猎犬 - 251896 - -Unknown-
(@CGUID+57, 0, 0, 50331648, 1, 0, 0, 0, 0, '250722'), -- 阴燃裂隙 - 250722 - -Unknown-
(@CGUID+58, 0, 0, 0, 1, 0, 0, 0, 0, '251896'), -- 邪恶腐化者 - 251896 - -Unknown-
(@CGUID+59, 0, 0, 0, 1, 0, 0, 0, 0, '251896'), -- 邪恶腐化者 - 251896 - -Unknown-
(@CGUID+60, 0, 0, 0, 1, 0, 0, 0, 0, '251896'), -- -Unknown- - 251896 - -Unknown-
(@CGUID+61, 0, 0, 0, 1, 0, 0, 0, 0, ''), -- -Unknown-
(@CGUID+62, 0, 0, 50331648, 1, 0, 0, 0, 0, ''), -- 阴燃裂隙
(@CGUID+63, 0, 0, 50331648, 1, 0, 0, 0, 0, '250722'), -- 阴燃裂隙 - 250722 - -Unknown-
(@CGUID+64, 0, 0, 0, 1, 0, 0, 0, 0, '251896'), -- 得意的裂隙行者 - 251896 - -Unknown-
(@CGUID+65, 0, 0, 50331648, 1, 0, 0, 0, 0, ''), -- 阴燃裂隙
(@CGUID+66, 0, 0, 0, 1, 0, 0, 0, 0, '251896'), -- 熔岩巨人 - 251896 - -Unknown-
(@CGUID+67, 0, 0, 50331648, 1, 0, 0, 0, 0, ''), -- Invasion Point Bunny
(@CGUID+68, 0, 0, 0, 1, 0, 0, 0, 0, '251896 252244'), -- 疯狂的腐蚀者 - 251896 - -Unknown-, 252244 - -Unknown-
(@CGUID+69, 0, 0, 0, 1, 0, 0, 0, 0, '251896'), -- 裂隙破坏者 - 251896 - -Unknown-
(@CGUID+70, 0, 0, 0, 1, 0, 0, 0, 0, '251896 252244'), -- 疯狂的腐蚀者 - 251896 - -Unknown-, 252244 - -Unknown-
(@CGUID+71, 0, 0, 50331648, 1, 0, 0, 0, 0, '251896'), -- 燃烧脚步 - 251896 - -Unknown-
(@CGUID+72, 0, 0, 0, 1, 0, 0, 0, 0, '251896 252244'), -- 疯狂的腐蚀者 - 251896 - -Unknown-, 252244 - -Unknown-
(@CGUID+73, 0, 0, 0, 1, 0, 0, 0, 0, '251896 252778'), -- 纹章驯火者 - 251896 - -Unknown-, 252778 - -Unknown-
(@CGUID+74, 0, 0, 0, 1, 0, 0, 0, 0, '251896 252244'), -- 疯狂的腐蚀者 - 251896 - -Unknown-, 252244 - -Unknown-
(@CGUID+75, 0, 0, 0, 1, 0, 0, 0, 0, '251896 252778'), -- 纹章驯火者 - 251896 - -Unknown-, 252778 - -Unknown-
(@CGUID+76, 0, 0, 0, 1, 0, 0, 0, 0, '251896 252244'), -- 疯狂的腐蚀者 - 251896 - -Unknown-, 252244 - -Unknown-
(@CGUID+77, 0, 0, 0, 1, 0, 0, 0, 0, '251896 252244'), -- 疯狂的腐蚀者 - 251896 - -Unknown-, 252244 - -Unknown-
(@CGUID+78, 0, 0, 0, 1, 0, 0, 0, 0, '251896 252778'), -- 纹章驯火者 - 251896 - -Unknown-, 252778 - -Unknown-
(@CGUID+79, 0, 0, 0, 1, 0, 0, 0, 0, '251896 252244'), -- 疯狂的腐蚀者 - 251896 - -Unknown-, 252244 - -Unknown-
(@CGUID+80, 0, 0, 0, 1, 0, 0, 0, 0, '251298'), -- 邪恶腐化者 - 251298 - -Unknown-
(@CGUID+81, 0, 0, 0, 1, 0, 0, 0, 0, '251298'), -- 炽燃猎犬 - 251298 - -Unknown-
(@CGUID+82, 0, 0, 0, 1, 0, 0, 0, 0, '251298'), -- 炽燃猎犬 - 251298 - -Unknown-
(@CGUID+83, 0, 0, 0, 1, 0, 0, 0, 0, '251298'), -- 得意的裂隙行者 - 251298 - -Unknown-
(@CGUID+84, 0, 0, 0, 1, 0, 0, 0, 0, '251298'), -- -Unknown- - 251298 - -Unknown-
(@CGUID+85, 0, 0, 0, 1, 0, 0, 0, 0, '251298'), -- 魔焰入侵者 - 251298 - -Unknown-
(@CGUID+86, 0, 0, 0, 1, 0, 0, 0, 0, '251896 252778'), -- 纹章驯火者 - 251896 - -Unknown-, 252778 - -Unknown-
(@CGUID+87, 0, 0, 0, 1, 0, 0, 0, 0, '251298'), -- 得意的裂隙行者 - 251298 - -Unknown-
(@CGUID+88, 0, 0, 0, 1, 0, 0, 0, 0, '251298'), -- -Unknown- - 251298 - -Unknown-
(@CGUID+89, 0, 0, 0, 1, 0, 0, 0, 0, '251298'), -- 魔焰入侵者 - 251298 - -Unknown-
(@CGUID+90, 0, 0, 0, 1, 0, 0, 0, 0, '251298'), -- 邪疯狂战士 - 251298 - -Unknown-
(@CGUID+91, 0, 0, 0, 1, 0, 0, 0, 0, '251298'), -- 刃誓信徒 - 251298 - -Unknown-
(@CGUID+92, 0, 0, 0, 1, 0, 0, 0, 0, '251298'), -- 炽燃猎犬 - 251298 - -Unknown-
(@CGUID+93, 0, 0, 0, 1, 0, 0, 0, 0, '251298'), -- 聒噪的恶魔 - 251298 - -Unknown-
(@CGUID+94, 0, 0, 0, 1, 0, 0, 0, 0, '251298'), -- 吐白沫的刀翼蝠 - 251298 - -Unknown-
(@CGUID+95, 0, 0, 0, 1, 0, 0, 0, 0, '251298'), -- 炽燃猎犬 - 251298 - -Unknown-
(@CGUID+96, 0, 0, 0, 1, 0, 0, 0, 0, '251298'), -- 疯狂的掠夺者 - 251298 - -Unknown-
(@CGUID+97, 0, 0, 0, 1, 0, 0, 0, 0, '251298'), -- 灼热的地狱火 - 251298 - -Unknown-
(@CGUID+98, 0, 0, 0, 1, 0, 0, 0, 0, '251298'), -- 灼热的地狱火 - 251298 - -Unknown-
(@CGUID+99, 0, 0, 0, 1, 0, 0, 0, 0, '251298'); -- 凝魂审判官 - 251298 - -Unknown-


DELETE FROM `gameobject` WHERE `guid` BETWEEN @OGUID+0 AND @OGUID+37;
INSERT INTO `gameobject` (`guid`, `id`, `map`, `zoneId`, `areaId`, `spawnMask`, `PhaseId`, `PhaseGroup`, `position_x`, `position_y`, `position_z`, `orientation`, `rotation0`, `rotation1`, `rotation2`, `rotation3`, `spawntimesecs`, `animprogress`, `state`, `VerifiedBuild`) VALUES
(@OGUID+0, 273513, 1669, 0, 0, 1, '0', 0, -2666.372, 8813.06, -64.84766, 1.832592, 0, 0, 0.7933521, 0.608763, 7200, 255, 1, 26124), -- 维迪卡尔 (Area: -Unknown- - Difficulty: 1)
(@OGUID+1, 272190, 1669, 0, 0, 1, '0', 0, -2637.421, 8705.014, -70.78128, 1.832592, 0, 0, 0.7933521, 0.608763, 7200, 255, 1, 26124), -- -Unknown- (Area: -Unknown- - Difficulty: 1)
(@OGUID+2, 273683, 1669, 0, 0, 1, '0', 0, -2641.88, 8696.427, -93.05579, 0.9155933, 0, 0, 0.4419727, 0.8970284, 7200, 255, 1, 26124), -- -Unknown- (Area: -Unknown- - Difficulty: 1)
(@OGUID+3, 273682, 1669, 0, 0, 1, '0', 0, -2645.472, 8690.078, -94.6084, 0.562543, 0, 0, 0.2775774, 0.9607033, 7200, 255, 1, 26124), -- -Unknown- (Area: -Unknown- - Difficulty: 1)
(@OGUID+4, 273681, 1669, 0, 0, 1, '0', 0, -2642.215, 8695.403, -94.172, 1.025934, 0, 0, 0.4907646, 0.8712922, 7200, 255, 1, 26124), -- -Unknown- (Area: -Unknown- - Difficulty: 1)
(@OGUID+5, 273684, 1669, 0, 0, 1, '0', 0, -2641.682, 8695.981, -94.17228, 5.528297, 0, 0, -0.3685455, 0.9296097, 7200, 255, 1, 26124), -- -Unknown- (Area: -Unknown- - Difficulty: 1)
(@OGUID+6, 273374, 1669, 0, 0, 1, '0', 0, -2636.772, 8661.821, -92.38483, 3.019413, 0, 0, 0.9981346, 0.06105176, 7200, 255, 1, 26124), -- -Unknown- (Area: -Unknown- - Difficulty: 1)
(@OGUID+7, 273373, 1669, 0, 0, 1, '0', 0, -2616.322, 8667.25, -92.68503, 1.588243, 0, 0, 0.7132483, 0.7009115, 7200, 255, 1, 26124), -- -Unknown- (Area: -Unknown- - Difficulty: 1)
(@OGUID+8, 273784, 1669, 0, 0, 1, '0', 0, -2635.672, 8698.469, -94.17313, 1.387528, 0, 0, 0.6394358, 0.7688445, 7200, 255, 1, 26124), -- -Unknown- (Area: -Unknown- - Difficulty: 1)
(@OGUID+9, 233662, 1669, 0, 0, 1, '0', 0, -2645.718, 8688.791, -94.60809, 1.129024, 0, 0, 0.5350037, 0.8448498, 7200, 255, 1, 26124), -- -Unknown- (Area: -Unknown- - Difficulty: 1)
(@OGUID+10, 273323, 1669, 0, 0, 1, '0', 0, -2636.772, 8661.821, -92.38483, 3.019413, 0, 0, 0.9981346, 0.06105176, 7200, 255, 1, 26124), -- -Unknown- (Area: -Unknown- - Difficulty: 1)
(@OGUID+11, 273322, 1669, 0, 0, 1, '0', 0, -2616.322, 8667.25, -92.68503, 1.588243, 0, 0, 0.7132483, 0.7009115, 7200, 255, 1, 26124), -- -Unknown- (Area: -Unknown- - Difficulty: 1)
(@OGUID+12, 273682, 1669, 0, 0, 1, '0', 0, -2641.842, 8696.661, -94.17228, 0.4594539, 0, 0, 0.2277117, 0.9737286, 7200, 255, 1, 26124), -- -Unknown- (Area: -Unknown- - Difficulty: 1)
(@OGUID+13, 273245, 1669, 0, 0, 1, '0', 0, -2623.834, 8654.303, -95.38852, 4.974185, 0, 0, -0.6087627, 0.7933523, 7200, 255, 1, 26124), -- -Unknown- (Area: -Unknown- - Difficulty: 1)
(@OGUID+14, 273722, 1669, 0, 0, 1, '0', 0, -2626.361, 8663.431, -110.5386, 1.815583, -0.07601881, 0.04123402, 0.7859459, 0.6122172, 7200, 255, 1, 26124), -- 圣光裁决者 (Area: -Unknown- - Difficulty: 1)
(@OGUID+15, 273375, 1669, 0, 0, 1, '0', 0, -2638.301, 8650.439, -91.68954, 2.460907, 0, 0, 0.9426403, 0.3338102, 7200, 255, 1, 26124), -- -Unknown- (Area: -Unknown- - Difficulty: 1)
(@OGUID+16, 273372, 1669, 0, 0, 1, '0', 0, -2609.372, 8658.182, -92.21811, 1.832592, 0, 0, 0.7933521, 0.608763, 7200, 255, 1, 26124), -- -Unknown- (Area: -Unknown- - Difficulty: 1)
(@OGUID+17, 273377, 1669, 0, 0, 1, '0', 0, -2623.835, 8654.309, -94.57962, 1.832592, 0, 0, 0.7933521, 0.608763, 7200, 255, 1, 26124), -- -Unknown- (Area: -Unknown- - Difficulty: 1)
(@OGUID+18, 273376, 1669, 0, 0, 1, '0', 0, -2631.348, 8641.372, -92.15469, 1.239179, 0, 0, 0.5807009, 0.814117, 7200, 255, 1, 26124), -- -Unknown- (Area: -Unknown- - Difficulty: 1)
(@OGUID+19, 273321, 1669, 0, 0, 1, '0', 0, -2609.372, 8658.182, -92.21811, 1.832592, 0, 0, 0.7933521, 0.608763, 7200, 255, 1, 26124), -- -Unknown- (Area: -Unknown- - Difficulty: 1)
(@OGUID+20, 273326, 1669, 0, 0, 1, '0', 0, -2623.835, 8654.309, -94.57962, 1.832592, 0, 0, 0.7933521, 0.608763, 7200, 255, 1, 26124), -- -Unknown- (Area: -Unknown- - Difficulty: 1)
(@OGUID+21, 273325, 1669, 0, 0, 1, '0', 0, -2631.348, 8641.372, -92.15469, 1.239179, 0, 0, 0.5807009, 0.814117, 7200, 255, 1, 26124), -- -Unknown- (Area: -Unknown- - Difficulty: 1)
(@OGUID+22, 273324, 1669, 0, 0, 1, '0', 0, -2638.301, 8650.439, -91.68954, 2.460907, 0, 0, 0.9426403, 0.3338102, 7200, 255, 1, 26124), -- -Unknown- (Area: -Unknown- - Difficulty: 1)
(@OGUID+23, 273846, 1669, 0, 0, 1, '0', 0, -2617.333, 8629.501, -75.00326, 1.80545, 0, 0, 0.785018, 0.619473, 7200, 255, 1, 26124), -- -Unknown- (Area: -Unknown- - Difficulty: 1)
(@OGUID+24, 273371, 1669, 0, 0, 1, '0', 0, -2610.893, 8646.796, -92.34354, 2.007121, 0, 0, 0.8433895, 0.5373027, 7200, 255, 1, 26124), -- -Unknown- (Area: -Unknown- - Difficulty: 1)
(@OGUID+25, 273320, 1669, 0, 0, 1, '0', 0, -2610.893, 8646.796, -92.34354, 2.007121, 0, 0, 0.8433895, 0.5373027, 7200, 255, 1, 26124), -- -Unknown- (Area: -Unknown- - Difficulty: 1)
(@OGUID+26, 272813, 1669, 0, 0, 1, '0', 0, -2578.219, 8617.566, -94.64178, 1.21759, 0, 0, 0.5718794, 0.8203377, 7200, 255, 1, 26124), -- -Unknown- (Area: -Unknown- - Difficulty: 1)
(@OGUID+27, 273496, 1669, 0, 0, 1, '0', 0, -2649.627, 8602.958, -63.40055, 0.7330341, 0, 0, 0.358366, 0.9335812, 7200, 255, 1, 26124), -- -Unknown- (Area: -Unknown- - Difficulty: 1)
(@OGUID+28, 272813, 1669, 0, 0, 1, '0', 0, -2568.814, 8642.635, -94.64142, 4.183976, 0, 0, -0.8672266, 0.4979137, 7200, 255, 1, 26124), -- -Unknown- (Area: -Unknown- - Difficulty: 1)
(@OGUID+29, 273849, 1669, 0, 0, 1, '0', 0, -2615.056, 8593.381, -92.85693, 1.387528, 0, 0, 0.6394358, 0.7688445, 7200, 255, 1, 26124), -- -Unknown- (Area: -Unknown- - Difficulty: 1)
(@OGUID+30, 273273, 1669, 0, 0, 1, '0', 0, -2608.063, 8595.193, -94.86365, 1.830369, 0, 0, 0.792675, 0.6096444, 7200, 255, 1, 26124), -- -Unknown- (Area: -Unknown- - Difficulty: 1)
(@OGUID+31, 276517, 1669, 0, 0, 1, '0', 0, -2314.326, 8911.002, -140.6512, 2.897255, 0.007806778, -0.01833248, 0.9923286, 0.1220117, 7200, 255, 1, 26124), -- 帐篷 (Area: -Unknown- - Difficulty: 1)
(@OGUID+32, 276245, 1669, 0, 0, 1, '0', 0, -2583.432, 9053.872, -130.9267, 4.514647, 0, 0, -0.7734518, 0.6338551, 7200, 255, 1, 26124), -- 邪能火炮 (Area: -Unknown- - Difficulty: 1)
(@OGUID+33, 276581, 1669, 0, 0, 1, '0', 0, -2327.74, 8938.261, -140.5519, 1.021008, 0, 0, 0.4886169, 0.8724984, 7200, 255, 1, 26124), -- 帐篷 (Area: -Unknown- - Difficulty: 1)
(@OGUID+34, 276245, 1669, 0, 0, 1, '0', 0, -2543.686, 9060.665, -130.8627, 4.433843, 0, 0, -0.7984228, 0.6020972, 7200, 255, 1, 26124), -- 邪能火炮 (Area: -Unknown- - Difficulty: 1)
(@OGUID+35, 273850, 1669, 0, 0, 1, '0', 0, -2601.184, 8597.115, -93.17145, 1.387528, 0, 0, 0.6394358, 0.7688445, 7200, 255, 1, 26124), -- -Unknown- (Area: -Unknown- - Difficulty: 1)


(@OGUID+36, 276221, 1779, 9126, 9126, 1, '0', 0, 665.1163, 594.6597, 40.31978, 1.030727, 0, 0, 0.4928513, 0.8701136, 7200, 255, 1, 26124), -- 伊利达雷战旗 (Area: -Unknown- - Difficulty: 0)
(@OGUID+37, 276221, 1779, 9126, 9126, 1, '0', 0, 646.6945, 605.1945, 40.31978, 1.030727, 0, 0, 0.4928513, 0.8701136, 7200, 255, 1, 26124); -- 伊利达雷战旗 (Area: -Unknown- - Difficulty: 0)

DELETE FROM `gameobject_addon` WHERE `guid` BETWEEN @OGUID+0 AND @OGUID+37;
INSERT INTO `gameobject_addon` (`guid`, `parent_rotation0`, `parent_rotation1`, `parent_rotation2`, `parent_rotation3`) VALUES
(@OGUID+1, 0, 0, 0.7933521, 0.608763), -- -Unknown-
(@OGUID+6, 0, 0, 0.7933521, 0.608763), -- -Unknown-
(@OGUID+7, 0, 0, 0.7933521, 0.608763), -- -Unknown-
(@OGUID+10, 0, 0, 0.7933521, 0.608763), -- -Unknown-
(@OGUID+11, 0, 0, 0.7933521, 0.608763), -- -Unknown-
(@OGUID+13, 0, 0, 0.7933521, 0.608763), -- -Unknown-
(@OGUID+15, 0, 0, 0.7933521, 0.608763), -- -Unknown-
(@OGUID+16, 0, 0, 0.7933521, 0.608763), -- -Unknown-
(@OGUID+17, 0, 0, 0.7933521, 0.608763), -- -Unknown-
(@OGUID+18, 0, 0, 0.7933521, 0.608763), -- -Unknown-
(@OGUID+19, 0, 0, 0.7933521, 0.608763), -- -Unknown-
(@OGUID+20, 0, 0, 0.7933521, 0.608763), -- -Unknown-
(@OGUID+21, 0, 0, 0.7933521, 0.608763), -- -Unknown-
(@OGUID+22, 0, 0, 0.7933521, 0.608763), -- -Unknown-
(@OGUID+24, 0, 0, 0.7933521, 0.608763), -- -Unknown-
(@OGUID+25, 0, 0, 0.7933521, 0.608763), -- -Unknown-
(@OGUID+27, 0, 0, 0.7933521, 0.608763); -- -Unknown-



DELETE FROM `creature_template_addon` WHERE `entry` IN (125527 /*125527 (恐惧使者瓦鲁斯) - -Unknown-*/, 125967 /*125967 (凝魂审判官) - -Unknown-*/, 125938 /*125938 (灼热的地狱火) - -Unknown-*/, 125933 /*125933 (吐白沫的刀翼蝠) - -Unknown-*/, 125788 /*125788 (刃誓信徒) - -Unknown-*/, 125785 /*125785 (邪疯狂战士) - -Unknown-*/, 126875 /*126875 (燃烧脚步) - -Unknown-*/, 127404 /*127404 (裂隙破坏者) - -Unknown-*/, 125199 /*125199 (得意的裂隙行者) - -Unknown-*/, 125757 /*125757 (魔焰入侵者) - -Unknown-*/, 126230 /*126230 (疯狂的腐蚀者) - -Unknown-, -Unknown-*/, 127257 /*127257 (炽燃的火翼鹰) - -Unknown-*/, 126293 /*126293 (阴燃裂隙) - -Unknown-*/, 124835 /*124835 (熔岩巨人) - -Unknown-*/, 127378 /*127378 (纹章驯火者) - -Unknown-, -Unknown-*/, 127096 /*127096*/, 127057 /*127057 (伊利丹·怒风) - -Unknown-*/);
INSERT INTO `creature_template_addon` (`entry`, `path_id`, `mount`, `bytes1`, `bytes2`, `emote`, `aiAnimKit`, `movementAnimKit`, `meleeAnimKit`, `auras`) VALUES
(125527, 0, 0, 0, 1, 0, 0, 0, 0, '251298'), -- 125527 (恐惧使者瓦鲁斯) - -Unknown-
(125967, 0, 0, 0, 1, 0, 0, 0, 0, '251298'), -- 125967 (凝魂审判官) - -Unknown-
(125938, 0, 0, 0, 1, 0, 0, 0, 0, '251298'), -- 125938 (灼热的地狱火) - -Unknown-
(125933, 0, 0, 0, 1, 0, 0, 0, 0, '251298'), -- 125933 (吐白沫的刀翼蝠) - -Unknown-
(125788, 0, 0, 0, 1, 0, 0, 0, 0, '251298'), -- 125788 (刃誓信徒) - -Unknown-
(125785, 0, 0, 0, 1, 0, 0, 0, 0, '251298'), -- 125785 (邪疯狂战士) - -Unknown-
(126875, 0, 0, 50331648, 1, 0, 0, 0, 0, '251896'), -- 126875 (燃烧脚步) - -Unknown-
(127404, 0, 0, 0, 1, 0, 0, 0, 0, '251896'), -- 127404 (裂隙破坏者) - -Unknown-
(125199, 0, 0, 0, 1, 0, 0, 0, 0, '251896'), -- 125199 (得意的裂隙行者) - -Unknown-
(125757, 0, 0, 0, 1, 0, 0, 0, 0, '251896'), -- 125757 (魔焰入侵者) - -Unknown-
(126230, 0, 0, 0, 1, 0, 0, 0, 0, '251896 252244'), -- 126230 (疯狂的腐蚀者) - -Unknown-, -Unknown-
(127257, 0, 0, 50331648, 1, 0, 0, 0, 0, '251896'), -- 127257 (炽燃的火翼鹰) - -Unknown-
(126293, 0, 0, 50331648, 1, 0, 0, 0, 0, '250722'), -- 126293 (阴燃裂隙) - -Unknown-
(124835, 0, 0, 0, 1, 0, 0, 0, 0, '251896'), -- 124835 (熔岩巨人) - -Unknown-
(127378, 0, 0, 0, 1, 0, 0, 0, 0, '251896 252778'), -- 127378 (纹章驯火者) - -Unknown-, -Unknown-
(127096, 0, 0, 0, 1, 0, 0, 0, 0, ''), -- 127096
(127057, 0, 0, 0, 1, 0, 0, 0, 0, '42459'); -- 127057 (伊利丹·怒风) - -Unknown-

UPDATE `creature_template_addon` SET `auras`='9036 251896 10848 22011' WHERE `entry`=72676; -- 72676 (灵魂医者)
UPDATE `creature_template_addon` SET `auras`='251298' WHERE `entry`=125921; -- 125921 (聒噪的恶魔)
UPDATE `creature_template_addon` SET `auras`='251896' WHERE `entry`=125776; -- 125776 (邪恶腐化者)
UPDATE `creature_template_addon` SET `auras`='251896' WHERE `entry`=125777; -- 125777 (邪恶腐化者)
UPDATE `creature_template_addon` SET `auras`='251896' WHERE `entry`=125936; -- 125936 (炽燃猎犬)
UPDATE `creature_template_addon` SET `auras`='251896' WHERE `entry`=125758; -- 125758 (暗誓叛徒)
UPDATE `creature_template_addon` SET `auras`='' WHERE `entry`=125197; -- 125197
UPDATE `creature_template_addon` SET `auras`='251896' WHERE `entry`=124884; -- 124884 (侵入点)
UPDATE `creature_template_addon` SET `bytes1`=50331648, `auras`='250549' WHERE `entry`=126114; -- 126114 (恶毒的喷邪蝠)
UPDATE `creature_template_addon` SET `auras`='' WHERE `entry`=120586; -- 120586 (Fel Bunny)
UPDATE `creature_template_addon` SET `auras`='250825' WHERE `entry`=126049; -- 126049 (光铸战争机甲)
UPDATE `creature_template_addon` SET `bytes2`=0 WHERE `entry`=126045; -- 126045 (光铸骑兵)
UPDATE `creature_template_addon` SET `bytes2`=1 WHERE `entry`=126044; -- 126044 (光铸盾卫)
UPDATE `creature_template_addon` SET `bytes2`=0, `auras`='' WHERE `entry`=126047; -- 126047 (光铸神射手)
UPDATE `creature_template_addon` SET `auras`='' WHERE `entry`=126046; -- 126046 (光铸战斗法师)
UPDATE `creature_template_addon` SET `bytes2`=0 WHERE `entry`=126042; -- 126042
UPDATE `creature_template_addon` SET `bytes1`=1 WHERE `entry`=126043; -- 126043
UPDATE `creature_template_addon` SET `auras`='237554' WHERE `entry`=126030; -- 126030
UPDATE `creature_template_addon` SET `auras`='250286' WHERE `entry`=126057; -- 126057
UPDATE `creature_template_addon` SET `bytes2`=1 WHERE `entry`=125523; -- 125523
UPDATE `creature_template_addon` SET `bytes1`=0, `bytes2`=0, `auras`='' WHERE `entry`=121394; -- 121394
UPDATE `creature_template_addon` SET `bytes1`=0, `bytes2`=0, `auras`='' WHERE `entry`=121516; -- 121516
UPDATE `creature_template_addon` SET `auras`='250840' WHERE `entry`=126390; -- 126390

DELETE FROM `creature_template_scaling` WHERE `Entry` IN (125938, 127990, 125576, 126230, 126293, 125757, 125199, 125967, 125933, 126875, 127096, 127404, 125527, 125788, 125785);
INSERT INTO `creature_template_scaling` (`Entry`, `LevelScalingDeltaMin`, `LevelScalingDeltaMax`, `VerifiedBuild`) VALUES
(125938, 0, 0, 26124),
(127990, 0, 0, 26124),
(125576, 0, 0, 26124),
(126230, 0, 0, 26124),
(126293, 0, 0, 26124),
(125757, 0, 0, 26124),
(125199, 0, 0, 26124),
(125967, 0, 0, 26124),
(125933, 0, 0, 26124),
(126875, 0, 0, 26124),
(127096, 0, 0, 26124),
(127404, 0, 0, 26124),
(125527, 0, 0, 26124),
(125788, 0, 0, 26124),
(125785, 0, 0, 26124);



UPDATE `creature_model_info` SET `VerifiedBuild`=26124 WHERE `DisplayID`=61909;
UPDATE `creature_model_info` SET `VerifiedBuild`=26124 WHERE `DisplayID`=61912;
UPDATE `creature_model_info` SET `VerifiedBuild`=26124 WHERE `DisplayID`=5233;
UPDATE `creature_model_info` SET `BoundingRadius`=4.198052, `CombatReach`=3.75, `VerifiedBuild`=26124 WHERE `DisplayID`=70808;
UPDATE `creature_model_info` SET `VerifiedBuild`=26124 WHERE `DisplayID`=5047;
UPDATE `creature_model_info` SET `VerifiedBuild`=26124 WHERE `DisplayID`=75115;
UPDATE `creature_model_info` SET `VerifiedBuild`=26124 WHERE `DisplayID`=70159;
UPDATE `creature_model_info` SET `VerifiedBuild`=26124 WHERE `DisplayID`=7970;
UPDATE `creature_model_info` SET `BoundingRadius`=1.25, `CombatReach`=1.875, `VerifiedBuild`=26124 WHERE `DisplayID`=78568;
UPDATE `creature_model_info` SET `BoundingRadius`=1.35, `CombatReach`=2.025, `VerifiedBuild`=26124 WHERE `DisplayID`=78802;
UPDATE `creature_model_info` SET `VerifiedBuild`=26124 WHERE `DisplayID`=74387;
UPDATE `creature_model_info` SET `VerifiedBuild`=26124 WHERE `DisplayID`=78575;
UPDATE `creature_model_info` SET `VerifiedBuild`=26124 WHERE `DisplayID`=78577;
UPDATE `creature_model_info` SET `BoundingRadius`=1.25, `CombatReach`=1.875, `VerifiedBuild`=26124 WHERE `DisplayID`=78567;
UPDATE `creature_model_info` SET `VerifiedBuild`=26124 WHERE `DisplayID`=78569;
UPDATE `creature_model_info` SET `BoundingRadius`=1.35, `CombatReach`=2.025, `VerifiedBuild`=26124 WHERE `DisplayID`=78803;
UPDATE `creature_model_info` SET `VerifiedBuild`=26124 WHERE `DisplayID`=74450;
UPDATE `creature_model_info` SET `BoundingRadius`=10.76933, `VerifiedBuild`=26124 WHERE `DisplayID`=38012;
UPDATE `creature_model_info` SET `BoundingRadius`=5.191465, `CombatReach`=7.6, `VerifiedBuild`=26124 WHERE `DisplayID`=79098;
UPDATE `creature_model_info` SET `BoundingRadius`=1, `CombatReach`=1.5, `VerifiedBuild`=26124 WHERE `DisplayID`=38389;
UPDATE `creature_model_info` SET `CombatReach`=1.5 WHERE `DisplayID`=75886;
UPDATE `creature_model_info` SET `VerifiedBuild`=26124 WHERE `DisplayID`=65589;

DELETE FROM `creature_equip_template` WHERE (`CreatureID`=125527 AND `ID`=1) OR (`CreatureID`=125788 AND `ID`=1) OR (`CreatureID`=125785 AND `ID`=1) OR (`CreatureID`=125199 AND `ID`=1) OR (`CreatureID`=125757 AND `ID`=1) OR (`CreatureID`=127057 AND `ID`=1);
INSERT INTO `creature_equip_template` (`CreatureID`, `ID`, `ItemID1`, `AppearanceModID1`, `ItemVisual1`, `ItemID2`, `AppearanceModID2`, `ItemVisual2`, `ItemID3`, `AppearanceModID3`, `ItemVisual3`) VALUES
(125527, 1, 138757, 0, 0, 0, 0, 0, 0, 0, 0), -- 恐惧使者瓦鲁斯
(125788, 1, 79734, 0, 0, 79734, 0, 0, 0, 0, 0), -- 刃誓信徒
(125785, 1, 133519, 0, 0, 133519, 0, 0, 0, 0, 0), -- 邪疯狂战士
(125199, 1, 75254, 0, 0, 75254, 0, 0, 0, 0, 0), -- 得意的裂隙行者
(125757, 1, 128962, 0, 0, 0, 0, 0, 0, 0, 0), -- 魔焰入侵者
(127057, 1, 150732, 0, 0, 150732, 0, 0, 0, 0, 0); -- 伊利丹·怒风

UPDATE `creature_equip_template` SET `ItemID1`=107249 WHERE (`CreatureID`=121516 AND `ID`=1); -- -Unknown-


UPDATE `creature_template` SET `minlevel`=112, `maxlevel`=112, `faction`=16, `speed_run`=1.714286, `BaseAttackTime`=1500, `RangeAttackTime`=2000, `unit_class`=2, `unit_flags`=360448, `unit_flags2`=4194304 WHERE `entry`=125527; -- 恐惧使者瓦鲁斯
UPDATE `creature_template` SET `minlevel`=110, `maxlevel`=110, `faction`=16, `BaseAttackTime`=2000, `RangeAttackTime`=2000, `unit_class`=8, `unit_flags`=360448, `unit_flags2`=2099200 WHERE `entry`=125967; -- 凝魂审判官
UPDATE `creature_template` SET `minlevel`=110, `maxlevel`=110, `faction`=16, `BaseAttackTime`=2000, `RangeAttackTime`=2000, `unit_flags`=360448, `unit_flags2`=2099200 WHERE `entry`=125938; -- 灼热的地狱火
UPDATE `creature_template` SET `minlevel`=110, `maxlevel`=110, `faction`=16, `BaseAttackTime`=2000, `RangeAttackTime`=2000, `unit_flags`=360448, `unit_flags2`=2099200 WHERE `entry`=125933; -- 吐白沫的刀翼蝠
UPDATE `creature_template` SET `unit_flags`=360448 WHERE `entry`=125921; -- 聒噪的恶魔
UPDATE `creature_template` SET `minlevel`=110, `maxlevel`=110, `faction`=16, `BaseAttackTime`=2000, `RangeAttackTime`=2000, `unit_flags`=360448, `unit_flags2`=2099200 WHERE `entry`=125788; -- 刃誓信徒
UPDATE `creature_template` SET `minlevel`=110, `maxlevel`=110, `faction`=16, `BaseAttackTime`=2000, `RangeAttackTime`=2000, `unit_flags`=360448, `unit_flags2`=2099200 WHERE `entry`=125785; -- 邪疯狂战士
UPDATE `creature_template` SET `minlevel`=110, `maxlevel`=110, `faction`=1959, `BaseAttackTime`=2000, `RangeAttackTime`=2000, `unit_flags`=32768, `unit_flags2`=67110912, `unit_flags3`=1 WHERE `entry`=126875; -- 燃烧脚步
UPDATE `creature_template` SET `minlevel`=110, `maxlevel`=110, `faction`=1959, `BaseAttackTime`=2000, `RangeAttackTime`=2000, `unit_flags`=32768, `unit_flags2`=67110912, `unit_flags3`=1 WHERE `entry`=127404; -- 裂隙破坏者
UPDATE `creature_template` SET `minlevel`=110, `maxlevel`=110, `faction`=16, `BaseAttackTime`=2000, `RangeAttackTime`=2000, `unit_class`=2, `unit_flags`=32768, `unit_flags2`=2099200 WHERE `entry`=125199; -- 得意的裂隙行者
UPDATE `creature_template` SET `unit_flags`=32768 WHERE `entry`=125776; -- 邪恶腐化者
UPDATE `creature_template` SET `unit_flags`=32768 WHERE `entry`=125777; -- 邪恶腐化者
UPDATE `creature_template` SET `unit_flags`=32768 WHERE `entry`=125936; -- 炽燃猎犬
UPDATE `creature_template` SET `minlevel`=110, `maxlevel`=110, `faction`=16, `BaseAttackTime`=2000, `RangeAttackTime`=2000, `unit_class`=8, `unit_flags`=32768, `unit_flags2`=2099200 WHERE `entry`=125757; -- 魔焰入侵者
UPDATE `creature_template` SET `minlevel`=110, `maxlevel`=110, `faction`=16, `BaseAttackTime`=2000, `RangeAttackTime`=2000, `unit_class`=8, `unit_flags`=32768, `unit_flags2`=2048 WHERE `entry`=126230; -- 疯狂的腐蚀者
UPDATE `creature_template` SET `minlevel`=112, `maxlevel`=112, `faction`=16, `BaseAttackTime`=2000, `RangeAttackTime`=2000, `unit_flags`=768, `unit_flags2`=71305216 WHERE `entry`=127257; -- 炽燃的火翼鹰
UPDATE `creature_template` SET `minlevel`=110, `maxlevel`=110, `faction`=1771, `BaseAttackTime`=2000, `RangeAttackTime`=2000, `unit_flags`=33587200, `unit_flags2`=71305216, `unit_flags3`=1 WHERE `entry`=126293; -- 阴燃裂隙
UPDATE `creature_template` SET `minlevel`=112, `maxlevel`=112, `faction`=16, `BaseAttackTime`=2000, `RangeAttackTime`=2000, `unit_flags`=17152, `unit_flags2`=4194304, `unit_flags3`=1 WHERE `entry`=124835; -- 熔岩巨人
UPDATE `creature_template` SET `minlevel`=112, `maxlevel`=112, `faction`=16, `BaseAttackTime`=2000, `RangeAttackTime`=2000, `unit_flags`=256, `unit_flags2`=2048 WHERE `entry`=127378; -- 纹章驯火者
UPDATE `creature_template` SET `minlevel`=112, `maxlevel`=112 WHERE `entry`=126208; -- 瓦加
UPDATE `creature_template` SET `minlevel`=112, `maxlevel`=112, `faction`=954, `BaseAttackTime`=2000, `RangeAttackTime`=2000, `unit_class`=2, `unit_flags`=32768, `unit_flags2`=2099200 WHERE `entry`=127096; -- -Unknown-
UPDATE `creature_template` SET `gossip_menu_id`=0 WHERE `entry`=127120; -- -Unknown-
UPDATE `creature_template` SET `gossip_menu_id`=0, `minlevel`=110, `maxlevel`=110 WHERE `entry`=121589; -- -Unknown-
UPDATE `creature_template` SET `gossip_menu_id`=0 WHERE `entry`=127151; -- -Unknown-
UPDATE `creature_template` SET `gossip_menu_id`=0 WHERE `entry`=127518; -- -Unknown-
UPDATE `creature_template` SET `gossip_menu_id`=0 WHERE `entry`=125351; -- -Unknown-
UPDATE `creature_template` SET `gossip_menu_id`=0 WHERE `entry`=128245; -- -Unknown-
UPDATE `creature_template` SET `gossip_menu_id`=0 WHERE `entry`=128243; -- -Unknown-
UPDATE `creature_template` SET `VehicleId`=5061 WHERE `entry`=126057; -- -Unknown-
UPDATE `creature_template` SET `minlevel`=112, `maxlevel`=112, `faction`=35, `npcflag`=2, `BaseAttackTime`=1350, `RangeAttackTime`=2000, `unit_class`=2, `unit_flags`=32768, `unit_flags2`=33572864 WHERE `entry`=127057; -- 伊利丹·怒风
UPDATE `creature_template` SET `minlevel`=100, `maxlevel`=100 WHERE `entry`=125514; -- 导航控制台
UPDATE `creature_template` SET `unit_flags`=32768, `unit_flags2`=33556480, `unit_flags3`=0 WHERE `entry`=121516; -- -Unknown-
UPDATE `creature_template` SET `gossip_menu_id`=0 WHERE `entry`=126954; -- 大主教图拉扬
SET NAMES 'utf8';
SET @GROUP_ID=0;
SET @ID=0;

INSERT IGNORE INTO `creature_text` (`CreatureID`, `groupid`, `id`, `text`, `type`, `language`, `probability`, `emote`, `duration`, `sound`, `BroadcastTextId`, `comment`) VALUES
(125199, @GROUP_ID+0, @ID+0, '你怎么敢？！', 12, 0, 100, 0, 0, 56982, 129829, '得意的裂隙行者 to Player'), -- BroadcastTextID: 129829 - 102123
(126457, @GROUP_ID+0, @ID+0, '在萨格拉斯的烈焰中燃烧吧！', 12, 0, 100, 0, 0, 86674, 132512, '魔誓挖掘者 to Player'), -- BroadcastTextID: 132512 - 103515
(126457, @GROUP_ID+1, @ID+0, '向我敞开灵魂吧。', 12, 0, 100, 0, 0, 86682, 132516, '魔誓挖掘者 to Player');

INSERT IGNORE INTO `npc_spellclick_spells` (`npc_entry`, `spell_id`, `cast_flags`, `user_type`) VALUES
(126120, 247069, 3, 1), -- 进入裂隙
(128151, 254174, 3, 0),
(124884, 247069, 3, 1),
(127108, 186538, 1, 0);


UPDATE `creature_template` SET `name`='催眠之雾', `HealthScalingExpansion`=6, `type`=10, `type_flags`=1024, `type_flags2`=16, `HealthModifier`=2, `movementId`=64, `VerifiedBuild`=26124 WHERE `entry`=125576; -- 催眠之雾
UPDATE `creature_template` SET `name`='恐惧使者瓦鲁斯', `HealthScalingExpansion`=6, `rank`=1, `type`=3, `type_flags`=2097224, `HealthModifier`=120, `movementId`=164, `VerifiedBuild`=26124 WHERE `entry`=125527; -- 恐惧使者瓦鲁斯
UPDATE `creature_template` SET `name`='光耀之眼', `HealthScalingExpansion`=6, `type`=3, `type_flags`=1048576, `VerifiedBuild`=26124 WHERE `entry`=127990; -- 光耀之眼
UPDATE `creature_template` SET `name`='熔化岩浆', `HealthScalingExpansion`=6, `type`=4, `type_flags`=1048576, `VerifiedBuild`=26124 WHERE `entry`=127356; -- 熔化岩浆
UPDATE `creature_template` SET `name`='凝魂审判官', `HealthScalingExpansion`=6, `rank`=1, `type`=3, `type_flags`=2097216, `HealthModifier`=20, `VerifiedBuild`=26124 WHERE `entry`=125967; -- 凝魂审判官
UPDATE `creature_template` SET `name`='灼热的地狱火', `HealthScalingExpansion`=6, `type`=3, `type_flags`=2097216, `HealthModifier`=6, `VerifiedBuild`=26124 WHERE `entry`=125938; -- 灼热的地狱火
UPDATE `creature_template` SET `name`='邪疯狂战士', `HealthScalingExpansion`=6, `type`=3, `type_flags`=2097216, `HealthModifier`=6, `VerifiedBuild`=26124 WHERE `entry`=125785; -- 邪疯狂战士
UPDATE `creature_template` SET `name`='刃誓信徒', `HealthScalingExpansion`=6, `type`=3, `type_flags`=2097216, `HealthModifier`=6, `VerifiedBuild`=26124 WHERE `entry`=125788; -- 刃誓信徒
UPDATE `creature_template` SET `name`='吐白沫的刀翼蝠', `HealthScalingExpansion`=6, `type`=3, `type_flags`=2097216, `HealthModifier`=6, `VerifiedBuild`=26124 WHERE `entry`=125933; -- 吐白沫的刀翼蝠
UPDATE `creature_template` SET `KillCredit1`=126371, `name`='熔核巨人', `HealthScalingExpansion`=6, `rank`=1, `type`=4, `HealthModifier`=25, `VerifiedBuild`=26124 WHERE `entry`=126357; -- 熔核巨人
UPDATE `creature_template` SET `name`='科维杜尼尔', `family`=160, `VerifiedBuild`=26124 WHERE `entry`=121625; -- 科维杜尼尔
UPDATE `creature_template` SET `name`='燃烧脚步', `HealthScalingExpansion`=6, `type`=4, `type_flags`=2097216, `VerifiedBuild`=26124 WHERE `entry`=126875; -- 燃烧脚步
UPDATE `creature_template` SET `name`='裂隙破坏者', `HealthScalingExpansion`=6, `type`=4, `type_flags`=2097216, `VerifiedBuild`=26124 WHERE `entry`=127404; -- 裂隙破坏者
UPDATE `creature_template` SET `name`='爆炸元素', `HealthScalingExpansion`=6, `rank`=1, `type`=4, `HealthModifier`=13, `VerifiedBuild`=26124 WHERE `entry`=127214; -- 爆炸元素
UPDATE `creature_template` SET `name`='得意的裂隙行者', `HealthScalingExpansion`=6, `type`=3, `type_flags`=2097216, `HealthModifier`=6, `VerifiedBuild`=26124 WHERE `entry`=125199; -- 得意的裂隙行者
UPDATE `creature_template` SET `name`='魔焰入侵者', `HealthScalingExpansion`=6, `type`=3, `type_flags`=2097216, `HealthModifier`=6, `VerifiedBuild`=26124 WHERE `entry`=125757; -- 魔焰入侵者
UPDATE `creature_template` SET `KillCredit1`=126371, `name`='炽燃的火翼鹰', `HealthScalingExpansion`=6, `rank`=1, `type`=4, `HealthModifier`=25, `VerifiedBuild`=26124 WHERE `entry`=127257; -- 炽燃的火翼鹰
UPDATE `creature_template` SET `name`='疯狂的腐蚀者', `HealthScalingExpansion`=6, `rank`=1, `type`=3, `type_flags`=2097216, `HealthModifier`=20, `VerifiedBuild`=26124 WHERE `entry`=126230; -- 疯狂的腐蚀者
UPDATE `creature_template` SET `KillCredit1`=126371, `name`='熔岩巨人', `HealthScalingExpansion`=6, `rank`=1, `type`=4, `type_flags`=268435456, `HealthModifier`=25, `VerifiedBuild`=26124 WHERE `entry`=124835; -- 熔岩巨人
UPDATE `creature_template` SET `KillCredit1`=126371, `name`='纹章驯火者', `HealthScalingExpansion`=6, `rank`=1, `type`=3, `type_flags`=268435456, `HealthModifier`=25, `VerifiedBuild`=26124 WHERE `entry`=127378; -- 纹章驯火者
UPDATE `creature_template` SET `name`='阴燃裂隙', `HealthScalingExpansion`=6, `type`=4, `type_flags`=1076887616, `type_flags2`=6, `VerifiedBuild`=26124 WHERE `entry`=126293; -- 阴燃裂隙
UPDATE `creature_template` SET `name`='小乌' WHERE `entry`=128024; -- 小乌
UPDATE `creature_template` SET `name`='乌祖尔魔犬' WHERE `entry`=127110; -- 乌祖尔魔犬
UPDATE `creature_template` SET `name`='全视者奥利克斯' WHERE `entry`=128134; -- 全视者奥利克斯
UPDATE `creature_template` SET `name`='侵入点：森加', `IconName`='openhandglow' WHERE `entry`=126120; -- 侵入点：森加
UPDATE `creature_template` SET `name`='全视者的焦镜' WHERE `entry`=128151; -- 全视者的焦镜
UPDATE `creature_template` SET `name`='痛苦的克罗库' WHERE `entry`=126458; -- 痛苦的克罗库
UPDATE `creature_template` SET `name`='挖掘点' WHERE `entry`=126459; -- 挖掘点
UPDATE `creature_template` SET `name`='魔誓挖掘者' WHERE `entry`=126457; -- 魔誓挖掘者
UPDATE `creature_template` SET `name`='虫语欺诈者' WHERE `entry`=126456; -- 虫语欺诈者
UPDATE `creature_template` SET `name`='成堆的石头' WHERE `entry`=127996; -- 成堆的石头
UPDATE `creature_template` SET `name`='恶毒的喷邪蝠' WHERE `entry`=126114; -- 恶毒的喷邪蝠
UPDATE `creature_template` SET `name`='瓦加' WHERE `entry`=126208; -- 瓦加
UPDATE `creature_template` SET `name`='毒肤织网蛛' WHERE `entry`=126109; -- 毒肤织网蛛
UPDATE `creature_template` SET `name`='战壕追猎者' WHERE `entry`=126198; -- 战壕追猎者
UPDATE `creature_template` SET `name`='维农巢蛛' WHERE `entry`=126111; -- 维农巢蛛
UPDATE `creature_template` SET `name`='光铸战斗法师', `femaleName`='光铸战斗法师' WHERE `entry`=126046; -- 光铸战斗法师
UPDATE `creature_template` SET `name`='光铸骑兵', `femaleName`='光铸骑兵' WHERE `entry`=126045; -- 光铸骑兵
UPDATE `creature_template` SET `name`='伊利丹·怒风', `HealthScalingExpansion`=6, `rank`=1, `type`=3, `type_flags`=2363468, `HealthModifier`=250, `VerifiedBuild`=26124 WHERE `entry`=127057; -- 伊利丹·怒风


UPDATE `creature_questitem` SET `VerifiedBuild`=26124 WHERE (`CreatureEntry`=21102 AND `Idx`=0); -- 乌鲁洛斯

DELETE FROM `gameobject_template` WHERE `entry`=273513;
INSERT INTO `gameobject_template` (`entry`, `type`, `displayId`, `name`, `unk1`, `size`, `Data0`, `Data1`, `Data2`, `Data3`, `Data4`, `Data5`, `Data6`, `Data7`, `Data8`, `Data9`, `Data10`, `Data11`, `Data12`, `Data13`, `Data14`, `Data15`, `Data16`, `Data17`, `Data18`, `Data19`, `Data20`, `Data21`, `Data22`, `Data23`, `Data24`, `Data25`, `Data26`, `Data27`, `Data28`, `Data29`, `Data30`, `Data31`, `Data32`, `RequiredLevel`, `VerifiedBuild`) VALUES
(273513, 43, 41743, '维迪卡尔', '', 1, -1, 4, 0, 0, 0, 0, 0, 0, 0, 0, 0, 0, 0, 0, 0, 0, 0, 0, 0, 0, 0, 0, 0, 0, 0, 0, 0, 0, 0, 0, 0, 0, 0, 0, 26124); -- 维迪卡尔



UPDATE `npc_text` SET `VerifiedBuild`=26124 WHERE `ID`=32179; -- 32179

