
# File name: 7.3.5_26124_三月-01-1842 -黑鸦堡垒.awps.pkt
# Detected build: V7_3_5_26124
# Detected locale: zhCN
# Parsing date: 03/01/2018 22:49:35



UPDATE `areatrigger_template` SET `Flags`=82, `VerifiedBuild`=26124 WHERE `Id`=9899;


DELETE FROM `spell_areatrigger` WHERE (`AreaTriggerId`=12428) OR (`AreaTriggerId`=10403) OR (`AreaTriggerId`=10015) OR (`AreaTriggerId`=9899);
INSERT INTO `spell_areatrigger` (`SpellMiscId`, `AreaTriggerId`, `MoveCurveId`, `ScaleCurveId`, `MorphCurveId`, `FacingCurveId`, `DecalPropertiesId`, `TimeToTarget`, `TimeToTargetScale`, `VerifiedBuild`) VALUES
(8234, 12428, 0, 0, 0, 0, 0, 0, 0, 26124), -- SpellId : 222378
(5695, 10403, 0, 0, 0, 0, 0, 0, 8000, 26124), -- SpellId : 201063
(5293, 10015, 0, 0, 0, 0, 0, 0, 0, 26124), -- SpellId : 196925
(5167, 9899, 0, 0, 0, 0, 0, 2427, 30000, 26124); -- SpellId : 195254


DELETE FROM `gameobject_template_addon` WHERE `entry` IN (252266 /*德雷斯的日志：群岛的珠宝*/, 252852 /*狼群德鲁伊*/);
INSERT INTO `gameobject_template_addon` (`entry`, `faction`, `flags`) VALUES
(252266, 0, 4), -- 德雷斯的日志：群岛的珠宝
(252852, 0, 4); -- 狼群德鲁伊




SET NAMES 'latin1';
SET NAMES 'utf8';
DELETE FROM `quest_template_locale` WHERE (`ID`=31698 AND `locale`='zhCN') OR (`ID`=49976 AND `locale`='zhCN');
INSERT INTO `quest_template_locale` (`ID`, `locale`, `LogTitle`, `LogDescription`, `QuestDescription`, `AreaDescription`, `PortraitGiverText`, `PortraitGiverName`, `PortraitTurnInText`, `PortraitTurnInName`, `QuestCompletionLog`, `VerifiedBuild`) VALUES
(31698, 'zhCN', '养匪为患', '杀死8只临风幼虎或临风猛虎。', '过去的一个季节风调雨顺、生机盎然。因此，临风岛上野生老虎的数量有了较大的增幅。$B$B这种残暴的食肉动物几乎猎杀了周围所有的生物，并开始威胁到云端翔龙的巢穴了。$B$B道理很简单，老虎的数量越多，云端翔龙的数量便会随之减少。$B$B要是我们放任自流的话，这些掠食者会把云端翔龙给彻底灭绝的。$B$B我们必须得削减老虎的数量了，$', '', '', '', '', '', '', 26124),
(49976, 'zhCN', '牺牲者的馈赠', '跟马迪斯·肖尔谈一谈。', '今天早些时候，乌瑞恩国王在雄狮之眠向暴风城的市民发表演说，宣布战争告一段落。\n\n在人群离去后，我与国王及他的顾问进行了一次单独会面，商议在希利苏斯找到的一种神秘物质。\n\n这一发光的矿石似乎有着强大的力量，部落正争分夺秒地从巨大的伤口处抽取这一物质。\n\n国王命令我将细节告诉你，为一项重要的任务做好准备。', '', '', '', '', '', '', 26124);

/*
SET @CGUID=439969; -- 800
SET @OGUID=112868; -- 200


DELETE FROM `creature` WHERE `guid` BETWEEN @CGUID+0 AND @CGUID+706;
INSERT INTO `creature` (`guid`, `id`, `map`, `zoneId`, `areaId`, `spawnMask`, `PhaseId`, `PhaseGroup`, `modelid`, `equipment_id`, `position_x`, `position_y`, `position_z`, `orientation`, `spawntimesecs`, `spawndist`, `currentwaypoint`, `curhealth`, `curmana`, `MovementType`, `npcflag`, `unit_flags`, `dynamicflags`, `VerifiedBuild`) VALUES
(@CGUID+140, 98370, 1501, 7805, 7805, 8388870, '0', 0, 0, 0, 3433.865, 7579.145, -8.116902, 0.9668899, 7200, 0, 0, 0, 0, 0, 0, 0, 0, 26124), -- 幽灵顾问 (Area: -Unknown- - Difficulty: 2) (Auras: )
(@CGUID+141, 98366, 1501, 7805, 7805, 8388870, '0', 0, 0, 0, 3437.715, 7597.614, -6.970862, 3.475951, 7200, 0, 0, 0, 0, 0, 0, 0, 0, 26124), -- 幽灵家臣 (Area: -Unknown- - Difficulty: 2) (Auras: )
(@CGUID+142, 98366, 1501, 7805, 7805, 8388870, '0', 0, 0, 0, 3436.786, 7583.594, -8.331825, 4.185817, 7200, 10, 0, 0, 0, 1, 0, 0, 0, 26124), -- 幽灵家臣 (Area: -Unknown- - Difficulty: 2) (Auras: ) (possible waypoints or random movement)
(@CGUID+143, 98362, 1501, 7805, 7805, 8388870, '0', 0, 0, 0, 3491.378, 7659.536, 0.9229195, 2.237783, 7200, 10, 0, 0, 0, 1, 0, 0, 0, 26124), -- 烦恼的灵魂 (Area: -Unknown- - Difficulty: 2) (possible waypoints or random movement)
(@CGUID+144, 98366, 1501, 7805, 7805, 8388870, '0', 0, 0, 0, 3430.104, 7677.662, -14.8829, 1.59343, 7200, 0, 0, 0, 0, 0, 0, 0, 0, 26124), -- 幽灵家臣 (Area: -Unknown- - Difficulty: 2)
(@CGUID+145, 98370, 1501, 7805, 7805, 8388870, '0', 0, 0, 0, 3439.485, 7596.419, -6.988139, 4.687746, 7200, 0, 0, 0, 0, 0, 0, 0, 0, 26124), -- 幽灵顾问 (Area: -Unknown- - Difficulty: 2) (Auras: )
(@CGUID+146, 98366, 1501, 7805, 7805, 8388870, '0', 0, 0, 0, 3400.339, 7695.176, -15.05721, 4.101272, 7200, 10, 0, 0, 0, 1, 0, 0, 0, 26124), -- 幽灵家臣 (Area: -Unknown- - Difficulty: 2) (possible waypoints or random movement)
(@CGUID+147, 98370, 1501, 7805, 7805, 8388870, '0', 0, 0, 0, 3404.865, 7702.157, -13.38024, 4.373443, 7200, 0, 0, 0, 0, 0, 0, 0, 0, 26124), -- 幽灵顾问 (Area: -Unknown- - Difficulty: 2)
(@CGUID+148, 98368, 1501, 7805, 7805, 8388870, '0', 0, 0, 0, 3432.569, 7583.462, -8.410492, 3.172961, 7200, 10, 0, 0, 0, 1, 0, 0, 0, 26124), -- 幽灵卫兵 (Area: -Unknown- - Difficulty: 2) (Auras: ) (possible waypoints or random movement)
(@CGUID+149, 98366, 1501, 7805, 7805, 8388870, '0', 0, 0, 0, 3436.77, 7608.777, -7.114692, 0.1961141, 7200, 10, 0, 0, 0, 1, 0, 0, 0, 26124), -- 幽灵家臣 (Area: -Unknown- - Difficulty: 2) (Auras: ) (possible waypoints or random movement)
(@CGUID+150, 98366, 1501, 7805, 7805, 8388870, '0', 0, 0, 0, 3420.704, 7683.277, -13.8278, 5.315494, 7200, 0, 0, 0, 0, 0, 0, 0, 0, 26124), -- 幽灵家臣 (Area: -Unknown- - Difficulty: 2)
(@CGUID+151, 98370, 1501, 7805, 7805, 8388870, '0', 0, 0, 0, 3395.863, 7689.063, -13.30725, 0.8526685, 7200, 0, 0, 0, 0, 0, 0, 0, 0, 26124), -- 幽灵顾问 (Area: -Unknown- - Difficulty: 2)
(@CGUID+152, 98368, 1501, 7805, 7805, 8388870, '0', 0, 0, 0, 3436.926, 7594.693, -7.838359, 4.074751, 7200, 0, 0, 0, 0, 0, 0, 0, 0, 26124), -- 幽灵卫兵 (Area: -Unknown- - Difficulty: 2) (Auras: )
(@CGUID+153, 98366, 1501, 7805, 7805, 8388870, '0', 0, 0, 0, 3357.698, 7714.688, -7.556503, 1.260379, 7200, 0, 0, 0, 0, 0, 0, 0, 0, 26124), -- 幽灵家臣 (Area: -Unknown- - Difficulty: 2)
(@CGUID+154, 98368, 1501, 7805, 7805, 8388870, '0', 0, 0, 0, 3430.288, 7683.26, -13.46991, 5.028598, 7200, 0, 0, 0, 0, 0, 0, 0, 0, 26124), -- 幽灵卫兵 (Area: -Unknown- - Difficulty: 2)
(@CGUID+155, 98806, 1501, 7805, 7805, 8388870, '0', 0, 0, 0, 3442.888, 7653.732, -5.453816, 0, 7200, 0, 0, 0, 0, 0, 0, 0, 0, 26124), -- 灵魂精华 (Area: -Unknown- - Difficulty: 2) (Auras: 213422 - -Unknown-)
(@CGUID+156, 98366, 1501, 7805, 7805, 8388870, '0', 0, 0, 0, 3440.292, 7610.643, -7.843122, 3.406262, 7200, 10, 0, 0, 0, 1, 0, 0, 0, 26124), -- 幽灵家臣 (Area: -Unknown- - Difficulty: 2) (Auras: ) (possible waypoints or random movement)
(@CGUID+157, 98538, 1501, 7805, 7805, 8388870, '0', 0, 0, 0, 3361.131, 7722.025, -6.049527, 1.677187, 7200, 0, 0, 0, 0, 0, 0, 0, 0, 26124), -- 薇兰达斯·拉文凯斯夫人 (Area: -Unknown- - Difficulty: 2) (Auras: 42459 - -Unknown-)
(@CGUID+158, 98370, 1501, 7805, 7805, 8388870, '0', 0, 0, 0, 3420.786, 7672.897, -13.65297, 4.275094, 7200, 0, 0, 0, 0, 0, 0, 0, 0, 26124), -- 幽灵顾问 (Area: -Unknown- - Difficulty: 2)
(@CGUID+159, 98366, 1501, 7805, 7805, 8388870, '0', 0, 0, 0, 3426.724, 7589.372, -8.336851, 2.838457, 7200, 10, 0, 0, 0, 1, 0, 0, 0, 26124), -- 幽灵家臣 (Area: -Unknown- - Difficulty: 2) (Auras: ) (possible waypoints or random movement)
(@CGUID+160, 98368, 1501, 7805, 7805, 8388870, '0', 0, 0, 0, 3364.257, 7710.176, -7.913946, 2.145155, 7200, 0, 0, 0, 0, 0, 0, 0, 0, 26124), -- 幽灵卫兵 (Area: -Unknown- - Difficulty: 2)
(@CGUID+161, 103662, 1501, 7805, 7805, 8388870, '0', 0, 0, 0, 3221.897, 7534.168, 22.26258, 0.9783016, 7200, 0, 0, 0, 0, 0, 0, 0, 0, 26124), -- Secret Door Stalker (Area: -Unknown- - Difficulty: 2) (Auras: )
(@CGUID+162, 100759, 1501, 7805, 7805, 8388870, '0', 0, 0, 0, 3404.018, 7359.53, 258.1377, 0.7070118, 7200, 0, 0, 0, 0, 0, 0, 0, 0, 26124), -- 魔蝠 (Area: -Unknown- - Difficulty: 2)
(@CGUID+163, 103662, 1501, 7805, 7805, 8388870, '0', 0, 0, 0, 3219.341, 7535.944, 24.502, 0.8854926, 7200, 0, 0, 0, 0, 0, 0, 0, 0, 26124), -- Secret Door Stalker (Area: -Unknown- - Difficulty: 2) (Auras: )
(@CGUID+164, 111833, 1501, 7805, 7805, 8388870, '0', 0, 0, 0, 3274.997, 7611.366, 14.92611, 0.8933888, 7200, 0, 0, 0, 0, 0, 0, 0, 0, 26124), -- 萨奇尔 (Area: -Unknown- - Difficulty: 2)
(@CGUID+165, 100759, 1501, 7805, 7805, 8388870, '0', 0, 0, 0, 3375.727, 7382.325, 260.1036, 2.640649, 7200, 0, 0, 0, 0, 0, 0, 0, 0, 26124), -- 魔蝠 (Area: -Unknown- - Difficulty: 2)
(@CGUID+166, 98792, 1501, 7805, 7805, 8388870, '0', 0, 0, 0, 3211.729, 7403.624, 131.266, 0.5242459, 7200, 0, 0, 0, 0, 0, 0, 0, 0, 26124), -- 虫语清道夫 (Area: -Unknown- - Difficulty: 2) (Auras: )
(@CGUID+167, 98362, 1501, 7805, 7805, 8388870, '0', 0, 0, 0, 3269.429, 7616.67, 18.01769, 0.4436674, 7200, 10, 0, 0, 0, 1, 0, 0, 0, 26124), -- 烦恼的灵魂 (Area: -Unknown- - Difficulty: 2) (possible waypoints or random movement)
(@CGUID+168, 103662, 1501, 7805, 7805, 8388870, '0', 0, 0, 0, 3217.076, 7537.67, 22.50607, 0.7945477, 7200, 0, 0, 0, 0, 0, 0, 0, 0, 26124), -- Secret Door Stalker (Area: -Unknown- - Difficulty: 2) (Auras: )
(@CGUID+169, 100759, 1501, 7805, 7805, 8388870, '0', 0, 0, 0, 3409.188, 7310.511, 244.3183, 0.707975, 7200, 0, 0, 0, 0, 0, 0, 0, 0, 26124), -- 魔蝠 (Area: -Unknown- - Difficulty: 2)
(@CGUID+170, 98366, 1501, 7805, 7805, 8388870, '0', 0, 0, 0, 3366.868, 7509.273, 15.28484, 4.651039, 7200, 0, 0, 0, 0, 0, 0, 0, 0, 26124), -- 幽灵家臣 (Area: -Unknown- - Difficulty: 2) (Auras: )
(@CGUID+171, 98370, 1501, 7805, 7805, 8388870, '0', 0, 0, 0, 3374.208, 7505.912, 16.07733, 4.051169, 7200, 0, 0, 0, 0, 0, 0, 0, 0, 26124), -- 幽灵顾问 (Area: -Unknown- - Difficulty: 2) (Auras: )
(@CGUID+172, 98792, 1501, 7805, 7805, 8388870, '0', 0, 0, 0, 3186.231, 7444.217, 128.2507, 2.926132, 7200, 0, 0, 0, 0, 0, 0, 0, 0, 26124), -- 虫语清道夫 (Area: -Unknown- - Difficulty: 2)
(@CGUID+173, 98362, 1501, 7805, 7805, 8388870, '0', 0, 0, 0, 3349.61, 7727.932, 9.682228, 2.623563, 7200, 10, 0, 0, 0, 1, 0, 0, 0, 26124), -- 烦恼的灵魂 (Area: -Unknown- - Difficulty: 2) (possible waypoints or random movement)
(@CGUID+174, 98521, 1501, 7805, 7805, 8388870, '0', 0, 0, 0, 3366.2, 7500.392, 16.57369, 4.675405, 7200, 0, 0, 0, 0, 0, 0, 0, 0, 26124), -- 艾瑟德林·拉文凯斯领主 (Area: -Unknown- - Difficulty: 2) (Auras: )
(@CGUID+175, 98366, 1501, 7805, 7805, 8388870, '0', 0, 0, 0, 3358.036, 7506.444, 15.02857, 5.33756, 7200, 0, 0, 0, 0, 0, 0, 0, 0, 26124), -- 幽灵家臣 (Area: -Unknown- - Difficulty: 2) (Auras: )
(@CGUID+176, 98370, 1501, 7805, 7805, 8388870, '0', 0, 0, 0, 3352.575, 7716.557, -7.218928, 0.9832258, 7200, 0, 0, 0, 0, 0, 0, 0, 0, 26124), -- 幽灵顾问 (Area: -Unknown- - Difficulty: 2)
(@CGUID+177, 98813, 1501, 7805, 7805, 8388870, '0', 0, 0, 0, 3186.368, 7439.983, 128.2507, 3.450212, 7200, 0, 0, 0, 0, 0, 0, 0, 0, 26124), -- 血气地狱犬 (Area: -Unknown- - Difficulty: 2)
(@CGUID+178, 100759, 1501, 7805, 7805, 8388870, '0', 0, 0, 0, 3396.076, 7317.316, 257.7462, 5.502754, 7200, 0, 0, 0, 0, 0, 0, 0, 0, 26124), -- 魔蝠 (Area: -Unknown- - Difficulty: 2)
(@CGUID+179, 100759, 1501, 7805, 7805, 8388870, '0', 0, 0, 0, 3388.319, 7283.054, 249.2603, 1.145655, 7200, 0, 0, 0, 0, 0, 0, 0, 0, 26124), -- 魔蝠 (Area: -Unknown- - Difficulty: 2)
(@CGUID+180, 100759, 1501, 7805, 7805, 8388870, '0', 0, 0, 0, 3342.317, 7223.825, 299.412, 2.637283, 7200, 0, 0, 0, 0, 0, 0, 0, 0, 26124), -- 魔蝠 (Area: -Unknown- - Difficulty: 2)
(@CGUID+181, 100759, 1501, 7805, 7805, 8388870, '0', 0, 0, 0, 3355.619, 7260.115, 249.1249, 5.785991, 7200, 0, 0, 0, 0, 0, 0, 0, 0, 26124), -- 魔蝠 (Area: -Unknown- - Difficulty: 2)
(@CGUID+182, 100759, 1501, 7805, 7805, 8388870, '0', 0, 0, 0, 3230.234, 7242.234, 270.7903, 5.499482, 7200, 10, 0, 0, 0, 1, 0, 0, 0, 26124), -- 魔蝠 (Area: -Unknown- - Difficulty: 2) (possible waypoints or random movement)
(@CGUID+183, 100759, 1501, 7805, 7805, 8388870, '0', 0, 0, 0, 3274.093, 7199.178, 271.2712, 1.428816, 7200, 10, 0, 0, 0, 1, 0, 0, 0, 26124), -- 魔蝠 (Area: -Unknown- - Difficulty: 2) (possible waypoints or random movement)
(@CGUID+184, 100759, 1501, 7805, 7805, 8388870, '0', 0, 0, 0, 3256.729, 7188.09, 257.7139, 0.7089395, 7200, 10, 0, 0, 0, 1, 0, 0, 0, 26124), -- 魔蝠 (Area: -Unknown- - Difficulty: 2) (possible waypoints or random movement)
(@CGUID+185, 100759, 1501, 7805, 7805, 8388870, '0', 0, 0, 0, 3383.505, 7295.556, 266.379, 5.502678, 7200, 0, 0, 0, 0, 0, 0, 0, 0, 26124), -- 魔蝠 (Area: -Unknown- - Difficulty: 2)
(@CGUID+186, 100759, 1501, 7805, 7805, 8388870, '0', 0, 0, 0, 3209.863, 7261.364, 255.805, 5.499345, 7200, 0, 0, 0, 0, 0, 0, 0, 0, 26124), -- 魔蝠 (Area: -Unknown- - Difficulty: 2)
(@CGUID+187, 100759, 1501, 7805, 7805, 8388870, '0', 0, 0, 0, 3349.18, 7223.185, 268.6862, 0.7070315, 7200, 0, 0, 0, 0, 0, 0, 0, 0, 26124), -- 魔蝠 (Area: -Unknown- - Difficulty: 2)
(@CGUID+188, 100759, 1501, 7805, 7805, 8388870, '0', 0, 0, 0, 3267.048, 7181.327, 248.6639, 1.427857, 7200, 10, 0, 0, 0, 1, 0, 0, 0, 26124), -- 魔蝠 (Area: -Unknown- - Difficulty: 2) (possible waypoints or random movement)
(@CGUID+189, 100759, 1501, 7805, 7805, 8388870, '0', 0, 0, 0, 3315.941, 7191.136, 274.8615, 5.785839, 7200, 10, 0, 0, 0, 1, 0, 0, 0, 26124), -- 魔蝠 (Area: -Unknown- - Difficulty: 2) (possible waypoints or random movement)
(@CGUID+190, 100759, 1501, 7805, 7805, 8388870, '0', 0, 0, 0, 3367.127, 7235.143, 270.1862, 0.9911647, 7200, 0, 0, 0, 0, 0, 0, 0, 0, 26124), -- 魔蝠 (Area: -Unknown- - Difficulty: 2)
(@CGUID+191, 100759, 1501, 7805, 7805, 8388870, '0', 0, 0, 0, 3225.34, 7211.042, 245.0742, 0.7070258, 7200, 10, 0, 0, 0, 1, 0, 0, 0, 26124), -- 魔蝠 (Area: -Unknown- - Difficulty: 2) (possible waypoints or random movement)
(@CGUID+192, 100759, 1501, 7805, 7805, 8388870, '0', 0, 0, 0, 3304.542, 7192.032, 255.8437, 0.9921247, 7200, 10, 0, 0, 0, 1, 0, 0, 0, 26124), -- 魔蝠 (Area: -Unknown- - Difficulty: 2) (possible waypoints or random movement)
(@CGUID+193, 98792, 1501, 7805, 7805, 8388870, '0', 0, 0, 0, 3197.986, 7378.415, 129.7647, 1.325605, 7200, 0, 0, 0, 0, 0, 0, 0, 0, 26124), -- 虫语清道夫 (Area: -Unknown- - Difficulty: 2) (Auras: )
(@CGUID+194, 98792, 1501, 7805, 7805, 8388870, '0', 0, 0, 0, 3196.843, 7398.979, 131.266, 2.682042, 7200, 0, 0, 0, 0, 0, 0, 0, 0, 26124), -- 虫语清道夫 (Area: -Unknown- - Difficulty: 2) (Auras: )
(@CGUID+195, 98792, 1501, 7805, 7805, 8388870, '0', 0, 0, 0, 3196.189, 7376.974, 129.8328, 2.536192, 7200, 0, 0, 0, 0, 0, 0, 0, 0, 26124), -- 虫语清道夫 (Area: -Unknown- - Difficulty: 2) (Auras: )
(@CGUID+196, 98792, 1501, 7805, 7805, 8388870, '0', 0, 0, 0, 3197.81, 7380.577, 129.8328, 1.562792, 7200, 0, 0, 0, 0, 0, 0, 0, 0, 26124), -- 虫语清道夫 (Area: -Unknown- - Difficulty: 2) (Auras: 201244 - -Unknown-)
(@CGUID+197, 98792, 1501, 7805, 7805, 8388870, '0', 0, 0, 0, 3200.444, 7382.248, 133.5365, 4.907593, 7200, 0, 0, 0, 0, 0, 0, 0, 0, 26124), -- 虫语清道夫 (Area: -Unknown- - Difficulty: 2) (Auras: 201244 - -Unknown-)
(@CGUID+198, 98792, 1501, 7805, 7805, 8388870, '0', 0, 0, 0, 3199.38, 7393.01, 131.266, 4.525629, 7200, 0, 0, 0, 0, 0, 0, 0, 0, 26124), -- 虫语清道夫 (Area: -Unknown- - Difficulty: 2) (Auras: )
(@CGUID+199, 98792, 1501, 7805, 7805, 8388870, '0', 0, 0, 0, 3187.472, 7407.876, 129.8328, 5.820454, 7200, 0, 0, 0, 0, 0, 0, 0, 0, 26124), -- 虫语清道夫 (Area: -Unknown- - Difficulty: 2) (Auras: )
(@CGUID+200, 98792, 1501, 7805, 7805, 8388870, '0', 0, 0, 0, 3181.295, 7408.241, 129.8328, 3.469796, 7200, 0, 0, 0, 0, 0, 0, 0, 0, 26124), -- 虫语清道夫 (Area: -Unknown- - Difficulty: 2) (Auras: )
(@CGUID+201, 103102, 1501, 7805, 7805, 8388870, '0', 0, 0, 0, 3197.824, 7473.977, 28.36475, 1.850287, 7200, 10, 0, 0, 0, 1, 0, 0, 0, 26124), -- 失落的灵魂 (Area: -Unknown- - Difficulty: 2) (Auras: 204063 - -Unknown-) (possible waypoints or random movement)
(@CGUID+202, 103102, 1501, 7805, 7805, 8388870, '0', 0, 0, 0, 3188.963, 7459.805, 28.3762, 4.459699, 7200, 0, 0, 0, 0, 0, 0, 0, 0, 26124), -- 失落的灵魂 (Area: -Unknown- - Difficulty: 2) (Auras: 204063 - -Unknown-, 204064 - -Unknown-)
(@CGUID+203, 98810, 1501, 7805, 7805, 8388870, '0', 0, 0, 0, 3160.169, 7397.739, 129.8328, 1.7879, 7200, 0, 0, 0, 0, 0, 0, 0, 0, 26124), -- 愤怒卫士剑圣 (Area: -Unknown- - Difficulty: 2) (Auras: 42459 - -Unknown-)
(@CGUID+204, 98792, 1501, 7805, 7805, 8388870, '0', 0, 0, 0, 3171.519, 7396.374, 195.7908, 0.1407821, 7200, 0, 0, 0, 0, 0, 0, 0, 0, 26124), -- 虫语清道夫 (Area: -Unknown- - Difficulty: 2) (Auras: 201244 - -Unknown-)
(@CGUID+205, 98813, 1501, 7805, 7805, 8388870, '0', 0, 0, 0, 3174.704, 7351.938, 130.7647, 3.379458, 7200, 0, 0, 0, 0, 0, 0, 0, 0, 26124), -- 血气地狱犬 (Area: -Unknown- - Difficulty: 2) (Auras: )
(@CGUID+206, 98810, 1501, 7805, 7805, 8388870, '0', 0, 0, 0, 3173.761, 7355.825, 129.7647, 3.379455, 7200, 0, 0, 0, 0, 0, 0, 0, 0, 26124), -- 愤怒卫士剑圣 (Area: -Unknown- - Difficulty: 2) (Auras: 42459 - -Unknown-)
(@CGUID+207, 103102, 1501, 7805, 7805, 8388870, '0', 0, 0, 0, 3180.043, 7469.298, 28.2711, 4.644298, 7200, 0, 0, 0, 0, 0, 0, 0, 0, 26124), -- 失落的灵魂 (Area: -Unknown- - Difficulty: 2) (Auras: 204063 - -Unknown-, 204064 - -Unknown-)
(@CGUID+208, 98637, 1501, 7805, 7805, 8388870, '0', 0, 0, 0, 3155.39, 7369.627, 46.25054, 1.858183, 7200, 0, 0, 0, 0, 0, 0, 0, 0, 26124), -- -Unknown- (Area: -Unknown- - Difficulty: 2) (Auras: )
(@CGUID+209, 103102, 1501, 7805, 7805, 8388870, '0', 0, 0, 0, 3191.308, 7464.878, 28.18311, 2.959296, 7200, 0, 0, 0, 0, 0, 0, 0, 0, 26124), -- 失落的灵魂 (Area: -Unknown- - Difficulty: 2) (Auras: 204063 - -Unknown-, 204064 - -Unknown-)
(@CGUID+210, 98810, 1501, 7805, 7805, 8388870, '0', 0, 0, 0, 3151.836, 7394.39, 129.6614, 1.175525, 7200, 0, 0, 0, 0, 0, 0, 0, 0, 26124), -- 愤怒卫士剑圣 (Area: -Unknown- - Difficulty: 2) (Auras: 42459 - -Unknown-)
(@CGUID+211, 103102, 1501, 7805, 7805, 8388870, '0', 0, 0, 0, 3188.004, 7465.026, 28.1829, 6.13273, 7200, 0, 0, 0, 0, 0, 0, 0, 0, 26124), -- 失落的灵魂 (Area: -Unknown- - Difficulty: 2) (Auras: 204063 - -Unknown-, 204064 - -Unknown-)
(@CGUID+212, 103102, 1501, 7805, 7805, 8388870, '0', 0, 0, 0, 3158.43, 7456.414, 27.70663, 1.712995, 7200, 10, 0, 0, 0, 1, 0, 0, 0, 26124), -- 失落的灵魂 (Area: -Unknown- - Difficulty: 2) (Auras: 204063 - -Unknown-) (possible waypoints or random movement)
(@CGUID+213, 103102, 1501, 7805, 7805, 8388870, '0', 0, 0, 0, 3163.741, 7428.492, 28.30193, 4.819729, 7200, 0, 0, 0, 0, 0, 0, 0, 0, 26124), -- 失落的灵魂 (Area: -Unknown- - Difficulty: 2) (Auras: 204063 - -Unknown-)
(@CGUID+214, 103102, 1501, 7805, 7805, 8388870, '0', 0, 0, 0, 3177.084, 7443.568, 28.18292, 4.550499, 7200, 0, 0, 0, 0, 0, 0, 0, 0, 26124), -- 失落的灵魂 (Area: -Unknown- - Difficulty: 2) (Auras: 204063 - -Unknown-)
(@CGUID+215, 103102, 1501, 7805, 7805, 8388870, '0', 0, 0, 0, 3174.259, 7458.21, 27.58601, 3.490012, 7200, 0, 0, 0, 0, 0, 0, 0, 0, 26124), -- 失落的灵魂 (Area: -Unknown- - Difficulty: 2) (Auras: 204063 - -Unknown-)
(@CGUID+216, 103102, 1501, 7805, 7805, 8388870, '0', 0, 0, 0, 3150.043, 7491.222, 28.30292, 5.570551, 7200, 0, 0, 0, 0, 0, 0, 0, 0, 26124), -- 失落的灵魂 (Area: -Unknown- - Difficulty: 2) (Auras: 204063 - -Unknown-)
(@CGUID+217, 103102, 1501, 7805, 7805, 8388870, '0', 0, 0, 0, 3142.16, 7486.237, 28.30307, 2.41465, 7200, 0, 0, 0, 0, 0, 0, 0, 0, 26124), -- 失落的灵魂 (Area: -Unknown- - Difficulty: 2) (Auras: 204063 - -Unknown-)
(@CGUID+218, 103102, 1501, 7805, 7805, 8388870, '0', 0, 0, 0, 3148.97, 7489.098, 28.3399, 0.2755243, 7200, 0, 0, 0, 0, 0, 0, 0, 0, 26124), -- 失落的灵魂 (Area: -Unknown- - Difficulty: 2) (Auras: 204063 - -Unknown-)
(@CGUID+219, 103102, 1501, 7805, 7805, 8388870, '0', 0, 0, 0, 3176.546, 7439.658, 28.18313, 0.9447287, 7200, 0, 0, 0, 0, 0, 0, 0, 0, 26124), -- 失落的灵魂 (Area: -Unknown- - Difficulty: 2) (Auras: 204063 - -Unknown-)
(@CGUID+220, 103102, 1501, 7805, 7805, 8388870, '0', 0, 0, 0, 3151.524, 7464.353, 28.26291, 3.989646, 7200, 0, 0, 0, 0, 0, 0, 0, 0, 26124), -- 失落的灵魂 (Area: -Unknown- - Difficulty: 2) (Auras: 204063 - -Unknown-)
(@CGUID+221, 98965, 1501, 7805, 7805, 8388870, '0', 0, 0, 0, 3191.722, 7423.685, 270.4619, 0.5783981, 7200, 0, 0, 0, 0, 0, 0, 0, 0, 26124), -- 库塔洛斯·拉文凯斯 (Area: -Unknown- - Difficulty: 2) (Auras: )
(@CGUID+222, 98970, 1501, 7805, 7805, 8388870, '0', 0, 0, 0, 3196.71, 7425.587, 270.4651, 3.667413, 7200, 0, 0, 0, 0, 0, 0, 0, 0, 26124), -- 拉图修斯 (Area: -Unknown- - Difficulty: 2) (Auras: 198911 - -Unknown-)
(@CGUID+223, 103102, 1501, 7805, 7805, 8388870, '0', 0, 0, 0, 3179.872, 7441.236, 28.18303, 3.382771, 7200, 0, 0, 0, 0, 0, 0, 0, 0, 26124), -- 失落的灵魂 (Area: -Unknown- - Difficulty: 2) (Auras: 204063 - -Unknown-)
(@CGUID+224, 103102, 1501, 7805, 7805, 8388870, '0', 0, 0, 0, 3171.122, 7456.287, 27.58601, 0.38026, 7200, 0, 0, 0, 0, 0, 0, 0, 0, 26124), -- 失落的灵魂 (Area: -Unknown- - Difficulty: 2) (Auras: 204063 - -Unknown-)
(@CGUID+225, 98949, 1501, 7805, 7805, 8388870, '0', 0, 0, 0, 3287.538, 7270.679, 231.3336, 2.32791, 7200, 0, 0, 0, 0, 0, 0, 0, 0, 26124), -- 可恨的斯麦斯帕 (Area: -Unknown- - Difficulty: 2) (Auras: 72242 - -Unknown-, 198114 - -Unknown-)
(@CGUID+226, 103102, 1501, 7805, 7805, 8388870, '0', 0, 0, 0, 3153.151, 7490.006, 28.30189, 2.748768, 7200, 0, 0, 0, 0, 0, 0, 0, 0, 26124), -- 失落的灵魂 (Area: -Unknown- - Difficulty: 2) (Auras: 204063 - -Unknown-)
(@CGUID+227, 98792, 1501, 7805, 7805, 8388870, '0', 0, 0, 0, 3178.856, 7313.276, 129.8101, 4.416863, 7200, 0, 0, 0, 0, 0, 0, 0, 0, 26124), -- 虫语清道夫 (Area: -Unknown- - Difficulty: 2)
(@CGUID+228, 98900, 1501, 7805, 7805, 8388870, '0', 0, 0, 0, 3199.284, 7395.105, 131.5015, 4.783295, 7200, 0, 0, 0, 0, 0, 0, 0, 0, 26124), -- 虫语欺诈者 (Area: -Unknown- - Difficulty: 2) (Auras: )
(@CGUID+229, 98900, 1501, 7805, 7805, 8388870, '0', 0, 0, 0, 3198.286, 7395.462, 131.266, 3.891574, 7200, 0, 0, 0, 0, 0, 0, 0, 0, 26124), -- 虫语欺诈者 (Area: -Unknown- - Difficulty: 2) (Auras: )
(@CGUID+230, 98243, 1501, 7805, 7805, 8388870, '0', 0, 0, 0, 3167.056, 7397.168, 89.75198, 3.564588, 7200, 0, 0, 0, 0, 0, 0, 0, 0, 26124), -- 失魂的勇士 (Area: -Unknown- - Difficulty: 2) (Auras: )
(@CGUID+231, 111193, 1501, 7805, 7805, 8388870, '0', 0, 0, 0, 3152.335, 7402.013, 53.32212, 3.911436, 7200, 0, 0, 0, 0, 0, 0, 0, 0, 26124), -- 颤抖的卵囊 (Area: -Unknown- - Difficulty: 2)
(@CGUID+232, 112725, 1501, 7805, 7805, 8388870, '0', 0, 0, 0, 3220.523, 7353.108, 128.3647, 3.513683, 7200, 0, 0, 0, 0, 0, 0, 0, 0, 26124), -- 卡林达斯 (Area: -Unknown- - Difficulty: 2) (Auras: 42459 - -Unknown-)
(@CGUID+233, 111193, 1501, 7805, 7805, 8388870, '0', 0, 0, 0, 3163.037, 7381.726, 46.25275, 3.380751, 7200, 0, 0, 0, 0, 0, 0, 0, 0, 26124), -- 颤抖的卵囊 (Area: -Unknown- - Difficulty: 2)
(@CGUID+234, 98900, 1501, 7805, 7805, 8388870, '0', 0, 0, 0, 3200.12, 7380.394, 130.1667, 1.479226, 7200, 0, 0, 0, 0, 0, 0, 0, 0, 26124), -- 虫语欺诈者 (Area: -Unknown- - Difficulty: 2) (Auras: )
(@CGUID+235, 111193, 1501, 7805, 7805, 8388870, '0', 0, 0, 0, 3164.49, 7380.229, 46.35383, 4.971088, 7200, 0, 0, 0, 0, 0, 0, 0, 0, 26124), -- 颤抖的卵囊 (Area: -Unknown- - Difficulty: 2)
(@CGUID+236, 111193, 1501, 7805, 7805, 8388870, '0', 0, 0, 0, 3153.32, 7401.687, 52.83603, 0.1026995, 7200, 0, 0, 0, 0, 0, 0, 0, 0, 26124), -- 颤抖的卵囊 (Area: -Unknown- - Difficulty: 2)
(@CGUID+237, 98275, 1501, 7805, 7805, 8388870, '0', 0, 0, 0, 3169.035, 7400.948, 89.75198, 3.628563, 7200, 0, 0, 0, 0, 0, 0, 0, 0, 26124), -- 复活的弓箭手 (Area: -Unknown- - Difficulty: 2) (Auras: 200345 - -Unknown-)
(@CGUID+238, 111193, 1501, 7805, 7805, 8388870, '0', 0, 0, 0, 3159.594, 7385.682, 46.25275, 3.046678, 7200, 0, 0, 0, 0, 0, 0, 0, 0, 26124), -- 颤抖的卵囊 (Area: -Unknown- - Difficulty: 2)
(@CGUID+239, 98280, 1501, 7805, 7805, 8388870, '0', 0, 0, 0, 3169.214, 7392.656, 89.60539, 2.891291, 7200, 0, 0, 0, 0, 0, 0, 0, 0, 26124), -- 复活的奥术师 (Area: -Unknown- - Difficulty: 2) (Auras: 200248 - -Unknown-)
(@CGUID+240, 111193, 1501, 7805, 7805, 8388870, '0', 0, 0, 0, 3163.542, 7380.556, 46.25275, 1.758632, 7200, 0, 0, 0, 0, 0, 0, 0, 0, 26124), -- 颤抖的卵囊 (Area: -Unknown- - Difficulty: 2)
(@CGUID+241, 98201, 1501, 7805, 7805, 8388870, '0', 0, 0, 0, 3426.381, 7583.064, -8.084981, 0.01162249, 7200, 0, 0, 0, 0, 0, 0, 0, 0, 26124), -- 被激怒的灵魂 (Area: -Unknown- - Difficulty: 2)
(@CGUID+242, 111193, 1501, 7805, 7805, 8388870, '0', 0, 0, 0, 3156.486, 7385.074, 46.25275, 5.410443, 7200, 0, 0, 0, 0, 0, 0, 0, 0, 26124), -- 颤抖的卵囊 (Area: -Unknown- - Difficulty: 2)
(@CGUID+243, 111193, 1501, 7805, 7805, 8388870, '0', 0, 0, 0, 3160.781, 7380.231, 46.25275, 4.884329, 7200, 0, 0, 0, 0, 0, 0, 0, 0, 26124), -- 颤抖的卵囊 (Area: -Unknown- - Difficulty: 2)
(@CGUID+244, 111193, 1501, 7805, 7805, 8388870, '0', 0, 0, 0, 3154.031, 7394.395, 49.30947, 3.689245, 7200, 0, 0, 0, 0, 0, 0, 0, 0, 26124), -- 颤抖的卵囊 (Area: -Unknown- - Difficulty: 2)
(@CGUID+245, 111193, 1501, 7805, 7805, 8388870, '0', 0, 0, 0, 3159.948, 7381.652, 46.25275, 4.609038, 7200, 0, 0, 0, 0, 0, 0, 0, 0, 26124), -- 颤抖的卵囊 (Area: -Unknown- - Difficulty: 2)
(@CGUID+246, 111193, 1501, 7805, 7805, 8388870, '0', 0, 0, 0, 3162.882, 7375.816, 46.25275, 2.840786, 7200, 0, 0, 0, 0, 0, 0, 0, 0, 26124), -- 颤抖的卵囊 (Area: -Unknown- - Difficulty: 2)
(@CGUID+247, 111193, 1501, 7805, 7805, 8388870, '0', 0, 0, 0, 3161.872, 7380.772, 46.25275, 5.526752, 7200, 0, 0, 0, 0, 0, 0, 0, 0, 26124), -- 颤抖的卵囊 (Area: -Unknown- - Difficulty: 2)
(@CGUID+248, 111193, 1501, 7805, 7805, 8388870, '0', 0, 0, 0, 3162.411, 7377.316, 46.25275, 5.0596, 7200, 0, 0, 0, 0, 0, 0, 0, 0, 26124), -- 颤抖的卵囊 (Area: -Unknown- - Difficulty: 2)
(@CGUID+249, 111193, 1501, 7805, 7805, 8388870, '0', 0, 0, 0, 3164.175, 7374.596, 46.97266, 4.764554, 7200, 0, 0, 0, 0, 0, 0, 0, 0, 26124); -- 颤抖的卵囊 (Area: -Unknown- - Difficulty: 2)

INSERT INTO `creature` (`guid`, `id`, `map`, `zoneId`, `areaId`, `spawnMask`, `PhaseId`, `PhaseGroup`, `modelid`, `equipment_id`, `position_x`, `position_y`, `position_z`, `orientation`, `spawntimesecs`, `spawndist`, `currentwaypoint`, `curhealth`, `curmana`, `MovementType`, `npcflag`, `unit_flags`, `dynamicflags`, `VerifiedBuild`) VALUES
(@CGUID+250, 111193, 1501, 7805, 7805, 8388870, '0', 0, 0, 0, 3145.808, 7408.691, 55.27702, 5.917799, 7200, 0, 0, 0, 0, 0, 0, 0, 0, 26124), -- 颤抖的卵囊 (Area: -Unknown- - Difficulty: 2)
(@CGUID+251, 111193, 1501, 7805, 7805, 8388870, '0', 0, 0, 0, 3157.556, 7383.421, 46.25275, 0.289932, 7200, 0, 0, 0, 0, 0, 0, 0, 0, 26124), -- 颤抖的卵囊 (Area: -Unknown- - Difficulty: 2)
(@CGUID+252, 111193, 1501, 7805, 7805, 8388870, '0', 0, 0, 0, 3157.867, 7385.256, 46.25275, 0.8725852, 7200, 0, 0, 0, 0, 0, 0, 0, 0, 26124), -- 颤抖的卵囊 (Area: -Unknown- - Difficulty: 2)
(@CGUID+253, 111193, 1501, 7805, 7805, 8388870, '0', 0, 0, 0, 3162.278, 7379.121, 46.25275, 0.4167799, 7200, 0, 0, 0, 0, 0, 0, 0, 0, 26124), -- 颤抖的卵囊 (Area: -Unknown- - Difficulty: 2)
(@CGUID+254, 111193, 1501, 7805, 7805, 8388870, '0', 0, 0, 0, 3159.312, 7382.906, 46.25275, 3.931802, 7200, 0, 0, 0, 0, 0, 0, 0, 0, 26124), -- 颤抖的卵囊 (Area: -Unknown- - Difficulty: 2)
(@CGUID+255, 98243, 1501, 7805, 7805, 8388870, '0', 0, 0, 0, 3154.218, 7405.785, 89.53497, 2.72363, 7200, 0, 0, 0, 0, 0, 0, 0, 0, 26124), -- 失魂的勇士 (Area: -Unknown- - Difficulty: 2) (Auras: )
(@CGUID+256, 111193, 1501, 7805, 7805, 8388870, '0', 0, 0, 0, 3163.727, 7378.473, 46.31085, 4.764554, 7200, 0, 0, 0, 0, 0, 0, 0, 0, 26124), -- 颤抖的卵囊 (Area: -Unknown- - Difficulty: 2)
(@CGUID+257, 111193, 1501, 7805, 7805, 8388870, '0', 0, 0, 0, 3161.083, 7382.301, 46.25275, 1.746742, 7200, 0, 0, 0, 0, 0, 0, 0, 0, 26124), -- 颤抖的卵囊 (Area: -Unknown- - Difficulty: 2)
(@CGUID+258, 111193, 1501, 7805, 7805, 8388870, '0', 0, 0, 0, 3160.624, 7383.967, 46.25275, 4.852135, 7200, 0, 0, 0, 0, 0, 0, 0, 0, 26124), -- 颤抖的卵囊 (Area: -Unknown- - Difficulty: 2)
(@CGUID+259, 111193, 1501, 7805, 7805, 8388870, '0', 0, 0, 0, 3158.096, 7382.474, 46.25275, 5.54073, 7200, 0, 0, 0, 0, 0, 0, 0, 0, 26124), -- 颤抖的卵囊 (Area: -Unknown- - Difficulty: 2)
(@CGUID+260, 111193, 1501, 7805, 7805, 8388870, '0', 0, 0, 0, 3164.14, 7376.403, 46.3809, 1.758632, 7200, 0, 0, 0, 0, 0, 0, 0, 0, 26124), -- 颤抖的卵囊 (Area: -Unknown- - Difficulty: 2)
(@CGUID+261, 111193, 1501, 7805, 7805, 8388870, '0', 0, 0, 0, 3154.132, 7388.183, 46.25275, 1.353283, 7200, 0, 0, 0, 0, 0, 0, 0, 0, 26124), -- 颤抖的卵囊 (Area: -Unknown- - Difficulty: 2)
(@CGUID+262, 111193, 1501, 7805, 7805, 8388870, '0', 0, 0, 0, 3144.565, 7409.386, 55.27702, 3.689245, 7200, 0, 0, 0, 0, 0, 0, 0, 0, 26124), -- 颤抖的卵囊 (Area: -Unknown- - Difficulty: 2)
(@CGUID+263, 111193, 1501, 7805, 7805, 8388870, '0', 0, 0, 0, 3155.217, 7389.76, 46.83778, 2.237788, 7200, 0, 0, 0, 0, 0, 0, 0, 0, 26124), -- 颤抖的卵囊 (Area: -Unknown- - Difficulty: 2)
(@CGUID+264, 111193, 1501, 7805, 7805, 8388870, '0', 0, 0, 0, 3161.272, 7377.639, 46.25275, 5.378916, 7200, 0, 0, 0, 0, 0, 0, 0, 0, 26124), -- 颤抖的卵囊 (Area: -Unknown- - Difficulty: 2)
(@CGUID+265, 111193, 1501, 7805, 7805, 8388870, '0', 0, 0, 0, 3158.995, 7384.26, 46.25275, 2.848282, 7200, 0, 0, 0, 0, 0, 0, 0, 0, 26124), -- 颤抖的卵囊 (Area: -Unknown- - Difficulty: 2)
(@CGUID+266, 111193, 1501, 7805, 7805, 8388870, '0', 0, 0, 0, 3145.524, 7409.913, 55.27702, 5.9178, 7200, 0, 0, 0, 0, 0, 0, 0, 0, 26124), -- 颤抖的卵囊 (Area: -Unknown- - Difficulty: 2)
(@CGUID+267, 111193, 1501, 7805, 7805, 8388870, '0', 0, 0, 0, 3153.318, 7385.001, 46.25275, 0.671604, 7200, 0, 0, 0, 0, 0, 0, 0, 0, 26124), -- 颤抖的卵囊 (Area: -Unknown- - Difficulty: 2)
(@CGUID+268, 111193, 1501, 7805, 7805, 8388870, '0', 0, 0, 0, 3163.168, 7369.572, 46.32191, 1.076137, 7200, 0, 0, 0, 0, 0, 0, 0, 0, 26124), -- 颤抖的卵囊 (Area: -Unknown- - Difficulty: 2)
(@CGUID+269, 111193, 1501, 7805, 7805, 8388870, '0', 0, 0, 0, 3160.979, 7374.499, 46.25275, 5.091327, 7200, 0, 0, 0, 0, 0, 0, 0, 0, 26124), -- 颤抖的卵囊 (Area: -Unknown- - Difficulty: 2)
(@CGUID+270, 111193, 1501, 7805, 7805, 8388870, '0', 0, 0, 0, 3161.618, 7370.187, 46.33431, 3.934561, 7200, 0, 0, 0, 0, 0, 0, 0, 0, 26124), -- 颤抖的卵囊 (Area: -Unknown- - Difficulty: 2)
(@CGUID+271, 111193, 1501, 7805, 7805, 8388870, '0', 0, 0, 0, 3154.303, 7385.321, 46.25275, 0.671604, 7200, 0, 0, 0, 0, 0, 0, 0, 0, 26124), -- 颤抖的卵囊 (Area: -Unknown- - Difficulty: 2)
(@CGUID+272, 111193, 1501, 7805, 7805, 8388870, '0', 0, 0, 0, 3147.798, 7393.666, 49.85821, 0.3273717, 7200, 0, 0, 0, 0, 0, 0, 0, 0, 26124), -- 颤抖的卵囊 (Area: -Unknown- - Difficulty: 2)
(@CGUID+273, 111193, 1501, 7805, 7805, 8388870, '0', 0, 0, 0, 3163.2, 7371.592, 46.39146, 0.2122337, 7200, 0, 0, 0, 0, 0, 0, 0, 0, 26124), -- 颤抖的卵囊 (Area: -Unknown- - Difficulty: 2)
(@CGUID+274, 111193, 1501, 7805, 7805, 8388870, '0', 0, 0, 0, 3151.948, 7385.803, 46.25275, 2.848413, 7200, 0, 0, 0, 0, 0, 0, 0, 0, 26124), -- 颤抖的卵囊 (Area: -Unknown- - Difficulty: 2)
(@CGUID+275, 111193, 1501, 7805, 7805, 8388870, '0', 0, 0, 0, 3156.209, 7383.757, 46.25275, 0.289932, 7200, 0, 0, 0, 0, 0, 0, 0, 0, 26124), -- 颤抖的卵囊 (Area: -Unknown- - Difficulty: 2)
(@CGUID+276, 111193, 1501, 7805, 7805, 8388870, '0', 0, 0, 0, 3162.413, 7374.694, 46.25951, 5.966565, 7200, 0, 0, 0, 0, 0, 0, 0, 0, 26124), -- 颤抖的卵囊 (Area: -Unknown- - Difficulty: 2)
(@CGUID+277, 111193, 1501, 7805, 7805, 8388870, '0', 0, 0, 0, 3143.931, 7402.645, 55.33689, 3.689245, 7200, 0, 0, 0, 0, 0, 0, 0, 0, 26124), -- 颤抖的卵囊 (Area: -Unknown- - Difficulty: 2)
(@CGUID+278, 111193, 1501, 7805, 7805, 8388870, '0', 0, 0, 0, 3153.4, 7386.365, 46.25275, 0.7363683, 7200, 0, 0, 0, 0, 0, 0, 0, 0, 26124), -- 颤抖的卵囊 (Area: -Unknown- - Difficulty: 2)
(@CGUID+279, 111193, 1501, 7805, 7805, 8388870, '0', 0, 0, 0, 3145.381, 7402.679, 55.25673, 2.54383, 7200, 0, 0, 0, 0, 0, 0, 0, 0, 26124), -- 颤抖的卵囊 (Area: -Unknown- - Difficulty: 2)
(@CGUID+280, 111193, 1501, 7805, 7805, 8388870, '0', 0, 0, 0, 3144.498, 7401.909, 55.23376, 1.348359, 7200, 0, 0, 0, 0, 0, 0, 0, 0, 26124), -- 颤抖的卵囊 (Area: -Unknown- - Difficulty: 2)
(@CGUID+281, 111193, 1501, 7805, 7805, 8388870, '0', 0, 0, 0, 3163.236, 7373.385, 46.33774, 1.487821, 7200, 0, 0, 0, 0, 0, 0, 0, 0, 26124), -- 颤抖的卵囊 (Area: -Unknown- - Difficulty: 2)
(@CGUID+282, 111193, 1501, 7805, 7805, 8388870, '0', 0, 0, 0, 3161.474, 7371.696, 46.32317, 5.526752, 7200, 0, 0, 0, 0, 0, 0, 0, 0, 26124), -- 颤抖的卵囊 (Area: -Unknown- - Difficulty: 2)
(@CGUID+283, 111193, 1501, 7805, 7805, 8388870, '0', 0, 0, 0, 3152.182, 7384.527, 46.25275, 2.236898, 7200, 0, 0, 0, 0, 0, 0, 0, 0, 26124), -- 颤抖的卵囊 (Area: -Unknown- - Difficulty: 2)
(@CGUID+284, 111193, 1501, 7805, 7805, 8388870, '0', 0, 0, 0, 3155.39, 7384.814, 46.25275, 5.194725, 7200, 0, 0, 0, 0, 0, 0, 0, 0, 26124), -- 颤抖的卵囊 (Area: -Unknown- - Difficulty: 2)
(@CGUID+285, 111193, 1501, 7805, 7805, 8388870, '0', 0, 0, 0, 3160.772, 7376.221, 46.25275, 3.494523, 7200, 0, 0, 0, 0, 0, 0, 0, 0, 26124), -- 颤抖的卵囊 (Area: -Unknown- - Difficulty: 2)
(@CGUID+286, 111193, 1501, 7805, 7805, 8388870, '0', 0, 0, 0, 3140.842, 7406.674, 55.27702, 2.683955, 7200, 0, 0, 0, 0, 0, 0, 0, 0, 26124), -- 颤抖的卵囊 (Area: -Unknown- - Difficulty: 2)
(@CGUID+287, 111193, 1501, 7805, 7805, 8388870, '0', 0, 0, 0, 3139.661, 7410.279, 55.27702, 2.683955, 7200, 0, 0, 0, 0, 0, 0, 0, 0, 26124), -- 颤抖的卵囊 (Area: -Unknown- - Difficulty: 2)
(@CGUID+288, 98691, 1501, 7805, 7805, 8388870, '0', 0, 0, 0, 3153.005, 7403.041, 89.64432, 2.723452, 7200, 0, 0, 0, 0, 0, 0, 0, 0, 26124), -- 复活的斥候 (Area: -Unknown- - Difficulty: 2) (Auras: 42459 - -Unknown-)
(@CGUID+289, 111193, 1501, 7805, 7805, 8388870, '0', 0, 0, 0, 3139.263, 7409.422, 55.27702, 5.917799, 7200, 0, 0, 0, 0, 0, 0, 0, 0, 26124), -- 颤抖的卵囊 (Area: -Unknown- - Difficulty: 2)
(@CGUID+290, 111193, 1501, 7805, 7805, 8388870, '0', 0, 0, 0, 3162.11, 7372.674, 46.3126, 5.176996, 7200, 0, 0, 0, 0, 0, 0, 0, 0, 26124), -- 颤抖的卵囊 (Area: -Unknown- - Difficulty: 2)
(@CGUID+291, 111193, 1501, 7805, 7805, 8388870, '0', 0, 0, 0, 3164.575, 7372.599, 46.40153, 1.715708, 7200, 0, 0, 0, 0, 0, 0, 0, 0, 26124), -- 颤抖的卵囊 (Area: -Unknown- - Difficulty: 2)
(@CGUID+292, 111193, 1501, 7805, 7805, 8388870, '0', 0, 0, 0, 3151.407, 7382.177, 46.25275, 5.78825, 7200, 0, 0, 0, 0, 0, 0, 0, 0, 26124), -- 颤抖的卵囊 (Area: -Unknown- - Difficulty: 2)
(@CGUID+293, 111193, 1501, 7805, 7805, 8388870, '0', 0, 0, 0, 3139.919, 7405.902, 55.27702, 3.506427, 7200, 0, 0, 0, 0, 0, 0, 0, 0, 26124), -- 颤抖的卵囊 (Area: -Unknown- - Difficulty: 2)
(@CGUID+294, 111193, 1501, 7805, 7805, 8388870, '0', 0, 0, 0, 3150.704, 7384.59, 46.25275, 0.289932, 7200, 0, 0, 0, 0, 0, 0, 0, 0, 26124), -- 颤抖的卵囊 (Area: -Unknown- - Difficulty: 2)
(@CGUID+295, 111193, 1501, 7805, 7805, 8388870, '0', 0, 0, 0, 3154.3, 7377.559, 46.25275, 5.591961, 7200, 0, 0, 0, 0, 0, 0, 0, 0, 26124), -- 颤抖的卵囊 (Area: -Unknown- - Difficulty: 2)
(@CGUID+296, 111193, 1501, 7805, 7805, 8388870, '0', 0, 0, 0, 3160.236, 7368.985, 46.25443, 0.6474741, 7200, 0, 0, 0, 0, 0, 0, 0, 0, 26124), -- 颤抖的卵囊 (Area: -Unknown- - Difficulty: 2)
(@CGUID+297, 98696, 1501, 7805, 7805, 8388870, '0', 0, 0, 0, 3098.552, 7311.781, 103.4037, 0.4495288, 7200, 0, 0, 0, 0, 0, 0, 0, 0, 26124), -- 伊莉萨娜·拉文凯斯 (Area: -Unknown- - Difficulty: 2) (Auras: 197367 - -Unknown-, 197394 - -Unknown-, 42459 - -Unknown-)
(@CGUID+298, 111193, 1501, 7805, 7805, 8388870, '0', 0, 0, 0, 3140.65, 7405.334, 55.27702, 1.199806, 7200, 0, 0, 0, 0, 0, 0, 0, 0, 26124), -- 颤抖的卵囊 (Area: -Unknown- - Difficulty: 2)
(@CGUID+299, 111193, 1501, 7805, 7805, 8388870, '0', 0, 0, 0, 3161.945, 7368.167, 46.28196, 1.977081, 7200, 0, 0, 0, 0, 0, 0, 0, 0, 26124), -- 颤抖的卵囊 (Area: -Unknown- - Difficulty: 2)
(@CGUID+300, 111193, 1501, 7805, 7805, 8388870, '0', 0, 0, 0, 3160.498, 7370.527, 46.31022, 0.3025085, 7200, 0, 0, 0, 0, 0, 0, 0, 0, 26124), -- 颤抖的卵囊 (Area: -Unknown- - Difficulty: 2)
(@CGUID+301, 111193, 1501, 7805, 7805, 8388870, '0', 0, 0, 0, 3163.006, 7365.781, 46.25255, 0.4886911, 7200, 0, 0, 0, 0, 0, 0, 0, 0, 26124), -- 颤抖的卵囊 (Area: -Unknown- - Difficulty: 2)
(@CGUID+302, 111193, 1501, 7805, 7805, 8388870, '0', 0, 0, 0, 3148.967, 7389.14, 47.14215, 0.9711409, 7200, 0, 0, 0, 0, 0, 0, 0, 0, 26124), -- 颤抖的卵囊 (Area: -Unknown- - Difficulty: 2)
(@CGUID+303, 111193, 1501, 7805, 7805, 8388870, '0', 0, 0, 0, 3150.54, 7385.915, 46.25275, 1.02321, 7200, 0, 0, 0, 0, 0, 0, 0, 0, 26124), -- 颤抖的卵囊 (Area: -Unknown- - Difficulty: 2)
(@CGUID+304, 111193, 1501, 7805, 7805, 8388870, '0', 0, 0, 0, 3154.99, 7376.095, 46.25275, 4.884329, 7200, 0, 0, 0, 0, 0, 0, 0, 0, 26124), -- 颤抖的卵囊 (Area: -Unknown- - Difficulty: 2)
(@CGUID+305, 111193, 1501, 7805, 7805, 8388870, '0', 0, 0, 0, 3162.758, 7367.042, 46.25639, 4.342518, 7200, 0, 0, 0, 0, 0, 0, 0, 0, 26124), -- 颤抖的卵囊 (Area: -Unknown- - Difficulty: 2)
(@CGUID+306, 111193, 1501, 7805, 7805, 8388870, '0', 0, 0, 0, 3151.509, 7383.468, 46.25275, 2.751872, 7200, 0, 0, 0, 0, 0, 0, 0, 0, 26124), -- 颤抖的卵囊 (Area: -Unknown- - Difficulty: 2)
(@CGUID+307, 98201, 1501, 7805, 7805, 8388870, '0', 0, 0, 0, 3429.293, 7580.677, -8.306265, 0.02317638, 7200, 0, 0, 0, 0, 0, 0, 0, 0, 26124), -- 被激怒的灵魂 (Area: -Unknown- - Difficulty: 2)
(@CGUID+308, 111193, 1501, 7805, 7805, 8388870, '0', 0, 0, 0, 3150.036, 7382.738, 46.25275, 4.261784, 7200, 0, 0, 0, 0, 0, 0, 0, 0, 26124), -- 颤抖的卵囊 (Area: -Unknown- - Difficulty: 2)
(@CGUID+309, 111193, 1501, 7805, 7805, 8388870, '0', 0, 0, 0, 3160.835, 7363.222, 46.68178, 1.025236, 7200, 0, 0, 0, 0, 0, 0, 0, 0, 26124), -- 颤抖的卵囊 (Area: -Unknown- - Difficulty: 2)
(@CGUID+310, 111193, 1501, 7805, 7805, 8388870, '0', 0, 0, 0, 3162.923, 7364.382, 46.47068, 3.137638, 7200, 0, 0, 0, 0, 0, 0, 0, 0, 26124), -- 颤抖的卵囊 (Area: -Unknown- - Difficulty: 2)
(@CGUID+311, 111193, 1501, 7805, 7805, 8388870, '0', 0, 0, 0, 3153.722, 7375.45, 46.25275, 5.619899, 7200, 0, 0, 0, 0, 0, 0, 0, 0, 26124), -- 颤抖的卵囊 (Area: -Unknown- - Difficulty: 2)
(@CGUID+312, 111193, 1501, 7805, 7805, 8388870, '0', 0, 0, 0, 3149.411, 7379.812, 46.25275, 3.781272, 7200, 0, 0, 0, 0, 0, 0, 0, 0, 26124), -- 颤抖的卵囊 (Area: -Unknown- - Difficulty: 2)
(@CGUID+313, 111193, 1501, 7805, 7805, 8388870, '0', 0, 0, 0, 3159.135, 7362.705, 46.74529, 3.291481, 7200, 0, 0, 0, 0, 0, 0, 0, 0, 26124), -- 颤抖的卵囊 (Area: -Unknown- - Difficulty: 2)
(@CGUID+314, 111193, 1501, 7805, 7805, 8388870, '0', 0, 0, 0, 3158.577, 7370.202, 46.25163, 3.055219, 7200, 0, 0, 0, 0, 0, 0, 0, 0, 26124), -- 颤抖的卵囊 (Area: -Unknown- - Difficulty: 2)
(@CGUID+315, 111193, 1501, 7805, 7805, 8388870, '0', 0, 0, 0, 3150.46, 7381.241, 46.25275, 4.884329, 7200, 0, 0, 0, 0, 0, 0, 0, 0, 26124), -- 颤抖的卵囊 (Area: -Unknown- - Difficulty: 2)
(@CGUID+316, 111193, 1501, 7805, 7805, 8388870, '0', 0, 0, 0, 3161.056, 7367.443, 46.25082, 5.092745, 7200, 0, 0, 0, 0, 0, 0, 0, 0, 26124), -- 颤抖的卵囊 (Area: -Unknown- - Difficulty: 2)
(@CGUID+317, 111193, 1501, 7805, 7805, 8388870, '0', 0, 0, 0, 3159.682, 7364.399, 46.48516, 1.185875, 7200, 0, 0, 0, 0, 0, 0, 0, 0, 26124), -- 颤抖的卵囊 (Area: -Unknown- - Difficulty: 2)
(@CGUID+318, 111193, 1501, 7805, 7805, 8388870, '0', 0, 0, 0, 3154.004, 7376.419, 46.25275, 5.056578, 7200, 0, 0, 0, 0, 0, 0, 0, 0, 26124), -- 颤抖的卵囊 (Area: -Unknown- - Difficulty: 2)
(@CGUID+319, 111193, 1501, 7805, 7805, 8388870, '0', 0, 0, 0, 3148.765, 7380.877, 46.25275, 2.487775, 7200, 0, 0, 0, 0, 0, 0, 0, 0, 26124), -- 颤抖的卵囊 (Area: -Unknown- - Difficulty: 2)
(@CGUID+320, 111193, 1501, 7805, 7805, 8388870, '0', 0, 0, 0, 3160.571, 7364.859, 46.26959, 5.092745, 7200, 0, 0, 0, 0, 0, 0, 0, 0, 26124), -- 颤抖的卵囊 (Area: -Unknown- - Difficulty: 2)
(@CGUID+321, 111193, 1501, 7805, 7805, 8388870, '0', 0, 0, 0, 3159.752, 7366.402, 46.24807, 0.6474741, 7200, 0, 0, 0, 0, 0, 0, 0, 0, 26124), -- 颤抖的卵囊 (Area: -Unknown- - Difficulty: 2)
(@CGUID+322, 111193, 1501, 7805, 7805, 8388870, '0', 0, 0, 0, 3152.868, 7377.031, 46.25275, 5.483409, 7200, 0, 0, 0, 0, 0, 0, 0, 0, 26124), -- 颤抖的卵囊 (Area: -Unknown- - Difficulty: 2)
(@CGUID+323, 111193, 1501, 7805, 7805, 8388870, '0', 0, 0, 0, 3148.2, 7382.404, 46.25275, 3.736463, 7200, 0, 0, 0, 0, 0, 0, 0, 0, 26124), -- 颤抖的卵囊 (Area: -Unknown- - Difficulty: 2)
(@CGUID+324, 111193, 1501, 7805, 7805, 8388870, '0', 0, 0, 0, 3161.708, 7362.718, 46.84629, 3.778386, 7200, 0, 0, 0, 0, 0, 0, 0, 0, 26124), -- 颤抖的卵囊 (Area: -Unknown- - Difficulty: 2)
(@CGUID+325, 111193, 1501, 7805, 7805, 8388870, '0', 0, 0, 0, 3153.375, 7374.761, 46.25275, 2.392995, 7200, 0, 0, 0, 0, 0, 0, 0, 0, 26124), -- 颤抖的卵囊 (Area: -Unknown- - Difficulty: 2)
(@CGUID+326, 111193, 1501, 7805, 7805, 8388870, '0', 0, 0, 0, 3154.969, 7374.406, 46.25275, 4.012753, 7200, 0, 0, 0, 0, 0, 0, 0, 0, 26124), -- 颤抖的卵囊 (Area: -Unknown- - Difficulty: 2)
(@CGUID+327, 111193, 1501, 7805, 7805, 8388870, '0', 0, 0, 0, 3148.155, 7378.986, 46.25275, 4.643244, 7200, 0, 0, 0, 0, 0, 0, 0, 0, 26124), -- 颤抖的卵囊 (Area: -Unknown- - Difficulty: 2)
(@CGUID+328, 111193, 1501, 7805, 7805, 8388870, '0', 0, 0, 0, 3146.761, 7382.432, 46.25275, 4.852135, 7200, 0, 0, 0, 0, 0, 0, 0, 0, 26124), -- 颤抖的卵囊 (Area: -Unknown- - Difficulty: 2)
(@CGUID+329, 111193, 1501, 7805, 7805, 8388870, '0', 0, 0, 0, 3149.111, 7383.569, 46.25275, 0, 7200, 0, 0, 0, 0, 0, 0, 0, 0, 26124), -- 颤抖的卵囊 (Area: -Unknown- - Difficulty: 2)
(@CGUID+330, 111193, 1501, 7805, 7805, 8388870, '0', 0, 0, 0, 3161.46, 7365.583, 46.26215, 1.977081, 7200, 0, 0, 0, 0, 0, 0, 0, 0, 26124), -- 颤抖的卵囊 (Area: -Unknown- - Difficulty: 2)
(@CGUID+331, 111193, 1501, 7805, 7805, 8388870, '0', 0, 0, 0, 3152.478, 7375.745, 46.25275, 1.32099, 7200, 0, 0, 0, 0, 0, 0, 0, 0, 26124), -- 颤抖的卵囊 (Area: -Unknown- - Difficulty: 2)
(@CGUID+332, 111193, 1501, 7805, 7805, 8388870, '0', 0, 0, 0, 3147.429, 7380.803, 46.25275, 2.048818, 7200, 0, 0, 0, 0, 0, 0, 0, 0, 26124), -- 颤抖的卵囊 (Area: -Unknown- - Difficulty: 2)
(@CGUID+333, 111193, 1501, 7805, 7805, 8388870, '0', 0, 0, 0, 3146.025, 7376.009, 46.25275, 5.768156, 7200, 0, 0, 0, 0, 0, 0, 0, 0, 26124), -- 颤抖的卵囊 (Area: -Unknown- - Difficulty: 2)
(@CGUID+334, 111193, 1501, 7805, 7805, 8388870, '0', 0, 0, 0, 3146.467, 7372.927, 46.25275, 3.919657, 7200, 0, 0, 0, 0, 0, 0, 0, 0, 26124), -- 颤抖的卵囊 (Area: -Unknown- - Difficulty: 2)
(@CGUID+335, 111193, 1501, 7805, 7805, 8388870, '0', 0, 0, 0, 3154.743, 7363.024, 46.90799, 6.216921, 7200, 0, 0, 0, 0, 0, 0, 0, 0, 26124), -- 颤抖的卵囊 (Area: -Unknown- - Difficulty: 2)
(@CGUID+336, 111193, 1501, 7805, 7805, 8388870, '0', 0, 0, 0, 3154.954, 7361.938, 46.90799, 3.501498, 7200, 0, 0, 0, 0, 0, 0, 0, 0, 26124), -- 颤抖的卵囊 (Area: -Unknown- - Difficulty: 2)
(@CGUID+337, 111193, 1501, 7805, 7805, 8388870, '0', 0, 0, 0, 3144.914, 7375.053, 46.25275, 2.989145, 7200, 0, 0, 0, 0, 0, 0, 0, 0, 26124), -- 颤抖的卵囊 (Area: -Unknown- - Difficulty: 2)
(@CGUID+338, 111193, 1501, 7805, 7805, 8388870, '0', 0, 0, 0, 3148.219, 7377.267, 46.25275, 1.689078, 7200, 0, 0, 0, 0, 0, 0, 0, 0, 26124), -- 颤抖的卵囊 (Area: -Unknown- - Difficulty: 2)
(@CGUID+339, 111193, 1501, 7805, 7805, 8388870, '0', 0, 0, 0, 3155.845, 7363.855, 46.90799, 1.690659, 7200, 0, 0, 0, 0, 0, 0, 0, 0, 26124), -- 颤抖的卵囊 (Area: -Unknown- - Difficulty: 2)
(@CGUID+340, 111193, 1501, 7805, 7805, 8388870, '0', 0, 0, 0, 3150.781, 7370.937, 46.25246, 1.667544, 7200, 0, 0, 0, 0, 0, 0, 0, 0, 26124), -- 颤抖的卵囊 (Area: -Unknown- - Difficulty: 2)
(@CGUID+341, 111193, 1501, 7805, 7805, 8388870, '0', 0, 0, 0, 3146.463, 7374.523, 46.25275, 3.071391, 7200, 0, 0, 0, 0, 0, 0, 0, 0, 26124), -- 颤抖的卵囊 (Area: -Unknown- - Difficulty: 2)
(@CGUID+342, 111193, 1501, 7805, 7805, 8388870, '0', 0, 0, 0, 3147.703, 7375.314, 46.25275, 4.594236, 7200, 0, 0, 0, 0, 0, 0, 0, 0, 26124), -- 颤抖的卵囊 (Area: -Unknown- - Difficulty: 2)
(@CGUID+343, 111193, 1501, 7805, 7805, 8388870, '0', 0, 0, 0, 3150.383, 7369.183, 46.20073, 4.117451, 7200, 0, 0, 0, 0, 0, 0, 0, 0, 26124), -- 颤抖的卵囊 (Area: -Unknown- - Difficulty: 2)
(@CGUID+344, 111193, 1501, 7805, 7805, 8388870, '0', 0, 0, 0, 3146.805, 7377.444, 46.25275, 1.076137, 7200, 0, 0, 0, 0, 0, 0, 0, 0, 26124), -- 颤抖的卵囊 (Area: -Unknown- - Difficulty: 2)
(@CGUID+345, 111193, 1501, 7805, 7805, 8388870, '0', 0, 0, 0, 3156.641, 7363.009, 46.90799, 3.359154, 7200, 0, 0, 0, 0, 0, 0, 0, 0, 26124), -- 颤抖的卵囊 (Area: -Unknown- - Difficulty: 2)
(@CGUID+346, 111193, 1501, 7805, 7805, 8388870, '0', 0, 0, 0, 3149.516, 7369.903, 46.22846, 0.3535522, 7200, 0, 0, 0, 0, 0, 0, 0, 0, 26124), -- 颤抖的卵囊 (Area: -Unknown- - Difficulty: 2)
(@CGUID+347, 111193, 1501, 7805, 7805, 8388870, '0', 0, 0, 0, 3158.236, 7363.292, 46.88988, 0.8806434, 7200, 0, 0, 0, 0, 0, 0, 0, 0, 26124), -- 颤抖的卵囊 (Area: -Unknown- - Difficulty: 2)
(@CGUID+348, 111193, 1501, 7805, 7805, 8388870, '0', 0, 0, 0, 3151.873, 7369.235, 46.22911, 0.9019083, 7200, 0, 0, 0, 0, 0, 0, 0, 0, 26124), -- 颤抖的卵囊 (Area: -Unknown- - Difficulty: 2)
(@CGUID+349, 111193, 1501, 7805, 7805, 8388870, '0', 0, 0, 0, 3145.431, 7377.836, 46.25275, 5.536653, 7200, 0, 0, 0, 0, 0, 0, 0, 0, 26124), -- 颤抖的卵囊 (Area: -Unknown- - Difficulty: 2)
(@CGUID+350, 111193, 1501, 7805, 7805, 8388870, '0', 0, 0, 0, 3146.714, 7379.16, 46.25275, 3.507116, 7200, 0, 0, 0, 0, 0, 0, 0, 0, 26124), -- 颤抖的卵囊 (Area: -Unknown- - Difficulty: 2)
(@CGUID+351, 111193, 1501, 7805, 7805, 8388870, '0', 0, 0, 0, 3144.507, 7376.688, 46.25275, 5.006523, 7200, 0, 0, 0, 0, 0, 0, 0, 0, 26124), -- 颤抖的卵囊 (Area: -Unknown- - Difficulty: 2)
(@CGUID+352, 98900, 1501, 7805, 7805, 8388870, '0', 0, 0, 0, 3177.499, 7366.329, 129.8328, 2.671717, 7200, 0, 0, 0, 0, 0, 0, 0, 0, 26124), -- 虫语欺诈者 (Area: -Unknown- - Difficulty: 2) (Auras: )
(@CGUID+353, 111193, 1501, 7805, 7805, 8388870, '0', 0, 0, 0, 3148.603, 7370.566, 46.24822, 4.549672, 7200, 0, 0, 0, 0, 0, 0, 0, 0, 26124), -- 颤抖的卵囊 (Area: -Unknown- - Difficulty: 2)
(@CGUID+354, 111193, 1501, 7805, 7805, 8388870, '0', 0, 0, 0, 3157.609, 7362.035, 46.90156, 6.251055, 7200, 0, 0, 0, 0, 0, 0, 0, 0, 26124), -- 颤抖的卵囊 (Area: -Unknown- - Difficulty: 2)
(@CGUID+355, 111193, 1501, 7805, 7805, 8388870, '0', 0, 0, 0, 3156.232, 7362.331, 46.90799, 3.501497, 7200, 0, 0, 0, 0, 0, 0, 0, 0, 26124), -- 颤抖的卵囊 (Area: -Unknown- - Difficulty: 2)
(@CGUID+356, 111193, 1501, 7805, 7805, 8388870, '0', 0, 0, 0, 3143.62, 7377.919, 46.25275, 1.406868, 7200, 0, 0, 0, 0, 0, 0, 0, 0, 26124), -- 颤抖的卵囊 (Area: -Unknown- - Difficulty: 2)
(@CGUID+357, 111193, 1501, 7805, 7805, 8388870, '0', 0, 0, 0, 3153.127, 7363.295, 46.88746, 3.571363, 7200, 0, 0, 0, 0, 0, 0, 0, 0, 26124), -- 颤抖的卵囊 (Area: -Unknown- - Difficulty: 2)
(@CGUID+358, 98201, 1501, 7805, 7805, 8388870, '0', 0, 0, 0, 3434.156, 7585.173, -8.399014, 0.04845854, 7200, 0, 0, 0, 0, 0, 0, 0, 0, 26124), -- 被激怒的灵魂 (Area: -Unknown- - Difficulty: 2)
(@CGUID+359, 111193, 1501, 7805, 7805, 8388870, '0', 0, 0, 0, 3146.369, 7371.473, 46.25275, 4.549672, 7200, 0, 0, 0, 0, 0, 0, 0, 0, 26124), -- 颤抖的卵囊 (Area: -Unknown- - Difficulty: 2)
(@CGUID+360, 111193, 1501, 7805, 7805, 8388870, '0', 0, 0, 0, 3150.437, 7362.628, 46.41273, 3.571363, 7200, 0, 0, 0, 0, 0, 0, 0, 0, 26124), -- 颤抖的卵囊 (Area: -Unknown- - Difficulty: 2)
(@CGUID+361, 111193, 1501, 7805, 7805, 8388870, '0', 0, 0, 0, 3152.714, 7361.465, 46.80247, 2.346557, 7200, 0, 0, 0, 0, 0, 0, 0, 0, 26124), -- 颤抖的卵囊 (Area: -Unknown- - Difficulty: 2)
(@CGUID+362, 111193, 1501, 7805, 7805, 8388870, '0', 0, 0, 0, 3153.746, 7361.578, 46.88943, 2.032632, 7200, 0, 0, 0, 0, 0, 0, 0, 0, 26124), -- 颤抖的卵囊 (Area: -Unknown- - Difficulty: 2)
(@CGUID+363, 111193, 1501, 7805, 7805, 8388870, '0', 0, 0, 0, 3149.225, 7366.014, 46.05976, 4.392984, 7200, 0, 0, 0, 0, 0, 0, 0, 0, 26124), -- 颤抖的卵囊 (Area: -Unknown- - Difficulty: 2)
(@CGUID+364, 111193, 1501, 7805, 7805, 8388870, '0', 0, 0, 0, 3148.37, 7367.364, 46.14558, 1.938182, 7200, 0, 0, 0, 0, 0, 0, 0, 0, 26124), -- 颤抖的卵囊 (Area: -Unknown- - Difficulty: 2)
(@CGUID+365, 111193, 1501, 7805, 7805, 8388870, '0', 0, 0, 0, 3145.148, 7372.23, 46.25275, 6.105, 7200, 0, 0, 0, 0, 0, 0, 0, 0, 26124), -- 颤抖的卵囊 (Area: -Unknown- - Difficulty: 2)
(@CGUID+366, 111193, 1501, 7805, 7805, 8388870, '0', 0, 0, 0, 3148.495, 7364.767, 45.97664, 3.205849, 7200, 0, 0, 0, 0, 0, 0, 0, 0, 26124), -- 颤抖的卵囊 (Area: -Unknown- - Difficulty: 2)
(@CGUID+367, 98900, 1501, 7805, 7805, 8388870, '0', 0, 0, 0, 3157.292, 7391.531, 129.8328, 4.325579, 7200, 0, 0, 0, 0, 0, 0, 0, 0, 26124), -- 虫语欺诈者 (Area: -Unknown- - Difficulty: 2) (Auras: )
(@CGUID+368, 111193, 1501, 7805, 7805, 8388870, '0', 0, 0, 0, 3146.653, 7369.581, 46.22613, 1.860966, 7200, 0, 0, 0, 0, 0, 0, 0, 0, 26124), -- 颤抖的卵囊 (Area: -Unknown- - Difficulty: 2)
(@CGUID+369, 111193, 1501, 7805, 7805, 8388870, '0', 0, 0, 0, 3149.031, 7362.974, 46.26783, 1.353283, 7200, 0, 0, 0, 0, 0, 0, 0, 0, 26124), -- 颤抖的卵囊 (Area: -Unknown- - Difficulty: 2)
(@CGUID+370, 111193, 1501, 7805, 7805, 8388870, '0', 0, 0, 0, 3151.407, 7361.716, 46.68504, 4.012968, 7200, 0, 0, 0, 0, 0, 0, 0, 0, 26124), -- 颤抖的卵囊 (Area: -Unknown- - Difficulty: 2)
(@CGUID+371, 111193, 1501, 7805, 7805, 8388870, '0', 0, 0, 0, 3148.199, 7365.863, 46.05484, 5.071641, 7200, 0, 0, 0, 0, 0, 0, 0, 0, 26124), -- 颤抖的卵囊 (Area: -Unknown- - Difficulty: 2)
(@CGUID+372, 111193, 1501, 7805, 7805, 8388870, '0', 0, 0, 0, 3147.46, 7367.343, 46.14949, 1.424062, 7200, 0, 0, 0, 0, 0, 0, 0, 0, 26124), -- 颤抖的卵囊 (Area: -Unknown- - Difficulty: 2)
(@CGUID+373, 111193, 1501, 7805, 7805, 8388870, '0', 0, 0, 0, 3149.818, 7361.868, 46.58234, 5.64496, 7200, 0, 0, 0, 0, 0, 0, 0, 0, 26124), -- 颤抖的卵囊 (Area: -Unknown- - Difficulty: 2)
(@CGUID+374, 111193, 1501, 7805, 7805, 8388870, '0', 0, 0, 0, 3143.292, 7375.823, 46.25275, 2.521648, 7200, 0, 0, 0, 0, 0, 0, 0, 0, 26124), -- 颤抖的卵囊 (Area: -Unknown- - Difficulty: 2)
(@CGUID+375, 111193, 1501, 7805, 7805, 8388870, '0', 0, 0, 0, 3141.536, 7376.681, 46.25275, 4.852135, 7200, 0, 0, 0, 0, 0, 0, 0, 0, 26124), -- 颤抖的卵囊 (Area: -Unknown- - Difficulty: 2)
(@CGUID+376, 111193, 1501, 7805, 7805, 8388870, '0', 0, 0, 0, 3149.679, 7367.702, 46.1451, 4.392984, 7200, 0, 0, 0, 0, 0, 0, 0, 0, 26124), -- 颤抖的卵囊 (Area: -Unknown- - Difficulty: 2)
(@CGUID+377, 111193, 1501, 7805, 7805, 8388870, '0', 0, 0, 0, 3147.726, 7369.607, 46.23293, 4.884329, 7200, 0, 0, 0, 0, 0, 0, 0, 0, 26124), -- 颤抖的卵囊 (Area: -Unknown- - Difficulty: 2)
(@CGUID+378, 111193, 1501, 7805, 7805, 8388870, '0', 0, 0, 0, 3147.485, 7365.504, 46.03382, 1.266698, 7200, 0, 0, 0, 0, 0, 0, 0, 0, 26124), -- 颤抖的卵囊 (Area: -Unknown- - Difficulty: 2)
(@CGUID+379, 111193, 1501, 7805, 7805, 8388870, '0', 0, 0, 0, 3147.337, 7371.024, 46.25264, 0.3535522, 7200, 0, 0, 0, 0, 0, 0, 0, 0, 26124), -- 颤抖的卵囊 (Area: -Unknown- - Difficulty: 2)
(@CGUID+380, 111193, 1501, 7805, 7805, 8388870, '0', 0, 0, 0, 3143.736, 7374.053, 46.25275, 0.4167799, 7200, 0, 0, 0, 0, 0, 0, 0, 0, 26124), -- 颤抖的卵囊 (Area: -Unknown- - Difficulty: 2)
(@CGUID+381, 111193, 1501, 7805, 7805, 8388870, '0', 0, 0, 0, 3145.47, 7373.603, 46.25275, 6.105, 7200, 0, 0, 0, 0, 0, 0, 0, 0, 26124), -- 颤抖的卵囊 (Area: -Unknown- - Difficulty: 2)
(@CGUID+382, 111193, 1501, 7805, 7805, 8388870, '0', 0, 0, 0, 3148.693, 7368.931, 46.20991, 3.392675, 7200, 0, 0, 0, 0, 0, 0, 0, 0, 26124), -- 颤抖的卵囊 (Area: -Unknown- - Difficulty: 2)
(@CGUID+383, 98900, 1501, 7805, 7805, 8388870, '0', 0, 0, 0, 3161.173, 7392.132, 133.971, 1.721992, 7200, 0, 0, 0, 0, 0, 0, 0, 0, 26124), -- 虫语欺诈者 (Area: -Unknown- - Difficulty: 2) (Auras: )
(@CGUID+384, 111193, 1501, 7805, 7805, 8388870, '0', 0, 0, 0, 3148.391, 7363.691, 46.05875, 5.64496, 7200, 0, 0, 0, 0, 0, 0, 0, 0, 26124), -- 颤抖的卵囊 (Area: -Unknown- - Difficulty: 2)
(@CGUID+385, 111193, 1501, 7805, 7805, 8388870, '0', 0, 0, 0, 3148.55, 7362.005, 46.49638, 1.945468, 7200, 0, 0, 0, 0, 0, 0, 0, 0, 26124), -- 颤抖的卵囊 (Area: -Unknown- - Difficulty: 2)
(@CGUID+386, 98900, 1501, 7805, 7805, 8388870, '0', 0, 0, 0, 3170.834, 7366.797, 129.8328, 2.349322, 7200, 0, 0, 0, 0, 0, 0, 0, 0, 26124), -- 虫语欺诈者 (Area: -Unknown- - Difficulty: 2) (Auras: )
(@CGUID+387, 111193, 1501, 7805, 7805, 8388870, '0', 0, 0, 0, 3147.123, 7363.828, 46.1132, 1.945468, 7200, 0, 0, 0, 0, 0, 0, 0, 0, 26124), -- 颤抖的卵囊 (Area: -Unknown- - Difficulty: 2)
(@CGUID+388, 98201, 1501, 7805, 7805, 8388870, '0', 0, 0, 0, 3433.865, 7579.145, -8.033569, 0.06680082, 7200, 0, 0, 0, 0, 0, 0, 0, 0, 26124), -- 被激怒的灵魂 (Area: -Unknown- - Difficulty: 2)
(@CGUID+389, 98691, 1501, 7805, 7805, 8388870, '0', 0, 0, 0, 3137.563, 7376.766, 86.47598, 0.6421158, 7200, 0, 0, 0, 0, 0, 0, 0, 0, 26124), -- 复活的斥候 (Area: -Unknown- - Difficulty: 2) (Auras: 42459 - -Unknown-)
(@CGUID+390, 98900, 1501, 7805, 7805, 8388870, '0', 0, 0, 0, 3140.935, 7396.52, 129.8491, 4.080718, 7200, 0, 0, 0, 0, 0, 0, 0, 0, 26124), -- 虫语欺诈者 (Area: -Unknown- - Difficulty: 2) (Auras: )
(@CGUID+391, 98900, 1501, 7805, 7805, 8388870, '0', 0, 0, 0, 3141.194, 7392.088, 129.867, 3.891541, 7200, 0, 0, 0, 0, 0, 0, 0, 0, 26124), -- 虫语欺诈者 (Area: -Unknown- - Difficulty: 2) (Auras: )
(@CGUID+392, 98243, 1501, 7805, 7805, 8388870, '0', 0, 0, 0, 3141.051, 7370.075, 86.57034, 0.9487426, 7200, 0, 0, 0, 0, 0, 0, 0, 0, 26124), -- 失魂的勇士 (Area: -Unknown- - Difficulty: 2) (Auras: )
(@CGUID+393, 98900, 1501, 7805, 7805, 8388870, '0', 0, 0, 0, 3149.403, 7388.239, 132.3095, 1.547498, 7200, 0, 0, 0, 0, 0, 0, 0, 0, 26124), -- 虫语欺诈者 (Area: -Unknown- - Difficulty: 2) (Auras: )
(@CGUID+394, 98275, 1501, 7805, 7805, 8388870, '0', 0, 0, 0, 3147.551, 7368.265, 86.51179, 1.224925, 7200, 0, 0, 0, 0, 0, 0, 0, 0, 26124), -- 复活的弓箭手 (Area: -Unknown- - Difficulty: 2) (Auras: )
(@CGUID+395, 98900, 1501, 7805, 7805, 8388870, '0', 0, 0, 0, 3166.445, 7361.713, 132.1252, 5.674409, 7200, 0, 0, 0, 0, 0, 0, 0, 0, 26124), -- 虫语欺诈者 (Area: -Unknown- - Difficulty: 2) (Auras: )
(@CGUID+396, 98201, 1501, 7805, 7805, 8388870, '0', 0, 0, 0, 3432.623, 7583.732, -8.269088, 0.09200363, 7200, 0, 0, 0, 0, 0, 0, 0, 0, 26124), -- 被激怒的灵魂 (Area: -Unknown- - Difficulty: 2)
(@CGUID+397, 98900, 1501, 7805, 7805, 8388870, '0', 0, 0, 0, 3168.083, 7349.971, 133.091, 0.7731615, 7200, 0, 0, 0, 0, 0, 0, 0, 0, 26124), -- 虫语欺诈者 (Area: -Unknown- - Difficulty: 2) (Auras: )
(@CGUID+398, 98900, 1501, 7805, 7805, 8388870, '0', 0, 0, 0, 3171.184, 7399.799, 195.7897, 0.2283309, 7200, 0, 0, 0, 0, 0, 0, 0, 0, 26124), -- 虫语欺诈者 (Area: -Unknown- - Difficulty: 2) (Auras: )
(@CGUID+399, 98201, 1501, 7805, 7805, 8388870, '0', 0, 0, 0, 3428.374, 7583.101, -8.302678, 0.01548424, 7200, 0, 0, 0, 0, 0, 0, 0, 0, 26124), -- 被激怒的灵魂 (Area: -Unknown- - Difficulty: 2)
(@CGUID+400, 103857, 1501, 7805, 7805, 8388870, '0', 0, 0, 0, 3194.671, 7382.042, 209.0082, 4.214181, 7200, 10, 0, 0, 0, 1, 0, 0, 0, 26124), -- 魔蝠 (Area: -Unknown- - Difficulty: 2) (Auras: ) (possible waypoints or random movement)
(@CGUID+401, 98691, 1501, 7805, 7805, 8388870, '0', 0, 0, 0, 3145.099, 7340.728, 102.7814, 2.632218, 7200, 0, 0, 0, 0, 0, 0, 0, 0, 26124), -- 复活的斥候 (Area: -Unknown- - Difficulty: 2) (Auras: 42459 - -Unknown-)
(@CGUID+402, 103857, 1501, 7805, 7805, 8388870, '0', 0, 0, 0, 3195.217, 7396.112, 218.6206, 1.737671, 7200, 10, 0, 0, 0, 1, 0, 0, 0, 26124), -- 魔蝠 (Area: -Unknown- - Difficulty: 2) (Auras: ) (possible waypoints or random movement)
(@CGUID+403, 98900, 1501, 7805, 7805, 8388870, '0', 0, 0, 0, 3175.743, 7314.627, 129.8101, 4.496102, 7200, 0, 0, 0, 0, 0, 0, 0, 0, 26124), -- 虫语欺诈者 (Area: -Unknown- - Difficulty: 2)
(@CGUID+404, 98542, 1501, 7805, 7805, 8388870, '0', 0, 0, 0, 3251.346, 7582.793, 12.75466, 0.6647303, 7200, 0, 0, 0, 0, 0, 0, 0, 0, 26124), -- 融合之魂 (Area: -Unknown- - Difficulty: 2) (Auras: )
(@CGUID+405, 102094, 1501, 7805, 7805, 8388870, '0', 0, 0, 0, 3185.063, 7397.518, 225.7607, 3.916874, 7200, 0, 0, 0, 0, 0, 0, 0, 0, 26124), -- 复活的剑士 (Area: -Unknown- - Difficulty: 2) (Auras: )
(@CGUID+406, 102094, 1501, 7805, 7805, 8388870, '0', 0, 0, 0, 3180.461, 7399.046, 225.6802, 4.717671, 7200, 0, 0, 0, 0, 0, 0, 0, 0, 26124), -- 复活的剑士 (Area: -Unknown- - Difficulty: 2) (Auras: )
(@CGUID+407, 102781, 1501, 7805, 7805, 8388870, '0', 0, 0, 0, 3147.512, 7394.024, 196.9388, 1.835177, 7200, 0, 0, 0, 0, 0, 0, 0, 0, 26124), -- 魔蝠幼崽 (Area: -Unknown- - Difficulty: 2) (Auras: )
(@CGUID+408, 98691, 1501, 7805, 7805, 8388870, '0', 0, 0, 0, 3110.827, 7365.433, 102.7814, 2.006153, 7200, 0, 0, 0, 0, 0, 0, 0, 0, 26124), -- 复活的斥候 (Area: -Unknown- - Difficulty: 2) (Auras: 42459 - -Unknown-)
(@CGUID+409, 102781, 1501, 7805, 7805, 8388870, '0', 0, 0, 0, 3144.799, 7397.863, 196.8238, 0.8199233, 7200, 0, 0, 0, 0, 0, 0, 0, 0, 26124), -- 魔蝠幼崽 (Area: -Unknown- - Difficulty: 2) (Auras: )
(@CGUID+410, 98691, 1501, 7805, 7805, 8388870, '0', 0, 0, 0, 3120.592, 7340.002, 86.36475, 4.051158, 7200, 0, 0, 0, 0, 0, 0, 0, 0, 26124), -- 复活的斥候 (Area: -Unknown- - Difficulty: 2) (Auras: 42459 - -Unknown-)
(@CGUID+411, 98275, 1501, 7805, 7805, 8388870, '0', 0, 0, 0, 3121.12, 7335.824, 86.37814, 1.180814, 7200, 0, 0, 0, 0, 0, 0, 0, 0, 26124), -- 复活的弓箭手 (Area: -Unknown- - Difficulty: 2) (Auras: )
(@CGUID+412, 102781, 1501, 7805, 7805, 8388870, '0', 0, 0, 0, 3204.212, 7362.762, 223.8893, 0.02691903, 7200, 10, 0, 0, 0, 1, 0, 0, 0, 26124), -- 魔蝠幼崽 (Area: -Unknown- - Difficulty: 2) (Auras: ) (possible waypoints or random movement)
(@CGUID+413, 98280, 1501, 7805, 7805, 8388870, '0', 0, 0, 0, 3114.856, 7345.999, 86.50984, 0.2059843, 7200, 0, 0, 0, 0, 0, 0, 0, 0, 26124), -- 复活的奥术师 (Area: -Unknown- - Difficulty: 2) (Auras: )
(@CGUID+414, 101839, 1501, 7805, 7805, 8388870, '0', 0, 0, 0, 3116.852, 7343.338, 86.36475, 4.051498, 7200, 0, 0, 0, 0, 0, 0, 0, 0, 26124), -- 复活的小伙伴 (Area: -Unknown- - Difficulty: 2) (Auras: )
(@CGUID+415, 102788, 1501, 7805, 7805, 8388870, '0', 0, 0, 0, 3227.002, 7341.626, 226.3646, 4.442158, 7200, 10, 0, 0, 0, 1, 0, 0, 0, 26124), -- 魔怨支配者 (Area: -Unknown- - Difficulty: 2) (Auras: ) (possible waypoints or random movement)
(@CGUID+416, 102781, 1501, 7805, 7805, 8388870, '0', 0, 0, 0, 3230.74, 7342.411, 226.8268, 0.6408089, 7200, 10, 0, 0, 0, 1, 0, 0, 0, 26124), -- 魔蝠幼崽 (Area: -Unknown- - Difficulty: 2) (Auras: ) (possible waypoints or random movement)
(@CGUID+417, 98691, 1501, 7805, 7805, 8388870, '0', 0, 0, 0, 3125.06, 7336.859, 86.46672, 1.684823, 7200, 0, 0, 0, 0, 0, 0, 0, 0, 26124), -- 复活的斥候 (Area: -Unknown- - Difficulty: 2) (Auras: 42459 - -Unknown-)
(@CGUID+418, 102781, 1501, 7805, 7805, 8388870, '0', 0, 0, 0, 3201.862, 7356.613, 223.8515, 5.730345, 7200, 10, 0, 0, 0, 1, 0, 0, 0, 26124), -- 魔蝠幼崽 (Area: -Unknown- - Difficulty: 2) (Auras: ) (possible waypoints or random movement)
(@CGUID+419, 102788, 1501, 7805, 7805, 8388870, '0', 0, 0, 0, 3204.927, 7354.957, 223.9506, 1.414438, 7200, 10, 0, 0, 0, 1, 0, 0, 0, 26124), -- 魔怨支配者 (Area: -Unknown- - Difficulty: 2) (Auras: ) (possible waypoints or random movement)
(@CGUID+420, 98275, 1501, 7805, 7805, 8388870, '0', 0, 0, 0, 3114.484, 7340.424, 86.37615, 0.7368924, 7200, 0, 0, 0, 0, 0, 0, 0, 0, 26124), -- 复活的弓箭手 (Area: -Unknown- - Difficulty: 2) (Auras: )
(@CGUID+421, 102788, 1501, 7805, 7805, 8388870, '0', 0, 0, 0, 3138.714, 7394.456, 196.854, 3.302634, 7200, 0, 0, 0, 0, 0, 0, 0, 0, 26124), -- 魔怨支配者 (Area: -Unknown- - Difficulty: 2) (Auras: )
(@CGUID+422, 102781, 1501, 7805, 7805, 8388870, '0', 0, 0, 0, 3200, 7355.71, 223.7647, 0.1990218, 7200, 10, 0, 0, 0, 1, 0, 0, 0, 26124), -- 魔蝠幼崽 (Area: -Unknown- - Difficulty: 2) (Auras: ) (possible waypoints or random movement)
(@CGUID+423, 102781, 1501, 7805, 7805, 8388870, '0', 0, 0, 0, 3141.009, 7389.15, 197.6768, 1.474236, 7200, 10, 0, 0, 0, 1, 0, 0, 0, 26124), -- 魔蝠幼崽 (Area: -Unknown- - Difficulty: 2) (Auras: ) (possible waypoints or random movement)
(@CGUID+424, 102781, 1501, 7805, 7805, 8388870, '0', 0, 0, 0, 3139.913, 7390.235, 197.1954, 1.760491, 7200, 10, 0, 0, 0, 1, 0, 0, 0, 26124), -- 魔蝠幼崽 (Area: -Unknown- - Difficulty: 2) (Auras: ) (possible waypoints or random movement)
(@CGUID+425, 98275, 1501, 7805, 7805, 8388870, '0', 0, 0, 0, 3129.635, 7319.189, 102.7814, 2.942788, 7200, 0, 0, 0, 0, 0, 0, 0, 0, 26124), -- 复活的弓箭手 (Area: -Unknown- - Difficulty: 2) (Auras: )
(@CGUID+426, 98275, 1501, 7805, 7805, 8388870, '0', 0, 0, 0, 3096.014, 7342.987, 102.7814, 5.24184, 7200, 0, 0, 0, 0, 0, 0, 0, 0, 26124), -- 复活的弓箭手 (Area: -Unknown- - Difficulty: 2) (Auras: )
(@CGUID+427, 98706, 1501, 7805, 7805, 8388870, '0', 0, 0, 0, 3104.325, 7320.22, 95.53854, 0.9169088, 7200, 0, 0, 0, 0, 0, 0, 0, 0, 26124), -- 指挥官什达索尼 (Area: -Unknown- - Difficulty: 2) (Auras: )
(@CGUID+428, 99664, 1501, 7805, 7805, 8388870, '0', 0, 0, 0, 3215.85, 7567.98, 5.201674, 0.360622, 7200, 0, 0, 0, 0, 0, 0, 0, 0, 26124), -- 永不安息的灵魂 (Area: -Unknown- - Difficulty: 2) (Auras: 224032 - -Unknown-)
(@CGUID+429, 99664, 1501, 7805, 7805, 8388870, '0', 0, 0, 0, 3245.754, 7541.423, 5.775273, 1.410844, 7200, 0, 0, 0, 0, 0, 0, 0, 0, 26124), -- 永不安息的灵魂 (Area: -Unknown- - Difficulty: 2) (Auras: 224032 - -Unknown-)
(@CGUID+430, 99664, 1501, 7805, 7805, 8388870, '0', 0, 0, 0, 3265.507, 7543.868, 5.63132, 1.90793, 7200, 0, 0, 0, 0, 0, 0, 0, 0, 26124), -- 永不安息的灵魂 (Area: -Unknown- - Difficulty: 2) (Auras: 224032 - -Unknown-)
(@CGUID+431, 99664, 1501, 7805, 7805, 8388870, '0', 0, 0, 0, 3290.263, 7574.595, 5.631305, 2.955647, 7200, 0, 0, 0, 0, 0, 0, 0, 0, 26124), -- 永不安息的灵魂 (Area: -Unknown- - Difficulty: 2) (Auras: 224032 - -Unknown-)
(@CGUID+432, 99664, 1501, 7805, 7805, 8388870, '0', 0, 0, 0, 3286.499, 7601.304, 6.468047, 3.660739, 7200, 0, 0, 0, 0, 0, 0, 0, 0, 26124), -- 永不安息的灵魂 (Area: -Unknown- - Difficulty: 2) (Auras: 224032 - -Unknown-)
(@CGUID+433, 99664, 1501, 7805, 7805, 8388870, '0', 0, 0, 0, 3228.796, 7616.524, 5.63132, 5.305786, 7200, 0, 0, 0, 0, 0, 0, 0, 0, 26124), -- 永不安息的灵魂 (Area: -Unknown- - Difficulty: 2) (Auras: 224032 - -Unknown-)
(@CGUID+434, 99664, 1501, 7805, 7805, 8388870, '0', 0, 0, 0, 3255.627, 7622.007, 5.631305, 4.628441, 7200, 0, 0, 0, 0, 0, 0, 0, 0, 26124), -- 永不安息的灵魂 (Area: -Unknown- - Difficulty: 2) (Auras: 224032 - -Unknown-)
(@CGUID+435, 102781, 1501, 7805, 7805, 8388870, '0', 0, 0, 0, 3200.591, 7351.463, 223.9296, 3.68652, 7200, 0, 0, 0, 0, 0, 0, 0, 0, 26124), -- 魔蝠幼崽 (Area: -Unknown- - Difficulty: 2) (Auras: )
(@CGUID+436, 102781, 1501, 7805, 7805, 8388870, '0', 0, 0, 0, 3169.26, 7352.527, 215.7647, 4.154698, 7200, 0, 0, 0, 0, 0, 0, 0, 0, 26124), -- 魔蝠幼崽 (Area: -Unknown- - Difficulty: 2) (Auras: )
(@CGUID+437, 102781, 1501, 7805, 7805, 8388870, '0', 0, 0, 0, 3165.74, 7349.108, 215.7647, 4.852382, 7200, 0, 0, 0, 0, 0, 0, 0, 0, 26124), -- 魔蝠幼崽 (Area: -Unknown- - Difficulty: 2) (Auras: )
(@CGUID+438, 102788, 1501, 7805, 7805, 8388870, '0', 0, 0, 0, 3171.95, 7350.144, 215.7647, 0.4512025, 7200, 0, 0, 0, 0, 0, 0, 0, 0, 26124), -- 魔怨支配者 (Area: -Unknown- - Difficulty: 2) (Auras: )
(@CGUID+439, 102781, 1501, 7805, 7805, 8388870, '0', 0, 0, 0, 3165.013, 7353.389, 215.7648, 0.829909, 7200, 0, 0, 0, 0, 0, 0, 0, 0, 26124), -- 魔蝠幼崽 (Area: -Unknown- - Difficulty: 2) (Auras: )
(@CGUID+440, 102781, 1501, 7805, 7805, 8388870, '0', 0, 0, 0, 3173.06, 7350.556, 215.9518, 2.99351, 7200, 0, 0, 0, 0, 0, 0, 0, 0, 26124), -- 魔蝠幼崽 (Area: -Unknown- - Difficulty: 2) (Auras: )
(@CGUID+441, 102781, 1501, 7805, 7805, 8388870, '0', 0, 0, 0, 3164.478, 7351.482, 215.7648, 5.275057, 7200, 0, 0, 0, 0, 0, 0, 0, 0, 26124), -- 魔蝠幼崽 (Area: -Unknown- - Difficulty: 2) (Auras: )
(@CGUID+442, 102788, 1501, 7805, 7805, 8388870, '0', 0, 0, 0, 3159.689, 7354.036, 215.7648, 2.300963, 7200, 0, 0, 0, 0, 0, 0, 0, 0, 26124), -- 魔怨支配者 (Area: -Unknown- - Difficulty: 2) (Auras: )
(@CGUID+443, 102781, 1501, 7805, 7805, 8388870, '0', 0, 0, 0, 3223.653, 7336.424, 226.1849, 3.796854, 7200, 0, 0, 0, 0, 0, 0, 0, 0, 26124), -- 魔蝠幼崽 (Area: -Unknown- - Difficulty: 2) (Auras: )
(@CGUID+444, 103857, 1501, 7805, 7805, 8388870, '0', 0, 0, 0, 3198.646, 7372.632, 238.8245, 5.277817, 7200, 10, 0, 0, 0, 1, 0, 0, 0, 26124), -- 魔蝠 (Area: -Unknown- - Difficulty: 2) (Auras: ) (possible waypoints or random movement)
(@CGUID+445, 98275, 1501, 7805, 7805, 8388870, '0', 0, 0, 0, 3035.937, 7331.059, 92.65316, 5.895597, 7200, 0, 0, 0, 0, 0, 0, 0, 0, 26124), -- 复活的弓箭手 (Area: -Unknown- - Difficulty: 2) (Auras: )
(@CGUID+446, 98243, 1501, 7805, 7805, 8388870, '0', 0, 0, 0, 3039.313, 7336.708, 93.12657, 5.683003, 7200, 0, 0, 0, 0, 0, 0, 0, 0, 26124), -- 失魂的勇士 (Area: -Unknown- - Difficulty: 2) (Auras: )
(@CGUID+447, 98275, 1501, 7805, 7805, 8388870, '0', 0, 0, 0, 3034.146, 7325.243, 93.0897, 0.1552612, 7200, 0, 0, 0, 0, 0, 0, 0, 0, 26124), -- 复活的弓箭手 (Area: -Unknown- - Difficulty: 2) (Auras: )
(@CGUID+448, 102781, 1501, 7805, 7805, 8388870, '0', 0, 0, 0, 3226.85, 7333.033, 226.724, 5.803453, 7200, 0, 0, 0, 0, 0, 0, 0, 0, 26124), -- 魔蝠幼崽 (Area: -Unknown- - Difficulty: 2) (Auras: )
(@CGUID+449, 102781, 1501, 7805, 7805, 8388870, '0', 0, 0, 0, 3224.084, 7331.516, 226.1647, 3.159419, 7200, 0, 0, 0, 0, 0, 0, 0, 0, 26124), -- 魔蝠幼崽 (Area: -Unknown- - Difficulty: 2) (Auras: )
(@CGUID+450, 102788, 1501, 7805, 7805, 8388870, '0', 0, 0, 0, 3223.074, 7332.811, 226.1647, 3.366699, 7200, 0, 0, 0, 0, 0, 0, 0, 0, 26124), -- 魔怨支配者 (Area: -Unknown- - Difficulty: 2) (Auras: )
(@CGUID+451, 102781, 1501, 7805, 7805, 8388870, '0', 0, 0, 0, 3220.886, 7330.229, 226.3315, 5.670472, 7200, 0, 0, 0, 0, 0, 0, 0, 0, 26124), -- 魔蝠幼崽 (Area: -Unknown- - Difficulty: 2) (Auras: )
(@CGUID+452, 111221, 1501, 7805, 7805, 8388870, '0', 0, 0, 0, 3080.022, 7286.022, 103.6103, 0, 7200, 0, 0, 0, 0, 0, 0, 0, 0, 26124), -- -Unknown- (Area: -Unknown- - Difficulty: 2)
(@CGUID+453, 111833, 1501, 7805, 7805, 8388870, '0', 0, 0, 0, 3080.022, 7286.022, 103.6103, 0, 7200, 0, 0, 0, 0, 0, 0, 0, 0, 26124), -- 萨奇尔 (Area: -Unknown- - Difficulty: 2)
(@CGUID+454, 111221, 1501, 7805, 7805, 8388870, '0', 0, 0, 0, 3176.379, 7392.027, 271.6467, 0, 7200, 0, 0, 0, 0, 0, 0, 0, 0, 26124), -- -Unknown- (Area: -Unknown- - Difficulty: 2)
(@CGUID+455, 111833, 1501, 7805, 7805, 8388870, '0', 0, 0, 0, 3176.379, 7392.027, 271.6467, 0, 7200, 0, 0, 0, 0, 0, 0, 0, 0, 26124), -- 萨奇尔 (Area: -Unknown- - Difficulty: 2)
(@CGUID+456, 111193, 1501, 7805, 7805, 8388870, '0', 0, 0, 0, 3139.661, 7410.279, 55.27702, 2.683955, 7200, 0, 0, 0, 0, 0, 0, 0, 0, 26124), -- 颤抖的卵囊 (Area: -Unknown- - Difficulty: 2)
(@CGUID+457, 111193, 1501, 7805, 7805, 8388870, '0', 0, 0, 0, 3139.263, 7409.422, 55.27702, 5.917799, 7200, 0, 0, 0, 0, 0, 0, 0, 0, 26124), -- 颤抖的卵囊 (Area: -Unknown- - Difficulty: 2)
(@CGUID+458, 111193, 1501, 7805, 7805, 8388870, '0', 0, 0, 0, 3139.919, 7405.902, 55.27702, 3.506427, 7200, 0, 0, 0, 0, 0, 0, 0, 0, 26124), -- 颤抖的卵囊 (Area: -Unknown- - Difficulty: 2)
(@CGUID+459, 111193, 1501, 7805, 7805, 8388870, '0', 0, 0, 0, 3140.842, 7406.674, 55.27702, 2.683955, 7200, 0, 0, 0, 0, 0, 0, 0, 0, 26124), -- 颤抖的卵囊 (Area: -Unknown- - Difficulty: 2)
(@CGUID+460, 111193, 1501, 7805, 7805, 8388870, '0', 0, 0, 0, 3145.381, 7402.679, 55.25673, 2.54383, 7200, 0, 0, 0, 0, 0, 0, 0, 0, 26124), -- 颤抖的卵囊 (Area: -Unknown- - Difficulty: 2)
(@CGUID+461, 111193, 1501, 7805, 7805, 8388870, '0', 0, 0, 0, 3144.565, 7409.386, 55.27702, 3.689245, 7200, 0, 0, 0, 0, 0, 0, 0, 0, 26124), -- 颤抖的卵囊 (Area: -Unknown- - Difficulty: 2)
(@CGUID+462, 111193, 1501, 7805, 7805, 8388870, '0', 0, 0, 0, 3145.808, 7408.691, 55.27702, 5.917799, 7200, 0, 0, 0, 0, 0, 0, 0, 0, 26124), -- 颤抖的卵囊 (Area: -Unknown- - Difficulty: 2)
(@CGUID+463, 111193, 1501, 7805, 7805, 8388870, '0', 0, 0, 0, 3145.524, 7409.913, 55.27702, 5.9178, 7200, 0, 0, 0, 0, 0, 0, 0, 0, 26124), -- 颤抖的卵囊 (Area: -Unknown- - Difficulty: 2)
(@CGUID+464, 111193, 1501, 7805, 7805, 8388870, '0', 0, 0, 0, 3144.565, 7409.386, 55.27702, 3.689245, 7200, 0, 0, 0, 0, 0, 0, 0, 0, 26124), -- 颤抖的卵囊 (Area: -Unknown- - Difficulty: 2)
(@CGUID+465, 111706, 1501, 7805, 7805, 8388870, '0', 0, 0, 0, 3174.606, 7313.834, 129.8101, 4.617497, 7200, 0, 0, 0, 0, 0, 0, 0, 0, 26124), -- 投石 (Area: -Unknown- - Difficulty: 2) (Auras: 222378 - -Unknown-)
(@CGUID+466, 111706, 1501, 7805, 7805, 8388870, '0', 0, 0, 0, 3178.594, 7309.452, 129.6171, 4.213258, 7200, 0, 0, 0, 0, 0, 0, 0, 0, 26124), -- 投石 (Area: -Unknown- - Difficulty: 2) (Auras: 222378 - -Unknown-)
(@CGUID+467, 111706, 1501, 7805, 7805, 8388870, '0', 0, 0, 0, 3174.304, 7310.658, 129.7299, 4.617497, 7200, 0, 0, 0, 0, 0, 0, 0, 0, 26124), -- 投石 (Area: -Unknown- - Difficulty: 2) (Auras: 222378 - -Unknown-)
(@CGUID+468, 111706, 1501, 7805, 7805, 8388870, '0', 0, 0, 0, 3177.292, 7396.253, 195.2748, 6.227513, 7200, 0, 0, 0, 0, 0, 0, 0, 0, 26124), -- 投石 (Area: -Unknown- - Difficulty: 2) (Auras: 222378 - -Unknown-)
(@CGUID+469, 111706, 1501, 7805, 7805, 8388870, '0', 0, 0, 0, 3177.059, 7396.267, 195.3152, 6.227513, 7200, 0, 0, 0, 0, 0, 0, 0, 0, 26124), -- 投石 (Area: -Unknown- - Difficulty: 2) (Auras: 222378 - -Unknown-)
(@CGUID+470, 111706, 1501, 7805, 7805, 8388870, '0', 0, 0, 0, 3177.08, 7396.265, 195.3115, 6.227513, 7200, 0, 0, 0, 0, 0, 0, 0, 0, 26124), -- 投石 (Area: -Unknown- - Difficulty: 2) (Auras: 222378 - -Unknown-)
(@CGUID+471, 111706, 1501, 7805, 7805, 8388870, '0', 0, 0, 0, 3173.466, 7400.026, 195.7867, 0.2685775, 7200, 0, 0, 0, 0, 0, 0, 0, 0, 26124), -- 投石 (Area: -Unknown- - Difficulty: 2) (Auras: 222378 - -Unknown-)
(@CGUID+472, 111706, 1501, 7805, 7805, 8388870, '0', 0, 0, 0, 3174.296, 7396.42, 195.7945, 6.227513, 7200, 0, 0, 0, 0, 0, 0, 0, 0, 26124), -- 投石 (Area: -Unknown- - Difficulty: 2) (Auras: 222378 - -Unknown-)
(@CGUID+473, 111706, 1501, 7805, 7805, 8388870, '0', 0, 0, 0, 3174.296, 7396.42, 195.7945, 6.227513, 7200, 0, 0, 0, 0, 0, 0, 0, 0, 26124), -- 投石 (Area: -Unknown- - Difficulty: 2) (Auras: 222378 - -Unknown-)
(@CGUID+474, 111706, 1501, 7805, 7805, 8388870, '0', 0, 0, 0, 3173.466, 7400.026, 195.7867, 0.2685775, 7200, 0, 0, 0, 0, 0, 0, 0, 0, 26124), -- 投石 (Area: -Unknown- - Difficulty: 2) (Auras: 222378 - -Unknown-)
(@CGUID+475, 111706, 1501, 7805, 7805, 8388870, '0', 0, 0, 0, 3177.094, 7396.265, 195.3091, 6.227513, 7200, 0, 0, 0, 0, 0, 0, 0, 0, 26124), -- 投石 (Area: -Unknown- - Difficulty: 2) (Auras: 222378 - -Unknown-)
(@CGUID+476, 111706, 1501, 7805, 7805, 8388870, '0', 0, 0, 0, 3177.08, 7396.265, 195.3115, 6.227513, 7200, 0, 0, 0, 0, 0, 0, 0, 0, 26124), -- 投石 (Area: -Unknown- - Difficulty: 2) (Auras: 222378 - -Unknown-)
(@CGUID+477, 111706, 1501, 7805, 7805, 8388870, '0', 0, 0, 0, 3177.071, 7400.804, 195.1075, 0.1277523, 7200, 0, 0, 0, 0, 0, 0, 0, 0, 26124), -- 投石 (Area: -Unknown- - Difficulty: 2) (Auras: 222378 - -Unknown-)
(@CGUID+478, 102781, 1501, 7805, 7805, 8388870, '0', 0, 0, 0, 3241.514, 7323.298, 231.0813, 4.72771, 7200, 0, 0, 0, 0, 0, 0, 0, 0, 26124), -- 魔蝠幼崽 (Area: -Unknown- - Difficulty: 2) (Auras: )
(@CGUID+479, 102781, 1501, 7805, 7805, 8388870, '0', 0, 0, 0, 3240.556, 7325.464, 231.2289, 1.558961, 7200, 0, 0, 0, 0, 0, 0, 0, 0, 26124), -- 魔蝠幼崽 (Area: -Unknown- - Difficulty: 2) (Auras: )
(@CGUID+480, 102781, 1501, 7805, 7805, 8388870, '0', 0, 0, 0, 3236.863, 7320.938, 231.0745, 0.6814566, 7200, 0, 0, 0, 0, 0, 0, 0, 0, 26124), -- 魔蝠幼崽 (Area: -Unknown- - Difficulty: 2) (Auras: )
(@CGUID+481, 102781, 1501, 7805, 7805, 8388870, '0', 0, 0, 0, 3240.556, 7325.48, 231.2305, 1.558961, 7200, 0, 0, 0, 0, 0, 0, 0, 0, 26124), -- 魔蝠幼崽 (Area: -Unknown- - Difficulty: 2) (Auras: )
(@CGUID+482, 102781, 1501, 7805, 7805, 8388870, '0', 0, 0, 0, 3236.863, 7320.938, 231.0745, 0.6814566, 7200, 0, 0, 0, 0, 0, 0, 0, 0, 26124), -- 魔蝠幼崽 (Area: -Unknown- - Difficulty: 2) (Auras: )
(@CGUID+483, 102781, 1501, 7805, 7805, 8388870, '0', 0, 0, 0, 3241.514, 7323.298, 231.0813, 4.72771, 7200, 0, 0, 0, 0, 0, 0, 0, 0, 26124), -- 魔蝠幼崽 (Area: -Unknown- - Difficulty: 2) (Auras: )
(@CGUID+484, 102781, 1501, 7805, 7805, 8388870, '0', 0, 0, 0, 3240.481, 7319.155, 231.0802, 1.558894, 7200, 0, 0, 0, 0, 0, 0, 0, 0, 26124), -- 魔蝠幼崽 (Area: -Unknown- - Difficulty: 2) (Auras: )
(@CGUID+485, 102781, 1501, 7805, 7805, 8388870, '0', 0, 0, 0, 3236.863, 7320.938, 231.0745, 0, 7200, 0, 0, 0, 0, 0, 0, 0, 0, 26124), -- 魔蝠幼崽 (Area: -Unknown- - Difficulty: 2) (Auras: )
(@CGUID+486, 102781, 1501, 7805, 7805, 8388870, '0', 0, 0, 0, 3241.514, 7323.298, 231.0813, 0, 7200, 0, 0, 0, 0, 0, 0, 0, 0, 26124), -- 魔蝠幼崽 (Area: -Unknown- - Difficulty: 2) (Auras: )
(@CGUID+487, 102094, 1501, 7805, 7805, 8388870, '0', 0, 0, 0, 3191.883, 7364.246, 223.9544, 5.365228, 7200, 0, 0, 0, 0, 0, 0, 0, 0, 26124), -- 复活的剑士 (Area: -Unknown- - Difficulty: 2) (Auras: )
(@CGUID+488, 102095, 1501, 7805, 7805, 8388870, '0', 0, 0, 0, 3196.096, 7367.852, 223.9611, 5.381514, 7200, 0, 0, 0, 0, 0, 0, 0, 0, 26124), -- 复活的长枪兵 (Area: -Unknown- - Difficulty: 2) (Auras: )
(@CGUID+489, 102094, 1501, 7805, 7805, 8388870, '0', 0, 0, 0, 3165.323, 7418.004, 231.534, 0.1594051, 7200, 0, 0, 0, 0, 0, 0, 0, 0, 26124), -- 复活的剑士 (Area: -Unknown- - Difficulty: 2) (Auras: )
(@CGUID+490, 102095, 1501, 7805, 7805, 8388870, '0', 0, 0, 0, 3164.143, 7423.417, 230.9856, 6.0147, 7200, 0, 0, 0, 0, 0, 0, 0, 0, 26124), -- 复活的长枪兵 (Area: -Unknown- - Difficulty: 2) (Auras: )
(@CGUID+491, 102094, 1501, 7805, 7805, 8388870, '0', 0, 0, 0, 3143.69, 7391.455, 247.3931, 1.381631, 7200, 0, 0, 0, 0, 0, 0, 0, 0, 26124), -- 复活的剑士 (Area: -Unknown- - Difficulty: 2) (Auras: )
(@CGUID+492, 102095, 1501, 7805, 7805, 8388870, '0', 0, 0, 0, 3138.202, 7392.193, 247.7449, 0.9535322, 7200, 0, 0, 0, 0, 0, 0, 0, 0, 26124), -- 复活的长枪兵 (Area: -Unknown- - Difficulty: 2) (Auras: )
(@CGUID+493, 102094, 1501, 7805, 7805, 8388870, '0', 0, 0, 0, 3152.482, 7350.256, 264.0049, 1.848211, 7200, 0, 0, 0, 0, 0, 0, 0, 0, 26124), -- 复活的剑士 (Area: -Unknown- - Difficulty: 2) (Auras: )
(@CGUID+494, 102095, 1501, 7805, 7805, 8388870, '0', 0, 0, 0, 3157.277, 7353.015, 264.0049, 2.178934, 7200, 0, 0, 0, 0, 0, 0, 0, 0, 26124), -- 复活的长枪兵 (Area: -Unknown- - Difficulty: 2) (Auras: )
(@CGUID+495, 102094, 1501, 7805, 7805, 8388870, '0', 0, 0, 0, 3154.33, 7352.204, 264.0049, 2.351969, 7200, 0, 0, 0, 0, 0, 0, 0, 0, 26124), -- 复活的剑士 (Area: -Unknown- - Difficulty: 2) (Auras: )
(@CGUID+496, 102095, 1501, 7805, 7805, 8388870, '0', 0, 0, 0, 3156.805, 7347.459, 264.0049, 1.972284, 7200, 0, 0, 0, 0, 0, 0, 0, 0, 26124), -- 复活的长枪兵 (Area: -Unknown- - Difficulty: 2) (Auras: )
(@CGUID+497, 101054, 1501, 7805, 7805, 8388870, '0', 0, 0, 0, 3184.276, 7409.696, 270.6481, 0.1023825, 7200, 0, 0, 0, 0, 0, 0, 0, 0, 26124); -- 拉文凯斯之魂 (Area: -Unknown- - Difficulty: 2) (Auras: 199243 - -Unknown-)
-- (@CGUID+498, 101008, UNKNOWN, 7805, 7805, 8388870, '0', 0, 0, 0, 1.092661, 0, 1.895151, 0, 7200, 0, 0, 0, 0, 0, 0, 0, 0, 26124), -- 针刺虫群 (Area: -Unknown- - Difficulty: 2) (Auras: 199160 - -Unknown-) - !!! on transport - transport template not found !!!

DELETE FROM `creature_addon` WHERE `guid` BETWEEN @CGUID+0 AND @CGUID+706;
INSERT INTO `creature_addon` (`guid`, `path_id`, `mount`, `bytes1`, `bytes2`, `emote`, `aiAnimKit`, `movementAnimKit`, `meleeAnimKit`, `auras`) VALUES
(@CGUID+140, 0, 0, 0, 1, 0, 0, 0, 0, ''), -- 幽灵顾问
(@CGUID+141, 0, 0, 0, 1, 0, 0, 0, 0, ''), -- 幽灵家臣
(@CGUID+142, 0, 0, 0, 1, 0, 0, 0, 0, ''), -- 幽灵家臣
(@CGUID+143, 0, 0, 50331648, 1, 0, 0, 0, 0, ''), -- 烦恼的灵魂
(@CGUID+144, 0, 0, 0, 1, 0, 0, 0, 0, ''), -- 幽灵家臣
(@CGUID+145, 0, 0, 0, 1, 0, 0, 0, 0, ''), -- 幽灵顾问
(@CGUID+146, 0, 0, 0, 1, 0, 0, 0, 0, ''), -- 幽灵家臣
(@CGUID+147, 0, 0, 0, 1, 0, 0, 0, 0, ''), -- 幽灵顾问
(@CGUID+148, 0, 0, 0, 1, 0, 0, 0, 0, ''), -- 幽灵卫兵
(@CGUID+149, 0, 0, 0, 1, 0, 0, 0, 0, ''), -- 幽灵家臣
(@CGUID+150, 0, 0, 0, 1, 0, 0, 0, 0, ''), -- 幽灵家臣
(@CGUID+151, 0, 0, 0, 1, 0, 0, 0, 0, ''), -- 幽灵顾问
(@CGUID+152, 0, 0, 0, 1, 0, 0, 0, 0, ''), -- 幽灵卫兵
(@CGUID+153, 0, 0, 8, 1, 0, 0, 0, 0, ''), -- 幽灵家臣
(@CGUID+154, 0, 0, 0, 1, 0, 0, 0, 0, ''), -- 幽灵卫兵
(@CGUID+155, 0, 0, 50331648, 1, 0, 0, 0, 0, '213422'), -- 灵魂精华 - 213422 - -Unknown-
(@CGUID+156, 0, 0, 0, 1, 0, 0, 0, 0, ''), -- 幽灵家臣
(@CGUID+157, 0, 0, 8, 1, 0, 0, 0, 0, '42459'), -- 薇兰达斯·拉文凯斯夫人 - 42459 - -Unknown-
(@CGUID+158, 0, 0, 0, 1, 0, 0, 0, 0, ''), -- 幽灵顾问
(@CGUID+159, 0, 0, 0, 1, 0, 0, 0, 0, ''), -- 幽灵家臣
(@CGUID+160, 0, 0, 8, 1, 0, 0, 0, 0, ''), -- 幽灵卫兵
(@CGUID+161, 0, 0, 0, 1, 0, 0, 0, 0, ''), -- Secret Door Stalker
(@CGUID+162, 0, 0, 50331648, 1, 0, 0, 0, 0, ''), -- 魔蝠
(@CGUID+163, 0, 0, 0, 1, 0, 0, 0, 0, ''), -- Secret Door Stalker
(@CGUID+164, 0, 0, 0, 1, 0, 0, 0, 0, ''), -- 萨奇尔
(@CGUID+165, 0, 0, 50331648, 1, 0, 0, 0, 0, ''), -- 魔蝠
(@CGUID+166, 0, 0, 0, 1, 0, 0, 0, 0, ''), -- 虫语清道夫
(@CGUID+167, 0, 0, 50331648, 1, 0, 0, 0, 0, ''), -- 烦恼的灵魂
(@CGUID+168, 0, 0, 0, 1, 0, 0, 0, 0, ''), -- Secret Door Stalker
(@CGUID+169, 0, 0, 50331648, 1, 0, 0, 0, 0, ''), -- 魔蝠
(@CGUID+170, 0, 0, 0, 1, 0, 0, 0, 0, ''), -- 幽灵家臣
(@CGUID+171, 0, 0, 0, 1, 0, 0, 0, 0, ''), -- 幽灵顾问
(@CGUID+172, 0, 0, 0, 1, 0, 0, 0, 0, ''), -- 虫语清道夫
(@CGUID+173, 0, 0, 50331648, 1, 0, 0, 0, 0, ''), -- 烦恼的灵魂
(@CGUID+174, 0, 0, 8, 1, 0, 0, 0, 0, ''), -- 艾瑟德林·拉文凯斯领主
(@CGUID+175, 0, 0, 0, 1, 0, 0, 0, 0, ''), -- 幽灵家臣
(@CGUID+176, 0, 0, 8, 1, 0, 0, 0, 0, ''), -- 幽灵顾问
(@CGUID+177, 0, 0, 0, 1, 0, 0, 0, 0, ''), -- 血气地狱犬
(@CGUID+178, 0, 0, 50331648, 1, 0, 0, 0, 0, ''), -- 魔蝠
(@CGUID+179, 0, 0, 50331648, 1, 0, 0, 0, 0, ''), -- 魔蝠
(@CGUID+180, 0, 0, 50331648, 1, 0, 0, 0, 0, ''), -- 魔蝠
(@CGUID+181, 0, 0, 50331648, 1, 0, 0, 0, 0, ''), -- 魔蝠
(@CGUID+182, 0, 0, 50331648, 1, 0, 0, 0, 0, ''), -- 魔蝠
(@CGUID+183, 0, 0, 50331648, 1, 0, 0, 0, 0, ''), -- 魔蝠
(@CGUID+184, 0, 0, 50331648, 1, 0, 0, 0, 0, ''), -- 魔蝠
(@CGUID+185, 0, 0, 50331648, 1, 0, 0, 0, 0, ''), -- 魔蝠
(@CGUID+186, 0, 0, 50331648, 1, 0, 0, 0, 0, ''), -- 魔蝠
(@CGUID+187, 0, 0, 50331648, 1, 0, 0, 0, 0, ''), -- 魔蝠
(@CGUID+188, 0, 0, 50331648, 1, 0, 0, 0, 0, ''), -- 魔蝠
(@CGUID+189, 0, 0, 50331648, 1, 0, 0, 0, 0, ''), -- 魔蝠
(@CGUID+190, 0, 0, 50331648, 1, 0, 0, 0, 0, ''), -- 魔蝠
(@CGUID+191, 0, 0, 50331648, 1, 0, 0, 0, 0, ''), -- 魔蝠
(@CGUID+192, 0, 0, 50331648, 1, 0, 0, 0, 0, ''), -- 魔蝠
(@CGUID+193, 0, 0, 0, 1, 0, 0, 0, 0, ''), -- 虫语清道夫
(@CGUID+194, 0, 0, 0, 1, 0, 0, 0, 0, ''), -- 虫语清道夫
(@CGUID+195, 0, 0, 0, 1, 0, 0, 0, 0, ''), -- 虫语清道夫
(@CGUID+196, 0, 0, 0, 1, 0, 0, 0, 0, '201244'), -- 虫语清道夫 - 201244 - -Unknown-
(@CGUID+197, 0, 0, 0, 1, 0, 0, 0, 0, '201244'), -- 虫语清道夫 - 201244 - -Unknown-
(@CGUID+198, 0, 0, 0, 1, 0, 0, 0, 0, ''), -- 虫语清道夫
(@CGUID+199, 0, 0, 0, 1, 0, 0, 0, 0, ''), -- 虫语清道夫
(@CGUID+200, 0, 0, 0, 1, 0, 0, 0, 0, ''), -- 虫语清道夫
(@CGUID+201, 0, 0, 0, 1, 0, 0, 0, 0, '204063'), -- 失落的灵魂 - 204063 - -Unknown-
(@CGUID+202, 0, 0, 0, 1, 0, 0, 0, 0, '204063 204064'), -- 失落的灵魂 - 204063 - -Unknown-, 204064 - -Unknown-
(@CGUID+203, 0, 0, 0, 1, 0, 0, 0, 0, '42459'), -- 愤怒卫士剑圣 - 42459 - -Unknown-
(@CGUID+204, 0, 0, 0, 1, 0, 0, 0, 0, '201244'), -- 虫语清道夫 - 201244 - -Unknown-
(@CGUID+205, 0, 0, 0, 1, 0, 0, 0, 0, ''), -- 血气地狱犬
(@CGUID+206, 0, 0, 0, 1, 0, 0, 0, 0, '42459'), -- 愤怒卫士剑圣 - 42459 - -Unknown-
(@CGUID+207, 0, 0, 0, 1, 0, 0, 0, 0, '204063 204064'), -- 失落的灵魂 - 204063 - -Unknown-, 204064 - -Unknown-
(@CGUID+208, 0, 0, 0, 1, 0, 0, 0, 0, ''), -- -Unknown-
(@CGUID+209, 0, 0, 0, 1, 0, 0, 0, 0, '204063 204064'), -- 失落的灵魂 - 204063 - -Unknown-, 204064 - -Unknown-
(@CGUID+210, 0, 0, 0, 1, 0, 0, 0, 0, '42459'), -- 愤怒卫士剑圣 - 42459 - -Unknown-
(@CGUID+211, 0, 0, 0, 1, 0, 0, 0, 0, '204063 204064'), -- 失落的灵魂 - 204063 - -Unknown-, 204064 - -Unknown-
(@CGUID+212, 0, 0, 0, 1, 0, 0, 0, 0, '204063'), -- 失落的灵魂 - 204063 - -Unknown-
(@CGUID+213, 0, 0, 8, 1, 0, 0, 0, 0, '204063'), -- 失落的灵魂 - 204063 - -Unknown-
(@CGUID+214, 0, 0, 0, 1, 0, 0, 0, 0, '204063'), -- 失落的灵魂 - 204063 - -Unknown-
(@CGUID+215, 0, 0, 0, 1, 0, 0, 0, 0, '204063'), -- 失落的灵魂 - 204063 - -Unknown-
(@CGUID+216, 0, 0, 0, 1, 0, 0, 0, 0, '204063'), -- 失落的灵魂 - 204063 - -Unknown-
(@CGUID+217, 0, 0, 0, 1, 0, 0, 0, 0, '204063'), -- 失落的灵魂 - 204063 - -Unknown-
(@CGUID+218, 0, 0, 0, 1, 0, 0, 0, 0, '204063'), -- 失落的灵魂 - 204063 - -Unknown-
(@CGUID+219, 0, 0, 0, 1, 0, 0, 0, 0, '204063'), -- 失落的灵魂 - 204063 - -Unknown-
(@CGUID+220, 0, 0, 0, 1, 0, 0, 0, 0, '204063'), -- 失落的灵魂 - 204063 - -Unknown-
(@CGUID+221, 0, 0, 0, 1, 0, 0, 0, 0, ''), -- 库塔洛斯·拉文凯斯
(@CGUID+222, 0, 0, 0, 1, 0, 0, 0, 0, '198911'), -- 拉图修斯 - 198911 - -Unknown-
(@CGUID+223, 0, 0, 0, 1, 0, 0, 0, 0, '204063'), -- 失落的灵魂 - 204063 - -Unknown-
(@CGUID+224, 0, 0, 0, 1, 0, 0, 0, 0, '204063'), -- 失落的灵魂 - 204063 - -Unknown-
(@CGUID+225, 0, 0, 0, 1, 0, 0, 0, 0, '72242 198114'), -- 可恨的斯麦斯帕 - 72242 - -Unknown-, 198114 - -Unknown-
(@CGUID+226, 0, 0, 0, 1, 0, 0, 0, 0, '204063'), -- 失落的灵魂 - 204063 - -Unknown-
(@CGUID+227, 0, 0, 0, 1, 0, 0, 0, 0, ''), -- 虫语清道夫
(@CGUID+228, 0, 0, 0, 1, 0, 0, 0, 0, ''), -- 虫语欺诈者
(@CGUID+229, 0, 0, 0, 1, 0, 0, 0, 0, ''), -- 虫语欺诈者
(@CGUID+230, 0, 0, 0, 1, 0, 0, 0, 0, ''), -- 失魂的勇士
(@CGUID+231, 0, 0, 0, 1, 0, 0, 0, 0, ''), -- 颤抖的卵囊
(@CGUID+232, 0, 0, 0, 1, 0, 0, 0, 0, '42459'), -- 卡林达斯 - 42459 - -Unknown-
(@CGUID+233, 0, 0, 0, 1, 0, 0, 0, 0, ''), -- 颤抖的卵囊
(@CGUID+234, 0, 0, 0, 1, 0, 0, 0, 0, ''), -- 虫语欺诈者
(@CGUID+235, 0, 0, 0, 1, 0, 0, 0, 0, ''), -- 颤抖的卵囊
(@CGUID+236, 0, 0, 0, 1, 0, 0, 0, 0, ''), -- 颤抖的卵囊
(@CGUID+237, 0, 0, 0, 1, 0, 0, 0, 0, '200345'), -- 复活的弓箭手 - 200345 - -Unknown-
(@CGUID+238, 0, 0, 0, 1, 0, 0, 0, 0, ''), -- 颤抖的卵囊
(@CGUID+239, 0, 0, 0, 1, 0, 0, 0, 0, '200248'), -- 复活的奥术师 - 200248 - -Unknown-
(@CGUID+240, 0, 0, 0, 1, 0, 0, 0, 0, ''), -- 颤抖的卵囊
(@CGUID+241, 0, 0, 50331648, 1, 0, 0, 0, 0, ''), -- 被激怒的灵魂
(@CGUID+242, 0, 0, 0, 1, 0, 0, 0, 0, ''), -- 颤抖的卵囊
(@CGUID+243, 0, 0, 0, 1, 0, 0, 0, 0, ''), -- 颤抖的卵囊
(@CGUID+244, 0, 0, 0, 1, 0, 0, 0, 0, ''), -- 颤抖的卵囊
(@CGUID+245, 0, 0, 0, 1, 0, 0, 0, 0, ''), -- 颤抖的卵囊
(@CGUID+246, 0, 0, 0, 1, 0, 0, 0, 0, ''), -- 颤抖的卵囊
(@CGUID+247, 0, 0, 0, 1, 0, 0, 0, 0, ''), -- 颤抖的卵囊
(@CGUID+248, 0, 0, 0, 1, 0, 0, 0, 0, ''), -- 颤抖的卵囊
(@CGUID+249, 0, 0, 0, 1, 0, 0, 0, 0, ''); -- 颤抖的卵囊

INSERT INTO `creature_addon` (`guid`, `path_id`, `mount`, `bytes1`, `bytes2`, `emote`, `aiAnimKit`, `movementAnimKit`, `meleeAnimKit`, `auras`) VALUES
(@CGUID+250, 0, 0, 0, 1, 0, 0, 0, 0, ''), -- 颤抖的卵囊
(@CGUID+251, 0, 0, 0, 1, 0, 0, 0, 0, ''), -- 颤抖的卵囊
(@CGUID+252, 0, 0, 0, 1, 0, 0, 0, 0, ''), -- 颤抖的卵囊
(@CGUID+253, 0, 0, 0, 1, 0, 0, 0, 0, ''), -- 颤抖的卵囊
(@CGUID+254, 0, 0, 0, 1, 0, 0, 0, 0, ''), -- 颤抖的卵囊
(@CGUID+255, 0, 0, 0, 1, 0, 0, 0, 0, ''), -- 失魂的勇士
(@CGUID+256, 0, 0, 0, 1, 0, 0, 0, 0, ''), -- 颤抖的卵囊
(@CGUID+257, 0, 0, 0, 1, 0, 0, 0, 0, ''), -- 颤抖的卵囊
(@CGUID+258, 0, 0, 0, 1, 0, 0, 0, 0, ''), -- 颤抖的卵囊
(@CGUID+259, 0, 0, 0, 1, 0, 0, 0, 0, ''), -- 颤抖的卵囊
(@CGUID+260, 0, 0, 0, 1, 0, 0, 0, 0, ''), -- 颤抖的卵囊
(@CGUID+261, 0, 0, 0, 1, 0, 0, 0, 0, ''), -- 颤抖的卵囊
(@CGUID+262, 0, 0, 0, 1, 0, 0, 0, 0, ''), -- 颤抖的卵囊
(@CGUID+263, 0, 0, 0, 1, 0, 0, 0, 0, ''), -- 颤抖的卵囊
(@CGUID+264, 0, 0, 0, 1, 0, 0, 0, 0, ''), -- 颤抖的卵囊
(@CGUID+265, 0, 0, 0, 1, 0, 0, 0, 0, ''), -- 颤抖的卵囊
(@CGUID+266, 0, 0, 0, 1, 0, 0, 0, 0, ''), -- 颤抖的卵囊
(@CGUID+267, 0, 0, 0, 1, 0, 0, 0, 0, ''), -- 颤抖的卵囊
(@CGUID+268, 0, 0, 0, 1, 0, 0, 0, 0, ''), -- 颤抖的卵囊
(@CGUID+269, 0, 0, 0, 1, 0, 0, 0, 0, ''), -- 颤抖的卵囊
(@CGUID+270, 0, 0, 0, 1, 0, 0, 0, 0, ''), -- 颤抖的卵囊
(@CGUID+271, 0, 0, 0, 1, 0, 0, 0, 0, ''), -- 颤抖的卵囊
(@CGUID+272, 0, 0, 0, 1, 0, 0, 0, 0, ''), -- 颤抖的卵囊
(@CGUID+273, 0, 0, 0, 1, 0, 0, 0, 0, ''), -- 颤抖的卵囊
(@CGUID+274, 0, 0, 0, 1, 0, 0, 0, 0, ''), -- 颤抖的卵囊
(@CGUID+275, 0, 0, 0, 1, 0, 0, 0, 0, ''), -- 颤抖的卵囊
(@CGUID+276, 0, 0, 0, 1, 0, 0, 0, 0, ''), -- 颤抖的卵囊
(@CGUID+277, 0, 0, 0, 1, 0, 0, 0, 0, ''), -- 颤抖的卵囊
(@CGUID+278, 0, 0, 0, 1, 0, 0, 0, 0, ''), -- 颤抖的卵囊
(@CGUID+279, 0, 0, 0, 1, 0, 0, 0, 0, ''), -- 颤抖的卵囊
(@CGUID+280, 0, 0, 0, 1, 0, 0, 0, 0, ''), -- 颤抖的卵囊
(@CGUID+281, 0, 0, 0, 1, 0, 0, 0, 0, ''), -- 颤抖的卵囊
(@CGUID+282, 0, 0, 0, 1, 0, 0, 0, 0, ''), -- 颤抖的卵囊
(@CGUID+283, 0, 0, 0, 1, 0, 0, 0, 0, ''), -- 颤抖的卵囊
(@CGUID+284, 0, 0, 0, 1, 0, 0, 0, 0, ''), -- 颤抖的卵囊
(@CGUID+285, 0, 0, 0, 1, 0, 0, 0, 0, ''), -- 颤抖的卵囊
(@CGUID+286, 0, 0, 0, 1, 0, 0, 0, 0, ''), -- 颤抖的卵囊
(@CGUID+287, 0, 0, 0, 1, 0, 0, 0, 0, ''), -- 颤抖的卵囊
(@CGUID+288, 0, 0, 0, 1, 0, 0, 0, 0, '42459'), -- 复活的斥候 - 42459 - -Unknown-
(@CGUID+289, 0, 0, 0, 1, 0, 0, 0, 0, ''), -- 颤抖的卵囊
(@CGUID+290, 0, 0, 0, 1, 0, 0, 0, 0, ''), -- 颤抖的卵囊
(@CGUID+291, 0, 0, 0, 1, 0, 0, 0, 0, ''), -- 颤抖的卵囊
(@CGUID+292, 0, 0, 0, 1, 0, 0, 0, 0, ''), -- 颤抖的卵囊
(@CGUID+293, 0, 0, 0, 1, 0, 0, 0, 0, ''), -- 颤抖的卵囊
(@CGUID+294, 0, 0, 0, 1, 0, 0, 0, 0, ''), -- 颤抖的卵囊
(@CGUID+295, 0, 0, 0, 1, 0, 0, 0, 0, ''), -- 颤抖的卵囊
(@CGUID+296, 0, 0, 0, 1, 0, 0, 0, 0, ''), -- 颤抖的卵囊
(@CGUID+297, 0, 0, 0, 1, 0, 0, 0, 0, '197367 197394 42459'), -- 伊莉萨娜·拉文凯斯 - 197367 - -Unknown-, 197394 - -Unknown-, 42459 - -Unknown-
(@CGUID+298, 0, 0, 0, 1, 0, 0, 0, 0, ''), -- 颤抖的卵囊
(@CGUID+299, 0, 0, 0, 1, 0, 0, 0, 0, ''), -- 颤抖的卵囊
(@CGUID+300, 0, 0, 0, 1, 0, 0, 0, 0, ''), -- 颤抖的卵囊
(@CGUID+301, 0, 0, 0, 1, 0, 0, 0, 0, ''), -- 颤抖的卵囊
(@CGUID+302, 0, 0, 0, 1, 0, 0, 0, 0, ''), -- 颤抖的卵囊
(@CGUID+303, 0, 0, 0, 1, 0, 0, 0, 0, ''), -- 颤抖的卵囊
(@CGUID+304, 0, 0, 0, 1, 0, 0, 0, 0, ''), -- 颤抖的卵囊
(@CGUID+305, 0, 0, 0, 1, 0, 0, 0, 0, ''), -- 颤抖的卵囊
(@CGUID+306, 0, 0, 0, 1, 0, 0, 0, 0, ''), -- 颤抖的卵囊
(@CGUID+307, 0, 0, 50331648, 1, 0, 0, 0, 0, ''), -- 被激怒的灵魂
(@CGUID+308, 0, 0, 0, 1, 0, 0, 0, 0, ''), -- 颤抖的卵囊
(@CGUID+309, 0, 0, 0, 1, 0, 0, 0, 0, ''), -- 颤抖的卵囊
(@CGUID+310, 0, 0, 0, 1, 0, 0, 0, 0, ''), -- 颤抖的卵囊
(@CGUID+311, 0, 0, 0, 1, 0, 0, 0, 0, ''), -- 颤抖的卵囊
(@CGUID+312, 0, 0, 0, 1, 0, 0, 0, 0, ''), -- 颤抖的卵囊
(@CGUID+313, 0, 0, 0, 1, 0, 0, 0, 0, ''), -- 颤抖的卵囊
(@CGUID+314, 0, 0, 0, 1, 0, 0, 0, 0, ''), -- 颤抖的卵囊
(@CGUID+315, 0, 0, 0, 1, 0, 0, 0, 0, ''), -- 颤抖的卵囊
(@CGUID+316, 0, 0, 0, 1, 0, 0, 0, 0, ''), -- 颤抖的卵囊
(@CGUID+317, 0, 0, 0, 1, 0, 0, 0, 0, ''), -- 颤抖的卵囊
(@CGUID+318, 0, 0, 0, 1, 0, 0, 0, 0, ''), -- 颤抖的卵囊
(@CGUID+319, 0, 0, 0, 1, 0, 0, 0, 0, ''), -- 颤抖的卵囊
(@CGUID+320, 0, 0, 0, 1, 0, 0, 0, 0, ''), -- 颤抖的卵囊
(@CGUID+321, 0, 0, 0, 1, 0, 0, 0, 0, ''), -- 颤抖的卵囊
(@CGUID+322, 0, 0, 0, 1, 0, 0, 0, 0, ''), -- 颤抖的卵囊
(@CGUID+323, 0, 0, 0, 1, 0, 0, 0, 0, ''), -- 颤抖的卵囊
(@CGUID+324, 0, 0, 0, 1, 0, 0, 0, 0, ''), -- 颤抖的卵囊
(@CGUID+325, 0, 0, 0, 1, 0, 0, 0, 0, ''), -- 颤抖的卵囊
(@CGUID+326, 0, 0, 0, 1, 0, 0, 0, 0, ''), -- 颤抖的卵囊
(@CGUID+327, 0, 0, 0, 1, 0, 0, 0, 0, ''), -- 颤抖的卵囊
(@CGUID+328, 0, 0, 0, 1, 0, 0, 0, 0, ''), -- 颤抖的卵囊
(@CGUID+329, 0, 0, 0, 1, 0, 0, 0, 0, ''), -- 颤抖的卵囊
(@CGUID+330, 0, 0, 0, 1, 0, 0, 0, 0, ''), -- 颤抖的卵囊
(@CGUID+331, 0, 0, 0, 1, 0, 0, 0, 0, ''), -- 颤抖的卵囊
(@CGUID+332, 0, 0, 0, 1, 0, 0, 0, 0, ''), -- 颤抖的卵囊
(@CGUID+333, 0, 0, 0, 1, 0, 0, 0, 0, ''), -- 颤抖的卵囊
(@CGUID+334, 0, 0, 0, 1, 0, 0, 0, 0, ''), -- 颤抖的卵囊
(@CGUID+335, 0, 0, 0, 1, 0, 0, 0, 0, ''), -- 颤抖的卵囊
(@CGUID+336, 0, 0, 0, 1, 0, 0, 0, 0, ''), -- 颤抖的卵囊
(@CGUID+337, 0, 0, 0, 1, 0, 0, 0, 0, ''), -- 颤抖的卵囊
(@CGUID+338, 0, 0, 0, 1, 0, 0, 0, 0, ''), -- 颤抖的卵囊
(@CGUID+339, 0, 0, 0, 1, 0, 0, 0, 0, ''), -- 颤抖的卵囊
(@CGUID+340, 0, 0, 0, 1, 0, 0, 0, 0, ''), -- 颤抖的卵囊
(@CGUID+341, 0, 0, 0, 1, 0, 0, 0, 0, ''), -- 颤抖的卵囊
(@CGUID+342, 0, 0, 0, 1, 0, 0, 0, 0, ''), -- 颤抖的卵囊
(@CGUID+343, 0, 0, 0, 1, 0, 0, 0, 0, ''), -- 颤抖的卵囊
(@CGUID+344, 0, 0, 0, 1, 0, 0, 0, 0, ''), -- 颤抖的卵囊
(@CGUID+345, 0, 0, 0, 1, 0, 0, 0, 0, ''), -- 颤抖的卵囊
(@CGUID+346, 0, 0, 0, 1, 0, 0, 0, 0, ''), -- 颤抖的卵囊
(@CGUID+347, 0, 0, 0, 1, 0, 0, 0, 0, ''), -- 颤抖的卵囊
(@CGUID+348, 0, 0, 0, 1, 0, 0, 0, 0, ''), -- 颤抖的卵囊
(@CGUID+349, 0, 0, 0, 1, 0, 0, 0, 0, ''), -- 颤抖的卵囊
(@CGUID+350, 0, 0, 0, 1, 0, 0, 0, 0, ''), -- 颤抖的卵囊
(@CGUID+351, 0, 0, 0, 1, 0, 0, 0, 0, ''), -- 颤抖的卵囊
(@CGUID+352, 0, 0, 0, 1, 0, 0, 0, 0, ''), -- 虫语欺诈者
(@CGUID+353, 0, 0, 0, 1, 0, 0, 0, 0, ''), -- 颤抖的卵囊
(@CGUID+354, 0, 0, 0, 1, 0, 0, 0, 0, ''), -- 颤抖的卵囊
(@CGUID+355, 0, 0, 0, 1, 0, 0, 0, 0, ''), -- 颤抖的卵囊
(@CGUID+356, 0, 0, 0, 1, 0, 0, 0, 0, ''), -- 颤抖的卵囊
(@CGUID+357, 0, 0, 0, 1, 0, 0, 0, 0, ''), -- 颤抖的卵囊
(@CGUID+358, 0, 0, 50331648, 1, 0, 0, 0, 0, ''), -- 被激怒的灵魂
(@CGUID+359, 0, 0, 0, 1, 0, 0, 0, 0, ''), -- 颤抖的卵囊
(@CGUID+360, 0, 0, 0, 1, 0, 0, 0, 0, ''), -- 颤抖的卵囊
(@CGUID+361, 0, 0, 0, 1, 0, 0, 0, 0, ''), -- 颤抖的卵囊
(@CGUID+362, 0, 0, 0, 1, 0, 0, 0, 0, ''), -- 颤抖的卵囊
(@CGUID+363, 0, 0, 0, 1, 0, 0, 0, 0, ''), -- 颤抖的卵囊
(@CGUID+364, 0, 0, 0, 1, 0, 0, 0, 0, ''), -- 颤抖的卵囊
(@CGUID+365, 0, 0, 0, 1, 0, 0, 0, 0, ''), -- 颤抖的卵囊
(@CGUID+366, 0, 0, 0, 1, 0, 0, 0, 0, ''), -- 颤抖的卵囊
(@CGUID+367, 0, 0, 1, 1, 0, 0, 0, 0, ''), -- 虫语欺诈者
(@CGUID+368, 0, 0, 0, 1, 0, 0, 0, 0, ''), -- 颤抖的卵囊
(@CGUID+369, 0, 0, 0, 1, 0, 0, 0, 0, ''), -- 颤抖的卵囊
(@CGUID+370, 0, 0, 0, 1, 0, 0, 0, 0, ''), -- 颤抖的卵囊
(@CGUID+371, 0, 0, 0, 1, 0, 0, 0, 0, ''), -- 颤抖的卵囊
(@CGUID+372, 0, 0, 0, 1, 0, 0, 0, 0, ''), -- 颤抖的卵囊
(@CGUID+373, 0, 0, 0, 1, 0, 0, 0, 0, ''), -- 颤抖的卵囊
(@CGUID+374, 0, 0, 0, 1, 0, 0, 0, 0, ''), -- 颤抖的卵囊
(@CGUID+375, 0, 0, 0, 1, 0, 0, 0, 0, ''), -- 颤抖的卵囊
(@CGUID+376, 0, 0, 0, 1, 0, 0, 0, 0, ''), -- 颤抖的卵囊
(@CGUID+377, 0, 0, 0, 1, 0, 0, 0, 0, ''), -- 颤抖的卵囊
(@CGUID+378, 0, 0, 0, 1, 0, 0, 0, 0, ''), -- 颤抖的卵囊
(@CGUID+379, 0, 0, 0, 1, 0, 0, 0, 0, ''), -- 颤抖的卵囊
(@CGUID+380, 0, 0, 0, 1, 0, 0, 0, 0, ''), -- 颤抖的卵囊
(@CGUID+381, 0, 0, 0, 1, 0, 0, 0, 0, ''), -- 颤抖的卵囊
(@CGUID+382, 0, 0, 0, 1, 0, 0, 0, 0, ''), -- 颤抖的卵囊
(@CGUID+383, 0, 0, 0, 1, 0, 0, 0, 0, ''), -- 虫语欺诈者
(@CGUID+384, 0, 0, 0, 1, 0, 0, 0, 0, ''), -- 颤抖的卵囊
(@CGUID+385, 0, 0, 0, 1, 0, 0, 0, 0, ''), -- 颤抖的卵囊
(@CGUID+386, 0, 0, 0, 1, 0, 0, 0, 0, ''), -- 虫语欺诈者
(@CGUID+387, 0, 0, 0, 1, 0, 0, 0, 0, ''), -- 颤抖的卵囊
(@CGUID+388, 0, 0, 50331648, 1, 0, 0, 0, 0, ''), -- 被激怒的灵魂
(@CGUID+389, 0, 0, 0, 1, 0, 0, 0, 0, '42459'), -- 复活的斥候 - 42459 - -Unknown-
(@CGUID+390, 0, 0, 1, 1, 0, 0, 0, 0, ''), -- 虫语欺诈者
(@CGUID+391, 0, 0, 1, 1, 0, 0, 0, 0, ''), -- 虫语欺诈者
(@CGUID+392, 0, 0, 0, 1, 0, 0, 0, 0, ''), -- 失魂的勇士
(@CGUID+393, 0, 0, 1, 1, 0, 0, 0, 0, ''), -- 虫语欺诈者
(@CGUID+394, 0, 0, 0, 1, 0, 0, 0, 0, ''), -- 复活的弓箭手
(@CGUID+395, 0, 0, 1, 1, 0, 0, 0, 0, ''), -- 虫语欺诈者
(@CGUID+396, 0, 0, 50331648, 1, 0, 0, 0, 0, ''), -- 被激怒的灵魂
(@CGUID+397, 0, 0, 1, 1, 0, 0, 0, 0, ''), -- 虫语欺诈者
(@CGUID+398, 0, 0, 0, 1, 0, 0, 0, 0, ''), -- 虫语欺诈者
(@CGUID+399, 0, 0, 50331648, 1, 0, 0, 0, 0, ''), -- 被激怒的灵魂
(@CGUID+400, 0, 0, 50331648, 1, 0, 0, 0, 0, ''), -- 魔蝠
(@CGUID+401, 0, 0, 0, 1, 0, 0, 0, 0, '42459'), -- 复活的斥候 - 42459 - -Unknown-
(@CGUID+402, 0, 0, 50331648, 1, 0, 0, 0, 0, ''), -- 魔蝠
(@CGUID+403, 0, 0, 0, 1, 0, 0, 0, 0, ''), -- 虫语欺诈者
(@CGUID+404, 0, 0, 0, 1, 0, 0, 0, 0, ''), -- 融合之魂
(@CGUID+405, 0, 0, 0, 1, 0, 0, 0, 0, ''), -- 复活的剑士
(@CGUID+406, 0, 0, 0, 1, 0, 0, 0, 0, ''), -- 复活的剑士
(@CGUID+407, 0, 0, 0, 1, 0, 0, 0, 0, ''), -- 魔蝠幼崽
(@CGUID+408, 0, 0, 0, 1, 0, 0, 0, 0, '42459'), -- 复活的斥候 - 42459 - -Unknown-
(@CGUID+409, 0, 0, 0, 1, 0, 0, 0, 0, ''), -- 魔蝠幼崽
(@CGUID+410, 0, 0, 0, 1, 0, 0, 0, 0, '42459'), -- 复活的斥候 - 42459 - -Unknown-
(@CGUID+411, 0, 0, 0, 1, 0, 0, 0, 0, ''), -- 复活的弓箭手
(@CGUID+412, 0, 0, 0, 1, 0, 0, 0, 0, ''), -- 魔蝠幼崽
(@CGUID+413, 0, 0, 0, 1, 0, 0, 0, 0, ''), -- 复活的奥术师
(@CGUID+414, 0, 0, 0, 1, 0, 0, 0, 0, ''), -- 复活的小伙伴
(@CGUID+415, 0, 0, 0, 1, 0, 0, 0, 0, ''), -- 魔怨支配者
(@CGUID+416, 0, 0, 0, 1, 0, 0, 0, 0, ''), -- 魔蝠幼崽
(@CGUID+417, 0, 0, 0, 1, 0, 0, 0, 0, '42459'), -- 复活的斥候 - 42459 - -Unknown-
(@CGUID+418, 0, 0, 0, 1, 0, 0, 0, 0, ''), -- 魔蝠幼崽
(@CGUID+419, 0, 0, 0, 1, 0, 0, 0, 0, ''), -- 魔怨支配者
(@CGUID+420, 0, 0, 0, 1, 0, 0, 0, 0, ''), -- 复活的弓箭手
(@CGUID+421, 0, 0, 0, 1, 0, 0, 0, 0, ''), -- 魔怨支配者
(@CGUID+422, 0, 0, 0, 1, 0, 0, 0, 0, ''), -- 魔蝠幼崽
(@CGUID+423, 0, 0, 0, 1, 0, 0, 0, 0, ''), -- 魔蝠幼崽
(@CGUID+424, 0, 0, 0, 1, 0, 0, 0, 0, ''), -- 魔蝠幼崽
(@CGUID+425, 0, 0, 0, 1, 0, 0, 0, 0, ''), -- 复活的弓箭手
(@CGUID+426, 0, 0, 0, 1, 0, 0, 0, 0, ''), -- 复活的弓箭手
(@CGUID+427, 0, 0, 0, 1, 0, 0, 0, 0, ''), -- 指挥官什达索尼
(@CGUID+428, 0, 0, 50331648, 1, 0, 0, 0, 0, '224032'), -- 永不安息的灵魂 - 224032 - -Unknown-
(@CGUID+429, 0, 0, 50331648, 1, 0, 0, 0, 0, '224032'), -- 永不安息的灵魂 - 224032 - -Unknown-
(@CGUID+430, 0, 0, 50331648, 1, 0, 0, 0, 0, '224032'), -- 永不安息的灵魂 - 224032 - -Unknown-
(@CGUID+431, 0, 0, 50331648, 1, 0, 0, 0, 0, '224032'), -- 永不安息的灵魂 - 224032 - -Unknown-
(@CGUID+432, 0, 0, 50331648, 1, 0, 0, 0, 0, '224032'), -- 永不安息的灵魂 - 224032 - -Unknown-
(@CGUID+433, 0, 0, 50331648, 1, 0, 0, 0, 0, '224032'), -- 永不安息的灵魂 - 224032 - -Unknown-
(@CGUID+434, 0, 0, 50331648, 1, 0, 0, 0, 0, '224032'), -- 永不安息的灵魂 - 224032 - -Unknown-
(@CGUID+435, 0, 0, 0, 1, 0, 0, 0, 0, ''), -- 魔蝠幼崽
(@CGUID+436, 0, 0, 0, 1, 0, 0, 0, 0, ''), -- 魔蝠幼崽
(@CGUID+437, 0, 0, 0, 1, 0, 0, 0, 0, ''), -- 魔蝠幼崽
(@CGUID+438, 0, 0, 0, 1, 0, 0, 0, 0, ''), -- 魔怨支配者
(@CGUID+439, 0, 0, 0, 1, 0, 0, 0, 0, ''), -- 魔蝠幼崽
(@CGUID+440, 0, 0, 0, 1, 0, 0, 0, 0, ''), -- 魔蝠幼崽
(@CGUID+441, 0, 0, 0, 1, 0, 0, 0, 0, ''), -- 魔蝠幼崽
(@CGUID+442, 0, 0, 0, 1, 0, 0, 0, 0, ''), -- 魔怨支配者
(@CGUID+443, 0, 0, 0, 1, 0, 0, 0, 0, ''), -- 魔蝠幼崽
(@CGUID+444, 0, 0, 50331648, 1, 0, 0, 0, 0, ''), -- 魔蝠
(@CGUID+445, 0, 0, 0, 1, 0, 0, 0, 0, ''), -- 复活的弓箭手
(@CGUID+446, 0, 0, 0, 1, 0, 0, 0, 0, ''), -- 失魂的勇士
(@CGUID+447, 0, 0, 0, 1, 0, 0, 0, 0, ''), -- 复活的弓箭手
(@CGUID+448, 0, 0, 0, 1, 0, 0, 0, 0, ''), -- 魔蝠幼崽
(@CGUID+449, 0, 0, 0, 1, 0, 0, 0, 0, ''), -- 魔蝠幼崽
(@CGUID+450, 0, 0, 0, 1, 0, 0, 0, 0, ''), -- 魔怨支配者
(@CGUID+451, 0, 0, 0, 1, 0, 0, 0, 0, ''), -- 魔蝠幼崽
(@CGUID+452, 0, 0, 0, 1, 0, 0, 0, 0, ''), -- -Unknown-
(@CGUID+453, 0, 0, 0, 1, 0, 0, 0, 0, ''), -- 萨奇尔
(@CGUID+454, 0, 0, 0, 1, 0, 0, 0, 0, ''), -- -Unknown-
(@CGUID+455, 0, 0, 0, 1, 0, 0, 0, 0, ''), -- 萨奇尔
(@CGUID+456, 0, 0, 0, 1, 0, 0, 0, 0, ''), -- 颤抖的卵囊
(@CGUID+457, 0, 0, 0, 1, 0, 0, 0, 0, ''), -- 颤抖的卵囊
(@CGUID+458, 0, 0, 0, 1, 0, 0, 0, 0, ''), -- 颤抖的卵囊
(@CGUID+459, 0, 0, 0, 1, 0, 0, 0, 0, ''), -- 颤抖的卵囊
(@CGUID+460, 0, 0, 0, 1, 0, 0, 0, 0, ''), -- 颤抖的卵囊
(@CGUID+461, 0, 0, 0, 1, 0, 2560, 0, 0, ''), -- 颤抖的卵囊
(@CGUID+462, 0, 0, 0, 1, 0, 0, 0, 0, ''), -- 颤抖的卵囊
(@CGUID+463, 0, 0, 0, 1, 0, 0, 0, 0, ''), -- 颤抖的卵囊
(@CGUID+464, 0, 0, 0, 1, 0, 0, 0, 0, ''), -- 颤抖的卵囊
(@CGUID+465, 0, 0, 0, 1, 0, 0, 0, 0, '222378'), -- 投石 - 222378 - -Unknown-
(@CGUID+466, 0, 0, 0, 1, 0, 0, 0, 0, '222378'), -- 投石 - 222378 - -Unknown-
(@CGUID+467, 0, 0, 0, 1, 0, 0, 0, 0, '222378'), -- 投石 - 222378 - -Unknown-
(@CGUID+468, 0, 0, 0, 1, 0, 0, 0, 0, '222378'), -- 投石 - 222378 - -Unknown-
(@CGUID+469, 0, 0, 0, 1, 0, 0, 0, 0, '222378'), -- 投石 - 222378 - -Unknown-
(@CGUID+470, 0, 0, 0, 1, 0, 0, 0, 0, '222378'), -- 投石 - 222378 - -Unknown-
(@CGUID+471, 0, 0, 0, 1, 0, 0, 0, 0, '222378'), -- 投石 - 222378 - -Unknown-
(@CGUID+472, 0, 0, 0, 1, 0, 0, 0, 0, '222378'), -- 投石 - 222378 - -Unknown-
(@CGUID+473, 0, 0, 0, 1, 0, 0, 0, 0, '222378'), -- 投石 - 222378 - -Unknown-
(@CGUID+474, 0, 0, 0, 1, 0, 0, 0, 0, '222378'), -- 投石 - 222378 - -Unknown-
(@CGUID+475, 0, 0, 0, 1, 0, 0, 0, 0, '222378'), -- 投石 - 222378 - -Unknown-
(@CGUID+476, 0, 0, 0, 1, 0, 0, 0, 0, '222378'), -- 投石 - 222378 - -Unknown-
(@CGUID+477, 0, 0, 0, 1, 0, 0, 0, 0, '222378'), -- 投石 - 222378 - -Unknown-
(@CGUID+478, 0, 0, 0, 1, 0, 0, 0, 0, ''), -- 魔蝠幼崽
(@CGUID+479, 0, 0, 0, 1, 0, 0, 0, 0, ''), -- 魔蝠幼崽
(@CGUID+480, 0, 0, 0, 1, 0, 0, 0, 0, ''), -- 魔蝠幼崽
(@CGUID+481, 0, 0, 0, 1, 0, 0, 0, 0, ''), -- 魔蝠幼崽
(@CGUID+482, 0, 0, 0, 1, 0, 0, 0, 0, ''), -- 魔蝠幼崽
(@CGUID+483, 0, 0, 0, 1, 0, 0, 0, 0, ''), -- 魔蝠幼崽
(@CGUID+484, 0, 0, 0, 1, 0, 0, 0, 0, ''), -- 魔蝠幼崽
(@CGUID+485, 0, 0, 0, 1, 0, 0, 0, 0, ''), -- 魔蝠幼崽
(@CGUID+486, 0, 0, 0, 1, 0, 0, 0, 0, ''), -- 魔蝠幼崽
(@CGUID+487, 0, 0, 0, 1, 0, 0, 0, 0, ''), -- 复活的剑士
(@CGUID+488, 0, 0, 0, 1, 0, 0, 0, 0, ''), -- 复活的长枪兵
(@CGUID+489, 0, 0, 0, 1, 0, 0, 0, 0, ''), -- 复活的剑士
(@CGUID+490, 0, 0, 0, 1, 0, 0, 0, 0, ''), -- 复活的长枪兵
(@CGUID+491, 0, 0, 0, 1, 0, 0, 0, 0, ''), -- 复活的剑士
(@CGUID+492, 0, 0, 0, 1, 0, 0, 0, 0, ''), -- 复活的长枪兵
(@CGUID+493, 0, 0, 0, 1, 0, 0, 0, 0, ''), -- 复活的剑士
(@CGUID+494, 0, 0, 0, 1, 0, 0, 0, 0, ''), -- 复活的长枪兵
(@CGUID+495, 0, 0, 0, 1, 0, 0, 0, 0, ''), -- 复活的剑士
(@CGUID+496, 0, 0, 0, 1, 0, 0, 0, 0, ''), -- 复活的长枪兵
(@CGUID+497, 0, 0, 33554432, 1, 0, 0, 0, 0, '199243'), -- 拉文凯斯之魂 - 199243 - -Unknown-
(@CGUID+498, 0, 0, 0, 1, 0, 0, 0, 0, '199160'); -- 针刺虫群 - 199160 - -Unknown-
-- (@CGUID+499, 0, 0, 0, 1, 0, 0, 0, 0, ''); -- -Unknown-

DELETE FROM `gameobject` WHERE `guid` BETWEEN @OGUID+0 AND @OGUID+350;
INSERT INTO `gameobject` (`guid`, `id`, `map`, `zoneId`, `areaId`, `spawnMask`, `PhaseId`, `PhaseGroup`, `position_x`, `position_y`, `position_z`, `orientation`, `rotation0`, `rotation1`, `rotation2`, `rotation3`, `spawntimesecs`, `animprogress`, `state`, `VerifiedBuild`) VALUES
(@OGUID+114, 252327, 1501, 7805, 7805, 8388870, '0', 0, 3451.329, 7614.11, -7.326169, 4.084075, 0, 0, -0.8910055, 0.4539925, 7200, 255, 0, 26124), -- 占位符 (Area: -Unknown- - Difficulty: 2)
(@OGUID+115, 252328, 1501, 7805, 7805, 8388870, '0', 0, 3443.042, 7665.096, -7.326169, 2.513274, 0, 0, 0.9510565, 0.3090171, 7200, 255, 1, 26124), -- 占位符 (Area: -Unknown- - Difficulty: 2)
(@OGUID+116, 252247, 1501, 7805, 7805, 8388870, '0', 0, 3505.714, 7649.45, -3.30042, 3.426656, 0, 0, -0.9898596, 0.1420494, 7200, 255, 1, 26124), -- -Unknown- (Area: -Unknown- - Difficulty: 2)
(@OGUID+117, 253921, 1501, 7805, 7805, 8388870, '0', 0, 3215.201, 7368.48, 129.8136, 5.829402, 0, 0, -0.2249498, 0.9743704, 7200, 255, 1, 26124), -- 生锈的大门 (Area: -Unknown- - Difficulty: 2)
(@OGUID+118, 247403, 1501, 7805, 7805, 8388870, '0', 0, 3277.842, 7563.882, 10.98412, 5.654869, 0, 0, -0.3090162, 0.9510568, 7200, 255, 0, 26124), -- 占位符 (Area: -Unknown- - Difficulty: 2)
(@OGUID+119, 247406, 1501, 7805, 7805, 8388870, '0', 0, 3271.062, 7606.691, 10.98412, 0.9424788, 0, 0, 0.4539909, 0.8910064, 7200, 255, 0, 26124), -- 占位符 (Area: -Unknown- - Difficulty: 2)
(@OGUID+120, 247407, 1501, 7805, 7805, 8388870, '0', 0, 3218.833, 7534.961, 14.91523, 0.9424766, 0, 0, 0.45399, 0.8910068, 7200, 255, 1, 26124), -- 占位符 (Area: -Unknown- - Difficulty: 2)
(@OGUID+121, 247404, 1501, 7805, 7805, 8388870, '0', 0, 3235.033, 7557.103, 10.98412, 4.084075, 0, 0, -0.8910055, 0.4539925, 7200, 255, 0, 26124), -- 占位符 (Area: -Unknown- - Difficulty: 2)
(@OGUID+122, 247405, 1501, 7805, 7805, 8388870, '0', 0, 3228.253, 7599.911, 10.98412, 2.513274, 0, 0, 0.9510565, 0.3090171, 7200, 255, 0, 26124), -- 占位符 (Area: -Unknown- - Difficulty: 2)
(@OGUID+123, 243007, 1501, 7805, 7805, 8388870, '0', 0, 2565.066, 7486.539, 29.50219, 0.03490249, -0.0003652573, 0.02095127, 0.01744652, 0.9996282, 7200, 255, 1, 26124), -- 希斯罗地窖 (Area: -Unknown- - Difficulty: 2)
(@OGUID+124, 247498, 1501, 7805, 7805, 8388870, '0', 0, 3174.844, 7389.831, 271.4599, 1.076114, 0, 0, 0.5124683, 0.8587061, 7200, 255, 0, 26124), -- 占位符 (Area: -Unknown- - Difficulty: 2)
(@OGUID+125, 245079, 1501, 7805, 7805, 8388870, '0', 0, 3085.019, 7352.04, 84.96606, 5.654869, 0, 0, -0.3090162, 0.9510568, 7200, 255, 1, 26124), -- 占位符 (Area: -Unknown- - Difficulty: 2)
(@OGUID+126, 245080, 1501, 7805, 7805, 8388870, '0', 0, 3100.121, 7372.827, 84.96606, 5.654869, 0, 0, -0.3090162, 0.9510568, 7200, 255, 1, 26124), -- 占位符 (Area: -Unknown- - Difficulty: 2)
(@OGUID+127, 247399, 1501, 7805, 7805, 8388870, '0', 0, 3106.219, 7292.774, 103.2473, 6.032261, 0, 0, -0.1251335, 0.9921399, 7200, 255, 1, 26124), -- 占位符 (Area: -Unknown- - Difficulty: 2)
(@OGUID+128, 247402, 1501, 7805, 7805, 8388870, '0', 0, 3248.373, 7311.03, 232.9171, 5.480337, 0, 0, -0.3907299, 0.9205054, 7200, 255, 0, 26124), -- 占位符 (Area: -Unknown- - Difficulty: 2)
(@OGUID+129, 247400, 1501, 7805, 7805, 8388870, '0', 0, 3076.1, 7281.135, 103.2473, 4.078671, 0, 0, -0.8922291, 0.4515831, 7200, 255, 0, 26124), -- 占位符 (Area: -Unknown- - Difficulty: 2)
(@OGUID+130, 247401, 1501, 7805, 7805, 8388870, '0', 0, 3077.757, 7313.208, 103.2473, 5.28695, 0, 0, -0.4777727, 0.8784835, 7200, 255, 1, 26124), -- 占位符 (Area: -Unknown- - Difficulty: 2)
(@OGUID+131, 245104, 1501, 7805, 7805, 8388870, '0', 0, 3186.876, 7375.126, 225.5623, 5.393071, 0, 0, -0.4305096, 0.902586, 7200, 255, 1, 26124), -- 占位符 (Area: -Unknown- - Difficulty: 2)
(@OGUID+132, 245105, 1501, 7805, 7805, 8388870, '0', 0, 3182.923, 7400.556, 225.5312, 4.345873, 0, 0, -0.8241253, 0.5664076, 7200, 255, 0, 26124), -- Black Rook Hold Dungeon - Boss 3 Post Door 2 (Area: -Unknown- - Difficulty: 2)
(@OGUID+133, 252852, 1501, 7805, 7805, 8388870, '0', 0, 3196.765, 7460.981, 29.3224, 1.114339, 0, 0, 0.5287857, 0.8487554, 7200, 255, 1, 26124), -- 狼群德鲁伊 (Area: -Unknown- - Difficulty: 2)
(@OGUID+134, 246505, 1501, 7805, 7805, 8388870, '0', 0, 3235.477, 7358.237, 129.1142, 6.187326, -0.2185073, -0.6724977, -0.2185068, 0.6724999, 7200, 255, 1, 26124), -- 红色小按钮 (Area: -Unknown- - Difficulty: 2)
(@OGUID+135, 246410, 1501, 7805, 7805, 8388870, '0', 0, 3235.587, 7356.822, 128.1938, 2.251473, 0, 0, 0.902585, 0.4305117, 7200, 255, 1, 26124), -- 古代椅子 (Area: -Unknown- - Difficulty: 2)
(@OGUID+136, 246409, 1501, 7805, 7805, 8388870, '0', 0, 3236.737, 7359.569, 128.1972, 3.036875, 0, 0, 0.9986296, 0.05233501, 7200, 255, 1, 26124), -- 古代椅子 (Area: -Unknown- - Difficulty: 2)
(@OGUID+137, 246669, 1501, 7805, 7805, 8388870, '0', 0, 3173.464, 7413.471, 215.8221, 2.314179, 0, 0, 0.915637, 0.4020061, 7200, 255, 1, 26124), -- 占位符 (Area: -Unknown- - Difficulty: 2)
(@OGUID+138, 252386, 1501, 7805, 7805, 8388870, '0', 0, 3123.84, 7308.27, 85.0963, 5.280411, 0, 0, -0.4806423, 0.8769167, 7200, 255, 1, 26124), -- 边缘破损的书页 (Area: -Unknown- - Difficulty: 2)
(@OGUID+139, 252266, 1501, 7805, 7805, 8388870, '0', 0, 3127.291, 7306.146, 85.09615, 3.199004, 0, 0, -0.999588, 0.02870184, 7200, 255, 1, 26124), -- 德雷斯的日志：群岛的珠宝 (Area: -Unknown- - Difficulty: 2)
(@OGUID+140, 205044, 1501, 7805, 7805, 8388870, '0', 0, 2824.847, 7247.29, 23.37994, 4.555313, -0.006564617, -0.01616955, -0.7602081, 0.6494452, 7200, 255, 1, 26124), -- 火焰 (Area: -Unknown- - Difficulty: 2)
(@OGUID+141, 205038, 1501, 7805, 7805, 8388870, '0', 0, 2802.53, 7299.135, 23.96399, 0.6719503, 0, 0, 0.32969, 0.9440892, 7200, 255, 1, 26124), -- 火焰 (Area: -Unknown- - Difficulty: 2)
(@OGUID+142, 205036, 1501, 7805, 7805, 8388870, '0', 0, 2802.617, 7297.662, 23.10232, 3.185267, 0, 0, -0.9997616, 0.02183524, 7200, 255, 1, 26124), -- 炉子 (Area: -Unknown- - Difficulty: 2)
(@OGUID+143, 205037, 1501, 7805, 7805, 8388870, '0', 0, 2802.769, 7296.469, 23.96399, 0.6283169, 0, 0, 0.3090162, 0.9510568, 7200, 255, 1, 26124); -- 火焰 (Area: -Unknown- - Difficulty: 2)
DELETE FROM `gameobject_addon` WHERE `guid` BETWEEN @OGUID+0 AND @OGUID+350;
INSERT INTO `gameobject_addon` (`guid`, `parent_rotation0`, `parent_rotation1`, `parent_rotation2`, `parent_rotation3`) VALUES
(@OGUID+114, 0, 0, -0.3090164, 0.9510567), -- 占位符
(@OGUID+115, 0, 0, -0.3090164, 0.9510567), -- 占位符
(@OGUID+117, 0, 0, -0.3090164, 0.9510567), -- 生锈的大门
(@OGUID+118, 0, 0, -0.3090164, 0.9510567), -- 占位符
(@OGUID+119, 0, 0, -0.3090164, 0.9510567), -- 占位符
(@OGUID+120, 0, 0, -0.3090164, 0.9510567), -- 占位符
(@OGUID+121, 0, 0, -0.3090164, 0.9510567), -- 占位符
(@OGUID+122, 0, 0, -0.3090164, 0.9510567), -- 占位符
(@OGUID+123, 0, 0, 0.01745073, 0.9998477), -- 希斯罗地窖
(@OGUID+124, 0, 0, -0.3090164, 0.9510567), -- 占位符
(@OGUID+125, 0, 0, -0.3090164, 0.9510567), -- 占位符
(@OGUID+126, 0, 0, -0.3090164, 0.9510567), -- 占位符
(@OGUID+127, 0, 0, -0.3090164, 0.9510567), -- 占位符
(@OGUID+128, 0, 0, -0.3090164, 0.9510567), -- 占位符
(@OGUID+129, 0, 0, -0.3090164, 0.9510567), -- 占位符
(@OGUID+130, 0, 0, -0.3090164, 0.9510567), -- 占位符
(@OGUID+131, 0, 0, -0.3090164, 0.9510567), -- 占位符
(@OGUID+132, 0, 0, -0.3090164, 0.9510567), -- Black Rook Hold Dungeon - Boss 3 Post Door 2
(@OGUID+134, 0, 0, -0.3090164, 0.9510567), -- 红色小按钮
(@OGUID+135, 0, 0, -0.3090164, 0.9510567), -- 古代椅子
(@OGUID+136, 0, 0, -0.3090164, 0.9510567), -- 古代椅子
(@OGUID+137, 0, 0, -0.3090164, 0.9510567), -- 占位符
(@OGUID+140, 0, 0, 0.9998477, -0.01745354), -- 火焰
(@OGUID+141, 0, 0, 0.02617665, 0.9996573), -- 火焰
(@OGUID+142, 0, 0, 0.02617665, 0.9996573), -- 炉子
(@OGUID+143, 0, 0, 0.02617665, 0.9996573); -- 火焰

*/

DELETE FROM `creature_template_addon` WHERE `entry` IN (111706 /*111706 (投石) - -Unknown-*/, 112725 /*112725 (卡林达斯) - -Unknown-*/, 111193 /*111193 (颤抖的卵囊)*/, 98637 /*98637*/, 98806 /*98806 (灵魂精华) - -Unknown-*/);
INSERT INTO `creature_template_addon` (`entry`, `path_id`, `mount`, `bytes1`, `bytes2`, `emote`, `aiAnimKit`, `movementAnimKit`, `meleeAnimKit`, `auras`) VALUES
(111706, 0, 0, 0, 1, 0, 0, 0, 0, '222378'), -- 111706 (投石) - -Unknown-
(112725, 0, 0, 0, 1, 0, 0, 0, 0, '42459'), -- 112725 (卡林达斯) - -Unknown-
(111193, 0, 0, 0, 1, 0, 0, 0, 0, ''), -- 111193 (颤抖的卵囊)
(98637, 0, 0, 0, 1, 0, 0, 0, 0, ''), -- 98637
(98806, 0, 0, 50331648, 1, 0, 0, 0, 0, '213422'); -- 98806 (灵魂精华) - -Unknown-

UPDATE `creature_template_addon` SET `auras`='60913 186310' WHERE `entry`=93526; -- 93526
UPDATE `creature_template_addon` SET `auras`='' WHERE `entry`=113901; -- 113901
UPDATE `creature_template_addon` SET `auras`='' WHERE `entry`=116420; -- 116420
UPDATE `creature_template_addon` SET `auras`='' WHERE `entry`=116419; -- 116419
UPDATE `creature_template_addon` SET `auras`='' WHERE `entry`=116408; -- 116408
UPDATE `creature_template_addon` SET `auras`='' WHERE `entry`=113900; -- 113900
UPDATE `creature_template_addon` SET `bytes1`=0 WHERE `entry`=96198; -- 96198
UPDATE `creature_template_addon` SET `auras`='199160' WHERE `entry`=101008; -- 101008 (针刺虫群)
UPDATE `creature_template_addon` SET `bytes1`=33554432, `auras`='199243' WHERE `entry`=101054; -- 101054 (拉文凯斯之魂)
UPDATE `creature_template_addon` SET `bytes2`=1, `auras`='224032' WHERE `entry`=99664; -- 99664 (永不安息的灵魂)
UPDATE `creature_template_addon` SET `bytes1`=50331648 WHERE `entry`=103857; -- 103857 (魔蝠)
UPDATE `creature_template_addon` SET `bytes2`=1, `auras`='197367 197394 42459' WHERE `entry`=98696; -- 98696 (伊莉萨娜·拉文凯斯)
UPDATE `creature_template_addon` SET `auras`='42459' WHERE `entry`=98691; -- 98691 (复活的斥候)
UPDATE `creature_template_addon` SET `bytes1`=50331648 WHERE `entry`=98201; -- 98201 (被激怒的灵魂)
UPDATE `creature_template_addon` SET `auras`='200248' WHERE `entry`=98280; -- 98280 (复活的奥术师)
UPDATE `creature_template_addon` SET `auras`='200345' WHERE `entry`=98275; -- 98275 (复活的弓箭手)
UPDATE `creature_template_addon` SET `auras`='198911' WHERE `entry`=98970; -- 98970 (拉图修斯)
UPDATE `creature_template_addon` SET `auras`='42459' WHERE `entry`=98810; -- 98810 (愤怒卫士剑圣)
UPDATE `creature_template_addon` SET `auras`='204063' WHERE `entry`=103102; -- 103102 (失落的灵魂)
UPDATE `creature_template_addon` SET `bytes1`=8 WHERE `entry`=98521; -- 98521 (艾瑟德林·拉文凯斯领主)
UPDATE `creature_template_addon` SET `bytes1`=50331648 WHERE `entry`=100759; -- 100759 (魔蝠)
UPDATE `creature_template_addon` SET `bytes1`=8, `auras`='42459' WHERE `entry`=98538; -- 98538 (薇兰达斯·拉文凯斯夫人)
UPDATE `creature_template_addon` SET `bytes1`=50331648 WHERE `entry`=98362; -- 98362 (烦恼的灵魂)
UPDATE `creature_template_addon` SET `auras`='60913 61354' WHERE `entry`=96479; -- 96479
UPDATE `creature_template_addon` SET `bytes1`=8 WHERE `entry`=96820; -- 96820
UPDATE `creature_template_addon` SET `auras`='' WHERE `entry`=54638; -- 54638
UPDATE `creature_template_addon` SET `auras`='205136' WHERE `entry`=93538; -- 93538
UPDATE `creature_template_addon` SET `auras`='' WHERE `entry`=104091; -- 104091
UPDATE `creature_template_addon` SET `auras`='122729' WHERE `entry`=62821; -- 62821
UPDATE `creature_template_addon` SET `auras`='122729' WHERE `entry`=62822; -- 62822




UPDATE `creature_model_info` SET `BoundingRadius`=1.716397, `VerifiedBuild`=26124 WHERE `DisplayID`=66209;
UPDATE `creature_model_info` SET `BoundingRadius`=0.31, `CombatReach`=1, `VerifiedBuild`=26124 WHERE `DisplayID`=23058;


DELETE FROM `creature_equip_template` WHERE (`CreatureID`=112725 AND `ID`=1);
INSERT INTO `creature_equip_template` (`CreatureID`, `ID`, `ItemID1`, `AppearanceModID1`, `ItemVisual1`, `ItemID2`, `AppearanceModID2`, `ItemVisual2`, `ItemID3`, `AppearanceModID3`, `ItemVisual3`) VALUES
(112725, 1, 116547, 0, 0, 133265, 0, 0, 0, 0, 0); -- 卡林达斯



SET @GROUP_ID=0;
SET @ID=0;
INSERT IGNORE INTO `creature_text` (`CreatureID`, `groupid`, `id`, `text`, `type`, `language`, `probability`, `emote`, `duration`, `sound`, `BroadcastTextId`, `comment`) VALUES
(98542, @GROUP_ID+0, @ID+0, '消灭！吞噬！', 14, 0, 100, 0, 0, 54518, 100957, '融合之魂'),
(98542, @GROUP_ID+1, @ID+0, '收割时间到！', 14, 0, 100, 0, 0, 54516, 100995, '融合之魂 to Player'),
(98542, @GROUP_ID+2, @ID+0, '离开这个微不足道的躯壳，加入我们的行列……', 14, 0, 100, 0, 0, 54564, 100994, '融合之魂 to Player'),
(98542, @GROUP_ID+3, @ID+0, '|TInterface\\Icons\\spell_warlock_demonsoul:20|t你受到了|cFFFF0000|Hspell:194960|h[灵魂回响]|h|r的影响！', 42, 0, 100, 0, 0, 0, 103698, '融合之魂 to Player'),
(98542, @GROUP_ID+4, @ID+0, '黑鸦堡垒的古代幽灵，来加入合唱吧！', 14, 0, 100, 0, 0, 54563, 100997, '融合之魂'),
(98542, @GROUP_ID+5, @ID+0, '我要享用你的精华……', 14, 0, 100, 0, 0, 54522, 100993, '融合之魂'),
(98542, @GROUP_ID+6, @ID+0, '这……这力量……太强大了！', 14, 0, 100, 0, 0, 54522, 100998, '融合之魂 to 融合之魂'),
(98696, @GROUP_ID+0, @ID+0, '你们将葬身此地，蠢货。', 14, 0, 100, 0, 0, 54515, 101132, '伊莉萨娜·拉文凯斯'),
(98696, @GROUP_ID+1, @ID+0, '你无路可逃了。', 14, 0, 100, 0, 0, 54561, 101194, '伊莉萨娜·拉文凯斯 to Player'),
(98696, @GROUP_ID+2, @ID+0, '狩猎不会结束……', 14, 0, 100, 0, 0, 54513, 101208, '伊莉萨娜·拉文凯斯'),
(98696, @GROUP_ID+3, @ID+0, '不！我现在明白了……背……叛……', 14, 0, 100, 0, 0, 54514, 101221, '伊莉萨娜·拉文凯斯 to Player'),
(98706, @GROUP_ID+0, @ID+0, '兄弟姐妹们，入侵者冲我们来了。击退他们！进攻！', 14, 0, 100, 0, 0, 0, 106226, '指挥官什达索尼 to 复活的弓箭手'),
(98792, @GROUP_ID+0, @ID+0, '哈！我们会用这些大石头解决他们的！', 14, 0, 100, 0, 0, 0, 120216, '虫语清道夫 to Player'),
(98792, @GROUP_ID+1, @ID+0, '啊！他们来了！快跑！', 14, 0, 100, 0, 0, 0, 120215, '虫语清道夫 to Player'),
(98792, @GROUP_ID+2, @ID+0, '呃……噢……哇啊啊啊！！！！', 14, 0, 100, 0, 0, 0, 104234, '虫语清道夫 to Player'),
(98792, @GROUP_ID+3, @ID+0, '啊！我们很抱歉！我们保证！', 14, 0, 100, 0, 0, 0, 120218, '虫语清道夫 to Player'),
(98810, @GROUP_ID+0, @ID+0, '%s变得狂怒无比！', 16, 0, 100, 0, 0, 0, 10677, '愤怒卫士剑圣'), -- BroadcastTextID: 1191 - 10645 - 10677
(98949, @GROUP_ID+0, @ID+0, '用你们的鲜血染红城堡！', 14, 0, 100, 0, 0, 54504, 101266, '可恨的斯麦斯帕'),
(98949, @GROUP_ID+1, @ID+0, '别费劲逃跑了，跳蚤……', 14, 0, 100, 0, 0, 54506, 101273, '可恨的斯麦斯帕 to Player'),
(98949, @GROUP_ID+2, @ID+0, '哈！抓住你了！', 14, 0, 100, 0, 0, 54503, 101274, '可恨的斯麦斯帕'), -- BroadcastTextID: 101274 - 94218
(98949, @GROUP_ID+3, @ID+0, '在我脚下颤栗吧。', 14, 0, 100, 0, 0, 54501, 101272, '可恨的斯麦斯帕'),
(98949, @GROUP_ID+4, @ID+0, '但是……我不可能……输……', 14, 0, 100, 0, 0, 54636, 101278, '可恨的斯麦斯帕 to Player'),
(98965, @GROUP_ID+0, @ID+0, '恶魔，你们休想占据这个世界！', 14, 0, 100, 0, 0, 54536, 101281, '库塔洛斯·拉文凯斯'),
(98970, @GROUP_ID+0, @ID+0, '现在，睡吧……', 14, 0, 100, 0, 0, 54499, 101289, '丹塔利纳克斯'),
(99857, @GROUP_ID+0, @ID+0, '我……现在明白了。你……你必须找到库塔洛斯。你必须阻止这一切。', 12, 0, 100, 0, 0, 54558, 101007, '艾瑟德林·拉文凯斯领主 to Player');

INSERT IGNORE INTO `npc_spellclick_spells` (`npc_entry`, `spell_id`, `cast_flags`, `user_type`) VALUES
(92438, 103583, 0, 0),
(98806, 52477, 0, 0),
(112947, 234593, 0, 0),
(107772, 234590, 0, 0),
(116408, 231849, 0, 0),
(116419, 231849, 0, 0),
(116420, 231849, 0, 0),
(113901, 234595, 0, 0),
(106359, 210857, 0, 0),
(119437, 237066, 0, 0),
(119436, 237066, 0, 0),
(119396, 237066, 0, 0);


UPDATE `creature_template` SET `speed_run`=1.142857 WHERE `entry`=101008; -- 针刺虫群
UPDATE `creature_template` SET `faction`=35, `unit_flags`=33587200 WHERE `entry`=101054; -- 拉文凯斯之魂
UPDATE `creature_template` SET `unit_flags`=32832 WHERE `entry`=102095; -- 复活的长枪兵
UPDATE `creature_template` SET `minlevel`=111, `maxlevel`=111, `faction`=16, `BaseAttackTime`=2000, `RangeAttackTime`=2000, `unit_flags`=33555200, `unit_flags2`=2048 WHERE `entry`=111706; -- 投石
UPDATE `creature_template` SET `unit_flags`=32768 WHERE `entry`=99664; -- 永不安息的灵魂
UPDATE `creature_template` SET `unit_flags`=33088 WHERE `entry`=98706; -- 指挥官什达索尼
UPDATE `creature_template` SET `speed_run`=1.142857 WHERE `entry`=102788; -- 魔怨支配者
UPDATE `creature_template` SET `speed_run`=1.142857 WHERE `entry`=101839; -- 复活的小伙伴
UPDATE `creature_template` SET `unit_flags`=32832 WHERE `entry`=102094; -- 复活的剑士
UPDATE `creature_template` SET `speed_run`=1.142857 WHERE `entry`=98542; -- 融合之魂
UPDATE `creature_template` SET `speed_run`=1.142857 WHERE `entry`=98696; -- 伊莉萨娜·拉文凯斯
UPDATE `creature_template` SET `minlevel`=112, `maxlevel`=112, `faction`=16, `BaseAttackTime`=2000, `RangeAttackTime`=2000, `unit_flags`=768, `unit_flags2`=2048 WHERE `entry`=112725; -- 卡林达斯
UPDATE `creature_template` SET `minlevel`=110, `maxlevel`=110, `faction`=16, `speed_run`=1, `BaseAttackTime`=2000, `RangeAttackTime`=2000, `unit_flags`=33555200, `unit_flags2`=2048, `unit_flags3`=1 WHERE `entry`=111193; -- 颤抖的卵囊
UPDATE `creature_template` SET `speed_walk`=1, `speed_run`=1.142857 WHERE `entry`=98900; -- 虫语欺诈者
UPDATE `creature_template` SET `unit_flags`=32768 WHERE `entry`=98970; -- 拉图修斯
UPDATE `creature_template` SET `minlevel`=112, `maxlevel`=112, `faction`=16, `BaseAttackTime`=2000, `RangeAttackTime`=2000, `unit_flags`=32832, `unit_flags2`=2099200 WHERE `entry`=98637; -- -Unknown-
UPDATE `creature_template` SET `speed_run`=1.142857 WHERE `entry`=98813; -- 血气地狱犬
UPDATE `creature_template` SET `speed_run`=1.142857, `unit_flags2`=2099200 WHERE `entry`=98792; -- 虫语清道夫
UPDATE `creature_template` SET `minlevel`=100, `maxlevel`=100, `npcflag`=16777216, `BaseAttackTime`=2000, `RangeAttackTime`=2000, `unit_flags`=768, `unit_flags2`=67110912 WHERE `entry`=98806; -- 灵魂精华
UPDATE `creature_template` SET `minlevel`=108, `maxlevel`=109 WHERE `entry`=96636; -- -Unknown-
UPDATE `creature_template` SET `minlevel`=102, `maxlevel`=105 WHERE `entry`=96641; -- -Unknown-
UPDATE `creature_template` SET `minlevel`=103, `maxlevel`=110 WHERE `entry`=107622; -- -Unknown-
UPDATE `creature_template` SET `minlevel`=109 WHERE `entry`=112079; -- -Unknown-
UPDATE `creature_template` SET `minlevel`=110, `maxlevel`=110 WHERE `entry`=104091; -- -Unknown-
UPDATE `creature_template` SET `minlevel`=103, `maxlevel`=108 WHERE `entry`=105904; -- -Unknown-


UPDATE `creature_template` SET `VerifiedBuild`=26124 WHERE `entry`=111273; -- 低地魔壳龟
UPDATE `creature_template` SET `VerifiedBuild`=26124 WHERE `entry`=108925; -- 领主阿德尔
UPDATE `creature_template` SET `VerifiedBuild`=26124 WHERE `entry`=32453; -- 达拉然市民
UPDATE `creature_template` SET `VerifiedBuild`=26124 WHERE `entry`=96983; -- 达拉然市民
UPDATE `creature_template` SET `VerifiedBuild`=26124 WHERE `entry`=97518; -- 塞德琳·白晨

UPDATE `creature_template` SET `VerifiedBuild`=26124 WHERE `entry`=99625; -- 清风之魂
UPDATE `creature_template` SET `VerifiedBuild`=26124 WHERE `entry`=69791; -- 烈焰之灵
UPDATE `creature_template` SET `VerifiedBuild`=26124 WHERE `entry`=69792; -- 大地之灵
UPDATE `creature_template` SET `VerifiedBuild`=26124 WHERE `entry`=99090; -- Soul Echoes Stalker




UPDATE `creature_questitem` SET `VerifiedBuild`=26124 WHERE (`CreatureEntry`=111273 AND `Idx`=2); -- 低地魔壳龟
UPDATE `creature_questitem` SET `VerifiedBuild`=26124 WHERE (`CreatureEntry`=111273 AND `Idx`=1); -- 低地魔壳龟
UPDATE `creature_questitem` SET `VerifiedBuild`=26124 WHERE (`CreatureEntry`=111273 AND `Idx`=0); -- 低地魔壳龟
UPDATE `creature_questitem` SET `VerifiedBuild`=26124 WHERE (`CreatureEntry`=99611 AND `Idx`=0); -- 丹塔利纳克斯
UPDATE `creature_questitem` SET `VerifiedBuild`=26124 WHERE (`CreatureEntry`=102095 AND `Idx`=0); -- 复活的长枪兵
UPDATE `creature_questitem` SET `VerifiedBuild`=26124 WHERE (`CreatureEntry`=102094 AND `Idx`=0); -- 复活的剑士
UPDATE `creature_questitem` SET `VerifiedBuild`=26124 WHERE (`CreatureEntry`=98542 AND `Idx`=0); -- 融合之魂
UPDATE `creature_questitem` SET `VerifiedBuild`=26124 WHERE (`CreatureEntry`=98691 AND `Idx`=0); -- 复活的斥候
UPDATE `creature_questitem` SET `VerifiedBuild`=26124 WHERE (`CreatureEntry`=98280 AND `Idx`=0); -- 复活的奥术师
UPDATE `creature_questitem` SET `VerifiedBuild`=26124 WHERE (`CreatureEntry`=98275 AND `Idx`=0); -- 复活的弓箭手
UPDATE `creature_questitem` SET `VerifiedBuild`=26124 WHERE (`CreatureEntry`=98243 AND `Idx`=0); -- 失魂的勇士
UPDATE `creature_questitem` SET `VerifiedBuild`=26124 WHERE (`CreatureEntry`=98970 AND `Idx`=4); -- 拉图修斯
UPDATE `creature_questitem` SET `VerifiedBuild`=26124 WHERE (`CreatureEntry`=98970 AND `Idx`=3); -- 拉图修斯
UPDATE `creature_questitem` SET `VerifiedBuild`=26124 WHERE (`CreatureEntry`=98970 AND `Idx`=2); -- 拉图修斯
UPDATE `creature_questitem` SET `VerifiedBuild`=26124 WHERE (`CreatureEntry`=98970 AND `Idx`=1); -- 拉图修斯
UPDATE `creature_questitem` SET `VerifiedBuild`=26124 WHERE (`CreatureEntry`=98970 AND `Idx`=0); -- 拉图修斯
UPDATE `creature_questitem` SET `VerifiedBuild`=26124 WHERE (`CreatureEntry`=98813 AND `Idx`=1); -- 血气地狱犬
UPDATE `creature_questitem` SET `VerifiedBuild`=26124 WHERE (`CreatureEntry`=98813 AND `Idx`=0); -- 血气地狱犬
UPDATE `creature_questitem` SET `VerifiedBuild`=26124 WHERE (`CreatureEntry`=98370 AND `Idx`=0); -- 幽灵顾问
UPDATE `creature_questitem` SET `VerifiedBuild`=26124 WHERE (`CreatureEntry`=98368 AND `Idx`=0); -- 幽灵卫兵
UPDATE `creature_questitem` SET `VerifiedBuild`=26124 WHERE (`CreatureEntry`=98366 AND `Idx`=0); -- 幽灵家臣


UPDATE `gameobject_template` SET `VerifiedBuild`=26124 WHERE `entry`=205038; -- 火焰
UPDATE `gameobject_template` SET `VerifiedBuild`=26124 WHERE `entry`=205037; -- 火焰
UPDATE `gameobject_template` SET `VerifiedBuild`=26124 WHERE `entry`=205036; -- 炉子
UPDATE `gameobject_template` SET `VerifiedBuild`=26124 WHERE `entry`=205044; -- 火焰
UPDATE `gameobject_template` SET `VerifiedBuild`=26124 WHERE `entry`=252386; -- 边缘破损的书页
UPDATE `gameobject_template` SET `VerifiedBuild`=26124 WHERE `entry`=252266; -- 德雷斯的日志：群岛的珠宝
UPDATE `gameobject_template` SET `VerifiedBuild`=26124 WHERE `entry`=246669; -- 占位符
UPDATE `gameobject_template` SET `VerifiedBuild`=26124 WHERE `entry`=246505; -- 红色小按钮
UPDATE `gameobject_template` SET `VerifiedBuild`=26124 WHERE `entry`=246410; -- 古代椅子
UPDATE `gameobject_template` SET `VerifiedBuild`=26124 WHERE `entry`=246409; -- 古代椅子
UPDATE `gameobject_template` SET `VerifiedBuild`=26124 WHERE `entry`=252852; -- 狼群德鲁伊
UPDATE `gameobject_template` SET `VerifiedBuild`=26124 WHERE `entry`=243007; -- 希斯罗地窖
UPDATE `gameobject_template` SET `VerifiedBuild`=26124 WHERE `entry`=247400; -- 占位符
UPDATE `gameobject_template` SET `VerifiedBuild`=26124 WHERE `entry`=247401; -- 占位符
UPDATE `gameobject_template` SET `VerifiedBuild`=26124 WHERE `entry`=247399; -- 占位符
UPDATE `gameobject_template` SET `VerifiedBuild`=26124 WHERE `entry`=245079; -- 占位符
UPDATE `gameobject_template` SET `VerifiedBuild`=26124 WHERE `entry`=247498; -- 占位符
UPDATE `gameobject_template` SET `VerifiedBuild`=26124 WHERE `entry`=245080; -- 占位符
UPDATE `gameobject_template` SET `VerifiedBuild`=26124 WHERE `entry`=247402; -- 占位符
UPDATE `gameobject_template` SET `VerifiedBuild`=26124 WHERE `entry`=245104; -- 占位符
UPDATE `gameobject_template` SET `VerifiedBuild`=26124 WHERE `entry`=245105; -- Black Rook Hold Dungeon - Boss 3 Post Door 2
UPDATE `gameobject_template` SET `VerifiedBuild`=26124 WHERE `entry`=253921; -- 生锈的大门
UPDATE `gameobject_template` SET `VerifiedBuild`=26124 WHERE `entry`=247407; -- 占位符
UPDATE `gameobject_template` SET `VerifiedBuild`=26124 WHERE `entry`=247404; -- 占位符
UPDATE `gameobject_template` SET `VerifiedBuild`=26124 WHERE `entry`=247405; -- 占位符
UPDATE `gameobject_template` SET `VerifiedBuild`=26124 WHERE `entry`=247403; -- 占位符
UPDATE `gameobject_template` SET `VerifiedBuild`=26124 WHERE `entry`=247406; -- 占位符
UPDATE `gameobject_template` SET `VerifiedBuild`=26124 WHERE `entry`=252327; -- 占位符
UPDATE `gameobject_template` SET `VerifiedBuild`=26124 WHERE `entry`=252328; -- 占位符


UPDATE `gameobject_questitem` SET `VerifiedBuild`=26124 WHERE (`GameObjectEntry`=252266 AND `Idx`=0); -- 德雷斯的日志：群岛的珠宝
UPDATE `gameobject_questitem` SET `VerifiedBuild`=26124 WHERE (`GameObjectEntry`=252852 AND `Idx`=0); -- 狼群德鲁伊

