# TrinityCore - WowPacketParser
# File name: 7.3.5_26365_五月-11-1604 - aimilan.awps.pkt
# Detected build: V7_3_5_26365
# Detected locale: zhCN 至高岭保卫世界任务  使用镜像
# Targeted database: Legion
# Parsing date: 05/13/2018 00:04:59

SET @QUESTID = 41705;
SET @QUESTCONVERSATION1 = 1580;
SET @QUESTCONVERSATION2 = 1581;
DELETE FROM  `quest_conversation` WHERE `questId`=@QUESTID;
INSERT INTO `quest_conversation` (`questId`, `questAcceptConversation`, `questCompleteConversation`) VALUES (@QUESTID, @QUESTCONVERSATION1, @QUESTCONVERSATION2);


DELETE FROM `phase_area` WHERE `AreaId`=7731 AND  `PhaseId`=8395;
INSERT INTO `phase_area` (`AreaId`, `PhaseId`, `Comment`) VALUES 
(7731, 8395, 'Assault on Thunder Totem');

DELETE FROM `conditions`  WHERE `SourceTypeOrReferenceId`=26 AND `SourceGroup`=8395 AND `SourceEntry`=7731;
INSERT INTO `conditions` (`SourceTypeOrReferenceId`, `SourceGroup`, `SourceEntry`, `SourceId`, `ElseGroup`, `ConditionTypeOrReference`, `ConditionTarget`, `ConditionValue1`, `ConditionValue2`, `ConditionValue3`, `NegativeCondition`, `ErrorType`, `ErrorTextId`, `ScriptName`, `Comment`) VALUES 
(26, 8395, 7731, 0, 0,  9, 0, 41705, 0, 0, 0, 0, 0, '', 'Assault on Thunder Totem Phase 8395 when Quest 41705 taken'),
(26, 8395, 7731, 0, 0, 28, 0, 41705, 0, 0, 1, 0, 0, '', 'Assault on Thunder Totem Phase cancel 8395 when Quest 41705  complete');



DELETE FROM `spell_areatrigger` WHERE (`AreaTriggerId`=12341) OR (`AreaTriggerId`=14815);
INSERT INTO `spell_areatrigger` (`SpellMiscId`, `AreaTriggerId`, `MoveCurveId`, `ScaleCurveId`, `MorphCurveId`, `FacingCurveId`, `DecalPropertiesId`, `TimeToTarget`, `TimeToTargetScale`, `VerifiedBuild`) VALUES
(8112, 12341, 0, 0, 0, 0, 0, 0, 6000, 26365), -- SpellId : 221372
(9921, 14815, 0, 0, 0, 0, 0, 0, 3000, 26365); -- SpellId : 238422



UPDATE `conversation_actor_template` SET `CreatureId`=93826, `CreatureModelId`=73318, `VerifiedBuild`=26365 WHERE `Id`=51685;
UPDATE `conversation_actor_template` SET `CreatureId`=93826, `CreatureModelId`=73318, `VerifiedBuild`=26365 WHERE `Id`=51685;


UPDATE `conversation_template` SET `LastLineEndTime`=6713, `VerifiedBuild`=26365 WHERE `Id`=1581;
UPDATE `conversation_template` SET `LastLineEndTime`=10132, `VerifiedBuild`=26365 WHERE `Id`=1580;



SET NAMES 'latin1';

UPDATE `quest_poi` SET `AlwaysAllowMergingBlobs`=0, `VerifiedBuild`=26365 WHERE (`QuestID`=41705 AND `BlobIndex`=0 AND `Idx1`=1); -- Assault on Thunder Totem
UPDATE `quest_poi` SET `AlwaysAllowMergingBlobs`=1, `VerifiedBuild`=26365 WHERE (`QuestID`=41705 AND `BlobIndex`=0 AND `Idx1`=0); -- Assault on Thunder Totem

SET @CGUID = 453905;
SET @OGUID = 103151;
DELETE FROM `creature` WHERE `guid` BETWEEN @CGUID+0 AND @CGUID+152;
INSERT INTO `creature` (`guid`, `id`, `map`, `zoneId`, `areaId`, `spawnMask`, `PhaseId`, `PhaseGroup`, `modelid`, `equipment_id`, `position_x`, `position_y`, `position_z`, `orientation`, `spawntimesecs`, `spawndist`, `currentwaypoint`, `curhealth`, `curmana`, `MovementType`, `npcflag`, `unit_flags`, `dynamicflags`, `VerifiedBuild`) VALUES
(@CGUID+0, 111184, 1220, 7731, 0, 1, '8395', 0, 0, 0, 4281.25, 4272.94, 736.6445, 2.71727, 7200, 0, 0, 0, 0, 0, 0, 0, 0, 26365), -- Greystone Shardcaster (Area: 0 - Difficulty: 1) (Auras: )
(@CGUID+1, 99708, 1220, 7731, 0, 1, '8395', 0, 0, 0, 4282.235, 4262.01, 735.1722, 6.008182, 7200, 0, 0, 0, 0, 0, 0, 0, 0, 26365), -- 至高岭保卫者 (Area: 0 - Difficulty: 1) (Auras: )
(@CGUID+2, 131953, 1220, 7731, 0, 1, '8395', 0, 0, 0, 4265.749, 4236.59, 738.9908, 1.8639, 7200, 0, 0, 0, 0, 0, 0, 0, 0, 26365), -- 鲜血图腾幸存者 (Area: 0 - Difficulty: 1)
(@CGUID+3, 131953, 1220, 7731, 0, 1, '8395', 0, 0, 0, 4274.071, 4228.591, 738.8978, 0.8756782, 7200, 0, 0, 0, 0, 0, 0, 0, 0, 26365), -- 鲜血图腾幸存者 (Area: 0 - Difficulty: 1)
(@CGUID+4, 99708, 1220, 7731, 0, 1, '8395', 0, 0, 0, 4248.01, 4276.524, 738.1589, 6.00767, 7200, 0, 0, 0, 0, 0, 0, 0, 0, 26365), -- 至高岭保卫者 (Area: 0 - Difficulty: 1) (Auras: )
(@CGUID+5, 104615, 1220, 7731, 0, 1, '8395', 0, 0, 0, 4249.76, 4276.03, 738.0565, 2.91205, 7200, 0, 0, 0, 0, 0, 0, 0, 0, 26365), -- Greystone Flanker (Area: 0 - Difficulty: 1) (Auras: )
(@CGUID+6, 104615, 1220, 7731, 0, 1, '8395', 0, 0, 0, 4245.62, 4269.55, 738.2454, 5.637011, 7200, 10, 0, 0, 0, 1, 0, 0, 0, 26365), -- Greystone Flanker (Area: 0 - Difficulty: 1) (Auras: ) (possible waypoints or random movement)
(@CGUID+7, 99708, 1220, 7731, 0, 1, '8395', 0, 0, 0, 4239.762, 4263.784, 738.3412, 5.963841, 7200, 10, 0, 0, 0, 1, 0, 0, 0, 26365), -- 至高岭保卫者 (Area: 0 - Difficulty: 1) (Auras: ) (possible waypoints or random movement)
(@CGUID+8, 131971, 1220, 7731, 0, 1, '8395', 0, 0, 0, 4262.156, 4231.07, 738.7314, 4.492875, 7200, 0, 0, 0, 0, 0, 0, 0, 0, 26365), -- 鲜血图腾捕兽者 (Area: 0 - Difficulty: 1)
(@CGUID+9, 131971, 1220, 7731, 0, 1, '8395', 0, 0, 0, 4251.118, 4244.101, 738.8978, 3.580625, 7200, 0, 0, 0, 0, 0, 0, 0, 0, 26365), -- 鲜血图腾捕兽者 (Area: 0 - Difficulty: 1)
(@CGUID+10, 131953, 1220, 7731, 0, 1, '8395', 0, 0, 0, 4259.12, 4230.331, 738.7529, 5.35513, 7200, 0, 0, 0, 0, 0, 0, 0, 0, 26365), -- 鲜血图腾幸存者 (Area: 0 - Difficulty: 1)
(@CGUID+11, 99862, 1220, 7731, 0, 1, '8395', 0, 0, 0, 4200.73, 4269.451, 785.5881, 5.057926, 7200, 10, 0, 0, 0, 1, 0, 0, 0, 26365), -- 巨鹰 (Area: 0 - Difficulty: 1) (possible waypoints or random movement)
(@CGUID+12, 99708, 1220, 7731, 0, 1, '8395', 0, 0, 0, 4166.851, 4345.223, 768.485, 2.523662, 7200, 0, 0, 0, 0, 0, 0, 0, 0, 26365), -- 至高岭保卫者 (Area: 0 - Difficulty: 1) (Auras: )
(@CGUID+13, 99862, 1220, 7731, 0, 1, '8395', 0, 0, 0, 4178.665, 4320.058, 773.4523, 2.250837, 7200, 0, 0, 0, 0, 0, 0, 0, 0, 26365), -- 巨鹰 (Area: 0 - Difficulty: 1)
(@CGUID+14, 99708, 1220, 7731, 0, 1, '8395', 0, 0, 0, 4170.289, 4230.564, 749.8925, 0.1402031, 7200, 0, 0, 0, 0, 0, 0, 0, 0, 26365), -- 至高岭保卫者 (Area: 0 - Difficulty: 1) (Auras: )
(@CGUID+15, 99708, 1220, 7731, 0, 1, '8395', 0, 0, 0, 4162.65, 4337.56, 768.5227, 6.051301, 7200, 0, 0, 0, 0, 0, 0, 0, 0, 26365), -- 至高岭保卫者 (Area: 0 - Difficulty: 1) (Auras: )
(@CGUID+16, 99708, 1220, 7731, 0, 1, '8395', 0, 0, 0, 4159.684, 4330.509, 768.5201, 2.46756, 7200, 0, 0, 0, 0, 0, 0, 0, 0, 26365), -- 至高岭保卫者 (Area: 0 - Difficulty: 1) (Auras: )
(@CGUID+17, 104624, 1220, 7731, 0, 1, '8395', 0, 0, 0, 4125.108, 4343.556, 768.4052, 0.1951735, 7200, 0, 0, 0, 0, 0, 0, 0, 0, 26365), -- Wounded Highmountain Protector (Area: 0 - Difficulty: 1) (Auras: 119800 - -Unknown-)
(@CGUID+18, 99708, 1220, 7731, 0, 1, '8395', 0, 0, 0, 4117.759, 4301.184, 768.2673, 1.752422, 7200, 0, 0, 0, 0, 0, 0, 0, 0, 26365), -- 至高岭保卫者 (Area: 0 - Difficulty: 1) (Auras: )
(@CGUID+19, 104615, 1220, 7731, 0, 1, '8395', 0, 0, 0, 4111.22, 4303.724, 768.2239, 5.912663, 7200, 0, 0, 0, 0, 0, 0, 0, 0, 26365), -- Greystone Flanker (Area: 0 - Difficulty: 1) (Auras: )
(@CGUID+20, 96083, 1220, 7731, 0, 1, '8395', 0, 0, 0, 4056.227, 4375.608, 768.6791, 5.130209, 7200, 0, 0, 0, 0, 0, 0, 0, 0, 26365), -- 罗丹·智水 (Area: 0 - Difficulty: 1)
(@CGUID+21, 99862, 1220, 7731, 0, 1, '8395', 0, 0, 0, 4163.406, 4379.924, 773.2784, 2.821116, 7200, 0, 0, 0, 0, 0, 0, 0, 0, 26365), -- 巨鹰 (Area: 0 - Difficulty: 1)
(@CGUID+22, 104624, 1220, 7731, 0, 1, '8395', 0, 0, 0, 4140.677, 4367.516, 768.541, 5.874448, 7200, 0, 0, 0, 0, 0, 0, 0, 0, 26365), -- Wounded Highmountain Protector (Area: 0 - Difficulty: 1) (Auras: 119800 - -Unknown-)
(@CGUID+23, 99862, 1220, 7731, 0, 1, '8395', 0, 0, 0, 4146.729, 4277.326, 768.6196, 1.501023, 7200, 10, 0, 0, 0, 1, 0, 0, 0, 26365), -- 巨鹰 (Area: 0 - Difficulty: 1) (possible waypoints or random movement)
(@CGUID+24, 111184, 1220, 7731, 0, 1, '8395', 0, 0, 0, 4153.418, 4376.422, 768.1078, 5.715425, 7200, 0, 0, 0, 0, 0, 0, 0, 0, 26365), -- Greystone Shardcaster (Area: 0 - Difficulty: 1) (Auras: )
(@CGUID+25, 99708, 1220, 7731, 0, 1, '8395', 0, 0, 0, 4127.022, 4381.04, 768.5175, 0.4289053, 7200, 0, 0, 0, 0, 0, 0, 0, 0, 26365), -- 至高岭保卫者 (Area: 0 - Difficulty: 1) (Auras: )
(@CGUID+26, 99708, 1220, 7731, 0, 1, '8395', 0, 0, 0, 4127.688, 4367.346, 768.3563, 0.1278978, 7200, 0, 0, 0, 0, 0, 0, 0, 0, 26365), -- 至高岭保卫者 (Area: 0 - Difficulty: 1) (Auras: )
(@CGUID+27, 104615, 1220, 7731, 0, 1, '8395', 0, 0, 0, 4098.75, 4325.49, 768.3294, 3.418553, 7200, 0, 0, 0, 0, 0, 0, 0, 0, 26365), -- Greystone Flanker (Area: 0 - Difficulty: 1) (Auras: )
(@CGUID+28, 104624, 1220, 7731, 0, 1, '8395', 0, 0, 0, 4091.497, 4317.53, 768.3517, 3.352407, 7200, 0, 0, 0, 0, 0, 0, 0, 0, 26365), -- Wounded Highmountain Protector (Area: 0 - Difficulty: 1) (Auras: 119800 - -Unknown-)
(@CGUID+29, 95688, 1220, 7731, 0, 1, '8395', 0, 0, 0, 4158.713, 4383.217, 768.2964, 3.424293, 7200, 0, 0, 0, 0, 0, 0, 0, 0, 26365), -- 驯风者纳尔特 (Area: 0 - Difficulty: 1)
(@CGUID+30, 103485, 1220, 7731, 0, 1, '8395', 0, 0, 0, 4117.917, 4372.586, 768.517, 0.06271638, 7200, 0, 0, 0, 0, 0, 0, 0, 0, 26365), -- 莱莎·月水 (Area: 0 - Difficulty: 1)
(@CGUID+31, 99862, 1220, 7731, 0, 1, '8395', 0, 0, 0, 4161.66, 4387.444, 772.5851, 3.762541, 7200, 0, 0, 0, 0, 0, 0, 0, 0, 26365), -- 巨鹰 (Area: 0 - Difficulty: 1)
(@CGUID+32, 104624, 1220, 7731, 0, 1, '8395', 0, 0, 0, 4089.644, 4296.082, 768.0724, 2.053161, 7200, 0, 0, 0, 0, 0, 0, 0, 0, 26365), -- Wounded Highmountain Protector (Area: 0 - Difficulty: 1) (Auras: 119800 - -Unknown-)
(@CGUID+33, 99672, 1220, 7731, 0, 1, '8395', 0, 0, 0, 4087.778, 4325.525, 768.2322, 4.76781, 7200, 0, 0, 0, 0, 0, 0, 0, 0, 26365), -- 酿酒师萨库尔 (Area: 0 - Difficulty: 1) (Auras: 196096 - -Unknown-)
(@CGUID+34, 103733, 1220, 7731, 0, 1, '8395', 0, 0, 0, 4113.191, 4375.035, 768.1544, 0, 7200, 0, 0, 0, 0, 0, 0, 0, 0, 26365), -- 鲁隆 (Area: 0 - Difficulty: 1)
(@CGUID+35, 111184, 1220, 7731, 0, 1, '8395', 0, 0, 0, 4127.33, 4372.95, 768.4971, 3.155745, 7200, 0, 0, 0, 0, 0, 0, 0, 0, 26365), -- Greystone Shardcaster (Area: 0 - Difficulty: 1) (Auras: )
(@CGUID+36, 99708, 1220, 7731, 0, 1, '8395', 0, 0, 0, 4111.343, 4353.36, 667.8501, 2.105333, 7200, 0, 0, 0, 0, 0, 0, 0, 0, 26365), -- 至高岭保卫者 (Area: 0 - Difficulty: 1) (Auras: )
(@CGUID+37, 99708, 1220, 7731, 0, 1, '8395', 0, 0, 0, 4101.273, 4347.319, 667.8536, 1.867027, 7200, 0, 0, 0, 0, 0, 0, 0, 0, 26365), -- 至高岭保卫者 (Area: 0 - Difficulty: 1) (Auras: )
(@CGUID+38, 99225, 1220, 7731, 0, 1, '8395', 0, 0, 0, 4085.22, 4376.821, 670.6967, 1.753194, 7200, 0, 0, 0, 0, 0, 0, 0, 0, 26365), -- 拉善·天角 (Area: 0 - Difficulty: 1) (Auras: 194109 - -Unknown-)
(@CGUID+39, 99624, 1220, 7731, 0, 1, '8395', 0, 0, 0, 4080.023, 4377.264, 670.7087, 1.194305, 7200, 0, 0, 0, 0, 0, 0, 0, 0, 26365), -- 纳瓦罗格 (Area: 0 - Difficulty: 1)
(@CGUID+40, 99708, 1220, 7731, 0, 1, '8395', 0, 0, 0, 4121.087, 4395.292, 768.3471, 0.4320925, 7200, 0, 0, 0, 0, 0, 0, 0, 0, 26365), -- 至高岭保卫者 (Area: 0 - Difficulty: 1) (Auras: )
(@CGUID+41, 99708, 1220, 7731, 0, 1, '8395', 0, 0, 0, 4063.61, 4354.417, 768.6832, 1.570773, 7200, 10, 0, 0, 0, 1, 0, 0, 0, 26365), -- 至高岭保卫者 (Area: 0 - Difficulty: 1) (Auras: ) (possible waypoints or random movement)
(@CGUID+42, 99708, 1220, 7731, 0, 1, '8395', 0, 0, 0, 4069.378, 4296.549, 768.0543, 3.46515, 7200, 0, 0, 0, 0, 0, 0, 0, 0, 26365), -- 至高岭保卫者 (Area: 0 - Difficulty: 1) (Auras: )
(@CGUID+43, 99708, 1220, 7731, 0, 1, '8395', 0, 0, 0, 4072.683, 4278.374, 763.5048, 3.562472, 7200, 0, 0, 0, 0, 0, 0, 0, 0, 26365), -- 至高岭保卫者 (Area: 0 - Difficulty: 1) (Auras: )
(@CGUID+44, 104614, 1220, 7731, 0, 1, '8395', 0, 0, 0, 4055.185, 4280.21, 769.2949, 3.145128, 7200, 0, 0, 0, 0, 0, 0, 0, 0, 26365), -- Brulworm (Area: 0 - Difficulty: 1) (Auras: 164276 - -Unknown-)
(@CGUID+45, 99708, 1220, 7731, 0, 1, '8395', 0, 0, 0, 4054.36, 4327.355, 768.2632, 4.663438, 7200, 0, 0, 0, 0, 0, 0, 0, 0, 26365), -- 至高岭保卫者 (Area: 0 - Difficulty: 1) (Auras: )
(@CGUID+46, 99708, 1220, 7731, 0, 1, '8395', 0, 0, 0, 4081.991, 4355.726, 768.7906, 3.205034, 7200, 0, 0, 0, 0, 0, 0, 0, 0, 26365), -- 至高岭保卫者 (Area: 0 - Difficulty: 1) (Auras: )
(@CGUID+47, 99708, 1220, 7731, 0, 1, '8395', 0, 0, 0, 4067.445, 4321.216, 768.2819, 3.557935, 7200, 10, 0, 0, 0, 1, 0, 0, 0, 26365), -- 至高岭保卫者 (Area: 0 - Difficulty: 1) (Auras: ) (possible waypoints or random movement)
(@CGUID+48, 104615, 1220, 7731, 0, 1, '8395', 0, 0, 0, 4121.78, 4387.96, 768.5189, 3.444678, 7200, 0, 0, 0, 0, 0, 0, 0, 0, 26365), -- Greystone Flanker (Area: 0 - Difficulty: 1) (Auras: )
(@CGUID+49, 99708, 1220, 7731, 0, 1, '8395', 0, 0, 0, 4128.277, 4392.117, 667.8222, 3.333109, 7200, 0, 0, 0, 0, 0, 0, 0, 0, 26365), -- 至高岭保卫者 (Area: 0 - Difficulty: 1) (Auras: )
(@CGUID+50, 99708, 1220, 7731, 0, 1, '8395', 0, 0, 0, 4193.649, 4401.673, 659.484, 0.1955921, 7200, 0, 0, 0, 0, 0, 0, 0, 0, 26365), -- 至高岭保卫者 (Area: 0 - Difficulty: 1) (Auras: )
(@CGUID+51, 104624, 1220, 7731, 0, 1, '8395', 0, 0, 0, 4134.643, 4411.66, 768.1141, 2.707695, 7200, 0, 0, 0, 0, 0, 0, 0, 0, 26365), -- Wounded Highmountain Protector (Area: 0 - Difficulty: 1) (Auras: 119800 - -Unknown-)
(@CGUID+52, 99862, 1220, 7731, 0, 1, '8395', 0, 0, 0, 4190.817, 4401.213, 667.4493, 0.3575256, 7200, 0, 0, 0, 0, 0, 0, 0, 0, 26365), -- 巨鹰 (Area: 0 - Difficulty: 1)
(@CGUID+53, 99708, 1220, 7731, 0, 1, '8395', 0, 0, 0, 4122.986, 4407.395, 667.8228, 3.853262, 7200, 0, 0, 0, 0, 0, 0, 0, 0, 26365), -- 至高岭保卫者 (Area: 0 - Difficulty: 1) (Auras: )
(@CGUID+54, 99708, 1220, 7731, 0, 1, '8395', 0, 0, 0, 4189.563, 4411.314, 659.3111, 0.1955921, 7200, 0, 0, 0, 0, 0, 0, 0, 0, 26365), -- 至高岭保卫者 (Area: 0 - Difficulty: 1) (Auras: )
(@CGUID+55, 111184, 1220, 7731, 0, 1, '8395', 0, 0, 0, 4113.5, 4404.26, 768.5211, 3.60028, 7200, 0, 0, 0, 0, 0, 0, 0, 0, 26365), -- Greystone Shardcaster (Area: 0 - Difficulty: 1) (Auras: )
(@CGUID+56, 104615, 1220, 7731, 0, 1, '8395', 0, 0, 0, 4197.376, 4411.159, 659.4476, 3.121784, 7200, 0, 0, 0, 0, 0, 0, 0, 0, 26365), -- Greystone Flanker (Area: 0 - Difficulty: 1) (Auras: )
(@CGUID+57, 99669, 1220, 7731, 0, 1, '8395', 0, 0, 0, 4112.179, 4419.854, 667.8267, 3.591552, 7200, 0, 0, 0, 0, 0, 0, 0, 0, 26365), -- 啸石者博格罗格 (Area: 0 - Difficulty: 1)
(@CGUID+58, 111184, 1220, 7731, 0, 1, '8395', 0, 0, 0, 4192.745, 4415.83, 659.4002, 2.201876, 7200, 0, 0, 0, 0, 0, 0, 0, 0, 26365), -- Greystone Shardcaster (Area: 0 - Difficulty: 1) (Auras: )
(@CGUID+59, 104615, 1220, 7731, 0, 1, '8395', 0, 0, 0, 4091.492, 4415.324, 768.2439, 5.607047, 7200, 0, 0, 0, 0, 0, 0, 0, 0, 26365), -- Greystone Flanker (Area: 0 - Difficulty: 1) (Auras: )
(@CGUID+60, 99671, 1220, 7731, 0, 1, '8395', 0, 0, 0, 4086.553, 4416.863, 667.8769, 3.03202, 7200, 0, 0, 0, 0, 0, 0, 0, 0, 26365), -- 恶棍奥布尔 (Area: 0 - Difficulty: 1)
(@CGUID+61, 111184, 1220, 7731, 0, 1, '8395', 0, 0, 0, 4127.318, 4420.421, 768.1383, 2.236945, 7200, 0, 0, 0, 0, 0, 0, 0, 0, 26365), -- Greystone Shardcaster (Area: 0 - Difficulty: 1) (Auras: )
(@CGUID+62, 104624, 1220, 7731, 0, 1, '8395', 0, 0, 0, 4119.32, 4430.207, 768.1949, 0.6654334, 7200, 0, 0, 0, 0, 0, 0, 0, 0, 26365), -- Wounded Highmountain Protector (Area: 0 - Difficulty: 1) (Auras: 119800 - -Unknown-)
(@CGUID+63, 99708, 1220, 7731, 0, 1, '8395', 0, 0, 0, 4096.258, 4411.5, 768.293, 2.465441, 7200, 0, 0, 0, 0, 0, 0, 0, 0, 26365), -- 至高岭保卫者 (Area: 0 - Difficulty: 1) (Auras: )
(@CGUID+64, 99533, 1220, 7731, 0, 1, '8395', 0, 0, 0, 4075.42, 4380.546, 670.6939, 0.5287669, 7200, 0, 0, 0, 0, 0, 0, 0, 0, 26365), -- 洁儿·河鬃 (Area: 0 - Difficulty: 1)
(@CGUID+65, 107726, 1220, 7731, 0, 1, '8395', 0, 0, 0, 4058.617, 4373.749, 768.5718, 3.543018, 7200, 0, 0, 0, 0, 0, 0, 0, 0, 26365), -- 艾瑟·智水 (Area: 0 - Difficulty: 1) (Auras: 214285 - -Unknown-)
(@CGUID+66, 108434, 1220, 7731, 0, 1, '8395', 0, 0, 0, 4083.142, 4385.414, 670.7088, 4.339599, 7200, 0, 0, 0, 0, 0, 0, 0, 0, 26365), -- 梅拉·高岭 (Area: 0 - Difficulty: 1)
(@CGUID+67, 104660, 1220, 7731, 0, 1, '8395', 0, 0, 0, 4135.01, 4428.35, 768.31, 3.946544, 7200, 0, 0, 0, 0, 0, 0, 0, 0, 26365), -- Blargrul the Siegebrul (Area: 0 - Difficulty: 1) (Auras: )
(@CGUID+68, 96084, 1220, 7731, 0, 1, '8395', 0, 0, 0, 4056.849, 4372.806, 768.6451, 1.47694, 7200, 0, 0, 0, 0, 0, 0, 0, 0, 26365), -- 塞拉·智水 (Area: 0 - Difficulty: 1) (Auras: 191226 - -Unknown-)
(@CGUID+69, 99708, 1220, 7731, 0, 1, '8395', 0, 0, 0, 4212.024, 4415.787, 661.0956, 0.480707, 7200, 0, 0, 0, 0, 0, 0, 0, 0, 26365), -- 至高岭保卫者 (Area: 0 - Difficulty: 1) (Auras: )
(@CGUID+70, 99708, 1220, 7731, 0, 1, '8395', 0, 0, 0, 4097.98, 4419.115, 768.3386, 3.670483, 7200, 0, 0, 0, 0, 0, 0, 0, 0, 26365), -- 至高岭保卫者 (Area: 0 - Difficulty: 1) (Auras: )
(@CGUID+71, 104615, 1220, 7731, 0, 1, '8395', 0, 0, 0, 4114.35, 4434.41, 768.1984, 3.268973, 7200, 0, 0, 0, 0, 0, 0, 0, 0, 26365), -- Greystone Flanker (Area: 0 - Difficulty: 1) (Auras: )
(@CGUID+72, 99670, 1220, 7731, 0, 1, '8395', 0, 0, 0, 4105.886, 4404.421, 667.8826, 1.175475, 7200, 0, 0, 0, 0, 0, 0, 0, 0, 26365), -- 安格布尔 (Area: 0 - Difficulty: 1)
(@CGUID+73, 99708, 1220, 7731, 0, 1, '8395', 0, 0, 0, 4142.075, 4455.405, 659.8411, 2.397851, 7200, 0, 0, 0, 0, 0, 0, 0, 0, 26365), -- 至高岭保卫者 (Area: 0 - Difficulty: 1) (Auras: )
(@CGUID+74, 99913, 1220, 7731, 0, 1, '8395', 0, 0, 0, 4042.195, 4347.327, 768.1716, 1.089255, 7200, 0, 0, 0, 0, 0, 0, 0, 0, 26365), -- 白水石斑鱼 (Area: 0 - Difficulty: 1) (Auras: 130966 - -Unknown-)
(@CGUID+75, 99708, 1220, 7731, 0, 1, '8395', 0, 0, 0, 4060.711, 4417.387, 768.3171, 1.793759, 7200, 0, 0, 0, 0, 0, 0, 0, 0, 26365), -- 至高岭保卫者 (Area: 0 - Difficulty: 1) (Auras: )
(@CGUID+76, 106902, 1220, 7731, 0, 1, '8395', 0, 0, 0, 4112.049, 4445.559, 768.4249, 5.017872, 7200, 0, 0, 0, 0, 0, 0, 0, 0, 26365), -- 兰莎·灰羽 (Area: 0 - Difficulty: 1)
(@CGUID+77, 111184, 1220, 7731, 0, 1, '8395', 0, 0, 0, 4069.794, 4414.151, 768.2239, 4.815972, 7200, 0, 0, 0, 0, 0, 0, 0, 0, 26365), -- Greystone Shardcaster (Area: 0 - Difficulty: 1) (Auras: )
(@CGUID+78, 99708, 1220, 7731, 0, 1, '8395', 0, 0, 0, 4043.99, 4368.768, 667.8518, 0.1791572, 7200, 0, 0, 0, 0, 0, 0, 0, 0, 26365), -- 至高岭保卫者 (Area: 0 - Difficulty: 1) (Auras: )
(@CGUID+79, 104615, 1220, 7731, 0, 1, '8395', 0, 0, 0, 4072, 4420.62, 768.5383, 4.113706, 7200, 0, 0, 0, 0, 0, 0, 0, 0, 26365), -- Greystone Flanker (Area: 0 - Difficulty: 1) (Auras: )
(@CGUID+80, 99913, 1220, 7731, 0, 1, '8395', 0, 0, 0, 4040.591, 4349.088, 768.1859, 5.753921, 7200, 0, 0, 0, 0, 0, 0, 0, 0, 26365), -- 白水石斑鱼 (Area: 0 - Difficulty: 1) (Auras: 130966 - -Unknown-)
(@CGUID+81, 99660, 1220, 7731, 0, 1, '8395', 0, 0, 0, 4055.108, 4410.159, 768.2239, 4.660029, 7200, 0, 0, 0, 0, 0, 0, 0, 0, 26365), -- 法拉·晨迹 (Area: 0 - Difficulty: 1)
(@CGUID+82, 99708, 1220, 7731, 0, 1, '8395', 0, 0, 0, 4069.228, 4429.726, 667.814, 5.072752, 7200, 0, 0, 0, 0, 0, 0, 0, 0, 26365), -- 至高岭保卫者 (Area: 0 - Difficulty: 1) (Auras: )
(@CGUID+83, 99913, 1220, 7731, 0, 1, '8395', 0, 0, 0, 4040.867, 4350.652, 768.1745, 5.753921, 7200, 0, 0, 0, 0, 0, 0, 0, 0, 26365), -- 白水石斑鱼 (Area: 0 - Difficulty: 1) (Auras: 130966 - -Unknown-)
(@CGUID+84, 104615, 1220, 7731, 0, 1, '8395', 0, 0, 0, 4053.865, 4316.033, 768.643, 1.210063, 7200, 0, 0, 0, 0, 0, 0, 0, 0, 26365), -- Greystone Flanker (Area: 0 - Difficulty: 1) (Auras: )
(@CGUID+85, 99708, 1220, 7731, 0, 1, '8395', 0, 0, 0, 4070.15, 4434.42, 768.5505, 0.7678299, 7200, 0, 0, 0, 0, 0, 0, 0, 0, 26365), -- 至高岭保卫者 (Area: 0 - Difficulty: 1) (Auras: )
(@CGUID+86, 99708, 1220, 7731, 0, 1, '8395', 0, 0, 0, 4046.789, 4410.304, 768.5175, 2.181411, 7200, 0, 0, 0, 0, 0, 0, 0, 0, 26365), -- 至高岭保卫者 (Area: 0 - Difficulty: 1) (Auras: )
(@CGUID+87, 99708, 1220, 7731, 0, 1, '8395', 0, 0, 0, 4128.882, 4470.699, 660.1742, 1.058394, 7200, 0, 0, 0, 0, 0, 0, 0, 0, 26365), -- 至高岭保卫者 (Area: 0 - Difficulty: 1) (Auras: )
(@CGUID+88, 99708, 1220, 7731, 0, 1, '8395', 0, 0, 0, 4053.813, 4420.988, 667.8178, 5.310994, 7200, 0, 0, 0, 0, 0, 0, 0, 0, 26365), -- 至高岭保卫者 (Area: 0 - Difficulty: 1) (Auras: )
(@CGUID+89, 99708, 1220, 7731, 0, 1, '8395', 0, 0, 0, 4041.027, 4381.949, 667.8527, 0.1121798, 7200, 0, 0, 0, 0, 0, 0, 0, 0, 26365), -- 至高岭保卫者 (Area: 0 - Difficulty: 1) (Auras: )
(@CGUID+90, 104692, 1220, 7731, 0, 1, '8395', 0, 0, 0, 4131.881, 4476.03, 660.0897, 6.058009, 7200, 0, 0, 0, 0, 0, 0, 0, 0, 26365), -- Greystone Flanker (Area: 0 - Difficulty: 1)
(@CGUID+91, 111184, 1220, 7731, 0, 1, '8395', 0, 0, 0, 4127.043, 4476.71, 660.1859, 2.122386, 7200, 0, 0, 0, 0, 0, 0, 0, 0, 26365), -- Greystone Shardcaster (Area: 0 - Difficulty: 1) (Auras: )
(@CGUID+92, 111184, 1220, 7731, 0, 1, '8395', 0, 0, 0, 4123.235, 4479.11, 660.257, 6.177826, 7200, 0, 0, 0, 0, 0, 0, 0, 0, 26365), -- Greystone Shardcaster (Area: 0 - Difficulty: 1) (Auras: )
(@CGUID+93, 111184, 1220, 7731, 0, 1, '8395', 0, 0, 0, 4127.043, 4476.71, 660.1859, 2.122386, 7200, 0, 0, 0, 0, 0, 0, 0, 0, 26365), -- Greystone Shardcaster (Area: 0 - Difficulty: 1)
(@CGUID+94, 104615, 1220, 7731, 0, 1, '8395', 0, 0, 0, 4040.707, 4404.742, 768.6239, 5.75202, 7200, 0, 0, 0, 0, 0, 0, 0, 0, 26365), -- Greystone Flanker (Area: 0 - Difficulty: 1) (Auras: )
(@CGUID+95, 111184, 1220, 7731, 0, 1, '8395', 0, 0, 0, 4127.405, 4476.855, 660.176, 4.816882, 7200, 0, 0, 0, 0, 0, 0, 0, 0, 26365), -- Greystone Shardcaster (Area: 0 - Difficulty: 1)
(@CGUID+96, 99708, 1220, 7731, 0, 1, '8395', 0, 0, 0, 4117.999, 4475.846, 660.1442, 0.9991871, 7200, 0, 0, 0, 0, 0, 0, 0, 0, 26365), -- 至高岭保卫者 (Area: 0 - Difficulty: 1) (Auras: )
(@CGUID+97, 104692, 1220, 7731, 0, 1, '8395', 0, 0, 0, 4124.782, 4476.265, 660.2438, 5.201141, 7200, 0, 0, 0, 0, 0, 0, 0, 0, 26365), -- Greystone Flanker (Area: 0 - Difficulty: 1)
(@CGUID+98, 104692, 1220, 7731, 0, 1, '8395', 0, 0, 0, 4127.043, 4476.71, 660.1859, 2.122386, 7200, 0, 0, 0, 0, 0, 0, 0, 0, 26365), -- Greystone Flanker (Area: 0 - Difficulty: 1) (Auras: )
(@CGUID+99, 99708, 1220, 7731, 0, 1, '8395', 0, 0, 0, 4096.5, 4476.141, 660.3456, 6.227207, 7200, 0, 0, 0, 0, 0, 0, 0, 0, 26365), -- 至高岭保卫者 (Area: 0 - Difficulty: 1) (Auras: )
(@CGUID+100, 104615, 1220, 7731, 0, 1, '8395', 0, 0, 0, 4038.31, 4422.42, 768.6239, 5.022458, 7200, 0, 0, 0, 0, 0, 0, 0, 0, 26365), -- Greystone Flanker (Area: 0 - Difficulty: 1) (Auras: )
(@CGUID+101, 97880, 1220, 7731, 0, 1, '8395', 0, 0, 0, 4140.499, 4497.963, 641.3577, 4.13402, 7200, 0, 0, 0, 0, 0, 0, 0, 0, 26365), -- 河鬃渔夫 (Area: 0 - Difficulty: 1)
(@CGUID+102, 111184, 1220, 7731, 0, 1, '8395', 0, 0, 0, 4136.542, 4498.789, 660.4658, 4.215549, 7200, 0, 0, 0, 0, 0, 0, 0, 0, 26365), -- Greystone Shardcaster (Area: 0 - Difficulty: 1) (Auras: )
(@CGUID+103, 104615, 1220, 7731, 0, 1, '8395', 0, 0, 0, 4138.131, 4501.72, 660.5263, 4.215549, 7200, 0, 0, 0, 0, 0, 0, 0, 0, 26365), -- Greystone Flanker (Area: 0 - Difficulty: 1) (Auras: )
(@CGUID+104, 99708, 1220, 7731, 0, 1, '8395', 0, 0, 0, 4051.22, 4482.969, 661.7663, 1.99008, 7200, 0, 0, 0, 0, 0, 0, 0, 0, 26365), -- 至高岭保卫者 (Area: 0 - Difficulty: 1) (Auras: )
(@CGUID+105, 104615, 1220, 7731, 0, 1, '8395', 0, 0, 0, 4170.055, 4403.049, 762.761, 3.431541, 7200, 0, 0, 0, 0, 0, 0, 0, 0, 26365), -- Greystone Flanker (Area: 0 - Difficulty: 1) (Auras: )
(@CGUID+106, 111184, 1220, 7731, 0, 1, '8395', 0, 0, 0, 4179.543, 4370.661, 762.761, 3.004783, 7200, 0, 0, 0, 0, 0, 0, 0, 0, 26365), -- Greystone Shardcaster (Area: 0 - Difficulty: 1)
(@CGUID+107, 104615, 1220, 7731, 0, 1, '8395', 0, 0, 0, 4098.523, 4459.521, 762.7613, 4.641797, 7200, 0, 0, 0, 0, 0, 0, 0, 0, 26365), -- Greystone Flanker (Area: 0 - Difficulty: 1) (Auras: )
(@CGUID+108, 104615, 1220, 7731, 0, 1, '8395', 0, 0, 0, 4131.981, 4449.796, 762.761, 3.962458, 7200, 0, 0, 0, 0, 0, 0, 0, 0, 26365), -- Greystone Flanker (Area: 0 - Difficulty: 1)
(@CGUID+109, 99708, 1220, 7731, 0, 1, '8395', 0, 0, 0, 4040.598, 4479.932, 661.6964, 1.99008, 7200, 0, 0, 0, 0, 0, 0, 0, 0, 26365), -- 至高岭保卫者 (Area: 0 - Difficulty: 1) (Auras: )
(@CGUID+110, 99912, 1220, 7731, 0, 1, '8395', 0, 0, 0, 4038.102, 4346.854, 768.2318, 3.639842, 7200, 0, 0, 0, 0, 0, 0, 0, 0, 26365), -- 老钩眼 (Area: 0 - Difficulty: 1)
(@CGUID+111, 104615, 1220, 7731, 0, 1, '8395', 0, 0, 0, 4008.44, 4410.27, 768.2667, 4.474329, 7200, 10, 0, 0, 0, 1, 0, 0, 0, 26365), -- Greystone Flanker (Area: 0 - Difficulty: 1) (Auras: ) (possible waypoints or random movement)
(@CGUID+112, 104615, 1220, 7731, 0, 1, '8395', 0, 0, 0, 4044.785, 4485.155, 662.0557, 4.966516, 7200, 0, 0, 0, 0, 0, 0, 0, 0, 26365), -- Greystone Flanker (Area: 0 - Difficulty: 1) (Auras: )
(@CGUID+113, 111184, 1220, 7731, 0, 1, '8395', 0, 0, 0, 4044.785, 4485.155, 662.0557, 4.966516, 7200, 0, 0, 0, 0, 0, 0, 0, 0, 26365), -- Greystone Shardcaster (Area: 0 - Difficulty: 1)
(@CGUID+114, 99913, 1220, 7731, 0, 1, '8395', 0, 0, 0, 4036.886, 4352.386, 768.222, 0, 7200, 0, 0, 0, 0, 0, 0, 0, 0, 26365), -- 白水石斑鱼 (Area: 0 - Difficulty: 1) (Auras: 130966 - -Unknown-)
(@CGUID+115, 111184, 1220, 7731, 0, 1, '8395', 0, 0, 0, 4020.76, 4374.8, 768.4379, 5.651454, 7200, 0, 0, 0, 0, 0, 0, 0, 0, 26365), -- Greystone Shardcaster (Area: 0 - Difficulty: 1) (Auras: )
(@CGUID+116, 99708, 1220, 7731, 0, 1, '8395', 0, 0, 0, 4005.672, 4416.507, 768.4489, 5.536685, 7200, 0, 0, 0, 0, 0, 0, 0, 0, 26365), -- 至高岭保卫者 (Area: 0 - Difficulty: 1) (Auras: )
(@CGUID+117, 97880, 1220, 7731, 0, 1, '8395', 0, 0, 0, 4095.331, 4528.362, 641.7927, 4.647658, 7200, 0, 0, 0, 0, 0, 0, 0, 0, 26365), -- 河鬃渔夫 (Area: 0 - Difficulty: 1)
(@CGUID+118, 99708, 1220, 7731, 0, 1, '8395', 0, 0, 0, 4031.089, 4351.592, 768.3644, 3.509672, 7200, 0, 0, 0, 0, 0, 0, 0, 0, 26365), -- 至高岭保卫者 (Area: 0 - Difficulty: 1) (Auras: )
(@CGUID+119, 99708, 1220, 7731, 0, 1, '8395', 0, 0, 0, 3997.559, 4400.807, 768.4488, 5.57091, 7200, 0, 0, 0, 0, 0, 0, 0, 0, 26365), -- 至高岭保卫者 (Area: 0 - Difficulty: 1) (Auras: )
(@CGUID+120, 99913, 1220, 7731, 0, 1, '8395', 0, 0, 0, 4041.109, 4344.069, 768.2132, 5.753921, 7200, 0, 0, 0, 0, 0, 0, 0, 0, 26365), -- 白水石斑鱼 (Area: 0 - Difficulty: 1) (Auras: 130966 - -Unknown-)
(@CGUID+121, 99708, 1220, 7731, 0, 1, '8395', 0, 0, 0, 4036.611, 4517.23, 659.8833, 1.73142, 7200, 0, 0, 0, 0, 0, 0, 0, 0, 26365), -- 至高岭保卫者 (Area: 0 - Difficulty: 1) (Auras: )
(@CGUID+122, 104615, 1220, 7731, 0, 1, '8395', 0, 0, 0, 4001.15, 4369.63, 768.0761, 0.9412464, 7200, 0, 0, 0, 0, 0, 0, 0, 0, 26365), -- Greystone Flanker (Area: 0 - Difficulty: 1) (Auras: )
(@CGUID+123, 104615, 1220, 7731, 0, 1, '8395', 0, 0, 0, 4038.17, 4339.31, 768.264, 0.5295123, 7200, 0, 0, 0, 0, 0, 0, 0, 0, 26365), -- Greystone Flanker (Area: 0 - Difficulty: 1)
(@CGUID+124, 104615, 1220, 7731, 0, 1, '8395', 0, 0, 0, 4030.412, 4340.957, 768.3274, 1.507267, 7200, 0, 0, 0, 0, 0, 0, 0, 0, 26365), -- Greystone Flanker (Area: 0 - Difficulty: 1)
(@CGUID+125, 104624, 1220, 7731, 0, 1, '8395', 0, 0, 0, 4040.521, 4328.792, 768.36, 4.861366, 7200, 0, 0, 0, 0, 0, 0, 0, 0, 26365), -- Wounded Highmountain Protector (Area: 0 - Difficulty: 1) (Auras: 119800 - -Unknown-)
(@CGUID+126, 104692, 1220, 7731, 0, 1, '8395', 0, 0, 0, 4036.332, 4520.37, 659.4521, 4.86487, 7200, 0, 0, 0, 0, 0, 0, 0, 0, 26365), -- Greystone Flanker (Area: 0 - Difficulty: 1) (Auras: )
(@CGUID+127, 111184, 1220, 7731, 0, 1, '8395', 0, 0, 0, 4036.517, 4519.078, 659.602, 4.868452, 7200, 0, 0, 0, 0, 0, 0, 0, 0, 26365), -- Greystone Shardcaster (Area: 0 - Difficulty: 1)
(@CGUID+128, 104624, 1220, 7731, 0, 1, '8395', 0, 0, 0, 4021.076, 4333.601, 768.538, 0, 7200, 0, 0, 0, 0, 0, 0, 0, 0, 26365), -- Wounded Highmountain Protector (Area: 0 - Difficulty: 1) (Auras: 119800 - -Unknown-)
(@CGUID+129, 99674, 1220, 7731, 0, 1, '8395', 0, 0, 0, 3975.803, 4344.432, 757.744, 4.380915, 7200, 0, 0, 0, 0, 0, 0, 0, 0, 26365), -- 嘉兰娜·涉河 (Area: 0 - Difficulty: 1) (Auras: 116562 - -Unknown-)
(@CGUID+130, 99673, 1220, 7731, 0, 1, '8395', 0, 0, 0, 3975.684, 4345.337, 757.713, 3.967501, 7200, 0, 0, 0, 0, 0, 0, 0, 0, 26365), -- 罗林·涉河 (Area: 0 - Difficulty: 1) (Auras: 116562 - -Unknown-)
(@CGUID+131, 99708, 1220, 7731, 0, 1, '8395', 0, 0, 0, 3946.72, 4423.502, 768.533, 2.864954, 7200, 0, 0, 0, 0, 0, 0, 0, 0, 26365), -- 至高岭保卫者 (Area: 0 - Difficulty: 1) (Auras: )
(@CGUID+132, 99708, 1220, 7731, 0, 1, '8395', 0, 0, 0, 4019.833, 4312.639, 768.1361, 5.217636, 7200, 0, 0, 0, 0, 0, 0, 0, 0, 26365), -- 至高岭保卫者 (Area: 0 - Difficulty: 1) (Auras: )
(@CGUID+133, 111184, 1220, 7731, 0, 1, '8395', 0, 0, 0, 4066.714, 4455.057, 762.7607, 4.721173, 7200, 0, 0, 0, 0, 0, 0, 0, 0, 26365), -- Greystone Shardcaster (Area: 0 - Difficulty: 1)
(@CGUID+134, 104615, 1220, 7731, 0, 1, '8395', 0, 0, 0, 4083.144, 4460.018, 762.761, 4.641797, 7200, 0, 0, 0, 0, 0, 0, 0, 0, 26365), -- Greystone Flanker (Area: 0 - Difficulty: 1)
(@CGUID+135, 104615, 1220, 7731, 0, 1, '8395', 0, 0, 0, 3928.502, 4419.824, 770.0466, 1.234511, 7200, 0, 0, 0, 0, 0, 0, 0, 0, 26365), -- Greystone Flanker (Area: 0 - Difficulty: 1)
(@CGUID+136, 104615, 1220, 7731, 0, 1, '8395', 0, 0, 0, 4098.523, 4459.521, 762.7613, 4.641797, 7200, 0, 0, 0, 0, 0, 0, 0, 0, 26365), -- Greystone Flanker (Area: 0 - Difficulty: 1)
(@CGUID+137, 99708, 1220, 7731, 0, 1, '8395', 0, 0, 0, 4025.918, 4300.243, 768.2516, 4.755641, 7200, 0, 0, 0, 0, 0, 0, 0, 0, 26365), -- 至高岭保卫者 (Area: 0 - Difficulty: 1) (Auras: )
(@CGUID+138, 104615, 1220, 7731, 0, 1, '8395', 0, 0, 0, 4029.203, 4451.559, 762.7607, 5.016864, 7200, 0, 0, 0, 0, 0, 0, 0, 0, 26365), -- Greystone Flanker (Area: 0 - Difficulty: 1)
(@CGUID+139, 104614, 1220, 7731, 0, 1, '8395', 0, 0, 0, 4055.185, 4280.21, 769.2949, 1.304116, 7200, 0, 0, 0, 0, 0, 0, 0, 0, 26365), -- Brulworm (Area: 0 - Difficulty: 1) (Auras: 164276 - -Unknown-)
(@CGUID+140, 111184, 1220, 7731, 0, 1, '8395', 0, 0, 0, 4107.759, 4301.238, 768.2239, 6.039181, 7200, 0, 0, 0, 0, 0, 0, 0, 0, 26365), -- Greystone Shardcaster (Area: 0 - Difficulty: 1) (Auras: )
(@CGUID+141, 104615, 1220, 7731, 0, 1, '8395', 0, 0, 0, 3986.642, 4313.133, 752.8084, 0.2654059, 7200, 0, 0, 0, 0, 0, 0, 0, 0, 26365), -- Greystone Flanker (Area: 0 - Difficulty: 1) (Auras: )
(@CGUID+142, 104615, 1220, 7731, 0, 1, '8395', 0, 0, 0, 3998.755, 4430.024, 762.7608, 5.484627, 7200, 0, 0, 0, 0, 0, 0, 0, 0, 26365), -- Greystone Flanker (Area: 0 - Difficulty: 1)
(@CGUID+143, 104615, 1220, 7731, 0, 1, '8395', 0, 0, 0, 3976.783, 4261.79, 804.0319, 6.240437, 7200, 0, 0, 0, 0, 0, 0, 0, 0, 26365), -- Greystone Flanker (Area: 0 - Difficulty: 1) (Auras: )
(@CGUID+144, 111184, 1220, 7731, 0, 1, '8395', 0, 0, 0, 3981.697, 4391.516, 762.761, 6.003359, 7200, 0, 0, 0, 0, 0, 0, 0, 0, 26365), -- Greystone Shardcaster (Area: 0 - Difficulty: 1)
(@CGUID+145, 104615, 1220, 7731, 0, 1, '8395', 0, 0, 0, 4122.505, 4304.789, 768.2911, 3.454957, 7200, 0, 0, 0, 0, 0, 0, 0, 0, 26365), -- Greystone Flanker (Area: 0 - Difficulty: 1) (Auras: )
(@CGUID+146, 111184, 1220, 7731, 0, 1, '8395', 0, 0, 0, 4158.399, 4320.872, 769.8804, 2.568313, 7200, 0, 0, 0, 0, 0, 0, 0, 0, 26365), -- Greystone Shardcaster (Area: 0 - Difficulty: 1)
(@CGUID+147, 111184, 1220, 7731, 0, 1, '8395', 0, 0, 0, 4137.642, 4373.096, 768.5144, 3.155763, 7200, 0, 0, 0, 0, 0, 0, 0, 0, 26365), -- Greystone Shardcaster (Area: 0 - Difficulty: 1)
(@CGUID+148, 104615, 1220, 7731, 0, 1, '8395', 0, 0, 0, 4148.987, 4298.271, 762.761, 2.302579, 7200, 0, 0, 0, 0, 0, 0, 0, 0, 26365), -- Greystone Flanker (Area: 0 - Difficulty: 1)
(@CGUID+149, 104615, 1220, 7731, 0, 1, '8395', 0, 0, 0, 3967.679, 4341.799, 752.2321, 0.1470832, 7200, 0, 0, 0, 0, 0, 0, 0, 0, 26365), -- Greystone Flanker (Area: 0 - Difficulty: 1)
(@CGUID+150, 99862, 1220, 7731, 0, 1, '8395', 0, 0, 0, 4295.159, 4384.392, 750.9417, 5.544233, 7200, 0, 0, 0, 0, 0, 0, 0, 0, 26365), -- 巨鹰 (Area: 0 - Difficulty: 1)
(@CGUID+151, 99693, 1220, 7731, 0, 1, '8395', 0, 0, 0, 4355.522, 4310.463, 655.204, 0.3749518, 7200, 0, 0, 0, 0, 0, 0, 0, 0, 26365), -- 黯石渔夫 (Area: 0 - Difficulty: 1)
(@CGUID+152, 104615, 1220, 7731, 0, 1, '8395', 0, 0, 0, 4284.35, 4264.9, 734.77, 2.557035, 7200, 0, 0, 0, 0, 0, 0, 0, 0, 26365); -- Greystone Flanker (Area: 0 - Difficulty: 1) (Auras: )


DELETE FROM `creature_addon` WHERE `guid` BETWEEN @CGUID+0 AND @CGUID+152;
INSERT INTO `creature_addon` (`guid`, `path_id`, `mount`, `bytes1`, `bytes2`, `emote`, `aiAnimKit`, `movementAnimKit`, `meleeAnimKit`, `auras`) VALUES
(@CGUID+0, 0, 0, 0, 1, 0, 0, 0, 0, ''), -- Greystone Shardcaster
(@CGUID+1, 0, 0, 0, 257, 0, 0, 0, 0, ''), -- 至高岭保卫者
(@CGUID+2, 0, 0, 0, 1, 0, 0, 0, 0, ''), -- 鲜血图腾幸存者
(@CGUID+3, 0, 0, 0, 1, 0, 0, 0, 0, ''), -- 鲜血图腾幸存者
(@CGUID+4, 0, 0, 0, 257, 0, 0, 0, 0, ''), -- 至高岭保卫者
(@CGUID+5, 0, 0, 0, 1, 0, 0, 0, 0, ''), -- Greystone Flanker
(@CGUID+6, 0, 0, 0, 1, 0, 0, 0, 0, ''), -- Greystone Flanker
(@CGUID+7, 0, 0, 0, 257, 0, 0, 0, 0, ''), -- 至高岭保卫者
(@CGUID+8, 0, 0, 0, 1, 0, 0, 0, 0, ''), -- 鲜血图腾捕兽者
(@CGUID+9, 0, 0, 3, 1, 0, 0, 0, 0, ''), -- 鲜血图腾捕兽者
(@CGUID+10, 0, 0, 0, 1, 0, 0, 0, 0, ''), -- 鲜血图腾幸存者
(@CGUID+11, 0, 0, 50331648, 1, 0, 0, 0, 0, ''), -- 巨鹰
(@CGUID+12, 0, 0, 0, 257, 0, 0, 0, 0, ''), -- 至高岭保卫者
(@CGUID+13, 0, 0, 1, 1, 0, 0, 0, 0, ''), -- 巨鹰
(@CGUID+14, 0, 0, 0, 257, 0, 0, 0, 0, ''), -- 至高岭保卫者
(@CGUID+15, 0, 0, 8, 257, 0, 0, 0, 0, ''), -- 至高岭保卫者
(@CGUID+16, 0, 0, 0, 257, 0, 0, 0, 0, ''), -- 至高岭保卫者
(@CGUID+17, 0, 0, 8, 1, 0, 0, 0, 0, '119800'), -- Wounded Highmountain Protector - 119800 - -Unknown-
(@CGUID+18, 0, 0, 0, 257, 0, 0, 0, 0, ''), -- 至高岭保卫者
(@CGUID+19, 0, 0, 0, 1, 0, 0, 0, 0, ''), -- Greystone Flanker
(@CGUID+20, 0, 0, 0, 0, 0, 0, 0, 0, ''), -- 罗丹·智水
(@CGUID+21, 0, 0, 1, 1, 0, 0, 0, 0, ''), -- 巨鹰
(@CGUID+22, 0, 0, 8, 1, 0, 0, 0, 0, '119800'), -- Wounded Highmountain Protector - 119800 - -Unknown-
(@CGUID+23, 0, 0, 50331648, 1, 0, 0, 0, 0, ''), -- 巨鹰
(@CGUID+24, 0, 0, 0, 1, 0, 0, 0, 0, ''), -- Greystone Shardcaster
(@CGUID+25, 0, 0, 0, 257, 0, 0, 0, 0, ''), -- 至高岭保卫者
(@CGUID+26, 0, 0, 0, 257, 0, 0, 0, 0, ''), -- 至高岭保卫者
(@CGUID+27, 0, 0, 0, 1, 0, 0, 0, 0, ''), -- Greystone Flanker
(@CGUID+28, 0, 0, 8, 1, 0, 0, 0, 0, '119800'), -- Wounded Highmountain Protector - 119800 - -Unknown-
(@CGUID+29, 0, 0, 0, 1, 0, 0, 0, 0, ''), -- 驯风者纳尔特
(@CGUID+30, 0, 0, 0, 1, 0, 0, 0, 0, ''), -- 莱莎·月水
(@CGUID+31, 0, 0, 1, 1, 0, 0, 0, 0, ''), -- 巨鹰
(@CGUID+32, 0, 0, 8, 1, 0, 0, 0, 0, '119800'), -- Wounded Highmountain Protector - 119800 - -Unknown-
(@CGUID+33, 0, 0, 0, 1, 0, 0, 0, 0, '196096'), -- 酿酒师萨库尔 - 196096 - -Unknown-
(@CGUID+34, 0, 0, 0, 1, 0, 0, 0, 0, ''), -- 鲁隆
(@CGUID+35, 0, 0, 0, 1, 0, 0, 0, 0, ''), -- Greystone Shardcaster
(@CGUID+36, 0, 0, 0, 257, 0, 0, 0, 0, ''), -- 至高岭保卫者
(@CGUID+37, 0, 0, 0, 257, 0, 0, 0, 0, ''), -- 至高岭保卫者
(@CGUID+38, 0, 0, 0, 1, 0, 0, 0, 0, '194109'), -- 拉善·天角 - 194109 - -Unknown-
(@CGUID+39, 0, 0, 0, 1, 0, 0, 0, 0, ''), -- 纳瓦罗格
(@CGUID+40, 0, 0, 0, 257, 0, 0, 0, 0, ''), -- 至高岭保卫者
(@CGUID+41, 0, 0, 0, 257, 0, 0, 0, 0, ''), -- 至高岭保卫者
(@CGUID+42, 0, 0, 0, 257, 0, 0, 0, 0, ''), -- 至高岭保卫者
(@CGUID+43, 0, 0, 0, 257, 0, 0, 0, 0, ''), -- 至高岭保卫者
(@CGUID+44, 0, 0, 0, 1, 0, 0, 0, 0, '164276'), -- Brulworm - 164276 - -Unknown-
(@CGUID+45, 0, 0, 0, 257, 0, 0, 0, 0, ''), -- 至高岭保卫者
(@CGUID+46, 0, 0, 0, 257, 0, 0, 0, 0, ''), -- 至高岭保卫者
(@CGUID+47, 0, 0, 0, 257, 0, 0, 0, 0, ''), -- 至高岭保卫者
(@CGUID+48, 0, 0, 0, 1, 0, 0, 0, 0, ''), -- Greystone Flanker
(@CGUID+49, 0, 0, 0, 257, 0, 0, 0, 0, ''), -- 至高岭保卫者
(@CGUID+50, 0, 0, 0, 257, 0, 0, 0, 0, ''), -- 至高岭保卫者
(@CGUID+51, 0, 0, 8, 1, 0, 0, 0, 0, '119800'), -- Wounded Highmountain Protector - 119800 - -Unknown-
(@CGUID+52, 0, 0, 1, 1, 0, 0, 0, 0, ''), -- 巨鹰
(@CGUID+53, 0, 0, 0, 257, 0, 0, 0, 0, ''), -- 至高岭保卫者
(@CGUID+54, 0, 0, 0, 257, 0, 0, 0, 0, ''), -- 至高岭保卫者
(@CGUID+55, 0, 0, 0, 1, 0, 0, 0, 0, ''), -- Greystone Shardcaster
(@CGUID+56, 0, 0, 0, 1, 0, 0, 0, 0, ''), -- Greystone Flanker
(@CGUID+57, 0, 0, 0, 1, 0, 0, 0, 0, ''), -- 啸石者博格罗格
(@CGUID+58, 0, 0, 0, 1, 0, 0, 0, 0, ''), -- Greystone Shardcaster
(@CGUID+59, 0, 0, 0, 1, 0, 0, 0, 0, ''), -- Greystone Flanker
(@CGUID+60, 0, 0, 0, 1, 0, 0, 0, 0, ''), -- 恶棍奥布尔
(@CGUID+61, 0, 0, 0, 1, 0, 0, 0, 0, ''), -- Greystone Shardcaster
(@CGUID+62, 0, 0, 8, 1, 0, 0, 0, 0, '119800'), -- Wounded Highmountain Protector - 119800 - -Unknown-
(@CGUID+63, 0, 0, 0, 257, 0, 0, 0, 0, ''), -- 至高岭保卫者
(@CGUID+64, 0, 0, 0, 1, 0, 0, 0, 0, ''), -- 洁儿·河鬃
(@CGUID+65, 0, 0, 0, 1, 0, 0, 0, 0, '214285'), -- 艾瑟·智水 - 214285 - -Unknown-
(@CGUID+66, 0, 0, 0, 1, 0, 0, 0, 0, ''), -- 梅拉·高岭
(@CGUID+67, 0, 0, 0, 1, 0, 0, 0, 0, ''), -- Blargrul the Siegebrul
(@CGUID+68, 0, 0, 0, 0, 0, 0, 0, 0, '191226'), -- 塞拉·智水 - 191226 - -Unknown-
(@CGUID+69, 0, 0, 0, 257, 0, 0, 0, 0, ''), -- 至高岭保卫者
(@CGUID+70, 0, 0, 0, 257, 0, 0, 0, 0, ''), -- 至高岭保卫者
(@CGUID+71, 0, 0, 0, 1, 0, 0, 0, 0, ''), -- Greystone Flanker
(@CGUID+72, 0, 0, 0, 1, 0, 0, 0, 0, ''), -- 安格布尔
(@CGUID+73, 0, 0, 0, 257, 0, 0, 0, 0, ''), -- 至高岭保卫者
(@CGUID+74, 0, 0, 262144, 1, 0, 0, 0, 0, '130966'), -- 白水石斑鱼 - 130966 - -Unknown-
(@CGUID+75, 0, 0, 0, 257, 0, 0, 0, 0, ''), -- 至高岭保卫者
(@CGUID+76, 0, 0, 0, 1, 0, 0, 0, 0, ''), -- 兰莎·灰羽
(@CGUID+77, 0, 0, 0, 1, 0, 0, 0, 0, ''), -- Greystone Shardcaster
(@CGUID+78, 0, 0, 0, 257, 0, 0, 0, 0, ''), -- 至高岭保卫者
(@CGUID+79, 0, 0, 0, 1, 0, 0, 0, 0, ''), -- Greystone Flanker
(@CGUID+80, 0, 0, 262144, 1, 0, 0, 0, 0, '130966'), -- 白水石斑鱼 - 130966 - -Unknown-
(@CGUID+81, 0, 0, 0, 1, 0, 0, 0, 0, ''), -- 法拉·晨迹
(@CGUID+82, 0, 0, 0, 257, 0, 0, 0, 0, ''), -- 至高岭保卫者
(@CGUID+83, 0, 0, 262144, 1, 0, 0, 0, 0, '130966'), -- 白水石斑鱼 - 130966 - -Unknown-
(@CGUID+84, 0, 0, 0, 1, 0, 0, 0, 0, ''), -- Greystone Flanker
(@CGUID+85, 0, 0, 8, 257, 0, 0, 0, 0, ''), -- 至高岭保卫者
(@CGUID+86, 0, 0, 0, 257, 0, 0, 0, 0, ''), -- 至高岭保卫者
(@CGUID+87, 0, 0, 0, 257, 0, 0, 0, 0, ''), -- 至高岭保卫者
(@CGUID+88, 0, 0, 0, 257, 0, 0, 0, 0, ''), -- 至高岭保卫者
(@CGUID+89, 0, 0, 0, 257, 0, 0, 0, 0, ''), -- 至高岭保卫者
(@CGUID+90, 0, 0, 0, 1, 0, 0, 0, 0, ''), -- Greystone Flanker
(@CGUID+91, 0, 0, 0, 1, 0, 0, 0, 0, ''), -- Greystone Shardcaster
(@CGUID+92, 0, 0, 0, 1, 0, 0, 0, 0, ''), -- Greystone Shardcaster
(@CGUID+93, 0, 0, 0, 1, 0, 0, 0, 0, ''), -- Greystone Shardcaster
(@CGUID+94, 0, 0, 0, 1, 0, 0, 0, 0, ''), -- Greystone Flanker
(@CGUID+95, 0, 0, 0, 1, 0, 0, 0, 0, ''), -- Greystone Shardcaster
(@CGUID+96, 0, 0, 0, 257, 0, 0, 0, 0, ''), -- 至高岭保卫者
(@CGUID+97, 0, 0, 0, 1, 0, 0, 0, 0, ''), -- Greystone Flanker
(@CGUID+98, 0, 0, 0, 1, 0, 0, 0, 0, ''), -- Greystone Flanker
(@CGUID+99, 0, 0, 0, 257, 0, 0, 0, 0, ''), -- 至高岭保卫者
(@CGUID+100, 0, 0, 0, 1, 0, 0, 0, 0, ''), -- Greystone Flanker
(@CGUID+101, 0, 0, 0, 1, 0, 0, 0, 0, ''), -- 河鬃渔夫
(@CGUID+102, 0, 0, 0, 1, 0, 0, 0, 0, ''), -- Greystone Shardcaster
(@CGUID+103, 0, 0, 0, 1, 0, 0, 0, 0, ''), -- Greystone Flanker
(@CGUID+104, 0, 0, 0, 257, 0, 0, 0, 0, ''), -- 至高岭保卫者
(@CGUID+105, 0, 0, 0, 1, 0, 0, 0, 0, ''), -- Greystone Flanker
(@CGUID+106, 0, 0, 0, 1, 0, 0, 0, 0, ''), -- Greystone Shardcaster
(@CGUID+107, 0, 0, 0, 1, 0, 0, 0, 0, ''), -- Greystone Flanker
(@CGUID+108, 0, 0, 0, 1, 0, 0, 0, 0, ''), -- Greystone Flanker
(@CGUID+109, 0, 0, 0, 257, 0, 0, 0, 0, ''), -- 至高岭保卫者
(@CGUID+110, 0, 0, 0, 0, 0, 0, 0, 0, ''), -- 老钩眼
(@CGUID+111, 0, 0, 0, 1, 0, 0, 0, 0, ''), -- Greystone Flanker
(@CGUID+112, 0, 0, 0, 1, 0, 0, 0, 0, ''), -- Greystone Flanker
(@CGUID+113, 0, 0, 0, 1, 0, 0, 0, 0, ''), -- Greystone Shardcaster
(@CGUID+114, 0, 0, 262144, 1, 0, 0, 0, 0, '130966'), -- 白水石斑鱼 - 130966 - -Unknown-
(@CGUID+115, 0, 0, 0, 1, 0, 0, 0, 0, ''), -- Greystone Shardcaster
(@CGUID+116, 0, 0, 0, 257, 0, 0, 0, 0, ''), -- 至高岭保卫者
(@CGUID+117, 0, 0, 0, 1, 0, 0, 0, 0, ''), -- 河鬃渔夫
(@CGUID+118, 0, 0, 0, 257, 0, 0, 0, 0, ''), -- 至高岭保卫者
(@CGUID+119, 0, 0, 0, 257, 0, 0, 0, 0, ''), -- 至高岭保卫者
(@CGUID+120, 0, 0, 262144, 1, 0, 0, 0, 0, '130966'), -- 白水石斑鱼 - 130966 - -Unknown-
(@CGUID+121, 0, 0, 0, 257, 0, 0, 0, 0, ''), -- 至高岭保卫者
(@CGUID+122, 0, 0, 0, 1, 0, 0, 0, 0, ''), -- Greystone Flanker
(@CGUID+123, 0, 0, 0, 1, 0, 0, 0, 0, ''), -- Greystone Flanker
(@CGUID+124, 0, 0, 0, 1, 0, 0, 0, 0, ''), -- Greystone Flanker
(@CGUID+125, 0, 0, 8, 1, 0, 0, 0, 0, '119800'), -- Wounded Highmountain Protector - 119800 - -Unknown-
(@CGUID+126, 0, 0, 0, 1, 0, 0, 0, 0, ''), -- Greystone Flanker
(@CGUID+127, 0, 0, 0, 1, 0, 0, 0, 0, ''), -- Greystone Shardcaster
(@CGUID+128, 0, 0, 8, 1, 0, 0, 0, 0, '119800'), -- Wounded Highmountain Protector - 119800 - -Unknown-
(@CGUID+129, 0, 0, 0, 1, 0, 0, 0, 0, '116562'), -- 嘉兰娜·涉河 - 116562 - -Unknown-
(@CGUID+130, 0, 0, 0, 1, 0, 0, 0, 0, '116562'), -- 罗林·涉河 - 116562 - -Unknown-
(@CGUID+131, 0, 0, 0, 257, 0, 0, 0, 0, ''), -- 至高岭保卫者
(@CGUID+132, 0, 0, 0, 257, 0, 0, 0, 0, ''), -- 至高岭保卫者
(@CGUID+133, 0, 0, 0, 1, 0, 0, 0, 0, ''), -- Greystone Shardcaster
(@CGUID+134, 0, 0, 0, 1, 0, 0, 0, 0, ''), -- Greystone Flanker
(@CGUID+135, 0, 0, 0, 1, 0, 0, 0, 0, ''), -- Greystone Flanker
(@CGUID+136, 0, 0, 0, 1, 0, 0, 0, 0, ''), -- Greystone Flanker
(@CGUID+137, 0, 0, 0, 257, 0, 0, 0, 0, ''), -- 至高岭保卫者
(@CGUID+138, 0, 0, 0, 1, 0, 0, 0, 0, ''), -- Greystone Flanker
(@CGUID+139, 0, 0, 0, 1, 0, 0, 0, 0, '164276'), -- Brulworm - 164276 - -Unknown-
(@CGUID+140, 0, 0, 0, 1, 0, 0, 0, 0, ''), -- Greystone Shardcaster
(@CGUID+141, 0, 0, 0, 1, 0, 0, 0, 0, ''), -- Greystone Flanker
(@CGUID+142, 0, 0, 0, 1, 0, 0, 0, 0, ''), -- Greystone Flanker
(@CGUID+143, 0, 0, 0, 1, 0, 0, 0, 0, ''), -- Greystone Flanker
(@CGUID+144, 0, 0, 0, 1, 0, 0, 0, 0, ''), -- Greystone Shardcaster
(@CGUID+145, 0, 0, 0, 1, 0, 0, 0, 0, ''), -- Greystone Flanker
(@CGUID+146, 0, 0, 0, 1, 0, 0, 0, 0, ''), -- Greystone Shardcaster
(@CGUID+147, 0, 0, 0, 1, 0, 0, 0, 0, ''), -- Greystone Shardcaster
(@CGUID+148, 0, 0, 0, 1, 0, 0, 0, 0, ''), -- Greystone Flanker
(@CGUID+149, 0, 0, 0, 1, 0, 0, 0, 0, ''), -- Greystone Flanker
(@CGUID+150, 0, 0, 50331648, 1, 0, 0, 0, 0, ''), -- 巨鹰
(@CGUID+151, 0, 0, 0, 1, 0, 0, 0, 0, ''), -- 黯石渔夫
(@CGUID+152, 0, 0, 0, 1, 0, 0, 0, 0, ''); -- Greystone Flanker

DELETE FROM `gameobject` WHERE `guid` BETWEEN @OGUID+0 AND @OGUID+27;
INSERT INTO `gameobject` (`guid`, `id`, `map`, `zoneId`, `areaId`, `spawnMask`, `PhaseId`, `PhaseGroup`, `position_x`, `position_y`, `position_z`, `orientation`, `rotation0`, `rotation1`, `rotation2`, `rotation3`, `spawntimesecs`, `animprogress`, `state`, `VerifiedBuild`) VALUES
(@OGUID+0, 245330, 1220, 7731, 0, 1, '8395', 0, 4343.351, 4302.701, 659.0723, 6.275536, 0.03128052, 0.0649519, -0.005839348, 0.9973809, 7200, 255, 1, 26365), -- Barrel o' Fish (Area: 0 - Difficulty: 1)
(@OGUID+1, 245331, 1220, 7731, 0, 1, '8395', 0, 4351.015, 4330.44, 658.6837, 0.8440618, 0.05146456, 0.1260643, 0.397254, 0.9075508, 7200, 255, 1, 26365), -- Bucket o' Fish (Area: 0 - Difficulty: 1)
(@OGUID+2, 248422, 1220, 7731, 0, 1, '8395', 0, 4110.437, 4299.589, 768.1293, 0, 0, 0, 0, 1, 7200, 255, 1, 26365), -- Stack of Bandages (Area: 0 - Difficulty: 1)
(@OGUID+3, 245378, 1220, 7731, 0, 1, '8395', 0, 4163.179, 4379.865, 768.2911, 2.696244, 0, 0, 0.9753103, 0.2208388, 7200, 255, 1, 26365), -- Eagle Perch (Area: 0 - Difficulty: 1)
(@OGUID+4, 245374, 1220, 7731, 0, 1, '8395', 0, 4089.057, 4330.629, 768.0795, 0.1423339, 0, 0, 0.07110691, 0.9974687, 7200, 255, 1, 26365), -- Drogbar Cauldron (Area: 0 - Difficulty: 1)
(@OGUID+5, 245372, 1220, 7731, 0, 1, '8395', 0, 4092.843, 4325.129, 768.179, 2.952381, 0, 0, 0.9955282, 0.09446476, 7200, 255, 1, 26365), -- Drogbar Table (Area: 0 - Difficulty: 1)
(@OGUID+6, 245373, 1220, 7731, 0, 1, '8395', 0, 4082.863, 4323.596, 769.0984, 0.1423339, 0, 0, 0.07110691, 0.9974687, 7200, 255, 1, 26365), -- Drogbar Salt Jar (Area: 0 - Difficulty: 1)
(@OGUID+7, 245372, 1220, 7731, 0, 1, '8395', 0, 4083.489, 4323.727, 768.1649, 6.050124, 0, 0, -0.1162672, 0.993218, 7200, 255, 1, 26365), -- Drogbar Table (Area: 0 - Difficulty: 1)
(@OGUID+8, 245373, 1220, 7731, 0, 1, '8395', 0, 4085.271, 4330.513, 768.0633, 4.311622, 0, 0, -0.833704, 0.5522116, 7200, 255, 1, 26365), -- Drogbar Salt Jar (Area: 0 - Difficulty: 1)
(@OGUID+9, 245378, 1220, 7731, 0, 1, '8395', 0, 4161.885, 4387.382, 767.6056, 0.5411238, 0, 0, 0.2672729, 0.9636208, 7200, 255, 1, 26365), -- Eagle Perch (Area: 0 - Difficulty: 1)
(@OGUID+10, 248422, 1220, 7731, 0, 1, '8395', 0, 4146.293, 4384.304, 767.9924, 0, 0, 0, 0, 1, 7200, 255, 1, 26365), -- Stack of Bandages (Area: 0 - Difficulty: 1)
(@OGUID+11, 245370, 1220, 7731, 0, 1, '8395', 0, 4092.595, 4331.605, 768.0819, 0.4210589, 0, 0, 0.2089777, 0.9779204, 7200, 255, 1, 26365), -- Drogbar Barricade (Area: 0 - Difficulty: 1)
(@OGUID+12, 245370, 1220, 7731, 0, 1, '8395', 0, 4082.122, 4328.051, 768.0983, 3.200254, 0, 0, -0.9995699, 0.02932636, 7200, 255, 1, 26365), -- Drogbar Barricade (Area: 0 - Difficulty: 1)
(@OGUID+13, 248422, 1220, 7731, 0, 1, '8395', 0, 4122.607, 4370.563, 768.2032, 0, 0, 0, 0, 1, 7200, 255, 1, 26365), -- Stack of Bandages (Area: 0 - Difficulty: 1)
(@OGUID+14, 245371, 1220, 7731, 0, 1, '8395', 0, 4087.425, 4332.43, 768.0452, 4.950213, 0, 0, -0.618228, 0.7859988, 7200, 255, 1, 26365), -- The Drog Bar (Area: 0 - Difficulty: 1)
(@OGUID+15, 245373, 1220, 7731, 0, 1, '8395', 0, 4083.854, 4330.023, 768.0668, 4.954812, 0, 0, -0.6164188, 0.7874184, 7200, 255, 1, 26365), -- Drogbar Salt Jar (Area: 0 - Difficulty: 1)
(@OGUID+16, 245374, 1220, 7731, 0, 1, '8395', 0, 4093.635, 4326.508, 769.0096, 0.1423339, 0, 0, 0.07110691, 0.9974687, 7200, 255, 1, 26365), -- Drogbar Cauldron (Area: 0 - Difficulty: 1)
(@OGUID+17, 248422, 1220, 7731, 0, 1, '8395', 0, 4116.587, 4389.746, 768.1756, 0, 0, 0, 0, 1, 7200, 255, 1, 26365), -- Stack of Bandages (Area: 0 - Difficulty: 1)
(@OGUID+18, 244991, 1220, 7731, 0, 1, '8395', 0, 4067.306, 4324.686, 768.1508, 1.326451, 0, 0, 0.6156616, 0.7880107, 7200, 255, 1, 26365), -- 244991 (Area: 0 - Difficulty: 1)
(@OGUID+19, 248422, 1220, 7731, 0, 1, '8395', 0, 4086.778, 4414.141, 768.1743, 0, 0, 0, 0, 1, 7200, 255, 1, 26365), -- Stack of Bandages (Area: 0 - Difficulty: 1)
(@OGUID+20, 248422, 1220, 7731, 0, 1, '8395', 0, 4104.882, 4438.615, 768.0458, 0, 0, 0, 0, 1, 7200, 255, 1, 26365), -- Stack of Bandages (Area: 0 - Difficulty: 1)
(@OGUID+21, 248422, 1220, 7731, 0, 1, '8395', 0, 4126.17, 4435.081, 768.3088, 0, 0, 0, 0, 1, 7200, 255, 1, 26365), -- Stack of Bandages (Area: 0 - Difficulty: 1)
(@OGUID+22, 248422, 1220, 7731, 0, 1, '8395', 0, 4071.588, 4415.93, 768.1842, 0, 0, 0, 0, 1, 7200, 255, 1, 26365), -- Stack of Bandages (Area: 0 - Difficulty: 1)
(@OGUID+23, 248422, 1220, 7731, 0, 1, '8395', 0, 4053.866, 4409.161, 768.1723, 0, 0, 0, 0, 1, 7200, 255, 1, 26365), -- Stack of Bandages (Area: 0 - Difficulty: 1)
(@OGUID+24, 246490, 1220, 7731, 0, 1, '8395', 0, 4135.09, 4494.37, 641.279, 3.141593, 0, 0, -1, 0, 7200, 255, 1, 26365), -- Highmountain Salmon School (Area: 0 - Difficulty: 1)
(@OGUID+25, 248422, 1220, 7731, 0, 1, '8395', 0, 4005.446, 4380.522, 767.9588, 0, 0, 0, 0, 1, 7200, 255, 1, 26365), -- Stack of Bandages (Area: 0 - Difficulty: 1)
(@OGUID+26, 248422, 1220, 7731, 0, 1, '8395', 0, 3995.5, 4364.904, 768.1389, 0, 0, 0, 0, 1, 7200, 255, 1, 26365), -- Stack of Bandages (Area: 0 - Difficulty: 1)
(@OGUID+27, 246490, 1220, 7731, 0, 1, '8395', 0, 3968.323, 4339.545, 756.6699, 3.141593, 0, 0, -1, 0, 7200, 255, 1, 26365); -- Highmountain Salmon School (Area: 0 - Difficulty: 1)

DELETE FROM `gameobject_addon` WHERE `guid` BETWEEN @OGUID+0 AND @OGUID+27;

DELETE FROM `creature_template_addon` WHERE `entry`=104614;
INSERT INTO `creature_template_addon` (`entry`, `path_id`, `mount`, `bytes1`, `bytes2`, `emote`, `aiAnimKit`, `movementAnimKit`, `meleeAnimKit`, `auras`) VALUES
(104614, 0, 0, 0, 1, 0, 0, 0, 0, '164276'); -- 104614 (Brulworm) - -Unknown-

UPDATE `creature_template_addon` SET `auras`='' WHERE `entry`=99699; -- 99699 (雷霆战鼓法阵)
UPDATE `creature_template_addon` SET `bytes1`=50331648 WHERE `entry`=99862; -- 99862 (巨鹰)

DELETE FROM `creature_template_scaling` WHERE `Entry`=99693;
INSERT INTO `creature_template_scaling` (`Entry`, `LevelScalingMin`, `LevelScalingMax`, `LevelScalingDeltaMin`, `LevelScalingDeltaMax`, `VerifiedBuild`) VALUES
(99693, 98, 110, 0, 0, 26365);



UPDATE `creature_template` SET `npcflag`=4194435 WHERE `entry`=97854; -- 莉萨·驭风
UPDATE `creature_template` SET `minlevel`=110, `maxlevel`=110, `faction`=16, `BaseAttackTime`=2000, `RangeAttackTime`=2000, `unit_flags`=32768, `unit_flags2`=2048, `VehicleId`=4678 WHERE `entry`=104614; -- Brulworm
UPDATE `creature_template` SET `minlevel`=98, `maxlevel`=110, `BaseAttackTime`=2000, `RangeAttackTime`=2000, `unit_flags`=33536, `unit_flags2`=2048, `VehicleId`=4316 WHERE `entry`=99693; -- 黯石渔夫
UPDATE `creature_template` SET `unit_flags`=768 WHERE `entry`=99862; -- 巨鹰
UPDATE `creature_template` SET `speed_walk`=2, `BaseAttackTime`=2000, `RangeAttackTime`=2000, `unit_flags`=32768, `unit_flags2`=2048 WHERE `entry`=101077; -- 瑟坎
UPDATE `creature_template` SET `speed_run`=1.142857 WHERE `entry`=94149; -- 松岩徘徊者



