# TrinityCore - WowPacketParser
# File name: 7.3.5_26124_三月-07-1208 - 萨谷亚.pkt
# Detected build: V7_3_5_26124
# Detected locale: zhCN
# Targeted database: Legion
# Parsing date: 03/07/2018 14:53:52

DELETE FROM `areatrigger_template` WHERE `Id` IN (16209, 16253);
INSERT INTO `areatrigger_template` (`Id`, `Type`, `Flags`, `Data0`, `Data1`, `Data2`, `Data3`, `Data4`, `Data5`, `VerifiedBuild`) VALUES
(16209, 0, 6, 10, 10, 0, 0, 0, 0, 26124),
(16253, 0, 4, 12, 12, 0, 0, 0, 0, 26124);


UPDATE `areatrigger_template` SET `Flags`=4, `Data0`=2, `Data1`=2 WHERE `Id`=10202;
UPDATE `areatrigger_template` SET `Flags`=0 WHERE `Id`=10682;


DELETE FROM `spell_areatrigger` WHERE (`AreaTriggerId`=10727) OR (`AreaTriggerId`=10665) OR (`AreaTriggerId`=10202) OR (`AreaTriggerId`=13436) OR (`AreaTriggerId`=10682) OR (`AreaTriggerId`=9110) OR (`AreaTriggerId`=10693) OR (`AreaTriggerId`=11266) OR (`AreaTriggerId`=10714) OR (`AreaTriggerId`=14917) OR (`AreaTriggerId`=16209) OR (`AreaTriggerId`=11023) OR (`AreaTriggerId`=16253);
INSERT INTO `spell_areatrigger` (`SpellMiscId`, `AreaTriggerId`, `MoveCurveId`, `ScaleCurveId`, `MorphCurveId`, `FacingCurveId`, `DecalPropertiesId`, `TimeToTarget`, `TimeToTargetScale`, `VerifiedBuild`) VALUES
(6039, 10727, 0, 0, 0, 0, 0, 0, 1000, 26124), -- SpellId : 228973
(5977, 10665, 0, 0, 0, 0, 0, 0, 20000, 26124), -- SpellId : 204255
(11154, 10202, 0, 0, 0, 0, 26, 0, 0, 26124), -- SpellId : 249469
(9449, 13436, 0, 0, 0, 0, 0, 0, 6000, 26124), -- SpellId : 233487
(5994, 10682, 0, 0, 0, 0, 0, 0, 8500, 26124), -- SpellId : 204066
(4366, 9110, 0, 0, 0, 0, 0, 1429, 1750, 26124), -- SpellId : 186775
(6711, 10693, 0, 0, 0, 0, 0, 0, 20000, 26124), -- SpellId : 204062
(6710, 11266, 0, 0, 0, 0, 0, 0, 20000, 26124), -- SpellId : 203795
(6027, 10714, 0, 0, 0, 0, 0, 0, 1000, 26124), -- SpellId : 202137
(10035, 14917, 0, 0, 0, 0, 62, 0, 30000, 26124), -- SpellId : 239278
(11447, 16209, 0, 3705, 0, 0, 0, 0, 60000, 26124), -- SpellId : 252019
(6351, 11023, 0, 0, 0, 0, 0, 0, 1000, 26124), -- SpellId : 207684
(11526, 16253, 0, 0, 0, 0, 0, 0, 10000, 26124); -- SpellId : 250242


DELETE FROM `conversation_actors` WHERE (`ConversationId`=5787 AND `Idx`=0) OR (`ConversationId`=5788 AND `Idx`=0) OR (`ConversationId`=5792 AND `Idx`=0) OR (`ConversationId`=6146 AND `Idx`=0);
INSERT INTO `conversation_actors` (`ConversationId`, `ConversationActorId`, `Idx`, `VerifiedBuild`) VALUES
(5787, 53609, 0, 26124),
(5788, 53609, 0, 26124),
(5792, 53609, 0, 26124),
(6146, 2058127, 0, 26124);



UPDATE `conversation_actor_template` SET `CreatureId`=120218, `CreatureModelId`=74146 WHERE `Id`=53609;


DELETE FROM `conversation_line_template` WHERE `Id` IN (12994, 12999, 13668);
INSERT INTO `conversation_line_template` (`Id`, `StartTime`, `UiCameraID`, `ActorIdx`, `Unk`, `VerifiedBuild`) VALUES
(12994, 0, 296, 0, 0, 26124),
(12999, 0, 296, 0, 0, 26124),
(13668, 0, 1323671568, 0, 0, 26124);

UPDATE `conversation_line_template` SET `VerifiedBuild`=26124 WHERE `Id`=12995;

DELETE FROM `conversation_template` WHERE `Id` IN (5792, 5787, 6146);
INSERT INTO `conversation_template` (`Id`, `FirstLineID`, `LastLineEndTime`, `VerifiedBuild`) VALUES
(5792, 12999, 7612, 26124),
(5787, 12994, 4079, 26124),
(6146, 13668, 6687, 26124);


DELETE FROM `gameobject_template_addon` WHERE `entry`=276241;
INSERT INTO `gameobject_template_addon` (`entry`, `faction`, `flags`) VALUES
(276241, 1375, 32); -- 鲜血机器




SET NAMES 'latin1';
SET @CGUID=444823; -- 250
SET @OGUID=100607; -- 10

DELETE FROM `creature` WHERE `guid` BETWEEN @CGUID+0 AND @CGUID+194;
INSERT INTO `creature` (`guid`, `id`, `map`, `zoneId`, `areaId`, `spawnMask`, `PhaseId`, `PhaseGroup`, `modelid`, `equipment_id`, `position_x`, `position_y`, `position_z`, `orientation`, `spawntimesecs`, `spawndist`, `currentwaypoint`, `curhealth`, `curmana`, `MovementType`, `npcflag`, `unit_flags`, `dynamicflags`, `VerifiedBuild`) VALUES
(@CGUID+17, 125863, 1669, 0, 0, 1, '0', 0, 0, 0, 1815.953, 1045.214, 501.5589, 1.172006, 7200, 0, 0, 0, 0, 0, 0, 0, 0, 26124), -- 侵入点：萨古亚 (Area: -Unknown- - Difficulty: 1)

(@CGUID+19, 125755, 1779, 9128, 9128, 1, '0', 0, 0, 0, -1434.16, 732.618, 61.09291, 4.00307, 7200, 0, 0, 0, 0, 0, 0, 0, 0, 26124), -- 魔焰入侵者 (Area: -Unknown- - Difficulty: 0) (Auras: )
(@CGUID+20, 125874, 1779, 9128, 9128, 1, '0', 0, 0, 0, -1340.552, 815.0903, 61.09292, 0, 7200, 0, 0, 0, 0, 0, 0, 0, 0, 26124), -- 军团抽血机 (Area: -Unknown- - Difficulty: 0) (Auras: 250031 - -Unknown-)
(@CGUID+21, 125874, 1779, 9128, 9128, 1, '0', 0, 0, 0, -1292.073, 772.8871, 60.9033, 0, 7200, 0, 0, 0, 0, 0, 0, 0, 0, 26124), -- 军团抽血机 (Area: -Unknown- - Difficulty: 0) (Auras: 250031 - -Unknown-)
(@CGUID+22, 125197, 1779, 9128, 9128, 1, '0', 0, 0, 0, -1472.191, 773.375, 64.89541, 3.501286, 7200, 0, 0, 0, 0, 0, 0, 0, 0, 26124), -- 邪焰征服者 (Area: -Unknown- - Difficulty: 0) (Auras: )
(@CGUID+23, 125755, 1779, 9128, 9128, 1, '0', 0, 0, 0, -1425.54, 770.3976, 61.7309, 0.3555778, 7200, 0, 0, 0, 0, 0, 0, 0, 0, 26124), -- 魔焰入侵者 (Area: -Unknown- - Difficulty: 0) (Auras: )
(@CGUID+24, 125874, 1779, 9128, 9128, 1, '0', 0, 0, 0, -1350.785, 776.75, 61.09292, 0, 7200, 0, 0, 0, 0, 0, 0, 0, 0, 26124), -- 军团抽血机 (Area: -Unknown- - Difficulty: 0) (Auras: 250031 - -Unknown-)
(@CGUID+25, 125197, 1779, 9128, 9128, 1, '0', 0, 0, 0, -1338.606, 774.3386, 62.40507, 2.965091, 7200, 0, 0, 0, 0, 0, 0, 0, 0, 26124), -- 邪焰征服者 (Area: -Unknown- - Difficulty: 0) (Auras: )
(@CGUID+26, 125963, 1779, 9128, 9128, 1, '0', 0, 0, 0, -1363.295, 748.4097, 62.72444, 0, 7200, 0, 0, 0, 0, 0, 0, 0, 0, 26124), -- 虫语传血者 (Area: -Unknown- - Difficulty: 0) (Auras: )
(@CGUID+27, 124884, 1779, 9128, 9128, 1, '0', 0, 0, 0, -1384.413, 887.5452, 92.55062, 2.561912, 7200, 0, 0, 0, 0, 0, 0, 0, 0, 26124), -- 侵入点 (Area: -Unknown- - Difficulty: 0)
(@CGUID+28, 125779, 1779, 9128, 9128, 1, '0', 0, 0, 0, -1351.734, 767.4154, 61.03853, 2.371082, 7200, 0, 0, 0, 0, 0, 0, 0, 0, 26124), -- 黑魂审判官 (Area: -Unknown- - Difficulty: 0) (Auras: )
(@CGUID+29, 125963, 1779, 9128, 9128, 1, '0', 0, 0, 0, -1402.715, 756.1996, 62.41747, 2.435028, 7200, 0, 0, 0, 0, 0, 0, 0, 0, 26124), -- 虫语传血者 (Area: -Unknown- - Difficulty: 0)
(@CGUID+30, 125963, 1779, 9128, 9128, 1, '0', 0, 0, 0, -1376.039, 764.7156, 61.59806, 5.793343, 7200, 0, 0, 0, 0, 0, 0, 0, 0, 26124), -- 虫语传血者 (Area: -Unknown- - Difficulty: 0) (Auras: 250154 - -Unknown-)
(@CGUID+31, 125781, 1779, 9128, 9128, 1, '0', 0, 0, 0, -1348.646, 771.3854, 61.12489, 2.372909, 7200, 0, 0, 0, 0, 0, 0, 0, 0, 26124), -- 邪怒劫掠者 (Area: -Unknown- - Difficulty: 0) (Auras: )
(@CGUID+32, 125790, 1779, 9128, 9128, 1, '0', 0, 0, 0, -1421.028, 803.6816, 65.09044, 0.03076745, 7200, 0, 0, 0, 0, 0, 0, 0, 0, 26124), -- 影刃助祭 (Area: -Unknown- - Difficulty: 0) (Auras: )
(@CGUID+33, 125779, 1779, 9128, 9128, 1, '0', 0, 0, 0, -1446.574, 731.6232, 61.13049, 6.282018, 7200, 0, 0, 0, 0, 0, 0, 0, 0, 26124), -- 黑魂审判官 (Area: -Unknown- - Difficulty: 0) (Auras: )
(@CGUID+34, 125779, 1779, 9128, 9128, 1, '0', 0, 0, 0, -1289.035, 777.1163, 61.51537, 3.834267, 7200, 0, 0, 0, 0, 0, 0, 0, 0, 26124), -- 黑魂审判官 (Area: -Unknown- - Difficulty: 0) (Auras: 252309 - -Unknown-)
(@CGUID+35, 125874, 1779, 9128, 9128, 1, '0', 0, 0, 0, -1390.267, 734.3663, 61.08427, 0, 7200, 0, 0, 0, 0, 0, 0, 0, 0, 26124), -- 军团抽血机 (Area: -Unknown- - Difficulty: 0) (Auras: 250031 - -Unknown-)
(@CGUID+36, 125963, 1779, 9128, 9128, 1, '0', 0, 0, 0, -1400.778, 758.7917, 62.32713, 3.698187, 7200, 0, 0, 0, 0, 0, 0, 0, 0, 26124), -- 虫语传血者 (Area: -Unknown- - Difficulty: 0) (Auras: )
(@CGUID+37, 125781, 1779, 9128, 9128, 1, '0', 0, 0, 0, -1420.913, 796.6703, 63.67935, 5.522644, 7200, 0, 0, 0, 0, 0, 0, 0, 0, 26124), -- 邪怒劫掠者 (Area: -Unknown- - Difficulty: 0) (Auras: )
(@CGUID+38, 125781, 1779, 9128, 9128, 1, '0', 0, 0, 0, -1338.185, 798.7582, 61.10654, 1.732589, 7200, 0, 0, 0, 0, 0, 0, 0, 0, 26124), -- 邪怒劫掠者 (Area: -Unknown- - Difficulty: 0) (Auras: )
(@CGUID+39, 125790, 1779, 9128, 9128, 1, '0', 0, 0, 0, -1341.832, 790.0605, 61.12868, 2.574385, 7200, 0, 0, 0, 0, 0, 0, 0, 0, 26124), -- 影刃助祭 (Area: -Unknown- - Difficulty: 0) (Auras: )
(@CGUID+40, 125874, 1779, 9128, 9128, 1, '0', 0, 0, 0, -1413.726, 775.7604, 61.09098, 0, 7200, 0, 0, 0, 0, 0, 0, 0, 0, 26124), -- 军团抽血机 (Area: -Unknown- - Difficulty: 0) (Auras: 250031 - -Unknown-)
(@CGUID+41, 125874, 1779, 9128, 9128, 1, '0', 0, 0, 0, -1481.606, 759.5313, 61.09289, 0, 7200, 0, 0, 0, 0, 0, 0, 0, 0, 26124), -- 军团抽血机 (Area: -Unknown- - Difficulty: 0) (Auras: 250031 - -Unknown-)
(@CGUID+42, 125781, 1779, 9128, 9128, 1, '0', 0, 0, 0, -1334.516, 824.8906, 62.66174, 4.442289, 7200, 0, 0, 0, 0, 0, 0, 0, 0, 26124), -- 邪怒劫掠者 (Area: -Unknown- - Difficulty: 0) (Auras: )
(@CGUID+43, 126083, 1779, 9128, 9128, 1, '0', 0, 0, 0, -1358.872, 692.507, 68.57299, 4.912618, 7200, 0, 0, 0, 0, 0, 0, 0, 0, 26124), -- 军团传送门 (Area: -Unknown- - Difficulty: 0)
(@CGUID+44, 125874, 1779, 9128, 9128, 1, '0', 0, 0, 0, -1476.313, 728.2952, 61.0929, 0, 7200, 0, 0, 0, 0, 0, 0, 0, 0, 26124), -- 军团抽血机 (Area: -Unknown- - Difficulty: 0) (Auras: 250031 - -Unknown-)
(@CGUID+45, 125874, 1779, 9128, 9128, 1, '0', 0, 0, 0, -1437.099, 728.6042, 61.09291, 0, 7200, 0, 0, 0, 0, 0, 0, 0, 0, 26124), -- 军团抽血机 (Area: -Unknown- - Difficulty: 0) (Auras: 250031 - -Unknown-)
(@CGUID+46, 125197, 1779, 9128, 9128, 1, '0', 0, 0, 0, -1481.538, 730.5504, 61.0565, 5.722702, 7200, 0, 0, 0, 0, 0, 0, 0, 0, 26124), -- 邪焰征服者 (Area: -Unknown- - Difficulty: 0) (Auras: )
(@CGUID+47, 126007, 1779, 9128, 9128, 1, '0', 0, 0, 0, -1486.441, 581.5541, 178.2051, 2.907822, 7200, 0, 0, 0, 0, 0, 0, 0, 0, 26124), -- 德赛麦克斯号 (Area: -Unknown- - Difficulty: 0) (Auras: 250235 - -Unknown-)
(@CGUID+48, 126987, 1779, 9128, 9128, 1, '0', 0, 0, 0, -1440.148, 765.066, 63.09825, 0.2580337, 7200, 0, 0, 0, 0, 0, 0, 0, 0, 26124), -- 鲜血之瓶 (Area: -Unknown- - Difficulty: 0) (Auras: 252068 - -Unknown-)
(@CGUID+49, 128117, 1779, 9128, 9128, 1, '0', 0, 0, 0, -1393.943, 764.7118, 62.70097, 1.95861, 7200, 0, 0, 0, 0, 0, 0, 0, 0, 26124), -- Invasion Point Bunny (Area: -Unknown- - Difficulty: 0)
(@CGUID+50, 126987, 1779, 9128, 9128, 1, '0', 0, 0, 0, -1397.75, 755.6632, 62.31411, 4.132215, 7200, 0, 0, 0, 0, 0, 0, 0, 0, 26124), -- 鲜血之瓶 (Area: -Unknown- - Difficulty: 0) (Auras: 252068 - -Unknown-)
(@CGUID+51, 126987, 1779, 9128, 9128, 1, '0', 0, 0, 0, -1383.142, 768.8646, 62.6212, 2.550801, 7200, 0, 0, 0, 0, 0, 0, 0, 0, 26124), -- 鲜血之瓶 (Area: -Unknown- - Difficulty: 0) (Auras: 252068 - -Unknown-)
(@CGUID+52, 125790, 1779, 9128, 9128, 1, '0', 0, 0, 0, -1358.535, 754.9445, 62.76679, 2.481683, 7200, 0, 0, 0, 0, 0, 0, 0, 0, 26124), -- 影刃助祭 (Area: -Unknown- - Difficulty: 0) (Auras: 251298 - -Unknown-)
(@CGUID+53, 125939, 1779, 9128, 9128, 1, '0', 0, 0, 0, -1366.443, 752.6632, 62.60501, 2.481683, 7200, 0, 0, 0, 0, 0, 0, 0, 0, 26124), -- 剧毒暗影猎手 (Area: -Unknown- - Difficulty: 0) (Auras: 251298 - -Unknown-)
(@CGUID+54, 125755, 1779, 9128, 9128, 1, '0', 0, 0, 0, -1365.264, 744.1996, 62.70736, 3.284997, 7200, 0, 0, 0, 0, 0, 0, 0, 0, 26124), -- 魔焰入侵者 (Area: -Unknown- - Difficulty: 0) (Auras: 251298 - -Unknown-)
(@CGUID+55, 125970, 1779, 9128, 9128, 1, '0', 0, 0, 0, -1391.134, 761.9861, 62.60615, 2.765286, 7200, 0, 0, 0, 0, 0, 0, 0, 0, 26124), -- 巨拳湮灭者 (Area: -Unknown- - Difficulty: 0) (Auras: 251298 - -Unknown-)
(@CGUID+56, 125781, 1779, 9128, 9128, 1, '0', 0, 0, 0, -1369.179, 700.1042, 66.21336, 2.497942, 7200, 0, 0, 0, 0, 0, 0, 0, 0, 26124), -- 邪怒劫掠者 (Area: -Unknown- - Difficulty: 0) (Auras: 251298 - -Unknown-)
(@CGUID+57, 125197, 1779, 9128, 9128, 1, '0', 0, 0, 0, -1353.625, 704.0018, 66.62115, 1.171003, 7200, 0, 0, 0, 0, 0, 0, 0, 0, 26124), -- 邪焰征服者 (Area: -Unknown- - Difficulty: 0) (Auras: 251298 - -Unknown-)
(@CGUID+58, 125779, 1779, 9128, 9128, 1, '0', 0, 0, 0, -1389.325, 729.3125, 60.99444, 4.847795, 7200, 0, 0, 0, 0, 0, 0, 0, 0, 26124), -- 黑魂审判官 (Area: -Unknown- - Difficulty: 0) (Auras: 251298 - -Unknown-)
(@CGUID+59, 125781, 1779, 9128, 9128, 1, '0', 0, 0, 0, -1397.399, 785.7535, 61.68925, 3.597098, 7200, 0, 0, 0, 0, 0, 0, 0, 0, 26124), -- 邪怒劫掠者 (Area: -Unknown- - Difficulty: 0) (Auras: 251298 - -Unknown-)
(@CGUID+60, 125781, 1779, 9128, 9128, 1, '0', 0, 0, 0, -1387.116, 739.3264, 61.08328, 1.245084, 7200, 0, 0, 0, 0, 0, 0, 0, 0, 26124), -- 邪怒劫掠者 (Area: -Unknown- - Difficulty: 0) (Auras: 251298 - -Unknown-)
(@CGUID+61, 125790, 1779, 9128, 9128, 1, '0', 0, 0, 0, -1339.274, 738.7361, 60.98785, 1.700307, 7200, 0, 0, 0, 0, 0, 0, 0, 0, 26124), -- 影刃助祭 (Area: -Unknown- - Difficulty: 0) (Auras: 251298 - -Unknown-)
(@CGUID+62, 125781, 1779, 9128, 9128, 1, '0', 0, 0, 0, -1394.991, 736.0486, 61.09133, 2.769453, 7200, 0, 0, 0, 0, 0, 0, 0, 0, 26124), -- 邪怒劫掠者 (Area: -Unknown- - Difficulty: 0) (Auras: 251298 - -Unknown-)
(@CGUID+63, 125939, 1779, 9128, 9128, 1, '0', 0, 0, 0, -1321.165, 799.3837, 63.05594, 3.394447, 7200, 0, 0, 0, 0, 0, 0, 0, 0, 26124), -- 剧毒暗影猎手 (Area: -Unknown- - Difficulty: 0) (Auras: 251298 - -Unknown-)
(@CGUID+64, 125790, 1779, 9128, 9128, 1, '0', 0, 0, 0, -1446.514, 768.8472, 62.85226, 2.808058, 7200, 0, 0, 0, 0, 0, 0, 0, 0, 26124), -- 影刃助祭 (Area: -Unknown- - Difficulty: 0) (Auras: 251298 - -Unknown-)
(@CGUID+65, 125757, 1779, 9128, 9128, 1, '0', 0, 0, 0, -1329.757, 739.0243, 60.60129, 1.700307, 7200, 0, 0, 0, 0, 0, 0, 0, 0, 26124), -- 魔焰入侵者 (Area: -Unknown- - Difficulty: 0) (Auras: 251298 - -Unknown-)
(@CGUID+66, 125939, 1779, 9128, 9128, 1, '0', 0, 0, 0, -1333.868, 736.0243, 60.82804, 1.700307, 7200, 0, 0, 0, 0, 0, 0, 0, 0, 26124), -- 剧毒暗影猎手 (Area: -Unknown- - Difficulty: 0) (Auras: 251298 - -Unknown-)
(@CGUID+67, 125197, 1779, 9128, 9128, 1, '0', 0, 0, 0, -1392.792, 792.8715, 61.99653, 1.511606, 7200, 0, 0, 0, 0, 0, 0, 0, 0, 26124), -- 邪焰征服者 (Area: -Unknown- - Difficulty: 0) (Auras: 251298 - -Unknown-)
(@CGUID+68, 125755, 1779, 9128, 9128, 1, '0', 0, 0, 0, -1435.576, 767.8021, 62.76375, 0.531257, 7200, 0, 0, 0, 0, 0, 0, 0, 0, 26124), -- 魔焰入侵者 (Area: -Unknown- - Difficulty: 0) (Auras: 251298 - -Unknown-)
(@CGUID+69, 125970, 1779, 9128, 9128, 1, '0', 0, 0, 0, -1363.524, 712.2101, 64.18613, 1.81572, 7200, 0, 0, 0, 0, 0, 0, 0, 0, 26124), -- 巨拳湮灭者 (Area: -Unknown- - Difficulty: 0) (Auras: 251298 - -Unknown-)
(@CGUID+70, 125790, 1779, 9128, 9128, 1, '0', 0, 0, 0, -1384.41, 801.9011, 62.02257, 2.845596, 7200, 0, 0, 0, 0, 0, 0, 0, 0, 26124), -- 影刃助祭 (Area: -Unknown- - Difficulty: 0) (Auras: 251298 - -Unknown-)
(@CGUID+71, 125939, 1779, 9128, 9128, 1, '0', 0, 0, 0, -1441.339, 757.934, 62.48225, 4.575993, 7200, 0, 0, 0, 0, 0, 0, 0, 0, 26124), -- 剧毒暗影猎手 (Area: -Unknown- - Difficulty: 0) (Auras: 251298 - -Unknown-)
(@CGUID+72, 125755, 1779, 9128, 9128, 1, '0', 0, 0, 0, -1377.771, 806.2031, 61.97743, 1.295139, 7200, 0, 0, 0, 0, 0, 0, 0, 0, 26124), -- 魔焰入侵者 (Area: -Unknown- - Difficulty: 0) (Auras: 251298 - -Unknown-)
(@CGUID+73, 125790, 1779, 9128, 9128, 1, '0', 0, 0, 0, -1507.247, 726.816, 61.24366, 0.4646854, 7200, 0, 0, 0, 0, 0, 0, 0, 0, 26124), -- 影刃助祭 (Area: -Unknown- - Difficulty: 0) (Auras: 251298 - -Unknown-)
(@CGUID+74, 125939, 1779, 9128, 9128, 1, '0', 0, 0, 0, -1508.035, 720.8108, 61.09257, 0.4646854, 7200, 0, 0, 0, 0, 0, 0, 0, 0, 26124), -- 剧毒暗影猎手 (Area: -Unknown- - Difficulty: 0) (Auras: 251298 - -Unknown-)
(@CGUID+75, 125757, 1779, 9128, 9128, 1, '0', 0, 0, 0, -1503.84, 717.9184, 61.03465, 0.4646854, 7200, 0, 0, 0, 0, 0, 0, 0, 0, 26124), -- 魔焰入侵者 (Area: -Unknown- - Difficulty: 0) (Auras: 251298 - -Unknown-)
(@CGUID+76, 125781, 1779, 9128, 9128, 1, '0', 0, 0, 0, -1341.092, 809.9011, 61.09292, 5.270924, 7200, 0, 0, 0, 0, 0, 0, 0, 0, 26124), -- 邪怒劫掠者 (Area: -Unknown- - Difficulty: 0) (Auras: 251298 - -Unknown-)
(@CGUID+77, 125790, 1779, 9128, 9128, 1, '0', 0, 0, 0, -1335.795, 769.8542, 62.65799, 4.029824, 7200, 0, 0, 0, 0, 0, 0, 0, 0, 26124), -- 影刃助祭 (Area: -Unknown- - Difficulty: 0) (Auras: 251298 - -Unknown-)
(@CGUID+78, 125790, 1779, 9128, 9128, 1, '0', 0, 0, 0, -1332.42, 779.0972, 62.50553, 1.38611, 7200, 0, 0, 0, 0, 0, 0, 0, 0, 26124), -- 影刃助祭 (Area: -Unknown- - Difficulty: 0) (Auras: 251298 - -Unknown-)
(@CGUID+79, 125197, 1779, 9128, 9128, 1, '0', 0, 0, 0, -1345.484, 813.1024, 61.16493, 3.312896, 7200, 0, 0, 0, 0, 0, 0, 0, 0, 26124), -- 邪焰征服者 (Area: -Unknown- - Difficulty: 0) (Auras: 251298 - -Unknown-)
(@CGUID+80, 125963, 1779, 9128, 9128, 1, '0', 0, 0, 0, -1363.674, 698.8733, 66.98914, 2.57108, 7200, 0, 0, 0, 0, 0, 0, 0, 0, 26124), -- 虫语传血者 (Area: -Unknown- - Difficulty: 0) (Auras: 211762 - -Unknown-)
(@CGUID+81, 125963, 1779, 9128, 9128, 1, '0', 0, 0, 0, -1357.443, 700.2327, 67.29667, 1.12845, 7200, 0, 0, 0, 0, 0, 0, 0, 0, 26124), -- 虫语传血者 (Area: -Unknown- - Difficulty: 0) (Auras: 211762 - -Unknown-)
(@CGUID+82, 125963, 1779, 9128, 9128, 1, '0', 0, 0, 0, -1360.615, 699.4566, 67.22638, 1.67396, 7200, 0, 0, 0, 0, 0, 0, 0, 0, 26124), -- 虫语传血者 (Area: -Unknown- - Difficulty: 0) (Auras: 211762 - -Unknown-)
(@CGUID+83, 126987, 1779, 9128, 9128, 1, '0', 0, 0, 0, -1352.392, 751.7379, 62.86655, 0.1566445, 7200, 0, 0, 0, 0, 0, 0, 0, 0, 26124), -- 鲜血之瓶 (Area: -Unknown- - Difficulty: 0) (Auras: 252068 - -Unknown-)
(@CGUID+84, 126987, 1779, 9128, 9128, 1, '0', 0, 0, 0, -1329.545, 773.1614, 63.50698, 0.9476172, 7200, 0, 0, 0, 0, 0, 0, 0, 0, 26124), -- 鲜血之瓶 (Area: -Unknown- - Difficulty: 0) (Auras: 252068 - -Unknown-)
(@CGUID+85, 126987, 1779, 9128, 9128, 1, '0', 0, 0, 0, -1351.911, 803.316, 62.7439, 2.804469, 7200, 0, 0, 0, 0, 0, 0, 0, 0, 26124), -- 鲜血之瓶 (Area: -Unknown- - Difficulty: 0) (Auras: 252068 - -Unknown-)
(@CGUID+86, 125963, 1779, 9128, 9128, 1, '0', 0, 0, 0, -1357.443, 700.2327, 67.29667, 1.12845, 7200, 0, 0, 0, 0, 0, 0, 0, 0, 26124), -- 虫语传血者 (Area: -Unknown- - Difficulty: 0) (Auras: 211762 - -Unknown-)
(@CGUID+87, 125963, 1779, 9128, 9128, 1, '0', 0, 0, 0, -1363.674, 698.8733, 66.98914, 2.57108, 7200, 0, 0, 0, 0, 0, 0, 0, 0, 26124), -- 虫语传血者 (Area: -Unknown- - Difficulty: 0) (Auras: 211762 - -Unknown-)
(@CGUID+88, 125963, 1779, 9128, 9128, 1, '0', 0, 0, 0, -1360.615, 699.4566, 67.22638, 1.67396, 7200, 0, 0, 0, 0, 0, 0, 0, 0, 26124), -- 虫语传血者 (Area: -Unknown- - Difficulty: 0) (Auras: 211762 - -Unknown-)
(@CGUID+89, 125963, 1779, 9128, 9128, 1, '0', 0, 0, 0, -1357.443, 700.2327, 67.29667, 1.12845, 7200, 0, 0, 0, 0, 0, 0, 0, 0, 26124), -- 虫语传血者 (Area: -Unknown- - Difficulty: 0) (Auras: 211762 - -Unknown-)
(@CGUID+90, 125963, 1779, 9128, 9128, 1, '0', 0, 0, 0, -1363.674, 698.8733, 66.98914, 2.57108, 7200, 0, 0, 0, 0, 0, 0, 0, 0, 26124), -- 虫语传血者 (Area: -Unknown- - Difficulty: 0) (Auras: 211762 - -Unknown-)
(@CGUID+91, 125963, 1779, 9128, 9128, 1, '0', 0, 0, 0, -1360.615, 699.4566, 67.22638, 1.67396, 7200, 0, 0, 0, 0, 0, 0, 0, 0, 26124), -- 虫语传血者 (Area: -Unknown- - Difficulty: 0) (Auras: 211762 - -Unknown-)
(@CGUID+92, 125963, 1779, 9128, 9128, 1, '0', 0, 0, 0, -1360.615, 699.4566, 67.22638, 1.67396, 7200, 0, 0, 0, 0, 0, 0, 0, 0, 26124), -- 虫语传血者 (Area: -Unknown- - Difficulty: 0) (Auras: 211762 - -Unknown-)
(@CGUID+93, 125963, 1779, 9128, 9128, 1, '0', 0, 0, 0, -1357.443, 700.2327, 67.29667, 1.12845, 7200, 0, 0, 0, 0, 0, 0, 0, 0, 26124), -- 虫语传血者 (Area: -Unknown- - Difficulty: 0) (Auras: 211762 - -Unknown-)
(@CGUID+94, 125963, 1779, 9128, 9128, 1, '0', 0, 0, 0, -1363.674, 698.8733, 66.98914, 2.57108, 7200, 0, 0, 0, 0, 0, 0, 0, 0, 26124), -- 虫语传血者 (Area: -Unknown- - Difficulty: 0) (Auras: 211762 - -Unknown-)
(@CGUID+95, 125963, 1779, 9128, 9128, 1, '0', 0, 0, 0, -1360.615, 699.4566, 67.22638, 1.67396, 7200, 0, 0, 0, 0, 0, 0, 0, 0, 26124), -- 虫语传血者 (Area: -Unknown- - Difficulty: 0) (Auras: 211762 - -Unknown-)
(@CGUID+96, 125970, 1779, 9128, 9128, 1, '0', 0, 0, 0, -1391.134, 761.9861, 62.60615, 2.765286, 7200, 0, 0, 0, 0, 0, 0, 0, 0, 26124), -- 巨拳湮灭者 (Area: -Unknown- - Difficulty: 0) (Auras: 251298 - -Unknown-)
(@CGUID+97, 125779, 1779, 9128, 9128, 1, '0', 0, 0, 0, -1389.325, 729.3125, 60.99444, 4.847795, 7200, 0, 0, 0, 0, 0, 0, 0, 0, 26124), -- 黑魂审判官 (Area: -Unknown- - Difficulty: 0) (Auras: 251298 - -Unknown-)
(@CGUID+98, 125781, 1779, 9128, 9128, 1, '0', 0, 0, 0, -1394.991, 736.0486, 61.09133, 2.769453, 7200, 0, 0, 0, 0, 0, 0, 0, 0, 26124), -- 邪怒劫掠者 (Area: -Unknown- - Difficulty: 0) (Auras: 251298 - -Unknown-)
(@CGUID+99, 125781, 1779, 9128, 9128, 1, '0', 0, 0, 0, -1387.116, 739.3264, 61.08328, 1.245084, 7200, 0, 0, 0, 0, 0, 0, 0, 0, 26124), -- 邪怒劫掠者 (Area: -Unknown- - Difficulty: 0) (Auras: 251298 - -Unknown-)
(@CGUID+100, 125963, 1779, 9128, 9128, 1, '0', 0, 0, 0, -1357.443, 700.2327, 67.29667, 1.12845, 7200, 0, 0, 0, 0, 0, 0, 0, 0, 26124), -- 虫语传血者 (Area: -Unknown- - Difficulty: 0) (Auras: 211762 - -Unknown-)
(@CGUID+101, 125963, 1779, 9128, 9128, 1, '0', 0, 0, 0, -1363.674, 698.8733, 66.98914, 2.57108, 7200, 0, 0, 0, 0, 0, 0, 0, 0, 26124), -- 虫语传血者 (Area: -Unknown- - Difficulty: 0) (Auras: 211762 - -Unknown-)
-- (@CGUID+102, 73400, 1779, 9128, 9128, 1, '0', 0, 0, 0, -1376.707, 767.7249, 61.91368, 0, 7200, 0, 0, 0, 0, 0, 0, 0, 0, 26124), -- Healing Ran Invisible Stalker DND (Area: -Unknown- - Difficulty: 0) (Auras: 147490 - -Unknown-)
(@CGUID+103, 125963, 1779, 9128, 9128, 1, '0', 0, 0, 0, -1360.615, 699.4566, 67.22638, 1.67396, 7200, 0, 0, 0, 0, 0, 0, 0, 0, 26124), -- 虫语传血者 (Area: -Unknown- - Difficulty: 0) (Auras: 211762 - -Unknown-)
(@CGUID+104, 125963, 1779, 9128, 9128, 1, '0', 0, 0, 0, -1357.443, 700.2327, 67.29667, 1.12845, 7200, 0, 0, 0, 0, 0, 0, 0, 0, 26124), -- 虫语传血者 (Area: -Unknown- - Difficulty: 0) (Auras: 211762 - -Unknown-)
(@CGUID+105, 125790, 1779, 9128, 9128, 1, '0', 0, 0, 0, -1332.42, 779.0972, 62.50553, 1.38611, 7200, 0, 0, 0, 0, 0, 0, 0, 0, 26124), -- 影刃助祭 (Area: -Unknown- - Difficulty: 0) (Auras: 251298 - -Unknown-)
(@CGUID+106, 125790, 1779, 9128, 9128, 1, '0', 0, 0, 0, -1335.795, 769.8542, 62.65799, 4.029824, 7200, 0, 0, 0, 0, 0, 0, 0, 0, 26124), -- 影刃助祭 (Area: -Unknown- - Difficulty: 0) (Auras: 251298 - -Unknown-)
(@CGUID+107, 125790, 1779, 9128, 9128, 1, '0', 0, 0, 0, -1507.247, 726.816, 61.24366, 0.4646854, 7200, 0, 0, 0, 0, 0, 0, 0, 0, 26124), -- 影刃助祭 (Area: -Unknown- - Difficulty: 0) (Auras: 251298 - -Unknown-)
(@CGUID+108, 125939, 1779, 9128, 9128, 1, '0', 0, 0, 0, -1508.035, 720.8108, 61.09257, 0.4646854, 7200, 0, 0, 0, 0, 0, 0, 0, 0, 26124), -- 剧毒暗影猎手 (Area: -Unknown- - Difficulty: 0) (Auras: 251298 - -Unknown-)
(@CGUID+109, 125757, 1779, 9128, 9128, 1, '0', 0, 0, 0, -1503.84, 717.9184, 61.03465, 0.4646854, 7200, 0, 0, 0, 0, 0, 0, 0, 0, 26124), -- 魔焰入侵者 (Area: -Unknown- - Difficulty: 0) (Auras: 251298 - -Unknown-)
(@CGUID+110, 125963, 1779, 9128, 9128, 1, '0', 0, 0, 0, -1363.674, 698.8733, 66.98914, 2.57108, 7200, 0, 0, 0, 0, 0, 0, 0, 0, 26124), -- 虫语传血者 (Area: -Unknown- - Difficulty: 0) (Auras: 211762 - -Unknown-)
(@CGUID+111, 125963, 1779, 9128, 9128, 1, '0', 0, 0, 0, -1360.615, 699.4566, 67.22638, 1.67396, 7200, 0, 0, 0, 0, 0, 0, 0, 0, 26124), -- 虫语传血者 (Area: -Unknown- - Difficulty: 0) (Auras: 211762 - -Unknown-)
(@CGUID+112, 125963, 1779, 9128, 9128, 1, '0', 0, 0, 0, -1357.443, 700.2327, 67.29667, 1.12845, 7200, 0, 0, 0, 0, 0, 0, 0, 0, 26124), -- 虫语传血者 (Area: -Unknown- - Difficulty: 0) (Auras: 211762 - -Unknown-)
(@CGUID+113, 125790, 1779, 9128, 9128, 1, '0', 0, 0, 0, -1446.514, 768.8472, 62.85226, 2.808058, 7200, 0, 0, 0, 0, 0, 0, 0, 0, 26124), -- 影刃助祭 (Area: -Unknown- - Difficulty: 0) (Auras: 251298 - -Unknown-)
(@CGUID+114, 125939, 1779, 9128, 9128, 1, '0', 0, 0, 0, -1441.339, 757.934, 62.48225, 4.575993, 7200, 0, 0, 0, 0, 0, 0, 0, 0, 26124), -- 剧毒暗影猎手 (Area: -Unknown- - Difficulty: 0) (Auras: 251298 - -Unknown-)
(@CGUID+115, 125755, 1779, 9128, 9128, 1, '0', 0, 0, 0, -1435.576, 767.8021, 62.76375, 0.531257, 7200, 0, 0, 0, 0, 0, 0, 0, 0, 26124), -- 魔焰入侵者 (Area: -Unknown- - Difficulty: 0) (Auras: 251298 - -Unknown-)
(@CGUID+116, 125963, 1779, 9128, 9128, 1, '0', 0, 0, 0, -1363.674, 698.8733, 66.98914, 2.57108, 7200, 0, 0, 0, 0, 0, 0, 0, 0, 26124), -- 虫语传血者 (Area: -Unknown- - Difficulty: 0) (Auras: 211762 - -Unknown-)
(@CGUID+117, 125790, 1779, 9128, 9128, 1, '0', 0, 0, 0, -1358.535, 754.9445, 62.76679, 2.481683, 7200, 0, 0, 0, 0, 0, 0, 0, 0, 26124), -- 影刃助祭 (Area: -Unknown- - Difficulty: 0) (Auras: 251298 - -Unknown-)
(@CGUID+118, 125939, 1779, 9128, 9128, 1, '0', 0, 0, 0, -1366.443, 752.6632, 62.60501, 2.481683, 7200, 0, 0, 0, 0, 0, 0, 0, 0, 26124), -- 剧毒暗影猎手 (Area: -Unknown- - Difficulty: 0) (Auras: 251298 - -Unknown-)
(@CGUID+119, 125755, 1779, 9128, 9128, 1, '0', 0, 0, 0, -1365.264, 744.1996, 62.70736, 3.284997, 7200, 0, 0, 0, 0, 0, 0, 0, 0, 26124), -- 魔焰入侵者 (Area: -Unknown- - Difficulty: 0) (Auras: 251298 - -Unknown-)
(@CGUID+120, 125963, 1779, 9128, 9128, 1, '0', 0, 0, 0, -1360.615, 699.4566, 67.22638, 1.67396, 7200, 0, 0, 0, 0, 0, 0, 0, 0, 26124), -- 虫语传血者 (Area: -Unknown- - Difficulty: 0) (Auras: 211762 - -Unknown-)
(@CGUID+121, 125790, 1779, 9128, 9128, 1, '0', 0, 0, 0, -1339.274, 738.7361, 60.98785, 1.700307, 7200, 0, 0, 0, 0, 0, 0, 0, 0, 26124), -- 影刃助祭 (Area: -Unknown- - Difficulty: 0) (Auras: 251298 - -Unknown-)
(@CGUID+122, 125939, 1779, 9128, 9128, 1, '0', 0, 0, 0, -1333.868, 736.0243, 60.82804, 1.700307, 7200, 0, 0, 0, 0, 0, 0, 0, 0, 26124), -- 剧毒暗影猎手 (Area: -Unknown- - Difficulty: 0) (Auras: 251298 - -Unknown-)
(@CGUID+123, 125757, 1779, 9128, 9128, 1, '0', 0, 0, 0, -1329.757, 739.0243, 60.60129, 1.700307, 7200, 0, 0, 0, 0, 0, 0, 0, 0, 26124), -- 魔焰入侵者 (Area: -Unknown- - Difficulty: 0) (Auras: 251298 - -Unknown-)
(@CGUID+124, 125963, 1779, 9128, 9128, 1, '0', 0, 0, 0, -1357.443, 700.2327, 67.29667, 1.12845, 7200, 0, 0, 0, 0, 0, 0, 0, 0, 26124), -- 虫语传血者 (Area: -Unknown- - Difficulty: 0) (Auras: 211762 - -Unknown-)
(@CGUID+125, 125197, 1779, 9128, 9128, 1, '0', 0, 0, 0, -1392.792, 792.8715, 61.99653, 1.511606, 7200, 0, 0, 0, 0, 0, 0, 0, 0, 26124), -- 邪焰征服者 (Area: -Unknown- - Difficulty: 0) (Auras: 251298 - -Unknown-)
(@CGUID+126, 125781, 1779, 9128, 9128, 1, '0', 0, 0, 0, -1397.399, 785.7535, 61.68925, 3.597098, 7200, 0, 0, 0, 0, 0, 0, 0, 0, 26124), -- 邪怒劫掠者 (Area: -Unknown- - Difficulty: 0) (Auras: 251298 - -Unknown-)
(@CGUID+127, 125963, 1779, 9128, 9128, 1, '0', 0, 0, 0, -1363.674, 698.8733, 66.98914, 2.57108, 7200, 0, 0, 0, 0, 0, 0, 0, 0, 26124), -- 虫语传血者 (Area: -Unknown- - Difficulty: 0) (Auras: 211762 - -Unknown-)
(@CGUID+128, 125963, 1779, 9128, 9128, 1, '0', 0, 0, 0, -1360.615, 699.4566, 67.22638, 1.67396, 7200, 0, 0, 0, 0, 0, 0, 0, 0, 26124), -- 虫语传血者 (Area: -Unknown- - Difficulty: 0) (Auras: 211762 - -Unknown-)
(@CGUID+129, 125963, 1779, 9128, 9128, 1, '0', 0, 0, 0, -1357.443, 700.2327, 67.29667, 1.12845, 7200, 0, 0, 0, 0, 0, 0, 0, 0, 26124), -- 虫语传血者 (Area: -Unknown- - Difficulty: 0) (Auras: 211762 - -Unknown-)
(@CGUID+130, 125963, 1779, 9128, 9128, 1, '0', 0, 0, 0, -1363.674, 698.8733, 66.98914, 2.57108, 7200, 0, 0, 0, 0, 0, 0, 0, 0, 26124), -- 虫语传血者 (Area: -Unknown- - Difficulty: 0) (Auras: 211762 - -Unknown-)
(@CGUID+131, 125781, 1779, 9128, 9128, 1, '0', 0, 0, 0, -1387.116, 739.3264, 61.08328, 1.245084, 7200, 0, 0, 0, 0, 0, 0, 0, 0, 26124), -- 邪怒劫掠者 (Area: -Unknown- - Difficulty: 0) (Auras: 251298 - -Unknown-)
(@CGUID+132, 125781, 1779, 9128, 9128, 1, '0', 0, 0, 0, -1394.991, 736.0486, 61.09133, 2.769453, 7200, 0, 0, 0, 0, 0, 0, 0, 0, 26124), -- 邪怒劫掠者 (Area: -Unknown- - Difficulty: 0) (Auras: 251298 - -Unknown-)
(@CGUID+133, 125779, 1779, 9128, 9128, 1, '0', 0, 0, 0, -1389.325, 729.3125, 60.99444, 4.847795, 7200, 0, 0, 0, 0, 0, 0, 0, 0, 26124), -- 黑魂审判官 (Area: -Unknown- - Difficulty: 0) (Auras: 251298 - -Unknown-)
(@CGUID+134, 125781, 1779, 9128, 9128, 1, '0', 0, 0, 0, -1369.179, 700.1042, 66.21336, 2.497942, 7200, 0, 0, 0, 0, 0, 0, 0, 0, 26124), -- 邪怒劫掠者 (Area: -Unknown- - Difficulty: 0) (Auras: 251298 - -Unknown-)
(@CGUID+135, 125197, 1779, 9128, 9128, 1, '0', 0, 0, 0, -1353.625, 704.0018, 66.62115, 1.171003, 7200, 0, 0, 0, 0, 0, 0, 0, 0, 26124), -- 邪焰征服者 (Area: -Unknown- - Difficulty: 0) (Auras: 251298 - -Unknown-)
-- (@CGUID+136, 73400, 1779, 9128, 9128, 1, '0', 0, 0, 0, -1338.981, 809.2114, 61.64323, 0, 7200, 0, 0, 0, 0, 0, 0, 0, 0, 26124), -- Healing Ran Invisible Stalker DND (Area: -Unknown- - Difficulty: 0) (Auras: 147490 - -Unknown-)
(@CGUID+137, 125963, 1779, 9128, 9128, 1, '0', 0, 0, 0, -1360.615, 699.4566, 67.22638, 1.67396, 7200, 0, 0, 0, 0, 0, 0, 0, 0, 26124), -- 虫语传血者 (Area: -Unknown- - Difficulty: 0) (Auras: 211762 - -Unknown-)
(@CGUID+138, 125963, 1779, 9128, 9128, 1, '0', 0, 0, 0, -1357.443, 700.2327, 67.29667, 1.12845, 7200, 0, 0, 0, 0, 0, 0, 0, 0, 26124), -- 虫语传血者 (Area: -Unknown- - Difficulty: 0) (Auras: 211762 - -Unknown-)
-- (@CGUID+139, 73400, 1779, 9128, 9128, 1, '0', 0, 0, 0, -1382.323, 798.1054, 61.71664, 0, 7200, 0, 0, 0, 0, 0, 0, 0, 0, 26124), -- Healing Ran Invisible Stalker DND (Area: -Unknown- - Difficulty: 0) (Auras: 147490 - -Unknown-)
(@CGUID+140, 125963, 1779, 9128, 9128, 1, '0', 0, 0, 0, -1363.674, 698.8733, 66.98914, 2.57108, 7200, 0, 0, 0, 0, 0, 0, 0, 0, 26124), -- 虫语传血者 (Area: -Unknown- - Difficulty: 0) (Auras: 211762 - -Unknown-)
(@CGUID+141, 125970, 1779, 9128, 9128, 1, '0', 0, 0, 0, -1391.134, 761.9861, 62.60615, 2.765286, 7200, 0, 0, 0, 0, 0, 0, 0, 0, 26124), -- 巨拳湮灭者 (Area: -Unknown- - Difficulty: 0) (Auras: 251298 - -Unknown-)
(@CGUID+142, 125970, 1779, 9128, 9128, 1, '0', 0, 0, 0, -1363.524, 712.2101, 64.18613, 1.81572, 7200, 0, 0, 0, 0, 0, 0, 0, 0, 26124), -- 巨拳湮灭者 (Area: -Unknown- - Difficulty: 0) (Auras: 251298 - -Unknown-)
-- (@CGUID+143, 105422, 1779, 9128, 9128, 1, '0', 0, 0, 0, -1375.188, 794.2001, 61.21201, 0, 7200, 0, 0, 0, 0, 0, 0, 0, 0, 26124), -- 潮汐图腾 (Area: -Unknown- - Difficulty: 0)
(@CGUID+144, 125963, 1779, 9128, 9128, 1, '0', 0, 0, 0, -1360.615, 699.4566, 67.22638, 1.67396, 7200, 0, 0, 0, 0, 0, 0, 0, 0, 26124), -- 虫语传血者 (Area: -Unknown- - Difficulty: 0) (Auras: 211762 - -Unknown-)
(@CGUID+145, 125963, 1779, 9128, 9128, 1, '0', 0, 0, 0, -1357.443, 700.2327, 67.29667, 1.12845, 7200, 0, 0, 0, 0, 0, 0, 0, 0, 26124), -- 虫语传血者 (Area: -Unknown- - Difficulty: 0) (Auras: 211762 - -Unknown-)
(@CGUID+146, 125197, 1779, 9128, 9128, 1, '0', 0, 0, 0, -1345.484, 813.1024, 61.16493, 3.312896, 7200, 0, 0, 0, 0, 0, 0, 0, 0, 26124), -- 邪焰征服者 (Area: -Unknown- - Difficulty: 0) (Auras: 251298 - -Unknown-)
(@CGUID+147, 125781, 1779, 9128, 9128, 1, '0', 0, 0, 0, -1341.092, 809.9011, 61.09292, 5.270924, 7200, 0, 0, 0, 0, 0, 0, 0, 0, 26124), -- 邪怒劫掠者 (Area: -Unknown- - Difficulty: 0) (Auras: 251298 - -Unknown-)
(@CGUID+148, 125963, 1779, 9128, 9128, 1, '0', 0, 0, 0, -1363.674, 698.8733, 66.98914, 2.57108, 7200, 0, 0, 0, 0, 0, 0, 0, 0, 26124), -- 虫语传血者 (Area: -Unknown- - Difficulty: 0) (Auras: 211762 - -Unknown-)
(@CGUID+149, 125790, 1779, 9128, 9128, 1, '0', 0, 0, 0, -1335.795, 769.8542, 62.65799, 4.029824, 7200, 0, 0, 0, 0, 0, 0, 0, 0, 26124), -- 影刃助祭 (Area: -Unknown- - Difficulty: 0) (Auras: 251298 - -Unknown-)
(@CGUID+150, 125790, 1779, 9128, 9128, 1, '0', 0, 0, 0, -1332.42, 779.0972, 62.50553, 1.38611, 7200, 0, 0, 0, 0, 0, 0, 0, 0, 26124), -- 影刃助祭 (Area: -Unknown- - Difficulty: 0) (Auras: 251298 - -Unknown-)
(@CGUID+151, 125963, 1779, 9128, 9128, 1, '0', 0, 0, 0, -1357.443, 700.2327, 67.29667, 1.12845, 7200, 0, 0, 0, 0, 0, 0, 0, 0, 26124), -- 虫语传血者 (Area: -Unknown- - Difficulty: 0) (Auras: 211762 - -Unknown-)
(@CGUID+152, 125963, 1779, 9128, 9128, 1, '0', 0, 0, 0, -1360.615, 699.4566, 67.22638, 1.67396, 7200, 0, 0, 0, 0, 0, 0, 0, 0, 26124), -- 虫语传血者 (Area: -Unknown- - Difficulty: 0) (Auras: 211762 - -Unknown-)
(@CGUID+153, 125963, 1779, 9128, 9128, 1, '0', 0, 0, 0, -1363.674, 698.8733, 66.98914, 2.57108, 7200, 0, 0, 0, 0, 0, 0, 0, 0, 26124), -- 虫语传血者 (Area: -Unknown- - Difficulty: 0) (Auras: 211762 - -Unknown-)
(@CGUID+154, 125666, 1779, 9128, 9128, 1, '0', 0, 0, 0, -1361.656, 704.0347, 65.68648, 1.881438, 7200, 0, 0, 0, 0, 0, 0, 0, 0, 26124), -- 巴德扎尔 (Area: -Unknown- - Difficulty: 0) (Auras: 251298 - -Unknown-)
(@CGUID+155, 125963, 1779, 9128, 9128, 1, '0', 0, 0, 0, -1360.615, 699.4566, 67.22638, 1.747768, 7200, 0, 0, 0, 0, 0, 0, 0, 0, 26124), -- 虫语传血者 (Area: -Unknown- - Difficulty: 0) (Auras: 211762 - -Unknown-)
(@CGUID+156, 125963, 1779, 9128, 9128, 1, '0', 0, 0, 0, -1357.443, 700.2327, 67.29667, 1.12845, 7200, 0, 0, 0, 0, 0, 0, 0, 0, 26124), -- 虫语传血者 (Area: -Unknown- - Difficulty: 0) (Auras: 211762 - -Unknown-)
(@CGUID+157, 125963, 1779, 9128, 9128, 1, '0', 0, 0, 0, -1363.674, 698.8733, 66.98914, 2.57108, 7200, 0, 0, 0, 0, 0, 0, 0, 0, 26124), -- 虫语传血者 (Area: -Unknown- - Difficulty: 0) (Auras: 211762 - -Unknown-)
(@CGUID+158, 125963, 1779, 9128, 9128, 1, '0', 0, 0, 0, -1357.443, 700.2327, 67.29667, 1.12845, 7200, 0, 0, 0, 0, 0, 0, 0, 0, 26124), -- 虫语传血者 (Area: -Unknown- - Difficulty: 0) (Auras: 211762 - -Unknown-)
-- (@CGUID+159, 73400, 1779, 9128, 9128, 1, '0', 0, 0, 0, -1359.351, 709.5109, 64.56237, 0, 7200, 0, 0, 0, 0, 0, 0, 0, 0, 26124), -- Healing Ran Invisible Stalker DND (Area: -Unknown- - Difficulty: 0) (Auras: 147490 - -Unknown-)
(@CGUID+160, 125963, 1779, 9128, 9128, 1, '0', 0, 0, 0, -1360.615, 699.4566, 67.22638, 1.67396, 7200, 0, 0, 0, 0, 0, 0, 0, 0, 26124), -- 虫语传血者 (Area: -Unknown- - Difficulty: 0) (Auras: 211762 - -Unknown-)
(@CGUID+161, 125963, 1779, 9128, 9128, 1, '0', 0, 0, 0, -1357.443, 700.2327, 67.29667, 1.12845, 7200, 0, 0, 0, 0, 0, 0, 0, 0, 26124), -- 虫语传血者 (Area: -Unknown- - Difficulty: 0) (Auras: 211762 - -Unknown-)
(@CGUID+162, 125963, 1779, 9128, 9128, 1, '0', 0, 0, 0, -1363.674, 698.8733, 66.98914, 2.57108, 7200, 0, 0, 0, 0, 0, 0, 0, 0, 26124), -- 虫语传血者 (Area: -Unknown- - Difficulty: 0) (Auras: 211762 - -Unknown-)
(@CGUID+163, 125963, 1779, 9128, 9128, 1, '0', 0, 0, 0, -1357.443, 700.2327, 67.29667, 1.12845, 7200, 0, 0, 0, 0, 0, 0, 0, 0, 26124), -- 虫语传血者 (Area: -Unknown- - Difficulty: 0) (Auras: 211762 - -Unknown-)
-- (@CGUID+164, 73400, 1779, 9128, 9128, 1, '0', 0, 0, 0, -1371.615, 715.4069, 62.85942, 0, 7200, 0, 0, 0, 0, 0, 0, 0, 0, 26124), -- Healing Ran Invisible Stalker DND (Area: -Unknown- - Difficulty: 0) (Auras: 147490 - -Unknown-)
(@CGUID+165, 125963, 1779, 9128, 9128, 1, '0', 0, 0, 0, -1360.615, 699.4566, 67.22638, 1.67396, 7200, 0, 0, 0, 0, 0, 0, 0, 0, 26124), -- 虫语传血者 (Area: -Unknown- - Difficulty: 0) (Auras: 211762 - -Unknown-)
(@CGUID+166, 125963, 1779, 9128, 9128, 1, '0', 0, 0, 0, -1363.674, 698.8733, 66.98914, 2.57108, 7200, 0, 0, 0, 0, 0, 0, 0, 0, 26124), -- 虫语传血者 (Area: -Unknown- - Difficulty: 0) (Auras: 211762 - -Unknown-)
-- (@CGUID+167, 105422, 1779, 9128, 9128, 1, '0', 0, 0, 0, -1370.389, 737.8152, 61.48198, 0, 7200, 0, 0, 0, 0, 0, 0, 0, 0, 26124), -- 潮汐图腾 (Area: -Unknown- - Difficulty: 0)
(@CGUID+168, 125963, 1779, 9128, 9128, 1, '0', 0, 0, 0, -1360.615, 699.4566, 67.22638, 1.67396, 7200, 0, 0, 0, 0, 0, 0, 0, 0, 26124), -- 虫语传血者 (Area: -Unknown- - Difficulty: 0) (Auras: 211762 - -Unknown-)
-- (@CGUID+169, 73400, 1779, 9128, 9128, 1, '0', 0, 0, 0, -1365.028, 729.3528, 61.64322, 0, 7200, 0, 0, 0, 0, 0, 0, 0, 0, 26124), -- Healing Ran Invisible Stalker DND (Area: -Unknown- - Difficulty: 0) (Auras: 147490 - -Unknown-)
(@CGUID+170, 125963, 1779, 9128, 9128, 1, '0', 0, 0, 0, -1363.674, 698.8733, 66.98914, 2.57108, 7200, 0, 0, 0, 0, 0, 0, 0, 0, 26124), -- 虫语传血者 (Area: -Unknown- - Difficulty: 0) (Auras: 211762 - -Unknown-)
(@CGUID+171, 125963, 1779, 9128, 9128, 1, '0', 0, 0, 0, -1357.443, 700.2327, 67.29667, 1.12845, 7200, 0, 0, 0, 0, 0, 0, 0, 0, 26124), -- 虫语传血者 (Area: -Unknown- - Difficulty: 0) (Auras: 211762 - -Unknown-)
(@CGUID+172, 125963, 1779, 9128, 9128, 1, '0', 0, 0, 0, -1360.615, 699.4566, 67.22638, 1.67396, 7200, 0, 0, 0, 0, 0, 0, 0, 0, 26124), -- 虫语传血者 (Area: -Unknown- - Difficulty: 0) (Auras: 211762 - -Unknown-)
(@CGUID+173, 125963, 1779, 9128, 9128, 1, '0', 0, 0, 0, -1357.443, 700.2327, 67.29667, 1.12845, 7200, 0, 0, 0, 0, 0, 0, 0, 0, 26124), -- 虫语传血者 (Area: -Unknown- - Difficulty: 0) (Auras: 211762 - -Unknown-)
(@CGUID+174, 125963, 1779, 9128, 9128, 1, '0', 0, 0, 0, -1363.674, 698.8733, 66.98914, 2.57108, 7200, 0, 0, 0, 0, 0, 0, 0, 0, 26124), -- 虫语传血者 (Area: -Unknown- - Difficulty: 0) (Auras: 211762 - -Unknown-)
-- (@CGUID+175, 73400, 1779, 9128, 9128, 1, '0', 0, 0, 0, -1363.783, 729.8528, 61.64322, 0, 7200, 0, 0, 0, 0, 0, 0, 0, 0, 26124), -- Healing Ran Invisible Stalker DND (Area: -Unknown- - Difficulty: 0) (Auras: 147490 - -Unknown-)
(@CGUID+176, 125963, 1779, 9128, 9128, 1, '0', 0, 0, 0, -1360.615, 699.4566, 67.22638, 1.67396, 7200, 0, 0, 0, 0, 0, 0, 0, 0, 26124), -- 虫语传血者 (Area: -Unknown- - Difficulty: 0) (Auras: 211762 - -Unknown-)
-- (@CGUID+177, 105422, 1779, 9128, 9128, 1, '0', 0, 0, 0, -1369.48, 726.9129, 61.14856, 0, 7200, 0, 0, 0, 0, 0, 0, 0, 0, 26124), -- 潮汐图腾 (Area: -Unknown- - Difficulty: 0)
(@CGUID+178, 125963, 1779, 9128, 9128, 1, '0', 0, 0, 0, -1357.443, 700.2327, 67.29667, 1.12845, 7200, 0, 0, 0, 0, 0, 0, 0, 0, 26124), -- 虫语传血者 (Area: -Unknown- - Difficulty: 0) (Auras: 211762 - -Unknown-)
(@CGUID+179, 125963, 1779, 9128, 9128, 1, '0', 0, 0, 0, -1363.674, 698.8733, 66.98914, 2.57108, 7200, 0, 0, 0, 0, 0, 0, 0, 0, 26124), -- 虫语传血者 (Area: -Unknown- - Difficulty: 0) (Auras: 211762 - -Unknown-)
-- (@CGUID+180, 105422, 1779, 9128, 9128, 1, '0', 0, 0, 0, -1325.983, 750.9163, 61.09112, 0, 7200, 0, 0, 0, 0, 0, 0, 0, 0, 26124), -- 潮汐图腾 (Area: -Unknown- - Difficulty: 0)
(@CGUID+181, 125963, 1779, 9128, 9128, 1, '0', 0, 0, 0, -1360.615, 699.4566, 67.22638, 1.67396, 7200, 0, 0, 0, 0, 0, 0, 0, 0, 26124), -- 虫语传血者 (Area: -Unknown- - Difficulty: 0) (Auras: 211762 - -Unknown-)
-- (@CGUID+182, 73400, 1779, 9128, 9128, 1, '0', 0, 0, 0, -1365.498, 730.9256, 61.64322, 0, 7200, 0, 0, 0, 0, 0, 0, 0, 0, 26124), -- Healing Ran Invisible Stalker DND (Area: -Unknown- - Difficulty: 0) (Auras: 147490 - -Unknown-)
(@CGUID+183, 125963, 1779, 9128, 9128, 1, '0', 0, 0, 0, -1357.443, 700.2327, 67.29667, 1.12845, 7200, 0, 0, 0, 0, 0, 0, 0, 0, 26124), -- 虫语传血者 (Area: -Unknown- - Difficulty: 0) (Auras: 211762 - -Unknown-)
(@CGUID+184, 125963, 1779, 9128, 9128, 1, '0', 0, 0, 0, -1363.674, 698.8733, 66.98914, 2.57108, 7200, 0, 0, 0, 0, 0, 0, 0, 0, 26124), -- 虫语传血者 (Area: -Unknown- - Difficulty: 0) (Auras: 211762 - -Unknown-)
(@CGUID+185, 125963, 1779, 9128, 9128, 1, '0', 0, 0, 0, -1357.443, 700.2327, 67.29667, 1.12845, 7200, 0, 0, 0, 0, 0, 0, 0, 0, 26124), -- 虫语传血者 (Area: -Unknown- - Difficulty: 0) (Auras: 211762 - -Unknown-)
-- (@CGUID+186, 73400, 1779, 9128, 9128, 1, '0', 0, 0, 0, -1357.579, 731.8749, 61.64322, 0, 7200, 0, 0, 0, 0, 0, 0, 0, 0, 26124), -- Healing Ran Invisible Stalker DND (Area: -Unknown- - Difficulty: 0) (Auras: 147490 - -Unknown-)
(@CGUID+187, 125963, 1779, 9128, 9128, 1, '0', 0, 0, 0, -1363.674, 698.8733, 66.98914, 2.57108, 7200, 0, 0, 0, 0, 0, 0, 0, 0, 26124), -- 虫语传血者 (Area: -Unknown- - Difficulty: 0) (Auras: 211762 - -Unknown-)
(@CGUID+188, 125963, 1779, 9128, 9128, 1, '0', 0, 0, 0, -1360.615, 699.4566, 67.22638, 1.67396, 7200, 0, 0, 0, 0, 0, 0, 0, 0, 26124), -- 虫语传血者 (Area: -Unknown- - Difficulty: 0) (Auras: 211762 - -Unknown-)
(@CGUID+189, 124884, 1779, 9128, 9128, 1, '0', 0, 0, 0, -1390.74, 761.0278, 62.58426, 5.477909, 7200, 0, 0, 0, 0, 0, 0, 0, 0, 26124), -- 侵入点 (Area: -Unknown- - Difficulty: 0)
(@CGUID+190, 127108, 1779, 9128, 9128, 1, '0', 0, 0, 0, -1390.74, 761.0278, 62.58426, 0.08982736, 7200, 0, 0, 0, 0, 0, 0, 0, 0, 26124), -- 恶魔猎手 (Area: -Unknown- - Difficulty: 0) (Auras: 222589 - -Unknown-)
(@CGUID+191, 127108, 1779, 9128, 9128, 1, '0', 0, 0, 0, -1390.74, 761.0278, 62.58426, 1.346462, 7200, 0, 0, 0, 0, 0, 0, 0, 0, 26124), -- 恶魔猎手 (Area: -Unknown- - Difficulty: 0) (Auras: 222589 - -Unknown-)
(@CGUID+192, 127108, 1779, 9128, 9128, 1, '0', 0, 0, 0, -1390.74, 761.0278, 62.58426, 2.603098, 7200, 0, 0, 0, 0, 0, 0, 0, 0, 26124), -- 恶魔猎手 (Area: -Unknown- - Difficulty: 0) (Auras: 222589 - -Unknown-)
(@CGUID+193, 127108, 1779, 9128, 9128, 1, '0', 0, 0, 0, -1390.74, 761.0278, 62.58426, 3.859742, 7200, 0, 0, 0, 0, 0, 0, 0, 0, 26124), -- 恶魔猎手 (Area: -Unknown- - Difficulty: 0) (Auras: 222589 - -Unknown-)
(@CGUID+194, 127108, 1779, 9128, 9128, 1, '0', 0, 0, 0, -1390.74, 761.0278, 62.58426, 5.115621, 7200, 0, 0, 0, 0, 0, 0, 0, 0, 26124); -- 恶魔猎手 (Area: -Unknown- - Difficulty: 0) (Auras: 222589 - -Unknown-)
DELETE FROM `creature_addon` WHERE `guid` BETWEEN @CGUID+0 AND @CGUID+194;
INSERT INTO `creature_addon` (`guid`, `path_id`, `mount`, `bytes1`, `bytes2`, `emote`, `aiAnimKit`, `movementAnimKit`, `meleeAnimKit`, `auras`) VALUES

(@CGUID+17, 0, 0, 0, 1, 0, 0, 0, 0, ''), -- 侵入点：萨古亚

(@CGUID+19, 0, 0, 0, 1, 0, 0, 0, 0, ''), -- 魔焰入侵者
(@CGUID+20, 0, 0, 0, 1, 0, 0, 0, 0, '250031'), -- 军团抽血机 - 250031 - -Unknown-
(@CGUID+21, 0, 0, 0, 1, 0, 0, 0, 0, '250031'), -- 军团抽血机 - 250031 - -Unknown-
(@CGUID+22, 0, 0, 0, 1, 0, 0, 0, 0, ''), -- 邪焰征服者
(@CGUID+23, 0, 0, 0, 1, 0, 0, 0, 0, ''), -- 魔焰入侵者
(@CGUID+24, 0, 0, 0, 1, 0, 0, 0, 0, '250031'), -- 军团抽血机 - 250031 - -Unknown-
(@CGUID+25, 0, 0, 0, 1, 0, 0, 0, 0, ''), -- 邪焰征服者
(@CGUID+26, 0, 0, 0, 1, 0, 0, 0, 0, ''), -- 虫语传血者
(@CGUID+27, 0, 0, 0, 1, 0, 0, 0, 0, ''), -- 侵入点
(@CGUID+28, 0, 0, 0, 1, 0, 0, 0, 0, ''), -- 黑魂审判官
(@CGUID+29, 0, 0, 1, 1, 0, 0, 0, 0, ''), -- 虫语传血者
(@CGUID+30, 0, 0, 0, 1, 0, 0, 0, 0, '250154'), -- 虫语传血者 - 250154 - -Unknown-
(@CGUID+31, 0, 0, 0, 1, 0, 0, 0, 0, ''), -- 邪怒劫掠者
(@CGUID+32, 0, 0, 0, 1, 0, 0, 0, 0, ''), -- 影刃助祭
(@CGUID+33, 0, 0, 0, 1, 0, 0, 0, 0, ''), -- 黑魂审判官
(@CGUID+34, 0, 0, 0, 1, 0, 0, 0, 0, '252309'), -- 黑魂审判官 - 252309 - -Unknown-
(@CGUID+35, 0, 0, 0, 1, 0, 0, 0, 0, '250031'), -- 军团抽血机 - 250031 - -Unknown-
(@CGUID+36, 0, 0, 0, 1, 0, 0, 0, 0, ''), -- 虫语传血者
(@CGUID+37, 0, 0, 0, 1, 0, 0, 0, 0, ''), -- 邪怒劫掠者
(@CGUID+38, 0, 0, 0, 1, 0, 0, 0, 0, ''), -- 邪怒劫掠者
(@CGUID+39, 0, 0, 0, 1, 0, 0, 0, 0, ''), -- 影刃助祭
(@CGUID+40, 0, 0, 0, 1, 0, 0, 0, 0, '250031'), -- 军团抽血机 - 250031 - -Unknown-
(@CGUID+41, 0, 0, 0, 1, 0, 0, 0, 0, '250031'), -- 军团抽血机 - 250031 - -Unknown-
(@CGUID+42, 0, 0, 0, 1, 0, 0, 0, 0, ''), -- 邪怒劫掠者
(@CGUID+43, 0, 0, 0, 1, 0, 0, 0, 0, ''), -- 军团传送门
(@CGUID+44, 0, 0, 0, 1, 0, 0, 0, 0, '250031'), -- 军团抽血机 - 250031 - -Unknown-
(@CGUID+45, 0, 0, 0, 1, 0, 0, 0, 0, '250031'), -- 军团抽血机 - 250031 - -Unknown-
(@CGUID+46, 0, 0, 0, 1, 0, 0, 0, 0, ''), -- 邪焰征服者
(@CGUID+47, 0, 0, 50331648, 1, 0, 0, 0, 0, '250235'), -- 德赛麦克斯号 - 250235 - -Unknown-
(@CGUID+48, 0, 0, 0, 1, 0, 0, 0, 0, '252068'), -- 鲜血之瓶 - 252068 - -Unknown-
(@CGUID+49, 0, 0, 50331648, 1, 0, 0, 0, 0, ''), -- Invasion Point Bunny
(@CGUID+50, 0, 0, 0, 1, 0, 0, 0, 0, '252068'), -- 鲜血之瓶 - 252068 - -Unknown-
(@CGUID+51, 0, 0, 0, 1, 0, 0, 0, 0, '252068'), -- 鲜血之瓶 - 252068 - -Unknown-
(@CGUID+52, 0, 0, 0, 1, 0, 0, 0, 0, '251298'), -- 影刃助祭 - 251298 - -Unknown-
(@CGUID+53, 0, 0, 0, 1, 0, 0, 0, 0, '251298'), -- 剧毒暗影猎手 - 251298 - -Unknown-
(@CGUID+54, 0, 0, 0, 1, 0, 0, 0, 0, '251298'), -- 魔焰入侵者 - 251298 - -Unknown-
(@CGUID+55, 0, 0, 0, 1, 0, 0, 0, 0, '251298'), -- 巨拳湮灭者 - 251298 - -Unknown-
(@CGUID+56, 0, 0, 0, 1, 0, 0, 0, 0, '251298'), -- 邪怒劫掠者 - 251298 - -Unknown-
(@CGUID+57, 0, 0, 0, 1, 0, 0, 0, 0, '251298'), -- 邪焰征服者 - 251298 - -Unknown-
(@CGUID+58, 0, 0, 0, 1, 0, 0, 0, 0, '251298'), -- 黑魂审判官 - 251298 - -Unknown-
(@CGUID+59, 0, 0, 0, 1, 0, 0, 0, 0, '251298'), -- 邪怒劫掠者 - 251298 - -Unknown-
(@CGUID+60, 0, 0, 0, 1, 0, 0, 0, 0, '251298'), -- 邪怒劫掠者 - 251298 - -Unknown-
(@CGUID+61, 0, 0, 0, 1, 0, 0, 0, 0, '251298'), -- 影刃助祭 - 251298 - -Unknown-
(@CGUID+62, 0, 0, 0, 1, 0, 0, 0, 0, '251298'), -- 邪怒劫掠者 - 251298 - -Unknown-
(@CGUID+63, 0, 0, 0, 1, 0, 0, 0, 0, '251298'), -- 剧毒暗影猎手 - 251298 - -Unknown-
(@CGUID+64, 0, 0, 0, 1, 0, 0, 0, 0, '251298'), -- 影刃助祭 - 251298 - -Unknown-
(@CGUID+65, 0, 0, 0, 1, 0, 0, 0, 0, '251298'), -- 魔焰入侵者 - 251298 - -Unknown-
(@CGUID+66, 0, 0, 0, 1, 0, 0, 0, 0, '251298'), -- 剧毒暗影猎手 - 251298 - -Unknown-
(@CGUID+67, 0, 0, 0, 1, 0, 0, 0, 0, '251298'), -- 邪焰征服者 - 251298 - -Unknown-
(@CGUID+68, 0, 0, 0, 1, 0, 0, 0, 0, '251298'), -- 魔焰入侵者 - 251298 - -Unknown-
(@CGUID+69, 0, 0, 0, 1, 0, 0, 0, 0, '251298'), -- 巨拳湮灭者 - 251298 - -Unknown-
(@CGUID+70, 0, 0, 0, 1, 0, 0, 0, 0, '251298'), -- 影刃助祭 - 251298 - -Unknown-
(@CGUID+71, 0, 0, 0, 1, 0, 0, 0, 0, '251298'), -- 剧毒暗影猎手 - 251298 - -Unknown-
(@CGUID+72, 0, 0, 0, 1, 0, 0, 0, 0, '251298'), -- 魔焰入侵者 - 251298 - -Unknown-
(@CGUID+73, 0, 0, 0, 1, 0, 0, 0, 0, '251298'), -- 影刃助祭 - 251298 - -Unknown-
(@CGUID+74, 0, 0, 0, 1, 0, 0, 0, 0, '251298'), -- 剧毒暗影猎手 - 251298 - -Unknown-
(@CGUID+75, 0, 0, 0, 1, 0, 0, 0, 0, '251298'), -- 魔焰入侵者 - 251298 - -Unknown-
(@CGUID+76, 0, 0, 0, 1, 0, 0, 0, 0, '251298'), -- 邪怒劫掠者 - 251298 - -Unknown-
(@CGUID+77, 0, 0, 0, 1, 0, 0, 0, 0, '251298'), -- 影刃助祭 - 251298 - -Unknown-
(@CGUID+78, 0, 0, 0, 1, 0, 0, 0, 0, '251298'), -- 影刃助祭 - 251298 - -Unknown-
(@CGUID+79, 0, 0, 0, 1, 0, 0, 0, 0, '251298'), -- 邪焰征服者 - 251298 - -Unknown-
(@CGUID+80, 0, 0, 0, 1, 0, 0, 0, 0, '211762'), -- 虫语传血者 - 211762 - -Unknown-
(@CGUID+81, 0, 0, 0, 1, 0, 0, 0, 0, '211762'), -- 虫语传血者 - 211762 - -Unknown-
(@CGUID+82, 0, 0, 0, 1, 0, 0, 0, 0, '211762'), -- 虫语传血者 - 211762 - -Unknown-
(@CGUID+83, 0, 0, 0, 1, 0, 0, 0, 0, '252068'), -- 鲜血之瓶 - 252068 - -Unknown-
(@CGUID+84, 0, 0, 0, 1, 0, 0, 0, 0, '252068'), -- 鲜血之瓶 - 252068 - -Unknown-
(@CGUID+85, 0, 0, 0, 1, 0, 0, 0, 0, '252068'), -- 鲜血之瓶 - 252068 - -Unknown-
(@CGUID+86, 0, 0, 0, 1, 0, 0, 0, 0, '211762'), -- 虫语传血者 - 211762 - -Unknown-
(@CGUID+87, 0, 0, 0, 1, 0, 0, 0, 0, '211762'), -- 虫语传血者 - 211762 - -Unknown-
(@CGUID+88, 0, 0, 0, 1, 0, 0, 0, 0, '211762'), -- 虫语传血者 - 211762 - -Unknown-
(@CGUID+89, 0, 0, 0, 1, 0, 0, 0, 0, '211762'), -- 虫语传血者 - 211762 - -Unknown-
(@CGUID+90, 0, 0, 0, 1, 0, 0, 0, 0, '211762'), -- 虫语传血者 - 211762 - -Unknown-
(@CGUID+91, 0, 0, 0, 1, 0, 0, 0, 0, '211762'), -- 虫语传血者 - 211762 - -Unknown-
(@CGUID+92, 0, 0, 0, 1, 0, 0, 0, 0, '211762'), -- 虫语传血者 - 211762 - -Unknown-
(@CGUID+93, 0, 0, 0, 1, 0, 0, 0, 0, '211762'), -- 虫语传血者 - 211762 - -Unknown-
(@CGUID+94, 0, 0, 0, 1, 0, 0, 0, 0, '211762'), -- 虫语传血者 - 211762 - -Unknown-
(@CGUID+95, 0, 0, 0, 1, 0, 0, 0, 0, '211762'), -- 虫语传血者 - 211762 - -Unknown-
(@CGUID+96, 0, 0, 0, 1, 0, 0, 0, 0, '251298'), -- 巨拳湮灭者 - 251298 - -Unknown-
(@CGUID+97, 0, 0, 0, 1, 0, 0, 0, 0, '251298'), -- 黑魂审判官 - 251298 - -Unknown-
(@CGUID+98, 0, 0, 0, 1, 0, 0, 0, 0, '251298'), -- 邪怒劫掠者 - 251298 - -Unknown-
(@CGUID+99, 0, 0, 0, 1, 0, 0, 0, 0, '251298'), -- 邪怒劫掠者 - 251298 - -Unknown-
(@CGUID+100, 0, 0, 0, 1, 0, 0, 0, 0, '211762'), -- 虫语传血者 - 211762 - -Unknown-
(@CGUID+101, 0, 0, 0, 1, 0, 0, 0, 0, '211762'), -- 虫语传血者 - 211762 - -Unknown-
-- (@CGUID+102, 0, 0, 50331648, 1, 0, 0, 0, 0, '147490'), -- Healing Ran Invisible Stalker DND - 147490 - -Unknown-
(@CGUID+103, 0, 0, 0, 1, 0, 0, 0, 0, '211762'), -- 虫语传血者 - 211762 - -Unknown-
(@CGUID+104, 0, 0, 0, 1, 0, 0, 0, 0, '211762'), -- 虫语传血者 - 211762 - -Unknown-
(@CGUID+105, 0, 0, 0, 1, 0, 0, 0, 0, '251298'), -- 影刃助祭 - 251298 - -Unknown-
(@CGUID+106, 0, 0, 0, 1, 0, 0, 0, 0, '251298'), -- 影刃助祭 - 251298 - -Unknown-
(@CGUID+107, 0, 0, 0, 1, 0, 0, 0, 0, '251298'), -- 影刃助祭 - 251298 - -Unknown-
(@CGUID+108, 0, 0, 0, 1, 0, 0, 0, 0, '251298'), -- 剧毒暗影猎手 - 251298 - -Unknown-
(@CGUID+109, 0, 0, 0, 1, 0, 0, 0, 0, '251298'), -- 魔焰入侵者 - 251298 - -Unknown-
(@CGUID+110, 0, 0, 0, 1, 0, 0, 0, 0, '211762'), -- 虫语传血者 - 211762 - -Unknown-
(@CGUID+111, 0, 0, 0, 1, 0, 0, 0, 0, '211762'), -- 虫语传血者 - 211762 - -Unknown-
(@CGUID+112, 0, 0, 0, 1, 0, 0, 0, 0, '211762'), -- 虫语传血者 - 211762 - -Unknown-
(@CGUID+113, 0, 0, 0, 1, 0, 0, 0, 0, '251298'), -- 影刃助祭 - 251298 - -Unknown-
(@CGUID+114, 0, 0, 0, 1, 0, 0, 0, 0, '251298'), -- 剧毒暗影猎手 - 251298 - -Unknown-
(@CGUID+115, 0, 0, 0, 1, 0, 0, 0, 0, '251298'), -- 魔焰入侵者 - 251298 - -Unknown-
(@CGUID+116, 0, 0, 0, 1, 0, 0, 0, 0, '211762'), -- 虫语传血者 - 211762 - -Unknown-
(@CGUID+117, 0, 0, 0, 1, 0, 0, 0, 0, '251298'), -- 影刃助祭 - 251298 - -Unknown-
(@CGUID+118, 0, 0, 0, 1, 0, 0, 0, 0, '251298'), -- 剧毒暗影猎手 - 251298 - -Unknown-
(@CGUID+119, 0, 0, 0, 1, 0, 0, 0, 0, '251298'), -- 魔焰入侵者 - 251298 - -Unknown-
(@CGUID+120, 0, 0, 0, 1, 0, 0, 0, 0, '211762'), -- 虫语传血者 - 211762 - -Unknown-
(@CGUID+121, 0, 0, 0, 1, 0, 0, 0, 0, '251298'), -- 影刃助祭 - 251298 - -Unknown-
(@CGUID+122, 0, 0, 0, 1, 0, 0, 0, 0, '251298'), -- 剧毒暗影猎手 - 251298 - -Unknown-
(@CGUID+123, 0, 0, 0, 1, 0, 0, 0, 0, '251298'), -- 魔焰入侵者 - 251298 - -Unknown-
(@CGUID+124, 0, 0, 0, 1, 0, 0, 0, 0, '211762'), -- 虫语传血者 - 211762 - -Unknown-
(@CGUID+125, 0, 0, 0, 1, 0, 0, 0, 0, '251298'), -- 邪焰征服者 - 251298 - -Unknown-
(@CGUID+126, 0, 0, 0, 1, 0, 0, 0, 0, '251298'), -- 邪怒劫掠者 - 251298 - -Unknown-
(@CGUID+127, 0, 0, 0, 1, 0, 0, 0, 0, '211762'), -- 虫语传血者 - 211762 - -Unknown-
(@CGUID+128, 0, 0, 0, 1, 0, 0, 0, 0, '211762'), -- 虫语传血者 - 211762 - -Unknown-
(@CGUID+129, 0, 0, 0, 1, 0, 0, 0, 0, '211762'), -- 虫语传血者 - 211762 - -Unknown-
(@CGUID+130, 0, 0, 0, 1, 0, 0, 0, 0, '211762'), -- 虫语传血者 - 211762 - -Unknown-
(@CGUID+131, 0, 0, 0, 1, 0, 0, 0, 0, '251298'), -- 邪怒劫掠者 - 251298 - -Unknown-
(@CGUID+132, 0, 0, 0, 1, 0, 0, 0, 0, '251298'), -- 邪怒劫掠者 - 251298 - -Unknown-
(@CGUID+133, 0, 0, 0, 1, 0, 0, 0, 0, '251298'), -- 黑魂审判官 - 251298 - -Unknown-
(@CGUID+134, 0, 0, 0, 1, 0, 0, 0, 0, '251298'), -- 邪怒劫掠者 - 251298 - -Unknown-
(@CGUID+135, 0, 0, 0, 1, 0, 0, 0, 0, '251298'), -- 邪焰征服者 - 251298 - -Unknown-
-- (@CGUID+136, 0, 0, 50331648, 1, 0, 0, 0, 0, '147490'), -- Healing Ran Invisible Stalker DND - 147490 - -Unknown-
(@CGUID+137, 0, 0, 0, 1, 0, 0, 0, 0, '211762'), -- 虫语传血者 - 211762 - -Unknown-
(@CGUID+138, 0, 0, 0, 1, 0, 0, 0, 0, '211762'), -- 虫语传血者 - 211762 - -Unknown-
-- (@CGUID+139, 0, 0, 50331648, 1, 0, 0, 0, 0, '147490'), -- Healing Ran Invisible Stalker DND - 147490 - -Unknown-
(@CGUID+140, 0, 0, 0, 1, 0, 0, 0, 0, '211762'), -- 虫语传血者 - 211762 - -Unknown-
(@CGUID+141, 0, 0, 0, 1, 0, 0, 0, 0, '251298'), -- 巨拳湮灭者 - 251298 - -Unknown-
(@CGUID+142, 0, 0, 0, 1, 0, 0, 0, 0, '251298'), -- 巨拳湮灭者 - 251298 - -Unknown-
-- (@CGUID+143, 0, 0, 0, 1, 0, 0, 0, 0, ''), -- 潮汐图腾
(@CGUID+144, 0, 0, 0, 1, 0, 0, 0, 0, '211762'), -- 虫语传血者 - 211762 - -Unknown-
(@CGUID+145, 0, 0, 0, 1, 0, 0, 0, 0, '211762'), -- 虫语传血者 - 211762 - -Unknown-
(@CGUID+146, 0, 0, 0, 1, 0, 0, 0, 0, '251298'), -- 邪焰征服者 - 251298 - -Unknown-
(@CGUID+147, 0, 0, 0, 1, 0, 0, 0, 0, '251298'), -- 邪怒劫掠者 - 251298 - -Unknown-
(@CGUID+148, 0, 0, 0, 1, 0, 0, 0, 0, '211762'), -- 虫语传血者 - 211762 - -Unknown-
(@CGUID+149, 0, 0, 0, 1, 0, 0, 0, 0, '251298'), -- 影刃助祭 - 251298 - -Unknown-
(@CGUID+150, 0, 0, 0, 1, 0, 0, 0, 0, '251298'), -- 影刃助祭 - 251298 - -Unknown-
(@CGUID+151, 0, 0, 0, 1, 0, 0, 0, 0, '211762'), -- 虫语传血者 - 211762 - -Unknown-
(@CGUID+152, 0, 0, 0, 1, 0, 0, 0, 0, '211762'), -- 虫语传血者 - 211762 - -Unknown-
(@CGUID+153, 0, 0, 0, 1, 0, 0, 0, 0, '211762'), -- 虫语传血者 - 211762 - -Unknown-
(@CGUID+154, 0, 0, 0, 1, 0, 0, 0, 0, '251298'), -- 巴德扎尔 - 251298 - -Unknown-
(@CGUID+155, 0, 0, 0, 1, 0, 0, 0, 0, '211762'), -- 虫语传血者 - 211762 - -Unknown-
(@CGUID+156, 0, 0, 0, 1, 0, 0, 0, 0, '211762'), -- 虫语传血者 - 211762 - -Unknown-
(@CGUID+157, 0, 0, 0, 1, 0, 0, 0, 0, '211762'), -- 虫语传血者 - 211762 - -Unknown-
(@CGUID+158, 0, 0, 0, 1, 0, 0, 0, 0, '211762'), -- 虫语传血者 - 211762 - -Unknown-
-- (@CGUID+159, 0, 0, 50331648, 1, 0, 0, 0, 0, '147490'), -- Healing Ran Invisible Stalker DND - 147490 - -Unknown-
(@CGUID+160, 0, 0, 0, 1, 0, 0, 0, 0, '211762'), -- 虫语传血者 - 211762 - -Unknown-
(@CGUID+161, 0, 0, 0, 1, 0, 0, 0, 0, '211762'), -- 虫语传血者 - 211762 - -Unknown-
(@CGUID+162, 0, 0, 0, 1, 0, 0, 0, 0, '211762'), -- 虫语传血者 - 211762 - -Unknown-
(@CGUID+163, 0, 0, 0, 1, 0, 0, 0, 0, '211762'), -- 虫语传血者 - 211762 - -Unknown-
-- (@CGUID+164, 0, 0, 50331648, 1, 0, 0, 0, 0, '147490'), -- Healing Ran Invisible Stalker DND - 147490 - -Unknown-
(@CGUID+165, 0, 0, 0, 1, 0, 0, 0, 0, '211762'), -- 虫语传血者 - 211762 - -Unknown-
(@CGUID+166, 0, 0, 0, 1, 0, 0, 0, 0, '211762'), -- 虫语传血者 - 211762 - -Unknown-
-- (@CGUID+167, 0, 0, 0, 1, 0, 0, 0, 0, ''), -- 潮汐图腾
(@CGUID+168, 0, 0, 0, 1, 0, 0, 0, 0, '211762'), -- 虫语传血者 - 211762 - -Unknown-
-- (@CGUID+169, 0, 0, 50331648, 1, 0, 0, 0, 0, '147490'), -- Healing Ran Invisible Stalker DND - 147490 - -Unknown-
(@CGUID+170, 0, 0, 0, 1, 0, 0, 0, 0, '211762'), -- 虫语传血者 - 211762 - -Unknown-
(@CGUID+171, 0, 0, 0, 1, 0, 0, 0, 0, '211762'), -- 虫语传血者 - 211762 - -Unknown-
(@CGUID+172, 0, 0, 0, 1, 0, 0, 0, 0, '211762'), -- 虫语传血者 - 211762 - -Unknown-
(@CGUID+173, 0, 0, 0, 1, 0, 0, 0, 0, '211762'), -- 虫语传血者 - 211762 - -Unknown-
(@CGUID+174, 0, 0, 0, 1, 0, 0, 0, 0, '211762'), -- 虫语传血者 - 211762 - -Unknown-
-- (@CGUID+175, 0, 0, 50331648, 1, 0, 0, 0, 0, '147490'), -- Healing Ran Invisible Stalker DND - 147490 - -Unknown-
(@CGUID+176, 0, 0, 0, 1, 0, 0, 0, 0, '211762'), -- 虫语传血者 - 211762 - -Unknown-
-- (@CGUID+177, 0, 0, 0, 1, 0, 0, 0, 0, ''), -- 潮汐图腾
(@CGUID+178, 0, 0, 0, 1, 0, 0, 0, 0, '211762'), -- 虫语传血者 - 211762 - -Unknown-
(@CGUID+179, 0, 0, 0, 1, 0, 0, 0, 0, '211762'), -- 虫语传血者 - 211762 - -Unknown-
-- (@CGUID+180, 0, 0, 0, 1, 0, 0, 0, 0, ''), -- 潮汐图腾
(@CGUID+181, 0, 0, 0, 1, 0, 0, 0, 0, '211762'), -- 虫语传血者 - 211762 - -Unknown-
-- (@CGUID+182, 0, 0, 50331648, 1, 0, 0, 0, 0, '147490'), -- Healing Ran Invisible Stalker DND - 147490 - -Unknown-
(@CGUID+183, 0, 0, 0, 1, 0, 0, 0, 0, '211762'), -- 虫语传血者 - 211762 - -Unknown-
(@CGUID+184, 0, 0, 0, 1, 0, 0, 0, 0, '211762'), -- 虫语传血者 - 211762 - -Unknown-
(@CGUID+185, 0, 0, 0, 1, 0, 0, 0, 0, '211762'), -- 虫语传血者 - 211762 - -Unknown-
-- (@CGUID+186, 0, 0, 50331648, 1, 0, 0, 0, 0, '147490'), -- Healing Ran Invisible Stalker DND - 147490 - -Unknown-
(@CGUID+187, 0, 0, 0, 1, 0, 0, 0, 0, '211762'), -- 虫语传血者 - 211762 - -Unknown-
(@CGUID+188, 0, 0, 0, 1, 0, 0, 0, 0, '211762'), -- 虫语传血者 - 211762 - -Unknown-
(@CGUID+189, 0, 0, 0, 1, 0, 0, 0, 0, ''), -- 侵入点
(@CGUID+190, 0, 0, 0, 1, 0, 0, 0, 0, '222589'), -- 恶魔猎手 - 222589 - -Unknown-
(@CGUID+191, 0, 0, 0, 1, 0, 0, 0, 0, '222589'), -- 恶魔猎手 - 222589 - -Unknown-
(@CGUID+192, 0, 0, 0, 1, 0, 0, 0, 0, '222589'), -- 恶魔猎手 - 222589 - -Unknown-
(@CGUID+193, 0, 0, 0, 1, 0, 0, 0, 0, '222589'), -- 恶魔猎手 - 222589 - -Unknown-
(@CGUID+194, 0, 0, 0, 1, 0, 0, 0, 0, '222589'); -- 恶魔猎手 - 222589 - -Unknown-


DELETE FROM `gameobject` WHERE `guid` BETWEEN @OGUID+0 AND @OGUID+3;
INSERT INTO `gameobject` (`guid`, `id`, `map`, `zoneId`, `areaId`, `spawnMask`, `PhaseId`, `PhaseGroup`, `position_x`, `position_y`, `position_z`, `orientation`, `rotation0`, `rotation1`, `rotation2`, `rotation3`, `spawntimesecs`, `animprogress`, `state`, `VerifiedBuild`) VALUES
(@OGUID+0, 272768, 1669, 0, 0, 1, '0', 0, 1781.391, 1108.056, 504.3518, 3.926544, -0.144805, -0.07440662, -0.9107952, 0.3794038, 7200, 255, 1, 26124), -- -Unknown- (Area: -Unknown- - Difficulty: 1)
(@OGUID+1, 276241, 1779, 9128, 9128, 1, '0', 0, -1358.703, 748.9688, 62.5978, 2.88726, 0, 0, 0.9919252, 0.1268239, 7200, 255, 1, 26124), -- 鲜血机器 (Area: -Unknown- - Difficulty: 0)
(@OGUID+2, 276221, 1779, 9128, 9128, 1, '0', 0, -1401.347, 756.7188, 62.50092, 2.286167, 0, 0, 0.9099169, 0.4147906, 7200, 255, 1, 26124), -- 伊利达雷战旗 (Area: -Unknown- - Difficulty: 0)
(@OGUID+3, 276221, 1779, 9128, 9128, 1, '0', 0, -1385.615, 770.9549, 62.50092, 2.286167, 0, 0, 0.9099169, 0.4147906, 7200, 255, 1, 26124); -- 伊利达雷战旗 (Area: -Unknown- - Difficulty: 0)



DELETE FROM `creature_template_addon` WHERE `entry` IN (125666 /*125666 (巴德扎尔) - -Unknown-*/, 125757 /*125757 (魔焰入侵者) - -Unknown-*/, 125970 /*125970 (巨拳湮灭者) - -Unknown-*/, 125939 /*125939 (剧毒暗影猎手) - -Unknown-*/, 126987 /*126987 (鲜血之瓶) - -Unknown-*/, 126007 /*126007 (德赛麦克斯号) - -Unknown-*/, 126083 /*126083 (军团传送门)*/, 125790 /*125790 (影刃助祭)*/, 125781 /*125781 (邪怒劫掠者)*/, 125963 /*125963 (虫语传血者)*/, 125874 /*125874 (军团抽血机) - -Unknown-*/, 125863 /*125863 (侵入点：萨古亚)*/);
INSERT INTO `creature_template_addon` (`entry`, `path_id`, `mount`, `bytes1`, `bytes2`, `emote`, `aiAnimKit`, `movementAnimKit`, `meleeAnimKit`, `auras`) VALUES
(125666, 0, 0, 0, 1, 0, 0, 0, 0, '251298'), -- 125666 (巴德扎尔) - -Unknown-
(125757, 0, 0, 0, 1, 0, 0, 0, 0, '251298'), -- 125757 (魔焰入侵者) - -Unknown-
(125970, 0, 0, 0, 1, 0, 0, 0, 0, '251298'), -- 125970 (巨拳湮灭者) - -Unknown-
(125939, 0, 0, 0, 1, 0, 0, 0, 0, '251298'), -- 125939 (剧毒暗影猎手) - -Unknown-
(126987, 0, 0, 0, 1, 0, 0, 0, 0, '252068'), -- 126987 (鲜血之瓶) - -Unknown-
(126007, 0, 0, 50331648, 1, 0, 0, 0, 0, '250235'), -- 126007 (德赛麦克斯号) - -Unknown-
(126083, 0, 0, 0, 1, 0, 0, 0, 0, ''), -- 126083 (军团传送门)
(125790, 0, 0, 0, 1, 0, 0, 0, 0, ''), -- 125790 (影刃助祭)
(125781, 0, 0, 0, 1, 0, 0, 0, 0, ''), -- 125781 (邪怒劫掠者)
(125963, 0, 0, 0, 1, 0, 0, 0, 0, ''), -- 125963 (虫语传血者)
(125874, 0, 0, 0, 1, 0, 0, 0, 0, '250031'), -- 125874 (军团抽血机) - -Unknown-
(125863, 0, 0, 0, 1, 0, 0, 0, 0, ''); -- 125863 (侵入点：萨古亚)

UPDATE `creature_template_addon` SET `auras`='' WHERE `entry`=105422; -- 105422 (潮汐图腾)
UPDATE `creature_template_addon` SET `auras`='' WHERE `entry`=125779; -- 125779 (黑魂审判官)
UPDATE `creature_template_addon` SET `auras`='' WHERE `entry`=125197; -- 125197 (邪焰征服者)
UPDATE `creature_template_addon` SET `auras`='' WHERE `entry`=125755; -- 125755 (魔焰入侵者)
UPDATE `creature_template_addon` SET `auras`='' WHERE `entry`=126419; -- 126419
UPDATE `creature_template_addon` SET `bytes1`=262144, `auras`='159474' WHERE `entry`=124439; -- 124439
UPDATE `creature_template_addon` SET `bytes1`=262144, `auras`='159474' WHERE `entry`=126445; -- 126445
UPDATE `creature_template_addon` SET `bytes1`=0, `auras`='' WHERE `entry`=124303; -- 124303

DELETE FROM `creature_template_scaling` WHERE `Entry` IN (125666, 125781, 125939, 125970, 125790, 125757, 125667);
INSERT INTO `creature_template_scaling` (`Entry`, `LevelScalingDeltaMin`, `LevelScalingDeltaMax`, `VerifiedBuild`) VALUES
(125666, 0, 0, 26124),
(125781, 0, 0, 26124),
(125939, 0, 0, 26124),
(125970, 0, 0, 26124),
(125790, 0, 0, 26124),
(125757, 0, 0, 26124),
(125667, 0, 0, 26124);

UPDATE `creature_template_scaling` SET `VerifiedBuild`=26124 WHERE `Entry`=126419;
UPDATE `creature_template_scaling` SET `VerifiedBuild`=26124 WHERE `Entry`=126419;
UPDATE `creature_template_scaling` SET `VerifiedBuild`=26124 WHERE `Entry`=126419;


UPDATE `creature_model_info` SET `VerifiedBuild`=26124 WHERE `DisplayID`=77760;
UPDATE `creature_model_info` SET `VerifiedBuild`=26124 WHERE `DisplayID`=78025;
UPDATE `creature_model_info` SET `VerifiedBuild`=26124 WHERE `DisplayID`=61912;
UPDATE `creature_model_info` SET `VerifiedBuild`=26124 WHERE `DisplayID`=61910;
UPDATE `creature_model_info` SET `VerifiedBuild`=26124 WHERE `DisplayID`=61909;
UPDATE `creature_model_info` SET `VerifiedBuild`=26124 WHERE `DisplayID`=19945;
UPDATE `creature_model_info` SET `VerifiedBuild`=26124 WHERE `DisplayID`=69144;
UPDATE `creature_model_info` SET `BoundingRadius`=1.25, `CombatReach`=1.875, `VerifiedBuild`=26124 WHERE `DisplayID`=78568;
UPDATE `creature_model_info` SET `BoundingRadius`=1.25, `CombatReach`=1.875, `VerifiedBuild`=26124 WHERE `DisplayID`=78567;
UPDATE `creature_model_info` SET `VerifiedBuild`=26124 WHERE `DisplayID`=72896;
UPDATE `creature_model_info` SET `BoundingRadius`=1.25, `CombatReach`=1.875, `VerifiedBuild`=26124 WHERE `DisplayID`=78565;
UPDATE `creature_model_info` SET `VerifiedBuild`=26124 WHERE `DisplayID`=67636;
UPDATE `creature_model_info` SET `VerifiedBuild`=26124 WHERE `DisplayID`=74928;
UPDATE `creature_model_info` SET `BoundingRadius`=4.9, `CombatReach`=5, `VerifiedBuild`=26124 WHERE `DisplayID`=78705;
UPDATE `creature_model_info` SET `VerifiedBuild`=26124 WHERE `DisplayID`=74488;
UPDATE `creature_model_info` SET `VerifiedBuild`=26124 WHERE `DisplayID`=62277;
UPDATE `creature_model_info` SET `VerifiedBuild`=26124 WHERE `DisplayID`=63526;
UPDATE `creature_model_info` SET `VerifiedBuild`=26124 WHERE `DisplayID`=64483;
UPDATE `creature_model_info` SET `VerifiedBuild`=26124 WHERE `DisplayID`=74450;
UPDATE `creature_model_info` SET `BoundingRadius`=3, `CombatReach`=1.5, `VerifiedBuild`=26124 WHERE `DisplayID`=78622;
UPDATE `creature_model_info` SET `VerifiedBuild`=26124 WHERE `DisplayID`=78566;
UPDATE `creature_model_info` SET `VerifiedBuild`=26124 WHERE `DisplayID`=78926;
UPDATE `creature_model_info` SET `VerifiedBuild`=26124 WHERE `DisplayID`=77922;
UPDATE `creature_model_info` SET `VerifiedBuild`=26124 WHERE `DisplayID`=76305;
UPDATE `creature_model_info` SET `VerifiedBuild`=26124 WHERE `DisplayID`=75473;
UPDATE `creature_model_info` SET `VerifiedBuild`=26124 WHERE `DisplayID`=76310;
UPDATE `creature_model_info` SET `VerifiedBuild`=26124 WHERE `DisplayID`=78449;
UPDATE `creature_model_info` SET `VerifiedBuild`=26124 WHERE `DisplayID`=75474;
UPDATE `creature_model_info` SET `VerifiedBuild`=26124 WHERE `DisplayID`=78003;

DELETE FROM `creature_equip_template` WHERE (`CreatureID`=125757 AND `ID`=1) OR (`CreatureID`=125970 AND `ID`=1) OR (`CreatureID`=125790 AND `ID`=1) OR (`CreatureID`=125781 AND `ID`=1);
INSERT INTO `creature_equip_template` (`CreatureID`, `ID`, `ItemID1`, `AppearanceModID1`, `ItemVisual1`, `ItemID2`, `AppearanceModID2`, `ItemVisual2`, `ItemID3`, `AppearanceModID3`, `ItemVisual3`) VALUES
(125757, 1, 128962, 0, 0, 0, 0, 0, 0, 0, 0), -- 魔焰入侵者
(125970, 1, 128520, 0, 0, 0, 0, 0, 0, 0, 0), -- 巨拳湮灭者
(125790, 1, 127651, 0, 0, 127651, 0, 0, 0, 0, 0), -- 影刃助祭
(125781, 1, 132821, 0, 0, 0, 0, 0, 0, 0, 0); -- 邪怒劫掠者



UPDATE `creature_template` SET `minlevel`=112, `maxlevel`=112, `faction`=14, `speed_walk`=2, `speed_run`=2, `BaseAttackTime`=1500, `RangeAttackTime`=2000, `unit_class`=2, `unit_flags`=360448, `unit_flags2`=4194304 WHERE `entry`=125666; -- 巴德扎尔
UPDATE `creature_template` SET `minlevel`=110, `maxlevel`=110, `faction`=16, `BaseAttackTime`=2000, `RangeAttackTime`=2000, `unit_class`=8, `unit_flags`=360448, `unit_flags2`=2099200 WHERE `entry`=125757; -- 魔焰入侵者
UPDATE `creature_template` SET `minlevel`=98, `maxlevel`=110, `faction`=16, `BaseAttackTime`=2500, `RangeAttackTime`=2000, `unit_flags`=360448, `unit_flags2`=2099200 WHERE `entry`=125970; -- 巨拳湮灭者
UPDATE `creature_template` SET `minlevel`=110, `maxlevel`=110, `faction`=16, `speed_run`=1.428571, `BaseAttackTime`=2000, `RangeAttackTime`=2000, `unit_class`=2, `unit_flags`=360448, `unit_flags2`=2099200 WHERE `entry`=125939; -- 剧毒暗影猎手
UPDATE `creature_template` SET `minlevel`=113, `maxlevel`=113, `faction`=35, `BaseAttackTime`=2000, `RangeAttackTime`=2000, `unit_flags`=33554432, `unit_flags2`=33556480, `unit_flags3`=1 WHERE `entry`=126987; -- 鲜血之瓶
UPDATE `creature_template` SET `minlevel`=113, `maxlevel`=113, `faction`=14, `speed_run`=1, `BaseAttackTime`=2000, `RangeAttackTime`=2000, `unit_flags`=33554432, `unit_flags2`=1140852736, `unit_flags3`=1 WHERE `entry`=126007; -- 德赛麦克斯号
UPDATE `creature_template` SET `minlevel`=111, `maxlevel`=111, `faction`=16, `speed_run`=1, `BaseAttackTime`=2000, `RangeAttackTime`=2000, `unit_class`=2, `unit_flags`=33587200, `unit_flags2`=4229120, `unit_flags3`=1 WHERE `entry`=126083; -- 军团传送门
UPDATE `creature_template` SET `minlevel`=110, `maxlevel`=110, `faction`=16, `BaseAttackTime`=2000, `RangeAttackTime`=2000, `unit_flags`=32768, `unit_flags2`=2099200 WHERE `entry`=125790; -- 影刃助祭
UPDATE `creature_template` SET `minlevel`=110, `maxlevel`=110, `faction`=16, `BaseAttackTime`=2000, `RangeAttackTime`=2000, `unit_flags`=32768, `unit_flags2`=2099200 WHERE `entry`=125781; -- 邪怒劫掠者
UPDATE `creature_template` SET `unit_flags`=32768 WHERE `entry`=125779; -- 黑魂审判官
UPDATE `creature_template` SET `minlevel`=110, `maxlevel`=110, `faction`=16, `speed_run`=1.428571, `BaseAttackTime`=2000, `RangeAttackTime`=2000, `unit_class`=2, `unit_flags`=32768, `unit_flags2`=4196352 WHERE `entry`=125963; -- 虫语传血者
UPDATE `creature_template` SET `minlevel`=111, `maxlevel`=111, `faction`=16, `speed_run`=1, `BaseAttackTime`=2000, `RangeAttackTime`=2000, `unit_class`=2, `unit_flags`=32768, `unit_flags2`=2131968 WHERE `entry`=125874; -- 军团抽血机
UPDATE `creature_template` SET `minlevel`=110, `maxlevel`=110, `faction`=190, `npcflag`=16777216, `speed_run`=1, `BaseAttackTime`=2000, `RangeAttackTime`=2000, `unit_flags`=768, `unit_flags2`=67110912 WHERE `entry`=125863; -- 侵入点：萨古亚
UPDATE `creature_template` SET `unit_flags`=536904448, `unit_flags2`=18433, `unit_flags3`=8192 WHERE `entry`=124439; -- -Unknown-
UPDATE `creature_template` SET `unit_flags`=536904448, `unit_flags2`=2049, `unit_flags3`=8192 WHERE `entry`=126445; -- -Unknown-
UPDATE `creature_template` SET `unit_flags`=67141632 WHERE `entry`=124303; -- -Unknown-
SET NAMES 'utf8';
SET @GROUP_ID=0;
SET @ID=0;
INSERT IGNORE INTO `creature_text` (`CreatureID`, `groupid`, `id`, `text`, `type`, `language`, `probability`, `emote`, `duration`, `sound`, `BroadcastTextId`, `comment`) VALUES
(125197, @GROUP_ID+0, @ID+0, '军团的意志必将实现。', 12, 0, 100, 0, 0, 56967, 96719, '邪焰征服者 to Player'),
(125757, @GROUP_ID+0, @ID+0, '你们的世界将被净化！', 12, 0, 100, 0, 0, 56994, 96722, '魔焰入侵者 to Player'),
(125781, @GROUP_ID+0, @ID+0, '你会死在我的剑下。', 12, 0, 100, 0, 0, 55195, 102130, '邪怒劫掠者 to Player'),
(125790, @GROUP_ID+0, @ID+0, '我要将你碎尸万段。', 12, 0, 100, 0, 0, 55033, 98763, '影刃助祭 to Player'),
(125939, @GROUP_ID+0, @ID+0, '你的世界将化为火海。', 12, 0, 100, 0, 0, 55033, 102067, '剧毒暗影猎手 to Player'),
(125939, @GROUP_ID+1, @ID+0, '你好啊，小飞虫。', 12, 0, 100, 0, 0, 56994, 102066, '剧毒暗影猎手 to Player'),
(126016, @GROUP_ID+0, @ID+0, '|TINTERFACE\\ICONS\\SPELL_FIRE_FELFLAMESTRIKE.BLP:20|t这个区域已成为|cFFF00000|Hspell:250249|h[湮灭光束]|h|r的目标！', 42, 0, 100, 0, 0, 0, 136847, '德赛麦克斯号 to Player');

INSERT IGNORE INTO `npc_spellclick_spells` (`npc_entry`, `spell_id`, `cast_flags`, `user_type`) VALUES
(125863, 247069, 3, 0), -- 进入裂隙
(124884, 247069, 3, 0), -- 进入裂隙
(127108, 186538, 1, 0); -- 正在破坏



UPDATE `creature_template` SET `name`='束缚暗影', `HealthScalingExpansion`=6, `type`=10, `type_flags`=8, `HealthModifier`=2, `movementId`=125, `VerifiedBuild`=26124 WHERE `entry`=125667; -- 束缚暗影
UPDATE `creature_template` SET `name`='巴德扎尔', `HealthScalingExpansion`=6, `VignetteID`=1332, `rank`=1, `type`=3, `type_flags`=2097224, `HealthModifier`=120, `movementId`=184, `VerifiedBuild`=26124 WHERE `entry`=125666; -- 巴德扎尔
UPDATE `creature_template` SET `name`='凝结血浆', `HealthScalingExpansion`=6, `rank`=1, `type`=15, `type_flags`=2097224, `HealthModifier`=5, `movementId`=94, `VerifiedBuild`=26124 WHERE `entry`=126025; -- 凝结血浆
UPDATE `creature_template` SET `name`='魔焰入侵者', `HealthScalingExpansion`=6, `type`=3, `type_flags`=2097216, `HealthModifier`=6, `VerifiedBuild`=26124 WHERE `entry`=125757; -- 魔焰入侵者
UPDATE `creature_template` SET `name`='巨拳湮灭者', `HealthScalingExpansion`=6, `rank`=1, `type`=3, `type_flags`=2097216, `HealthModifier`=20, `VerifiedBuild`=26124 WHERE `entry`=125970; -- 巨拳湮灭者
UPDATE `creature_template` SET `name`='剧毒暗影猎手', `HealthScalingExpansion`=6, `rank`=1, `type`=3, `type_flags`=2097216, `HealthModifier`=20, `movementId`=144, `VerifiedBuild`=26124 WHERE `entry`=125939; -- 剧毒暗影猎手
UPDATE `creature_template` SET `name`='血池', `HealthScalingExpansion`=6, `type`=10, `type_flags`=17826816, `type_flags2`=16, `VerifiedBuild`=26124 WHERE `entry`=126829; -- 血池
UPDATE `creature_template` SET `name`='德赛麦克斯号', `HealthScalingExpansion`=6, `type`=10, `type_flags`=17826816, `type_flags2`=16, `VerifiedBuild`=26124 WHERE `entry`=126016; -- 德赛麦克斯号
UPDATE `creature_template` SET `name`='鲜血之瓶', `HealthScalingExpansion`=6, `type`=10, `type_flags`=17826816, `type_flags2`=16, `VerifiedBuild`=26124 WHERE `entry`=126987; -- 鲜血之瓶
UPDATE `creature_template` SET `name`='德赛麦克斯号', `HealthScalingExpansion`=6, `type`=10, `VerifiedBuild`=26124 WHERE `entry`=126007; -- 德赛麦克斯号
UPDATE `creature_template` SET `name`='军团传送门', `HealthScalingExpansion`=6, `rank`=1, `type`=9, `type_flags`=2097224, `HealthModifier`=4, `VerifiedBuild`=26124 WHERE `entry`=126083; -- 军团传送门
UPDATE `creature_template` SET `name`='虫语传血者', `HealthScalingExpansion`=6, `type`=3, `type_flags`=2097224, `movementId`=144, `VerifiedBuild`=26124 WHERE `entry`=125963; -- 虫语传血者
UPDATE `creature_template` SET `name`='军团抽血机', `HealthScalingExpansion`=6, `rank`=1, `type`=9, `type_flags`=18875464, `type_flags2`=16, `HealthModifier`=6, `VerifiedBuild`=26124 WHERE `entry`=125874; -- 军团抽血机
UPDATE `creature_template` SET `name`='邪怒劫掠者', `HealthScalingExpansion`=6, `type`=3, `type_flags`=2097216, `HealthModifier`=6, `VerifiedBuild`=26124 WHERE `entry`=125781; -- 邪怒劫掠者
UPDATE `creature_template` SET `name`='影刃助祭', `HealthScalingExpansion`=6, `type`=3, `type_flags`=2097216, `HealthModifier`=6, `VerifiedBuild`=26124 WHERE `entry`=125790; -- 影刃助祭
UPDATE `creature_template` SET `name`='侵入点：萨古亚', `IconName`='openhandglow', `HealthScalingExpansion`=6, `type`=10, `type_flags`=1074790416, `type_flags2`=70, `VerifiedBuild`=26124 WHERE `entry`=125863; -- 侵入点：萨古亚

UPDATE `creature_template` SET `InhabitType`=4 WHERE `entry`=127257; 
UPDATE `gameobject_template` SET `type`=10, `displayId`=7959, `Data13`=1, `Data26`=1, `VerifiedBuild`=26124 WHERE `entry`=276241; -- 鲜血机器

