# File name: 7.3.5_26124_三月-02-2035 -监狱.awps.pkt
# Detected build: V7_3_5_26124
# Detected locale: zhCN
# Parsing date: 03/02/2018 20:48:43

DELETE FROM `areatrigger_template` WHERE `Id`=11945;
INSERT INTO `areatrigger_template` (`Id`, `Type`, `Flags`, `Data0`, `Data1`, `Data2`, `Data3`, `Data4`, `Data5`, `VerifiedBuild`) VALUES
(11945, 0, 16, 1, 1, 0, 0, 0, 0, 26124);

UPDATE `areatrigger_template` SET `VerifiedBuild`=26124 WHERE `VerifiedBuild`=25996;
UPDATE `creature_template_scaling` SET `VerifiedBuild`=26124 WHERE `VerifiedBuild`=25996;
UPDATE `npc_vendor` SET `VerifiedBuild`=26124 WHERE `VerifiedBuild`=25996;

UPDATE `creature_template`   SET `VerifiedBuild`=26124 WHERE `VerifiedBuild`=25996;
UPDATE `gameobject_template` SET `VerifiedBuild`=26124 WHERE `VerifiedBuild`=25996;


DELETE FROM `spell_areatrigger` WHERE (`AreaTriggerId`=12515) OR (`AreaTriggerId`=11945) OR (`AreaTriggerId`=11908) OR (`AreaTriggerId`=6211) OR (`AreaTriggerId`=8089) OR (`AreaTriggerId`=10745);
INSERT INTO `spell_areatrigger` (`SpellMiscId`, `AreaTriggerId`, `MoveCurveId`, `ScaleCurveId`, `MorphCurveId`, `FacingCurveId`, `DecalPropertiesId`, `TimeToTarget`, `TimeToTargetScale`, `VerifiedBuild`) VALUES
(7363, 12515, 0, 0, 1908, 0, 43, 0, 600000, 26124), -- SpellId : 215312
(7518, 11945, 0, 0, 0, 0, 0, 10002, 30000, 26124), -- SpellId : 216977
(7478, 11908, 0, 0, 0, 0, 0, 0, 90000, 26124), -- SpellId : 216721
(1712, 6211, 0, 0, 0, 0, 0, 0, 8000, 26124), -- SpellId : 175396
(3467, 8089, 0, 0, 0, 0, 0, 0, 3000, 26124), -- SpellId : 177345
(6058, 10745, 0, 0, 0, 0, 0, 0, 0, 26124); -- SpellId : 204763


DELETE FROM `conversation_actors` WHERE (`ConversationId`=3418 AND `Idx`=0);
INSERT INTO `conversation_actors` (`ConversationId`, `ConversationActorId`, `Idx`, `VerifiedBuild`) VALUES
(3418, 54958, 0, 26124);


DELETE FROM `conversation_line_template` WHERE `Id`=7171;
INSERT INTO `conversation_line_template` (`Id`, `StartTime`, `UiCameraID`, `ActorIdx`, `Flags`, `VerifiedBuild`) VALUES
(7171, 0, 86, 0, 0, 26124);


DELETE FROM `conversation_template` WHERE `Id`=3418;
INSERT INTO `conversation_template` (`Id`, `FirstLineID`, `LastLineEndTime`, `VerifiedBuild`) VALUES
(3418, 7171, 13782, 26124);


SET NAMES 'latin1';
SET NAMES 'utf8';
DELETE FROM `quest_template_locale` WHERE (`ID`=49981 AND `locale`='zhCN') OR (`ID`=50371 AND `locale`='zhCN');
INSERT INTO `quest_template_locale` (`ID`, `locale`, `LogTitle`, `LogDescription`, `QuestDescription`, `AreaDescription`, `PortraitGiverText`, `PortraitGiverName`, `PortraitTurnInText`, `PortraitTurnInName`, `QuestCompletionLog`, `VerifiedBuild`) VALUES
(49981, 'zhCN', '见证创伤之痕', '去希利苏斯与军情七处指挥官会面。', '我已经派遣特工前往希利苏斯建立营地。\n\n他们受命监视部落的行动，并收集一切关于这一神秘物质的信息。\n\n我的一位军情七处指挥官正在那里等你。快去吧。', '', '', '', '', '', '', 26124),
(50371, 'zhCN', '暴风城的召唤', '前往暴风城，与马亚斯·肖尔见面。', '瑞恩国王要求你尽快赶回暴风城。有件紧急事务需要你处理。\n\n你回来后我会马上告知你详情。\n\n来雄狮之眠找我。要快……时机稍纵即逝！', '', '', '', '', '', '', 26124);


SET @CGUID=441001; -- 250
SET @OGUID=100413; -- 50

SET NAMES 'latin1';

DELETE FROM `creature` WHERE `map`=1544;
DELETE FROM `creature` WHERE `guid` BETWEEN @CGUID+0 AND @CGUID+244;
INSERT INTO `creature` (`guid`, `id`, `map`, `zoneId`, `areaId`, `spawnMask`, `PhaseId`, `PhaseGroup`, `modelid`, `equipment_id`, `position_x`, `position_y`, `position_z`, `orientation`, `spawntimesecs`, `spawndist`, `currentwaypoint`, `curhealth`, `curmana`, `MovementType`, `npcflag`, `unit_flags`, `dynamicflags`, `VerifiedBuild`) VALUES
(@CGUID+0, 102269, 1544, 7996, 7996, 8388614, '0', 0, 0, 0, 4601.624, 4033.984, 78.03722, 2.356194, 7200, 0, 0, 0, 0, 0, 0, 0, 0, 26124), -- 暴食魔犬 (Area: -Unknown- - Difficulty: 2) (Auras: 29266 - -Unknown-)
(@CGUID+1, 32638, 1544, 7996, 7996, 8388614, '0', 0, 0, 0, 4579.002, 3992.098, 83.62489, 1.131146, 7200, 0, 0, 0, 0, 0, 0, 0, 0, 26124), -- -Unknown- (Area: -Unknown- - Difficulty: 2)
(@CGUID+2, 32639, 1544, 7996, 7996, 8388614, '0', 0, 0, 0, 4582.576, 3990.462, 83.4714, 1.131146, 7200, 0, 0, 0, 0, 0, 0, 0, 0, 26124), -- -Unknown- (Area: -Unknown- - Difficulty: 2)
(@CGUID+3, 53488, 1544, 7996, 7996, 8388614, '0', 0, 0, 0, 4586.456, 4015.295, 83.55151, 0, 7200, 0, 0, 0, 0, 0, 0, 0, 0, 26124), -- Summon Enabler Stalker (Area: -Unknown- - Difficulty: 2) (Auras: 99201 - -Unknown-)
(@CGUID+4, 92879, 1544, 7996, 7996, 8388614, '0', 0, 0, 0, 4596.075, 4015.254, 92.01548, 4.662285, 7200, 0, 0, 0, 0, 0, 0, 0, 0, 26124), -- SLG Generic Stalker (Gigantic AOI) (Area: -Unknown- - Difficulty: 2) (Auras: 201649 - -Unknown-)
(@CGUID+5, 102671, 1544, 7996, 7996, 8388614, '0', 0, 0, 0, 4594.268, 3967.183, 99.52774, 5.574907, 7200, 10, 0, 0, 0, 1, 0, 0, 0, 26124), -- 监狱牢房 (Area: -Unknown- - Difficulty: 2) (Auras: ) (possible waypoints or random movement)
(@CGUID+6, 102269, 1544, 7996, 7996, 8388614, '0', 0, 0, 0, 4609.905, 4030.738, 78.03674, 4.08407, 7200, 0, 0, 0, 0, 0, 0, 0, 0, 26124), -- 暴食魔犬 (Area: -Unknown- - Difficulty: 2) (Auras: 29266 - -Unknown-)
(@CGUID+7, 101951, 1544, 7996, 7996, 8388614, '0', 0, 0, 0, 4584.247, 3953.359, 78.05457, 0.8674789, 7200, 0, 0, 0, 0, 0, 0, 0, 0, 26124), -- 颤栗之喉 (Area: -Unknown- - Difficulty: 2) (Auras: )
(@CGUID+8, 102270, 1544, 7996, 7996, 8388614, '0', 0, 0, 0, 4604.608, 3994.34, 78.03719, 2.391101, 7200, 0, 0, 0, 0, 0, 0, 0, 0, 26124), -- 艾瑞达入侵者 (Area: -Unknown- - Difficulty: 2) (Auras: 29266 - -Unknown-)
(@CGUID+9, 92879, 1544, 7996, 7996, 8388614, '0', 0, 0, 0, 4584.236, 4003.269, 91.01959, 4.662285, 7200, 0, 0, 0, 0, 0, 0, 0, 0, 26124), -- SLG Generic Stalker (Gigantic AOI) (Area: -Unknown- - Difficulty: 2) (Auras: 201649 - -Unknown-)
(@CGUID+10, 53488, 1544, 7996, 7996, 8388614, '0', 0, 0, 0, 4561.284, 4013.854, 83.75523, 0, 7200, 0, 0, 0, 0, 0, 0, 0, 0, 26124), -- Summon Enabler Stalker (Area: -Unknown- - Difficulty: 2) (Auras: 99201 - -Unknown-)
(@CGUID+11, 92879, 1544, 7996, 7996, 8388614, '0', 0, 0, 0, 4584.663, 4025.527, 91.01959, 4.662285, 7200, 0, 0, 0, 0, 0, 0, 0, 0, 26124), -- SLG Generic Stalker (Gigantic AOI) (Area: -Unknown- - Difficulty: 2) (Auras: 201649 - -Unknown-)
(@CGUID+12, 102273, 1544, 7996, 7996, 8388614, '0', 0, 0, 0, 4633.617, 3973.539, 86.98946, 1.902028, 7200, 0, 0, 0, 0, 0, 0, 0, 0, 26124), -- 末日守卫渗透者 (Area: -Unknown- - Difficulty: 2) (Auras: )
(@CGUID+13, 30659, 1544, 7996, 7996, 8388614, '0', 0, 0, 0, 4599.858, 3993.451, 78.03719, 2.408554, 7200, 0, 0, 0, 0, 0, 0, 0, 0, 26124), -- 紫罗兰监狱卫兵 (Area: -Unknown- - Difficulty: 2) (Auras: 29266 - -Unknown-)
(@CGUID+14, 102266, 1544, 7996, 7996, 8388614, '0', 0, 0, 0, 4596.674, 4020.191, 83.39653, 0.1570796, 7200, 0, 0, 0, 0, 0, 0, 0, 0, 26124), -- 紫罗兰监狱卫兵 (Area: -Unknown- - Difficulty: 2)
(@CGUID+15, 14881, 1544, 7996, 7996, 8388614, '0', 0, 0, 0, 4581.174, 3997.003, 83.63615, 0.6069894, 7200, 10, 0, 0, 0, 1, 0, 0, 0, 26124), -- 蜘蛛 (Area: -Unknown- - Difficulty: 2) (possible waypoints or random movement)
(@CGUID+16, 102270, 1544, 7996, 7996, 8388614, '0', 0, 0, 0, 4633.643, 3974.066, 86.98947, 1.933344, 7200, 0, 0, 0, 0, 0, 0, 0, 0, 26124), -- 艾瑞达入侵者 (Area: -Unknown- - Difficulty: 2) (Auras: )
(@CGUID+17, 30857, 1544, 7996, 7996, 8388614, '0', 0, 0, 0, 4602.556, 3978.189, 78.01303, 1.277538, 7200, 0, 0, 0, 0, 0, 0, 0, 0, 26124), -- 防御假人目标 (Area: -Unknown- - Difficulty: 2)
(@CGUID+18, 30659, 1544, 7996, 7996, 8388614, '0', 0, 0, 0, 4591.532, 4002.099, 83.45535, 3.735005, 7200, 0, 0, 0, 0, 0, 0, 0, 0, 26124), -- 紫罗兰监狱卫兵 (Area: -Unknown- - Difficulty: 2) (Auras: 29266 - -Unknown-)
(@CGUID+19, 30896, 1544, 7996, 7996, 8388614, '0', 0, 0, 0, 4568.704, 4015.267, 91.49594, 0, 7200, 0, 0, 0, 0, 0, 0, 0, 0, 26124), -- 监狱大门封印 (Area: -Unknown- - Difficulty: 2)
(@CGUID+20, 30857, 1544, 7996, 7996, 8388614, '0', 0, 0, 0, 4586.256, 4023.918, 83.54769, 5.870025, 7200, 10, 0, 0, 0, 1, 0, 0, 0, 26124), -- 防御假人目标 (Area: -Unknown- - Difficulty: 2) (possible waypoints or random movement)
(@CGUID+21, 102266, 1544, 7996, 7996, 8388614, '0', 0, 0, 0, 4595.276, 4016.592, 83.41344, 0.1396263, 7200, 0, 0, 0, 0, 0, 0, 0, 0, 26124), -- 紫罗兰监狱卫兵 (Area: -Unknown- - Difficulty: 2)
(@CGUID+22, 102279, 1544, 7996, 7996, 8388614, '0', 0, 0, 0, 4604.432, 3980.733, 78.04087, 0.9075712, 7200, 0, 0, 0, 0, 0, 0, 0, 0, 26124), -- 传送门 (Area: -Unknown- - Difficulty: 2) (Auras: )
(@CGUID+23, 30659, 1544, 7996, 7996, 8388614, '0', 0, 0, 0, 4600.183, 4010.105, 83.39924, 1.20843, 7200, 0, 0, 0, 0, 0, 0, 0, 0, 26124), -- 紫罗兰监狱卫兵 (Area: -Unknown- - Difficulty: 2) (Auras: 29266 - -Unknown-)
(@CGUID+24, 102266, 1544, 7996, 7996, 8388614, '0', 0, 0, 0, 4595.749, 4011.828, 83.40316, 0, 7200, 0, 0, 0, 0, 0, 0, 0, 0, 26124), -- 紫罗兰监狱卫兵 (Area: -Unknown- - Difficulty: 2)
(@CGUID+25, 102489, 1544, 7996, 7996, 8388614, '0', 0, 0, 0, 4602.696, 3990.91, 136.3367, 0, 7200, 0, 0, 0, 0, 0, 0, 0, 0, 26124), -- Web Invisible Stalker (Area: -Unknown- - Difficulty: 2) (Auras: )
(@CGUID+26, 102270, 1544, 7996, 7996, 8388614, '0', 0, 0, 0, 4633.531, 3974.232, 86.98947, 1.925807, 7200, 0, 0, 0, 0, 0, 0, 0, 0, 26124), -- 艾瑞达入侵者 (Area: -Unknown- - Difficulty: 2) (Auras: )
(@CGUID+27, 30883, 1544, 7996, 7996, 8388614, '0', 0, 0, 0, 4602.01, 4015.852, 83.39333, 2.111848, 7200, 0, 0, 0, 0, 0, 0, 0, 0, 26124), -- Dalaran Prison Event Controller (Area: -Unknown- - Difficulty: 2)
(@CGUID+28, 102278, 1544, 7996, 7996, 8388614, '0', 0, 0, 0, 4577.135, 4009.958, 83.69496, 2.391101, 7200, 0, 0, 0, 0, 0, 0, 0, 0, 26124), -- 辛克莱尔中尉 (Area: -Unknown- - Difficulty: 2)
(@CGUID+29, 30659, 1544, 7996, 7996, 8388614, '0', 0, 0, 0, 4592.483, 4021.945, 83.45076, 4.363323, 7200, 0, 0, 0, 0, 0, 0, 0, 0, 26124), -- 紫罗兰监狱卫兵 (Area: -Unknown- - Difficulty: 2) (Auras: 29266 - -Unknown-)
(@CGUID+30, 102266, 1544, 7996, 7996, 8388614, '0', 0, 0, 0, 4596.713, 4008.547, 83.39503, 0.4712389, 7200, 0, 0, 0, 0, 0, 0, 0, 0, 26124), -- 紫罗兰监狱卫兵 (Area: -Unknown- - Difficulty: 2)
(@CGUID+31, 2110, 1544, 7996, 7996, 8388614, '0', 0, 0, 0, 4585.651, 4053.271, 78.03722, 2.494884, 7200, 0, 0, 0, 0, 0, 0, 0, 0, 26124), -- 黑老鼠 (Area: -Unknown- - Difficulty: 2)
(@CGUID+32, 30857, 1544, 7996, 7996, 8388614, '0', 0, 0, 0, 4604.221, 4041.705, 77.98946, 4.306208, 7200, 0, 0, 0, 0, 0, 0, 0, 0, 26124), -- 防御假人目标 (Area: -Unknown- - Difficulty: 2)
(@CGUID+33, 30857, 1544, 7996, 7996, 8388614, '0', 0, 0, 0, 4630.205, 4021.244, 77.98946, 1.322514, 7200, 0, 0, 0, 0, 0, 0, 0, 0, 26124), -- 防御假人目标 (Area: -Unknown- - Difficulty: 2)
(@CGUID+34, 102269, 1544, 7996, 7996, 8388614, '0', 0, 0, 0, 4623.069, 4050.407, 81.21313, 4.747127, 7200, 0, 0, 0, 0, 0, 0, 0, 0, 26124), -- 暴食魔犬 (Area: -Unknown- - Difficulty: 2) (Auras: )
(@CGUID+35, 101950, 1544, 7996, 7996, 8388614, '0', 0, 0, 0, 4639.027, 3933.319, 87.0574, 1.611537, 7200, 0, 0, 0, 0, 0, 0, 0, 0, 26124), -- 夺心者卡什 (Area: -Unknown- - Difficulty: 2)
(@CGUID+36, 102489, 1544, 7996, 7996, 8388614, '0', 0, 0, 0, 4602.29, 4045.39, 134.9366, 0, 7200, 0, 0, 0, 0, 0, 0, 0, 0, 26124), -- Web Invisible Stalker (Area: -Unknown- - Difficulty: 2) (Auras: )
(@CGUID+37, 14881, 1544, 7996, 7996, 8388614, '0', 0, 0, 0, 4581.67, 4043.748, 83.42809, 1.130208, 7200, 10, 0, 0, 0, 1, 0, 0, 0, 26124), -- 蜘蛛 (Area: -Unknown- - Difficulty: 2) (possible waypoints or random movement)
(@CGUID+38, 102279, 1544, 7996, 7996, 8388614, '0', 0, 0, 0, 4636.862, 3963.915, 87.0574, 1.675516, 7200, 0, 0, 0, 0, 0, 0, 0, 0, 26124), -- 传送门 (Area: -Unknown- - Difficulty: 2) (Auras: )
(@CGUID+39, 92879, 1544, 7996, 7996, 8388614, '0', 0, 0, 0, 4621.818, 4060.188, 91.01959, 4.662285, 7200, 0, 0, 0, 0, 0, 0, 0, 0, 26124), -- SLG Generic Stalker (Gigantic AOI) (Area: -Unknown- - Difficulty: 2) (Auras: 201649 - -Unknown-)
(@CGUID+40, 102267, 1544, 7996, 7996, 8388614, '0', 0, 0, 0, 4638.155, 3962.08, 87.0574, 1.710423, 7200, 0, 0, 0, 0, 0, 0, 0, 0, 26124), -- 传送门 (Area: -Unknown- - Difficulty: 2) (Auras: 201859 - -Unknown-)
(@CGUID+41, 92879, 1544, 7996, 7996, 8388614, '0', 0, 0, 0, 4621.818, 4060.188, 91.01959, 4.662285, 7200, 0, 0, 0, 0, 0, 0, 0, 0, 26124), -- SLG Generic Stalker (Gigantic AOI) (Area: -Unknown- - Difficulty: 2) (Auras: 201649 - -Unknown-)
(@CGUID+42, 92879, 1544, 7996, 7996, 8388614, '0', 0, 0, 0, 4654.891, 3966.881, 97.45294, 4.662285, 7200, 0, 0, 0, 0, 0, 0, 0, 0, 26124), -- SLG Generic Stalker (Gigantic AOI) (Area: -Unknown- - Difficulty: 2) (Auras: 201649 - -Unknown-)
(@CGUID+43, 30659, 1544, 7996, 7996, 8388614, '0', 0, 0, 0, 4614.963, 4024.398, 78.03641, 4.782202, 7200, 0, 0, 0, 0, 0, 0, 0, 0, 26124), -- 紫罗兰监狱卫兵 (Area: -Unknown- - Difficulty: 2) (Auras: 29266 - -Unknown-)
(@CGUID+44, 92879, 1544, 7996, 7996, 8388614, '0', 0, 0, 0, 4638.592, 3961.345, 95.35567, 0, 7200, 0, 0, 0, 0, 0, 0, 0, 0, 26124), -- SLG Generic Stalker (Gigantic AOI) (Area: -Unknown- - Difficulty: 2) (Auras: 201649 - -Unknown-)
(@CGUID+45, 102273, 1544, 7996, 7996, 8388614, '0', 0, 0, 0, 4623.094, 4049.285, 80.49441, 4.750984, 7200, 0, 0, 0, 0, 0, 0, 0, 0, 26124), -- 末日守卫渗透者 (Area: -Unknown- - Difficulty: 2) (Auras: )
(@CGUID+46, 30857, 1544, 7996, 7996, 8388614, '0', 0, 0, 0, 4639.03, 3961.151, 87.0574, 0.6283185, 7200, 0, 0, 0, 0, 0, 0, 0, 0, 26124), -- 防御假人目标 (Area: -Unknown- - Difficulty: 2)
(@CGUID+47, 102269, 1544, 7996, 7996, 8388614, '0', 0, 0, 0, 4623.108, 4049.236, 80.46213, 4.747583, 7200, 0, 0, 0, 0, 0, 0, 0, 0, 26124), -- 暴食魔犬 (Area: -Unknown- - Difficulty: 2) (Auras: )
(@CGUID+48, 30857, 1544, 7996, 7996, 8388614, '0', 0, 0, 0, 4625.509, 3993.712, 78.07289, 2.403083, 7200, 0, 0, 0, 0, 0, 0, 0, 0, 26124), -- 防御假人目标 (Area: -Unknown- - Difficulty: 2)
(@CGUID+49, 92879, 1544, 7996, 7996, 8388614, '0', 0, 0, 0, 4602.741, 4062.913, 91.01959, 4.662285, 7200, 0, 0, 0, 0, 0, 0, 0, 0, 26124), -- SLG Generic Stalker (Gigantic AOI) (Area: -Unknown- - Difficulty: 2) (Auras: 201649 - -Unknown-)
(@CGUID+50, 30857, 1544, 7996, 7996, 8388614, '0', 0, 0, 0, 4601.932, 4060.71, 82.72407, 3.089233, 7200, 0, 0, 0, 0, 0, 0, 0, 0, 26124), -- 防御假人目标 (Area: -Unknown- - Difficulty: 2)
(@CGUID+51, 102489, 1544, 7996, 7996, 8388614, '0', 0, 0, 0, 4638.429, 3989.896, 135.4737, 0, 7200, 0, 0, 0, 0, 0, 0, 0, 0, 26124), -- Web Invisible Stalker (Area: -Unknown- - Difficulty: 2) (Auras: )
(@CGUID+52, 102671, 1544, 7996, 7996, 8388614, '0', 0, 0, 0, 4628.845, 3946.755, 115.2029, 3.515587, 7200, 10, 0, 0, 0, 1, 0, 0, 0, 26124), -- 监狱牢房 (Area: -Unknown- - Difficulty: 2) (possible waypoints or random movement)
(@CGUID+53, 101976, 1544, 7996, 7996, 8388614, '0', 0, 0, 0, 4652.854, 4057.385, 78.02722, 4.254159, 7200, 0, 0, 0, 0, 0, 0, 0, 0, 26124), -- 米尔菲丝·法力风暴 (Area: -Unknown- - Difficulty: 2) (Auras: )
(@CGUID+54, 92879, 1544, 7996, 7996, 8388614, '0', 0, 0, 0, 4660.692, 4058.831, 95.06452, 4.662285, 7200, 0, 0, 0, 0, 0, 0, 0, 0, 26124), -- SLG Generic Stalker (Gigantic AOI) (Area: -Unknown- - Difficulty: 2) (Auras: 201649 - -Unknown-)
(@CGUID+55, 30857, 1544, 7996, 7996, 8388614, '0', 0, 0, 0, 4627.936, 4068.656, 82.72407, 0.418879, 7200, 0, 0, 0, 0, 0, 0, 0, 0, 26124), -- 防御假人目标 (Area: -Unknown- - Difficulty: 2)
(@CGUID+56, 92879, 1544, 7996, 7996, 8388614, '0', 0, 0, 0, 4645.153, 4066.198, 95.06452, 4.662285, 7200, 0, 0, 0, 0, 0, 0, 0, 0, 26124), -- SLG Generic Stalker (Gigantic AOI) (Area: -Unknown- - Difficulty: 2) (Auras: 201649 - -Unknown-)
(@CGUID+57, 92879, 1544, 7996, 7996, 8388614, '0', 0, 0, 0, 4682.45, 3993.685, 97.45294, 4.662285, 7200, 0, 0, 0, 0, 0, 0, 0, 0, 26124), -- SLG Generic Stalker (Gigantic AOI) (Area: -Unknown- - Difficulty: 2) (Auras: 201649 - -Unknown-)
(@CGUID+58, 102489, 1544, 7996, 7996, 8388614, '0', 0, 0, 0, 4647.466, 4045.39, 134.9366, 0, 7200, 0, 0, 0, 0, 0, 0, 0, 0, 26124), -- Web Invisible Stalker (Area: -Unknown- - Difficulty: 2) (Auras: )
(@CGUID+59, 102431, 1544, 7996, 7996, 8388614, '0', 0, 0, 0, 4616.372, 4082.219, 82.72073, 4.981614, 7200, 0, 0, 0, 0, 0, 0, 0, 0, 26124), -- 鲜血公主萨安娜 (Area: -Unknown- - Difficulty: 2) (Auras: 203456 - -Unknown-)
(@CGUID+60, 102671, 1544, 7996, 7996, 8388614, '0', 0, 0, 0, 4614.557, 4079.779, 90.46141, 3.420034, 7200, 10, 0, 0, 0, 1, 0, 0, 0, 26124), -- 监狱牢房 (Area: -Unknown- - Difficulty: 2) (possible waypoints or random movement)
(@CGUID+61, 92879, 1544, 7996, 7996, 8388614, '0', 0, 0, 0, 4677.802, 4030.208, 97.45294, 4.662285, 7200, 0, 0, 0, 0, 0, 0, 0, 0, 26124), -- SLG Generic Stalker (Gigantic AOI) (Area: -Unknown- - Difficulty: 2) (Auras: 201649 - -Unknown-)
(@CGUID+62, 102279, 1544, 7996, 7996, 8388614, '0', 0, 0, 0, 4623.706, 4060.674, 82.72407, 4.34587, 7200, 0, 0, 0, 0, 0, 0, 0, 0, 26124), -- 传送门 (Area: -Unknown- - Difficulty: 2) (Auras: )
(@CGUID+63, 30857, 1544, 7996, 7996, 8388614, '0', 0, 0, 0, 4638.402, 4041.943, 78.00963, 6.078629, 7200, 10, 0, 0, 0, 1, 0, 0, 0, 26124), -- 防御假人目标 (Area: -Unknown- - Difficulty: 2) (possible waypoints or random movement)
(@CGUID+64, 4075, 1544, 7996, 7996, 8388614, '0', 0, 0, 0, 4671.874, 4017.283, 76.03831, 4.363323, 7200, 0, 0, 0, 0, 0, 0, 0, 0, 26124), -- 老鼠 (Area: -Unknown- - Difficulty: 2)
(@CGUID+65, 102281, 1544, 7996, 7996, 8388614, '0', 0, 0, 0, 4663.585, 4014.958, 82.72407, 3.01942, 7200, 0, 0, 0, 0, 0, 0, 0, 0, 26124), -- 传送门 (Area: -Unknown- - Difficulty: 2) (Auras: )
(@CGUID+66, 30857, 1544, 7996, 7996, 8388614, '0', 0, 0, 0, 4652.008, 4016.094, 77.98946, 4.338263, 7200, 0, 0, 0, 0, 0, 0, 0, 0, 26124), -- 防御假人目标 (Area: -Unknown- - Difficulty: 2)
(@CGUID+67, 92879, 1544, 7996, 7996, 8388614, '0', 0, 0, 0, 4632.609, 4070.142, 91.01959, 4.662285, 7200, 0, 0, 0, 0, 0, 0, 0, 0, 26124), -- SLG Generic Stalker (Gigantic AOI) (Area: -Unknown- - Difficulty: 2) (Auras: 201649 - -Unknown-)
(@CGUID+68, 102267, 1544, 7996, 7996, 8388614, '0', 0, 0, 0, 4623.083, 4059.597, 82.72406, 4.782202, 7200, 0, 0, 0, 0, 0, 0, 0, 0, 26124), -- 传送门 (Area: -Unknown- - Difficulty: 2) (Auras: 201859 - -Unknown-)
(@CGUID+69, 92879, 1544, 7996, 7996, 8388614, '0', 0, 0, 0, 4675.495, 4010.005, 96.41754, 4.662285, 7200, 0, 0, 0, 0, 0, 0, 0, 0, 26124), -- SLG Generic Stalker (Gigantic AOI) (Area: -Unknown- - Difficulty: 2) (Auras: 201649 - -Unknown-)
(@CGUID+70, 102671, 1544, 7996, 7996, 8388614, '0', 0, 0, 0, 4650.181, 4057.389, 81.74684, 2.672606, 7200, 0, 0, 0, 0, 0, 0, 0, 0, 26124), -- 监狱牢房 (Area: -Unknown- - Difficulty: 2) (Auras: )
(@CGUID+71, 102281, 1544, 7996, 7996, 8388614, '0', 0, 0, 0, 4667.052, 3981.968, 70.01569, 2.251475, 7200, 0, 0, 0, 0, 0, 0, 0, 0, 26124), -- 传送门 (Area: -Unknown- - Difficulty: 2) (Auras: )
(@CGUID+72, 102279, 1544, 7996, 7996, 8388614, '0', 0, 0, 0, 4653.471, 4041.606, 78.08148, 3.560472, 7200, 0, 0, 0, 0, 0, 0, 0, 0, 26124), -- 传送门 (Area: -Unknown- - Difficulty: 2)
(@CGUID+73, 92879, 1544, 7996, 7996, 8388614, '0', 0, 0, 0, 4671.201, 3976.028, 97.45294, 4.662285, 7200, 0, 0, 0, 0, 0, 0, 0, 0, 26124), -- SLG Generic Stalker (Gigantic AOI) (Area: -Unknown- - Difficulty: 2) (Auras: 201649 - -Unknown-)
(@CGUID+74, 32204, 1544, 7996, 7996, 8388614, '0', 0, 0, 0, 4673.905, 4011.445, 91.80089, 5.009095, 7200, 0, 0, 0, 0, 0, 0, 0, 0, 26124), -- 辛克莱尔中尉 (Area: -Unknown- - Difficulty: 2)
(@CGUID+75, 102281, 1544, 7996, 7996, 8388614, '0', 0, 0, 0, 4667.371, 4058.247, 86.53987, 3.961897, 7200, 0, 0, 0, 0, 0, 0, 0, 0, 26124), -- 传送门 (Area: -Unknown- - Difficulty: 2) (Auras: )
(@CGUID+76, 102279, 1544, 7996, 7996, 8388614, '0', 0, 0, 0, 4682.276, 4013.682, 91.80927, 3.054326, 7200, 0, 0, 0, 0, 0, 0, 0, 0, 26124), -- 传送门 (Area: -Unknown- - Difficulty: 2) (Auras: )
(@CGUID+77, 92879, 1544, 7996, 7996, 8388614, '0', 0, 0, 0, 4673.434, 4046.756, 95.06452, 4.662285, 7200, 0, 0, 0, 0, 0, 0, 0, 0, 26124), -- SLG Generic Stalker (Gigantic AOI) (Area: -Unknown- - Difficulty: 2) (Auras: 201649 - -Unknown-)
(@CGUID+78, 102267, 1544, 7996, 7996, 8388614, '0', 0, 0, 0, 4685.841, 4013.804, 91.8186, 3.124139, 7200, 0, 0, 0, 0, 0, 0, 0, 0, 26124), -- 传送门 (Area: -Unknown- - Difficulty: 2) (Auras: 201859 - -Unknown-)
(@CGUID+79, 102246, 1544, 7996, 7996, 8388614, '0', 0, 0, 0, 4693.139, 3957.834, 70.25357, 2.367904, 7200, 0, 0, 0, 0, 0, 0, 0, 0, 26124), -- 阿努贝斯特 (Area: -Unknown- - Difficulty: 2)
(@CGUID+80, 101995, 1544, 7996, 7996, 8388614, '0', 0, 0, 0, 4682.177, 4076.764, 86.59469, 4.129472, 7200, 0, 0, 0, 0, 0, 0, 0, 0, 26124), -- 溃面 (Area: -Unknown- - Difficulty: 2)
(@CGUID+81, 102273, 1544, 7996, 7996, 8388614, '0', 0, 0, 0, 4678.442, 3997.725, 91.78948, 2.982388, 7200, 0, 0, 0, 0, 0, 0, 0, 0, 26124), -- 末日守卫渗透者 (Area: -Unknown- - Difficulty: 2) (Auras: )
(@CGUID+82, 30857, 1544, 7996, 7996, 8388614, '0', 0, 0, 0, 4671.494, 4034.414, 62.4465, 0.1136161, 7200, 0, 0, 0, 0, 0, 0, 0, 0, 26124), -- 防御假人目标 (Area: -Unknown- - Difficulty: 2)
(@CGUID+83, 30837, 1544, 7996, 7996, 8388614, '0', 0, 0, 0, 4634.331, 4013.877, 123.175, 3.071779, 7200, 0, 0, 0, 0, 0, 0, 0, 0, 26124), -- 防御系统 (Area: -Unknown- - Difficulty: 2) (Auras: 57886 - -Unknown-)
(@CGUID+84, 2110, 1544, 7996, 7996, 8388614, '0', 0, 0, 0, 4669.436, 4052.858, 78.03364, 5.735709, 7200, 0, 0, 0, 0, 0, 0, 0, 0, 26124), -- 黑老鼠 (Area: -Unknown- - Difficulty: 2) (Auras: )
(@CGUID+85, 104529, 1544, 7996, 7996, 8388614, '0', 0, 0, 0, 4667.385, 4050.753, 78.16601, 3.988004, 7200, 0, 0, 0, 0, 0, 0, 0, 0, 26124), -- 林达斯 (Area: -Unknown- - Difficulty: 2) (Auras: )
(@CGUID+86, 2110, 1544, 7996, 7996, 8388614, '0', 0, 0, 0, 4671.096, 4048.875, 86.66638, 3.130792, 7200, 0, 0, 0, 0, 0, 0, 0, 0, 26124), -- 黑老鼠 (Area: -Unknown- - Difficulty: 2)
(@CGUID+87, 102671, 1544, 7996, 7996, 8388614, '0', 0, 0, 0, 4664.478, 4076.341, 87.92735, 5.082559, 7200, 10, 0, 0, 0, 1, 0, 0, 0, 26124), -- 监狱牢房 (Area: -Unknown- - Difficulty: 2) (possible waypoints or random movement)
(@CGUID+88, 102671, 1544, 7996, 7996, 8388614, '0', 0, 0, 0, 4675.226, 3961.141, 71.11539, 2.841118, 7200, 10, 0, 0, 0, 1, 0, 0, 0, 26124), -- 监狱牢房 (Area: -Unknown- - Difficulty: 2) (possible waypoints or random movement)
(@CGUID+89, 113610, 1544, 7996, 7996, 8388614, '0', 0, 0, 0, 4712.94, 3991.413, 91.75088, 1.553343, 7200, 0, 0, 0, 0, 0, 0, 0, 0, 26124), -- 督军马尔加斯 (Area: -Unknown- - Difficulty: 2)
(@CGUID+90, 102620, 1544, 7996, 7996, 8388614, '0', 0, 0, 0, 4708.059, 4013.869, 91.75376, 3.013337, 7200, 0, 0, 0, 0, 0, 0, 0, 0, 26124), -- 毁灭者塔尔达斯 (Area: -Unknown- - Difficulty: 2)
(@CGUID+91, 30857, 1544, 7996, 7996, 8388614, '0', 0, 0, 0, 4690.233, 4023.302, 91.83308, 0.296706, 7200, 0, 0, 0, 0, 0, 0, 0, 0, 26124), -- 防御假人目标 (Area: -Unknown- - Difficulty: 2)
(@CGUID+92, 14881, 1544, 7996, 7996, 8388614, '0', 0, 0, 0, 4717.155, 4033.854, 91.76915, 1.575579, 7200, 10, 0, 0, 0, 1, 0, 0, 0, 26124), -- 蜘蛛 (Area: -Unknown- - Difficulty: 2) (possible waypoints or random movement)
(@CGUID+93, 14881, 1544, 7996, 7996, 8388614, '0', 0, 0, 0, 4683.643, 4096.692, 86.78945, 3.315088, 7200, 10, 0, 0, 0, 1, 0, 0, 0, 26124), -- 蜘蛛 (Area: -Unknown- - Difficulty: 2) (possible waypoints or random movement)
(@CGUID+94, 102282, 1544, 7996, 7996, 8388614, '0', 0, 0, 0, 4633.226, 4013.767, 93.28748, 1.895924, 7200, 0, 0, 0, 0, 0, 0, 0, 0, 26124), -- 督军马尔加斯 (Area: -Unknown- - Difficulty: 2) (Auras: 202311 - -Unknown-)
(@CGUID+95, 102335, 1544, 7996, 7996, 8388614, '0', 0, 0, 0, 4623.706, 4060.674, 82.8074, 2.903141, 7200, 0, 0, 0, 0, 0, 0, 0, 0, 26124), -- 传送门守卫者 (Area: -Unknown- - Difficulty: 2) (Auras: )
(@CGUID+96, 102282, 1544, 7996, 7996, 8388614, '0', 0, 0, 0, 4633.53, 4013.76, 91.3354, 5.409888, 7200, 0, 0, 0, 0, 0, 0, 0, 0, 26124), -- 督军马尔加斯 (Area: -Unknown- - Difficulty: 2) (Auras: 202311 - -Unknown-)
(@CGUID+97, 102279, 1544, 7996, 7996, 8388614, '0', 0, 0, 0, 4623.706, 4060.674, 82.72407, 4.34587, 7200, 0, 0, 0, 0, 0, 0, 0, 0, 26124), -- 传送门 (Area: -Unknown- - Difficulty: 2) (Auras: )
(@CGUID+98, 102282, 1544, 7996, 7996, 8388614, '0', 0, 0, 0, 4631.815, 4010.806, 92.84882, 4.08937, 7200, 0, 0, 0, 0, 0, 0, 0, 0, 26124), -- 督军马尔加斯 (Area: -Unknown- - Difficulty: 2) (Auras: 202311 - -Unknown-)
(@CGUID+99, 102282, 1544, 7996, 7996, 8388614, '0', 0, 0, 0, 4632.436, 4013.57, 93.02143, 0.1286217, 7200, 0, 0, 0, 0, 0, 0, 0, 0, 26124), -- 督军马尔加斯 (Area: -Unknown- - Difficulty: 2) (Auras: 202311 - -Unknown-)
(@CGUID+100, 102337, 1544, 7996, 7996, 8388614, '0', 0, 0, 0, 4636.862, 3963.915, 87.14074, 2.277101, 7200, 0, 0, 0, 0, 0, 0, 0, 0, 26124), -- 传送门守卫者 (Area: -Unknown- - Difficulty: 2) (Auras: )
(@CGUID+101, 102279, 1544, 7996, 7996, 8388614, '0', 0, 0, 0, 4636.862, 3963.915, 87.0574, 1.675516, 7200, 0, 0, 0, 0, 0, 0, 0, 0, 26124), -- 传送门 (Area: -Unknown- - Difficulty: 2) (Auras: )
(@CGUID+102, 102282, 1544, 7996, 7996, 8388614, '0', 0, 0, 0, 4634.621, 4014.6, 91.54648, 4.011715, 7200, 0, 0, 0, 0, 0, 0, 0, 0, 26124), -- 督军马尔加斯 (Area: -Unknown- - Difficulty: 2) (Auras: 202311 - -Unknown-)
(@CGUID+103, 102336, 1544, 7996, 7996, 8388614, '0', 0, 0, 0, 4604.421, 3980.82, 78.08196, 1.699124, 7200, 0, 0, 0, 0, 0, 0, 0, 0, 26124), -- 传送门看护者 (Area: -Unknown- - Difficulty: 2) (Auras: )
(@CGUID+104, 102267, 1544, 7996, 7996, 8388614, '0', 0, 0, 0, 4632.733, 4013.696, 93.02142, 3.159046, 7200, 0, 0, 0, 0, 0, 0, 0, 0, 26124), -- 传送门 (Area: -Unknown- - Difficulty: 2)
(@CGUID+105, 102282, 1544, 7996, 7996, 8388614, '0', 0, 0, 0, 4632.436, 4013.57, 93.02143, 3.211406, 7200, 0, 0, 0, 0, 0, 0, 0, 0, 26124), -- 督军马尔加斯 (Area: -Unknown- - Difficulty: 2) (Auras: 202311 - -Unknown-)
(@CGUID+106, 102279, 1544, 7996, 7996, 8388614, '0', 0, 0, 0, 4604.432, 3980.733, 78.04087, 0.9075712, 7200, 0, 0, 0, 0, 0, 0, 0, 0, 26124), -- 传送门 (Area: -Unknown- - Difficulty: 2)
(@CGUID+107, 111374, 1544, 7996, 7996, 8388614, '0', 0, 0, 0, 4633.128, 4014.205, 78.04999, 0, 7200, 0, 0, 0, 0, 0, 0, 0, 0, 26124), -- 萨拉塔斯 (Area: -Unknown- - Difficulty: 2)
(@CGUID+108, 102040, 1544, 7996, 7996, 8388614, '0', 0, 0, 0, 4627.719, 4058.392, 82.72406, 4.964176, 7200, 0, 0, 0, 0, 0, 0, 0, 0, 26124), -- 米尔豪斯·法力风暴的影像 (Area: -Unknown- - Difficulty: 2) (Auras: 201239 - -Unknown-)
-- (@CGUID+109, 102044, UNKNOWN, 7996, 7996, 8388614, '0', 0, 0, 0, 0.2920104, 0.001780279, 1.852106, 0, 7200, 0, 0, 0, 0, 0, 0, 0, 0, 26124), -- 机械炸弹松鼠 (Area: -Unknown- - Difficulty: 2) (Auras: 201243 - -Unknown-) - !!! on transport - transport template not found !!!
(@CGUID+110, 102302, 1544, 7996, 7996, 8388614, '0', 0, 0, 0, 4636.811, 3964.083, 86.98946, 1.865538, 7200, 0, 0, 0, 0, 0, 0, 0, 0, 26124), -- 传送门看护者 (Area: -Unknown- - Difficulty: 2) (Auras: )
(@CGUID+111, 102282, 1544, 7996, 7996, 8388614, '0', 0, 0, 0, 4633.228, 4013.761, 93.28743, 1.895769, 7200, 0, 0, 0, 0, 0, 0, 0, 0, 26124), -- 督军马尔加斯 (Area: -Unknown- - Difficulty: 2) (Auras: 202311 - -Unknown-)
(@CGUID+112, 102279, 1544, 7996, 7996, 8388614, '0', 0, 0, 0, 4636.862, 3963.915, 87.0574, 1.675516, 7200, 0, 0, 0, 0, 0, 0, 0, 0, 26124), -- 传送门 (Area: -Unknown- - Difficulty: 2) (Auras: )
(@CGUID+113, 102337, 1544, 7996, 7996, 8388614, '0', 0, 0, 0, 4620.958, 4059.644, 82.78946, 3.500104, 7200, 0, 0, 0, 0, 0, 0, 0, 0, 26124), -- 传送门守卫者 (Area: -Unknown- - Difficulty: 2) (Auras: )
(@CGUID+114, 102279, 1544, 7996, 7996, 8388614, '0', 0, 0, 0, 4623.706, 4060.674, 82.72407, 4.34587, 7200, 0, 0, 0, 0, 0, 0, 0, 0, 26124), -- 传送门 (Area: -Unknown- - Difficulty: 2)
(@CGUID+115, 102282, 1544, 7996, 7996, 8388614, '0', 0, 0, 0, 4631.954, 4015.189, 93.58717, 5.503567, 7200, 0, 0, 0, 0, 0, 0, 0, 0, 26124), -- 督军马尔加斯 (Area: -Unknown- - Difficulty: 2) (Auras: 202311 - -Unknown-)
(@CGUID+116, 102282, 1544, 7996, 7996, 8388614, '0', 0, 0, 0, 4633.147, 4016.478, 91.93089, 4.379948, 7200, 0, 0, 0, 0, 0, 0, 0, 0, 26124), -- 督军马尔加斯 (Area: -Unknown- - Difficulty: 2) (Auras: 202311 - -Unknown-)
(@CGUID+117, 102335, 1544, 7996, 7996, 8388614, '0', 0, 0, 0, 4639.186, 3965.812, 86.98946, 0.6846085, 7200, 0, 0, 0, 0, 0, 0, 0, 0, 26124), -- 传送门守卫者 (Area: -Unknown- - Difficulty: 2) (Auras: )
(@CGUID+118, 102279, 1544, 7996, 7996, 8388614, '0', 0, 0, 0, 4636.862, 3963.915, 87.0574, 1.675516, 7200, 0, 0, 0, 0, 0, 0, 0, 0, 26124), -- 传送门 (Area: -Unknown- - Difficulty: 2) (Auras: )
(@CGUID+119, 102282, 1544, 7996, 7996, 8388614, '0', 0, 0, 0, 4632.492, 4013.199, 91.28765, 6.282625, 7200, 0, 0, 0, 0, 0, 0, 0, 0, 26124), -- 督军马尔加斯 (Area: -Unknown- - Difficulty: 2) (Auras: 202311 - -Unknown-)
(@CGUID+120, 102336, 1544, 7996, 7996, 8388614, '0', 0, 0, 0, 4681.102, 4012.184, 91.84773, 3.273304, 7200, 0, 0, 0, 0, 0, 0, 0, 0, 26124), -- 传送门看护者 (Area: -Unknown- - Difficulty: 2) (Auras: )
(@CGUID+121, 102282, 1544, 7996, 7996, 8388614, '0', 0, 0, 0, 4632.436, 4013.57, 93.02143, 4.154076, 7200, 0, 0, 0, 0, 0, 0, 0, 0, 26124), -- 督军马尔加斯 (Area: -Unknown- - Difficulty: 2) (Auras: 202311 - -Unknown-)
(@CGUID+122, 102279, 1544, 7996, 7996, 8388614, '0', 0, 0, 0, 4682.276, 4013.682, 91.80927, 3.054326, 7200, 0, 0, 0, 0, 0, 0, 0, 0, 26124), -- 传送门 (Area: -Unknown- - Difficulty: 2)
(@CGUID+123, 102282, 1544, 7996, 7996, 8388614, '0', 0, 0, 0, 4633.149, 4016.482, 91.92925, 4.329152, 7200, 0, 0, 0, 0, 0, 0, 0, 0, 26124), -- 督军马尔加斯 (Area: -Unknown- - Difficulty: 2) (Auras: 202311 - -Unknown-)
(@CGUID+124, 102302, 1544, 7996, 7996, 8388614, '0', 0, 0, 0, 4636.451, 3960.763, 86.98946, 4.582705, 7200, 0, 0, 0, 0, 0, 0, 0, 0, 26124), -- 传送门看护者 (Area: -Unknown- - Difficulty: 2) (Auras: )
(@CGUID+125, 30837, 1544, 7996, 7996, 8388614, '0', 0, 0, 0, 4634.463, 4013.835, 123.1774, 5.846853, 7200, 0, 0, 0, 0, 0, 0, 0, 0, 26124), -- 防御系统 (Area: -Unknown- - Difficulty: 2) (Auras: 57886 - -Unknown-)
(@CGUID+126, 102279, 1544, 7996, 7996, 8388614, '0', 0, 0, 0, 4636.862, 3963.915, 87.0574, 1.675516, 7200, 0, 0, 0, 0, 0, 0, 0, 0, 26124), -- 传送门 (Area: -Unknown- - Difficulty: 2)
(@CGUID+127, 102282, 1544, 7996, 7996, 8388614, '0', 0, 0, 0, 4631.813, 4010.802, 92.84985, 4.089647, 7200, 0, 0, 0, 0, 0, 0, 0, 0, 26124), -- 督军马尔加斯 (Area: -Unknown- - Difficulty: 2) (Auras: 202311 - -Unknown-)
(@CGUID+128, 30837, 1544, 7996, 7996, 8388614, '0', 0, 0, 0, 4634.463, 4013.835, 123.1774, 5.846853, 7200, 0, 0, 0, 0, 0, 0, 0, 0, 26124), -- 防御系统 (Area: -Unknown- - Difficulty: 2) (Auras: 57886 - -Unknown-)
(@CGUID+129, 102282, 1544, 7996, 7996, 8388614, '0', 0, 0, 0, 4634.424, 4013.19, 92.91659, 6.149689, 7200, 0, 0, 0, 0, 0, 0, 0, 0, 26124), -- 督军马尔加斯 (Area: -Unknown- - Difficulty: 2) (Auras: 202311 - -Unknown-)
(@CGUID+130, 30837, 1544, 7996, 7996, 8388614, '0', 0, 0, 0, 4634.463, 4013.835, 123.1774, 5.846853, 7200, 0, 0, 0, 0, 0, 0, 0, 0, 26124), -- 防御系统 (Area: -Unknown- - Difficulty: 2) (Auras: 57886 - -Unknown-)
(@CGUID+131, 102282, 1544, 7996, 7996, 8388614, '0', 0, 0, 0, 4631.953, 4015.191, 93.5869, 5.501662, 7200, 0, 0, 0, 0, 0, 0, 0, 0, 26124), -- 督军马尔加斯 (Area: -Unknown- - Difficulty: 2) (Auras: 202311 - -Unknown-)
(@CGUID+132, 30837, 1544, 7996, 7996, 8388614, '0', 0, 0, 0, 4634.463, 4013.835, 123.1774, 5.846853, 7200, 0, 0, 0, 0, 0, 0, 0, 0, 26124), -- 防御系统 (Area: -Unknown- - Difficulty: 2) (Auras: 57886 - -Unknown-)
(@CGUID+133, 102282, 1544, 7996, 7996, 8388614, '0', 0, 0, 0, 4629.729, 4014.974, 92.57771, 0.1784511, 7200, 0, 0, 0, 0, 0, 0, 0, 0, 26124), -- 督军马尔加斯 (Area: -Unknown- - Difficulty: 2) (Auras: 202311 - -Unknown-)
(@CGUID+134, 102387, 1544, 7996, 7996, 8388614, '0', 0, 0, 0, 4691.853, 4014.938, 115.7628, 3.202404, 7200, 0, 0, 0, 0, 0, 0, 0, 0, 26124), -- 赛尔奥隆 (Area: -Unknown- - Difficulty: 2) (Auras: )
(@CGUID+135, 102434, 1544, 7996, 7996, 8388614, '0', 0, 0, 0, 4602.293, 4045.387, 134.9366, 0, 7200, 0, 0, 0, 0, 0, 0, 0, 0, 26124), -- 相位蜘蛛 (Area: -Unknown- - Difficulty: 2) (Auras: 191183 - -Unknown-)
(@CGUID+136, 102434, 1544, 7996, 7996, 8388614, '0', 0, 0, 0, 4647.466, 4045.387, 134.9366, 0, 7200, 0, 0, 0, 0, 0, 0, 0, 0, 26124), -- 相位蜘蛛 (Area: -Unknown- - Difficulty: 2) (Auras: 191183 - -Unknown-)
(@CGUID+137, 102434, 1544, 7996, 7996, 8388614, '0', 0, 0, 0, 4638.431, 3989.894, 135.4737, 0, 7200, 0, 0, 0, 0, 0, 0, 0, 0, 26124), -- 相位蜘蛛 (Area: -Unknown- - Difficulty: 2) (Auras: 191183 - -Unknown-)
(@CGUID+138, 102434, 1544, 7996, 7996, 8388614, '0', 0, 0, 0, 4602.698, 3990.907, 136.3367, 0, 7200, 0, 0, 0, 0, 0, 0, 0, 0, 26124); -- 相位蜘蛛 (Area: -Unknown- - Difficulty: 2) (Auras: 191183 - -Unknown-)
-- (@CGUID+139, 32642, UNKNOWN, 7846, 7846, 3, '4619 - 4648 - 4771 - 4905 - 5131 - 5542 - 5573 - 5980 - 5998 - 6028 - 6030 - 6032 - 6039 - 6040 - 6079 - 6200 - 6337 - 6475 - 6527 - 6730 - 6933 - 7076 - 7475 - 7512 - 7541 - 7544 - 7656 - 7968 - 8236 - 8412', 0, 0, 0, 0, 0, 0, 0, 7200, 0, 0, 0, 0, 0, 0, 0, 0, 26124), -- -Unknown- (Area: -Unknown- - Difficulty: 0) (Auras: 61424 - -Unknown-) - !!! on transport - transport template not found !!!
DELETE FROM `creature_addon` WHERE `guid` BETWEEN @CGUID+0 AND @CGUID+244;
INSERT INTO `creature_addon` (`guid`, `path_id`, `mount`, `bytes1`, `bytes2`, `emote`, `aiAnimKit`, `movementAnimKit`, `meleeAnimKit`, `auras`) VALUES
(@CGUID+0, 0, 0, 0, 1, 0, 0, 0, 0, '29266'), -- 暴食魔犬 - 29266 - -Unknown-
(@CGUID+1, 0, 0, 0, 1, 0, 0, 0, 0, ''), -- -Unknown-
(@CGUID+2, 0, 0, 0, 1, 0, 0, 0, 0, ''), -- -Unknown-
(@CGUID+3, 0, 0, 0, 1, 0, 0, 0, 0, '99201'), -- Summon Enabler Stalker - 99201 - -Unknown-
(@CGUID+4, 0, 0, 0, 1, 0, 0, 0, 0, '201649'), -- SLG Generic Stalker (Gigantic AOI) - 201649 - -Unknown-
(@CGUID+5, 0, 0, 50331648, 1, 0, 0, 0, 0, ''), -- 监狱牢房
(@CGUID+6, 0, 0, 0, 1, 0, 0, 0, 0, '29266'), -- 暴食魔犬 - 29266 - -Unknown-
(@CGUID+7, 0, 0, 0, 1, 0, 0, 0, 0, ''), -- 颤栗之喉
(@CGUID+8, 0, 0, 0, 1, 0, 0, 0, 0, '29266'), -- 艾瑞达入侵者 - 29266 - -Unknown-
(@CGUID+9, 0, 0, 0, 1, 0, 0, 0, 0, '201649'), -- SLG Generic Stalker (Gigantic AOI) - 201649 - -Unknown-
(@CGUID+10, 0, 0, 0, 1, 0, 0, 0, 0, '99201'), -- Summon Enabler Stalker - 99201 - -Unknown-
(@CGUID+11, 0, 0, 0, 1, 0, 0, 0, 0, '201649'), -- SLG Generic Stalker (Gigantic AOI) - 201649 - -Unknown-
(@CGUID+12, 0, 0, 0, 1, 0, 0, 0, 0, ''), -- 末日守卫渗透者
(@CGUID+13, 0, 0, 0, 1, 0, 0, 0, 0, '29266'), -- 紫罗兰监狱卫兵 - 29266 - -Unknown-
(@CGUID+14, 0, 0, 0, 1, 0, 0, 0, 0, ''), -- 紫罗兰监狱卫兵
(@CGUID+15, 0, 0, 0, 1, 0, 0, 0, 0, ''), -- 蜘蛛
(@CGUID+16, 0, 0, 0, 1, 0, 0, 0, 0, ''), -- 艾瑞达入侵者
(@CGUID+17, 0, 0, 0, 1, 0, 0, 0, 0, ''), -- 防御假人目标
(@CGUID+18, 0, 0, 0, 1, 0, 0, 0, 0, '29266'), -- 紫罗兰监狱卫兵 - 29266 - -Unknown-
(@CGUID+19, 0, 0, 50331648, 1, 0, 0, 0, 0, ''), -- 监狱大门封印
(@CGUID+20, 0, 0, 0, 1, 0, 0, 0, 0, ''), -- 防御假人目标
(@CGUID+21, 0, 0, 0, 1, 0, 0, 0, 0, ''), -- 紫罗兰监狱卫兵
(@CGUID+22, 0, 0, 50331648, 1, 0, 0, 0, 0, ''), -- 传送门
(@CGUID+23, 0, 0, 0, 1, 0, 0, 0, 0, '29266'), -- 紫罗兰监狱卫兵 - 29266 - -Unknown-
(@CGUID+24, 0, 0, 0, 1, 0, 0, 0, 0, ''), -- 紫罗兰监狱卫兵
(@CGUID+25, 0, 0, 0, 1, 0, 0, 0, 0, ''), -- Web Invisible Stalker
(@CGUID+26, 0, 0, 0, 1, 0, 0, 0, 0, ''), -- 艾瑞达入侵者
(@CGUID+27, 0, 0, 0, 1, 0, 0, 0, 0, ''), -- Dalaran Prison Event Controller
(@CGUID+28, 0, 0, 0, 1, 0, 0, 0, 0, ''), -- 辛克莱尔中尉
(@CGUID+29, 0, 0, 0, 1, 0, 0, 0, 0, '29266'), -- 紫罗兰监狱卫兵 - 29266 - -Unknown-
(@CGUID+30, 0, 0, 0, 1, 0, 0, 0, 0, ''), -- 紫罗兰监狱卫兵
(@CGUID+31, 0, 0, 0, 1, 0, 0, 0, 0, ''), -- 黑老鼠
(@CGUID+32, 0, 0, 0, 1, 0, 0, 0, 0, ''), -- 防御假人目标
(@CGUID+33, 0, 0, 0, 1, 0, 0, 0, 0, ''), -- 防御假人目标
(@CGUID+34, 0, 0, 0, 1, 0, 0, 0, 0, ''), -- 暴食魔犬
(@CGUID+35, 0, 0, 0, 1, 0, 0, 0, 0, ''), -- 夺心者卡什
(@CGUID+36, 0, 0, 0, 1, 0, 0, 0, 0, ''), -- Web Invisible Stalker
(@CGUID+37, 0, 0, 0, 1, 0, 0, 0, 0, ''), -- 蜘蛛
(@CGUID+38, 0, 0, 50331648, 1, 0, 0, 0, 0, ''), -- 传送门
(@CGUID+39, 0, 0, 0, 1, 0, 0, 0, 0, '201649'), -- SLG Generic Stalker (Gigantic AOI) - 201649 - -Unknown-
(@CGUID+40, 0, 0, 50331648, 1, 0, 0, 0, 0, '201859'), -- 传送门 - 201859 - -Unknown-
(@CGUID+41, 0, 0, 0, 1, 0, 0, 0, 0, '201649'), -- SLG Generic Stalker (Gigantic AOI) - 201649 - -Unknown-
(@CGUID+42, 0, 0, 0, 1, 0, 0, 0, 0, '201649'), -- SLG Generic Stalker (Gigantic AOI) - 201649 - -Unknown-
(@CGUID+43, 0, 0, 0, 1, 0, 0, 0, 0, '29266'), -- 紫罗兰监狱卫兵 - 29266 - -Unknown-
(@CGUID+44, 0, 0, 0, 1, 0, 0, 0, 0, '201649'), -- SLG Generic Stalker (Gigantic AOI) - 201649 - -Unknown-
(@CGUID+45, 0, 0, 0, 1, 0, 0, 0, 0, ''), -- 末日守卫渗透者
(@CGUID+46, 0, 0, 0, 1, 0, 0, 0, 0, ''), -- 防御假人目标
(@CGUID+47, 0, 0, 0, 1, 0, 0, 0, 0, ''), -- 暴食魔犬
(@CGUID+48, 0, 0, 0, 1, 0, 0, 0, 0, ''), -- 防御假人目标
(@CGUID+49, 0, 0, 0, 1, 0, 0, 0, 0, '201649'), -- SLG Generic Stalker (Gigantic AOI) - 201649 - -Unknown-
(@CGUID+50, 0, 0, 0, 1, 0, 0, 0, 0, ''), -- 防御假人目标
(@CGUID+51, 0, 0, 0, 1, 0, 0, 0, 0, ''), -- Web Invisible Stalker
(@CGUID+52, 0, 0, 50331648, 1, 0, 0, 0, 0, ''), -- 监狱牢房
(@CGUID+53, 0, 0, 1, 1, 0, 0, 0, 0, ''), -- 米尔菲丝·法力风暴
(@CGUID+54, 0, 0, 0, 1, 0, 0, 0, 0, '201649'), -- SLG Generic Stalker (Gigantic AOI) - 201649 - -Unknown-
(@CGUID+55, 0, 0, 0, 1, 0, 0, 0, 0, ''), -- 防御假人目标
(@CGUID+56, 0, 0, 0, 1, 0, 0, 0, 0, '201649'), -- SLG Generic Stalker (Gigantic AOI) - 201649 - -Unknown-
(@CGUID+57, 0, 0, 0, 1, 0, 0, 0, 0, '201649'), -- SLG Generic Stalker (Gigantic AOI) - 201649 - -Unknown-
(@CGUID+58, 0, 0, 0, 1, 0, 0, 0, 0, ''), -- Web Invisible Stalker
(@CGUID+59, 0, 0, 0, 1, 0, 0, 0, 0, '203456'), -- 鲜血公主萨安娜 - 203456 - -Unknown-
(@CGUID+60, 0, 0, 50331648, 1, 0, 0, 0, 0, ''), -- 监狱牢房
(@CGUID+61, 0, 0, 0, 1, 0, 0, 0, 0, '201649'), -- SLG Generic Stalker (Gigantic AOI) - 201649 - -Unknown-
(@CGUID+62, 0, 0, 50331648, 1, 0, 0, 0, 0, ''), -- 传送门
(@CGUID+63, 0, 0, 0, 1, 0, 0, 0, 0, ''), -- 防御假人目标
(@CGUID+64, 0, 0, 0, 1, 0, 0, 0, 0, ''), -- 老鼠
(@CGUID+65, 0, 0, 50331648, 1, 0, 0, 0, 0, ''), -- 传送门
(@CGUID+66, 0, 0, 0, 1, 0, 0, 0, 0, ''), -- 防御假人目标
(@CGUID+67, 0, 0, 0, 1, 0, 0, 0, 0, '201649'), -- SLG Generic Stalker (Gigantic AOI) - 201649 - -Unknown-
(@CGUID+68, 0, 0, 50331648, 1, 0, 0, 0, 0, '201859'), -- 传送门 - 201859 - -Unknown-
(@CGUID+69, 0, 0, 0, 1, 0, 0, 0, 0, '201649'), -- SLG Generic Stalker (Gigantic AOI) - 201649 - -Unknown-
(@CGUID+70, 0, 0, 50331648, 1, 0, 0, 0, 0, ''), -- 监狱牢房
(@CGUID+71, 0, 0, 50331648, 1, 0, 0, 0, 0, ''), -- 传送门
(@CGUID+72, 0, 0, 50331648, 1, 0, 0, 0, 0, ''), -- 传送门
(@CGUID+73, 0, 0, 0, 1, 0, 0, 0, 0, '201649'), -- SLG Generic Stalker (Gigantic AOI) - 201649 - -Unknown-
(@CGUID+74, 0, 0, 0, 1, 0, 0, 0, 0, ''), -- 辛克莱尔中尉
(@CGUID+75, 0, 0, 50331648, 1, 0, 0, 0, 0, ''), -- 传送门
(@CGUID+76, 0, 0, 50331648, 1, 0, 0, 0, 0, ''), -- 传送门
(@CGUID+77, 0, 0, 0, 1, 0, 0, 0, 0, '201649'), -- SLG Generic Stalker (Gigantic AOI) - 201649 - -Unknown-
(@CGUID+78, 0, 0, 50331648, 1, 0, 0, 0, 0, '201859'), -- 传送门 - 201859 - -Unknown-
(@CGUID+79, 0, 0, 0, 1, 0, 0, 0, 0, ''), -- 阿努贝斯特
(@CGUID+80, 0, 0, 0, 1, 0, 0, 0, 0, ''), -- 溃面
(@CGUID+81, 0, 0, 0, 1, 0, 0, 0, 0, ''), -- 末日守卫渗透者
(@CGUID+82, 0, 0, 0, 1, 0, 0, 0, 0, ''), -- 防御假人目标
(@CGUID+83, 0, 0, 50331648, 1, 0, 0, 0, 0, '57886'), -- 防御系统 - 57886 - -Unknown-
(@CGUID+84, 0, 0, 0, 1, 0, 0, 0, 0, ''), -- 黑老鼠
(@CGUID+85, 0, 0, 0, 1, 0, 0, 0, 0, ''), -- 林达斯
(@CGUID+86, 0, 0, 0, 1, 0, 0, 0, 0, ''), -- 黑老鼠
(@CGUID+87, 0, 0, 50331648, 1, 0, 0, 0, 0, ''), -- 监狱牢房
(@CGUID+88, 0, 0, 50331648, 1, 0, 0, 0, 0, ''), -- 监狱牢房
(@CGUID+89, 0, 0, 0, 1, 0, 0, 0, 0, ''), -- 督军马尔加斯
(@CGUID+90, 0, 0, 0, 1, 0, 0, 0, 0, ''), -- 毁灭者塔尔达斯
(@CGUID+91, 0, 0, 0, 1, 0, 0, 0, 0, ''), -- 防御假人目标
(@CGUID+92, 0, 0, 0, 1, 0, 0, 0, 0, ''), -- 蜘蛛
(@CGUID+93, 0, 0, 0, 1, 0, 0, 0, 0, ''), -- 蜘蛛
(@CGUID+94, 0, 0, 50331648, 1, 0, 0, 0, 0, '202311'), -- 督军马尔加斯 - 202311 - -Unknown-
(@CGUID+95, 0, 0, 0, 1, 0, 0, 0, 0, ''), -- 传送门守卫者
(@CGUID+96, 0, 0, 50331648, 1, 0, 0, 0, 0, '202311'), -- 督军马尔加斯 - 202311 - -Unknown-
(@CGUID+97, 0, 0, 50331648, 1, 0, 0, 0, 0, ''), -- 传送门
(@CGUID+98, 0, 0, 50331648, 1, 0, 0, 0, 0, '202311'), -- 督军马尔加斯 - 202311 - -Unknown-
(@CGUID+99, 0, 0, 50331648, 1, 0, 0, 0, 0, '202311'), -- 督军马尔加斯 - 202311 - -Unknown-
(@CGUID+100, 0, 0, 0, 1, 0, 0, 0, 0, ''), -- 传送门守卫者
(@CGUID+101, 0, 0, 50331648, 1, 0, 0, 0, 0, ''), -- 传送门
(@CGUID+102, 0, 0, 50331648, 1, 0, 0, 0, 0, '202311'), -- 督军马尔加斯 - 202311 - -Unknown-
(@CGUID+103, 0, 0, 0, 1, 0, 0, 0, 0, ''), -- 传送门看护者
(@CGUID+104, 0, 0, 50331648, 1, 0, 0, 0, 0, ''), -- 传送门
(@CGUID+105, 0, 0, 50331648, 1, 0, 0, 0, 0, '202311'), -- 督军马尔加斯 - 202311 - -Unknown-
(@CGUID+106, 0, 0, 50331648, 1, 0, 0, 0, 0, ''), -- 传送门
(@CGUID+107, 0, 0, 0, 1, 0, 0, 0, 0, ''), -- 萨拉塔斯
(@CGUID+108, 0, 0, 0, 1, 0, 0, 0, 0, '201239'), -- 米尔豪斯·法力风暴的影像 - 201239 - -Unknown-
(@CGUID+109, 0, 0, 0, 1, 0, 0, 0, 0, '201243'), -- 机械炸弹松鼠 - 201243 - -Unknown-
(@CGUID+110, 0, 0, 0, 1, 0, 0, 0, 0, ''), -- 传送门看护者
(@CGUID+111, 0, 0, 50331648, 1, 0, 0, 0, 0, '202311'), -- 督军马尔加斯 - 202311 - -Unknown-
(@CGUID+112, 0, 0, 50331648, 1, 0, 0, 0, 0, ''), -- 传送门
(@CGUID+113, 0, 0, 0, 1, 0, 0, 0, 0, ''), -- 传送门守卫者
(@CGUID+114, 0, 0, 50331648, 1, 0, 0, 0, 0, ''), -- 传送门
(@CGUID+115, 0, 0, 50331648, 1, 0, 0, 0, 0, '202311'), -- 督军马尔加斯 - 202311 - -Unknown-
(@CGUID+116, 0, 0, 50331648, 1, 0, 0, 0, 0, '202311'), -- 督军马尔加斯 - 202311 - -Unknown-
(@CGUID+117, 0, 0, 0, 1, 0, 0, 0, 0, ''), -- 传送门守卫者
(@CGUID+118, 0, 0, 50331648, 1, 0, 0, 0, 0, ''), -- 传送门
(@CGUID+119, 0, 0, 50331648, 1, 0, 0, 0, 0, '202311'), -- 督军马尔加斯 - 202311 - -Unknown-
(@CGUID+120, 0, 0, 0, 1, 0, 0, 0, 0, ''), -- 传送门看护者
(@CGUID+121, 0, 0, 50331648, 1, 0, 0, 0, 0, '202311'), -- 督军马尔加斯 - 202311 - -Unknown-
(@CGUID+122, 0, 0, 50331648, 1, 0, 0, 0, 0, ''), -- 传送门
(@CGUID+123, 0, 0, 50331648, 1, 0, 0, 0, 0, '202311'), -- 督军马尔加斯 - 202311 - -Unknown-
(@CGUID+124, 0, 0, 0, 1, 0, 0, 0, 0, ''), -- 传送门看护者
(@CGUID+125, 0, 0, 50331648, 1, 0, 0, 0, 0, '57886'), -- 防御系统 - 57886 - -Unknown-
(@CGUID+126, 0, 0, 50331648, 1, 0, 0, 0, 0, ''), -- 传送门
(@CGUID+127, 0, 0, 50331648, 1, 0, 0, 0, 0, '202311'), -- 督军马尔加斯 - 202311 - -Unknown-
(@CGUID+128, 0, 0, 50331648, 1, 0, 0, 0, 0, '57886'), -- 防御系统 - 57886 - -Unknown-
(@CGUID+129, 0, 0, 50331648, 1, 0, 0, 0, 0, '202311'), -- 督军马尔加斯 - 202311 - -Unknown-
(@CGUID+130, 0, 0, 50331648, 1, 0, 0, 0, 0, '57886'), -- 防御系统 - 57886 - -Unknown-
(@CGUID+131, 0, 0, 50331648, 1, 0, 0, 0, 0, '202311'), -- 督军马尔加斯 - 202311 - -Unknown-
(@CGUID+132, 0, 0, 50331648, 1, 0, 0, 0, 0, '57886'), -- 防御系统 - 57886 - -Unknown-
(@CGUID+133, 0, 0, 50331648, 1, 0, 0, 0, 0, '202311'), -- 督军马尔加斯 - 202311 - -Unknown-
(@CGUID+134, 0, 0, 0, 1, 0, 0, 0, 0, ''), -- 赛尔奥隆
(@CGUID+135, 0, 0, 50331648, 1, 0, 0, 0, 0, '191183'), -- 相位蜘蛛 - 191183 - -Unknown-
(@CGUID+136, 0, 0, 50331648, 1, 0, 0, 0, 0, '191183'), -- 相位蜘蛛 - 191183 - -Unknown-
(@CGUID+137, 0, 0, 50331648, 1, 0, 0, 0, 0, '191183'), -- 相位蜘蛛 - 191183 - -Unknown-
(@CGUID+138, 0, 0, 50331648, 1, 0, 0, 0, 0, '191183'), -- 相位蜘蛛 - 191183 - -Unknown-
(@CGUID+139, 0, 0, 0, 1, 0, 0, 0, 0, '61424'), -- -Unknown- - 61424 - -Unknown-
(@CGUID+140, 0, 0, 50331648, 1, 0, 0, 0, 0, '206566'), -- -Unknown- - 206566 - -Unknown-
(@CGUID+141, 0, 0, 0, 1, 0, 0, 0, 0, ''), -- -Unknown-
(@CGUID+142, 0, 0, 0, 1, 0, 0, 0, 0, ''), -- -Unknown-
(@CGUID+143, 0, 0, 50331648, 1, 0, 0, 0, 0, ''), -- -Unknown-
(@CGUID+144, 0, 0, 0, 0, 0, 0, 0, 0, ''), -- -Unknown-
(@CGUID+145, 0, 0, 0, 1, 0, 0, 0, 0, ''), -- -Unknown-
(@CGUID+146, 0, 0, 0, 1, 0, 0, 0, 0, ''), -- -Unknown-
(@CGUID+147, 0, 0, 50331648, 1, 0, 0, 0, 0, '206566'), -- -Unknown- - 206566 - -Unknown-
(@CGUID+148, 0, 0, 0, 1, 0, 0, 0, 0, ''), -- -Unknown-
(@CGUID+149, 0, 0, 50331648, 1, 0, 0, 0, 0, ''), -- -Unknown-
(@CGUID+150, 0, 0, 50331648, 1, 0, 0, 0, 0, ''), -- -Unknown-
(@CGUID+151, 0, 0, 50331648, 1, 0, 0, 0, 0, ''), -- -Unknown-
(@CGUID+152, 0, 0, 0, 0, 0, 0, 0, 0, ''), -- -Unknown-
(@CGUID+153, 0, 0, 50331648, 1, 0, 0, 0, 0, ''), -- -Unknown-
(@CGUID+154, 0, 0, 50331648, 1, 0, 0, 0, 0, ''), -- -Unknown-
(@CGUID+155, 0, 0, 0, 1, 0, 0, 0, 0, ''), -- -Unknown-
(@CGUID+156, 0, 0, 50331648, 1, 0, 0, 0, 0, '206566'), -- -Unknown- - 206566 - -Unknown-
(@CGUID+157, 0, 0, 50331648, 1, 0, 0, 0, 0, ''), -- -Unknown-
(@CGUID+158, 0, 0, 50331648, 1, 0, 0, 0, 0, ''), -- -Unknown-
(@CGUID+159, 0, 0, 0, 1, 0, 0, 0, 0, ''), -- -Unknown-
(@CGUID+160, 0, 0, 0, 1, 0, 0, 0, 0, '99203'), -- -Unknown- - 99203 - -Unknown-
(@CGUID+161, 0, 0, 0, 1, 0, 0, 0, 0, ''), -- -Unknown-
(@CGUID+162, 0, 0, 50331648, 1, 0, 0, 0, 0, ''), -- -Unknown-
(@CGUID+163, 0, 0, 50331648, 1, 0, 0, 0, 0, ''), -- -Unknown-
(@CGUID+164, 0, 0, 0, 1, 0, 0, 0, 0, ''), -- -Unknown-
(@CGUID+165, 0, 0, 0, 1, 0, 0, 0, 0, ''), -- -Unknown-
(@CGUID+166, 0, 0, 50331648, 1, 0, 0, 0, 0, ''), -- -Unknown-
(@CGUID+167, 0, 0, 0, 1, 0, 0, 0, 0, ''), -- -Unknown-
(@CGUID+168, 0, 0, 0, 1, 0, 0, 0, 0, '227366'), -- -Unknown- - 227366 - -Unknown-
(@CGUID+169, 0, 0, 0, 1, 0, 0, 0, 0, ''), -- -Unknown-
(@CGUID+170, 0, 0, 50331648, 1, 0, 0, 0, 0, ''), -- -Unknown-
(@CGUID+171, 0, 0, 0, 1, 0, 0, 0, 0, ''), -- -Unknown-
(@CGUID+172, 0, 0, 0, 0, 0, 0, 0, 0, '79833'), -- -Unknown- - 79833 - -Unknown-
(@CGUID+173, 0, 0, 0, 1, 0, 0, 0, 0, ''), -- -Unknown-
(@CGUID+174, 0, 0, 50331648, 1, 0, 0, 0, 0, ''), -- -Unknown-
(@CGUID+175, 0, 0, 0, 1, 0, 0, 0, 0, '226032'), -- -Unknown- - 226032 - -Unknown-
(@CGUID+176, 0, 0, 0, 1, 0, 0, 0, 0, ''), -- -Unknown-
(@CGUID+177, 0, 0, 0, 1, 0, 0, 0, 0, ''), -- -Unknown-
(@CGUID+178, 0, 0, 0, 1, 0, 0, 0, 0, ''), -- -Unknown-
(@CGUID+179, 0, 0, 0, 1, 0, 0, 0, 0, ''), -- -Unknown-
(@CGUID+180, 0, 0, 0, 1, 0, 0, 0, 0, ''), -- -Unknown-
(@CGUID+181, 0, 0, 0, 1, 0, 0, 0, 0, ''), -- -Unknown-
(@CGUID+182, 0, 0, 0, 1, 0, 0, 0, 0, ''), -- -Unknown-
(@CGUID+183, 0, 0, 50331648, 1, 0, 0, 0, 0, ''), -- -Unknown-
(@CGUID+184, 0, 0, 0, 0, 0, 0, 0, 0, '79833'), -- -Unknown- - 79833 - -Unknown-
(@CGUID+185, 0, 0, 0, 1, 0, 0, 0, 0, '99203'), -- -Unknown- - 99203 - -Unknown-
(@CGUID+186, 0, 0, 50331648, 1, 0, 0, 0, 0, ''), -- -Unknown-
(@CGUID+187, 0, 0, 0, 1, 0, 0, 0, 0, '227366'), -- -Unknown- - 227366 - -Unknown-
(@CGUID+188, 0, 0, 50331648, 1, 0, 0, 0, 0, ''), -- -Unknown-
(@CGUID+189, 0, 0, 0, 1, 0, 0, 0, 0, ''), -- -Unknown-
(@CGUID+190, 0, 0, 0, 1, 0, 0, 0, 0, '227366'), -- -Unknown- - 227366 - -Unknown-
(@CGUID+191, 0, 0, 0, 1, 0, 0, 0, 0, ''), -- -Unknown-
(@CGUID+192, 0, 0, 50331648, 1, 0, 0, 0, 0, ''), -- -Unknown-
(@CGUID+193, 0, 0, 50331648, 1, 0, 0, 0, 0, ''), -- -Unknown-
(@CGUID+194, 0, 0, 50331648, 1, 0, 0, 0, 0, ''), -- -Unknown-
(@CGUID+195, 0, 0, 50331648, 1, 0, 0, 0, 0, '206566'), -- -Unknown- - 206566 - -Unknown-
(@CGUID+196, 0, 0, 50331648, 1, 0, 0, 0, 0, ''), -- -Unknown-
(@CGUID+197, 0, 0, 0, 1, 0, 0, 0, 0, ''), -- -Unknown-
(@CGUID+198, 0, 0, 0, 1, 0, 0, 0, 0, ''), -- -Unknown-
(@CGUID+199, 0, 0, 50331648, 1, 0, 0, 0, 0, ''), -- -Unknown-
(@CGUID+200, 0, 0, 0, 1, 0, 0, 0, 0, '99203'), -- -Unknown- - 99203 - -Unknown-
(@CGUID+201, 0, 0, 50331648, 1, 0, 0, 0, 0, ''), -- -Unknown-
(@CGUID+202, 0, 0, 0, 1, 0, 0, 0, 0, ''), -- -Unknown-
(@CGUID+203, 0, 0, 0, 1, 0, 0, 0, 0, ''), -- -Unknown-
(@CGUID+204, 0, 0, 50331648, 1, 0, 0, 0, 0, ''), -- -Unknown-
(@CGUID+205, 0, 0, 0, 1, 0, 0, 0, 0, ''), -- -Unknown-
(@CGUID+206, 0, 0, 0, 1, 0, 0, 0, 0, ''), -- -Unknown-
(@CGUID+207, 0, 0, 0, 1, 0, 0, 0, 0, ''), -- -Unknown-
(@CGUID+208, 0, 0, 0, 1, 0, 0, 0, 0, '193180'), -- -Unknown- - 193180 - -Unknown-
(@CGUID+209, 0, 0, 50331648, 1, 0, 0, 0, 0, '222831'), -- -Unknown- - 222831 - -Unknown-
(@CGUID+210, 0, 0, 50331648, 1, 0, 0, 0, 0, '206566'), -- -Unknown- - 206566 - -Unknown-
(@CGUID+211, 0, 0, 0, 1, 0, 0, 0, 0, '227366'), -- -Unknown- - 227366 - -Unknown-
(@CGUID+212, 0, 0, 50331648, 1, 0, 0, 0, 0, ''), -- -Unknown-
(@CGUID+213, 0, 0, 50331648, 1, 0, 0, 0, 0, ''), -- -Unknown-
(@CGUID+214, 0, 0, 50331648, 1, 0, 0, 0, 0, '222878'), -- -Unknown- - 222878 - -Unknown-
(@CGUID+215, 0, 0, 0, 1, 0, 0, 0, 0, '206443'), -- -Unknown- - 206443 - -Unknown-
(@CGUID+216, 0, 0, 0, 1, 0, 0, 0, 0, ''), -- -Unknown-
(@CGUID+217, 0, 0, 0, 1, 0, 0, 0, 0, '206449'), -- -Unknown- - 206449 - -Unknown-
(@CGUID+218, 0, 0, 50331648, 1, 0, 0, 0, 0, ''), -- -Unknown-
(@CGUID+219, 0, 0, 50331648, 1, 0, 0, 0, 0, '222815'), -- -Unknown- - 222815 - -Unknown-
(@CGUID+220, 0, 0, 50331648, 1, 0, 0, 0, 0, ''), -- -Unknown-
(@CGUID+221, 0, 0, 0, 0, 0, 0, 0, 0, ''), -- -Unknown-
(@CGUID+222, 0, 0, 0, 1, 0, 0, 0, 0, '99203'), -- -Unknown- - 99203 - -Unknown-
(@CGUID+223, 0, 0, 0, 1, 0, 0, 0, 0, ''), -- -Unknown-
(@CGUID+224, 0, 0, 0, 1, 0, 0, 0, 0, ''), -- -Unknown-
(@CGUID+225, 0, 0, 50331648, 1, 0, 0, 0, 0, ''), -- -Unknown-
(@CGUID+226, 0, 0, 50331648, 1, 0, 0, 0, 0, ''), -- -Unknown-
(@CGUID+227, 0, 0, 50331648, 1, 0, 0, 0, 0, '222792'), -- -Unknown- - 222792 - -Unknown-
(@CGUID+228, 0, 0, 0, 1, 0, 0, 0, 0, ''), -- -Unknown-
(@CGUID+229, 0, 0, 50331648, 1, 0, 0, 0, 0, ''), -- -Unknown-
(@CGUID+230, 0, 0, 50331648, 1, 0, 0, 0, 0, '222812'), -- -Unknown- - 222812 - -Unknown-
(@CGUID+231, 0, 0, 50331648, 1, 0, 0, 0, 0, '222896'), -- -Unknown- - 222896 - -Unknown-
(@CGUID+232, 0, 0, 0, 1, 0, 0, 0, 0, ''), -- -Unknown-
(@CGUID+233, 0, 0, 0, 1, 0, 0, 0, 0, ''), -- -Unknown-
(@CGUID+234, 0, 0, 50331648, 1, 0, 0, 0, 0, ''), -- -Unknown-
(@CGUID+235, 0, 0, 50331648, 1, 0, 0, 0, 0, '222922'), -- -Unknown- - 222922 - -Unknown-
(@CGUID+236, 0, 0, 50331648, 1, 0, 0, 0, 0, '222923'), -- -Unknown- - 222923 - -Unknown-
(@CGUID+237, 0, 0, 50331648, 1, 0, 0, 0, 0, ''), -- -Unknown-
(@CGUID+238, 0, 0, 0, 1, 0, 0, 0, 0, ''), -- -Unknown-
(@CGUID+239, 0, 0, 0, 0, 0, 0, 0, 0, ''), -- -Unknown-
(@CGUID+240, 0, 0, 50331648, 1, 0, 0, 0, 0, ''), -- -Unknown-
(@CGUID+241, 0, 0, 50331648, 1, 0, 0, 0, 0, ''), -- -Unknown-
(@CGUID+242, 0, 0, 0, 1, 0, 0, 0, 0, ''), -- -Unknown-
(@CGUID+243, 0, 0, 50331648, 1, 0, 0, 0, 0, ''), -- -Unknown-
(@CGUID+244, 0, 0, 50331648, 1, 0, 0, 0, 0, ''); -- -Unknown-
DELETE FROM `gameobject` WHERE `map`=1544;
DELETE FROM `gameobject` WHERE `guid` BETWEEN @OGUID+0 AND @OGUID+36;
INSERT INTO `gameobject` (`guid`, `id`, `map`, `zoneId`, `areaId`, `spawnMask`, `PhaseId`, `PhaseGroup`, `position_x`, `position_y`, `position_z`, `orientation`, `rotation0`, `rotation1`, `rotation2`, `rotation3`, `spawntimesecs`, `animprogress`, `state`, `VerifiedBuild`) VALUES
(@OGUID+0, 246999, 1544, 7996, 7996, 8388614, '0', 0, 4591.765, 3963.482, 88.60955, 2.44346, 0, 0, 0.9396925, 0.3420205, 7200, 255, 1, 26124), -- 牢房 (Area: -Unknown- - Difficulty: 2)
(@OGUID+1, 193611, 1544, 7996, 7996, 8388614, '0', 0, 4591.994, 3992.018, 79.78208, 5.616818, 0, 0, -0.3270531, 0.945006, 7200, 255, 1, 26124), -- 激活水晶 (Area: -Unknown- - Difficulty: 2)
(@OGUID+2, 247002, 1544, 7996, 7996, 8388614, '0', 0, 4566.874, 4015.322, 83.67188, 3.141593, 0, 0, -1, 0, 7200, 255, 0, 26124), -- 监狱封印 (Area: -Unknown- - Difficulty: 2)
(@OGUID+3, 252248, 1544, 7996, 7996, 8388614, '0', 0, 4546.606, 4014.896, 87.03782, 0, 0, 0, 0, 1, 7200, 255, 1, 26124), -- 副本传送门 (Area: -Unknown- - Difficulty: 2)
(@OGUID+4, 193615, 1544, 7996, 7996, 8388614, '0', 0, 4572.606, 4008.778, 84.98153, 1.483528, 0, 0, 0.6755896, 0.7372779, 7200, 255, 1, 26124), -- 激活水晶 (Area: -Unknown- - Difficulty: 2)
(@OGUID+5, 193611, 1544, 7996, 7996, 8388614, '0', 0, 4592.176, 4036.608, 79.69947, 0.6536632, 0, 0, 0.321044, 0.9470643, 7200, 255, 1, 26124), -- 激活水晶 (Area: -Unknown- - Difficulty: 2)
(@OGUID+6, 193611, 1544, 7996, 7996, 8388614, '0', 0, 4599.257, 4055.423, 79.55013, 5.075842, 0, 0, -0.5676689, 0.823257, 7200, 255, 1, 26124), -- 激活水晶 (Area: -Unknown- - Difficulty: 2)
(@OGUID+7, 193611, 1544, 7996, 7996, 8388614, '0', 0, 4608.369, 3959.907, 79.46056, 1.865029, 0, 0, 0.8031206, 0.5958165, 7200, 255, 1, 26124), -- 激活水晶 (Area: -Unknown- - Difficulty: 2)
(@OGUID+8, 246997, 1544, 7996, 7996, 8388614, '0', 0, 4616.735, 4080.393, 86.94776, 0.2899686, 0, 0, 0.1444769, 0.9895082, 7200, 255, 1, 26124), -- 牢房 (Area: -Unknown- - Difficulty: 2)
(@OGUID+9, 247000, 1544, 7996, 7996, 8388614, '0', 0, 4639.354, 3945.334, 96.97873, 3.141593, 0, 0, -1, 0, 7200, 255, 1, 26124), -- 牢房 (Area: -Unknown- - Difficulty: 2)
(@OGUID+10, 247544, 1544, 7996, 7996, 8388614, '0', 0, 4646.223, 4038.949, 77.64993, 3.141593, 0, 0, -1, 0, 7200, 255, 1, 26124), -- 占位符 (Area: -Unknown- - Difficulty: 2)
(@OGUID+11, 246995, 1544, 7996, 7996, 8388614, '0', 0, 4598.856, 4072.354, 86.94776, 0.5467415, 0, 0, 0.2699785, 0.9628664, 7200, 255, 1, 26124), -- 牢房 (Area: -Unknown- - Difficulty: 2)
(@OGUID+12, 246998, 1544, 7996, 7996, 8388614, '0', 0, 4675.87, 4070.065, 94.23019, 5.585054, 0, 0, -0.34202, 0.9396927, 7200, 255, 1, 26124), -- 牢房 (Area: -Unknown- - Difficulty: 2)
(@OGUID+13, 246996, 1544, 7996, 7996, 8388614, '0', 0, 4636.3, 4082.634, 86.94776, 6.225835, 0, 0, -0.02867126, 0.9995889, 7200, 255, 1, 26124), -- 牢房 (Area: -Unknown- - Difficulty: 2)
(@OGUID+14, 247005, 1544, 7996, 7996, 8388614, '0', 0, 4664.908, 4048.242, 80.44494, 5.636052, 0, 0, -0.3179502, 0.9481074, 7200, 255, 1, 26124), -- 监狱屏障 (Area: -Unknown- - Difficulty: 2)
(@OGUID+15, 246990, 1544, 7996, 7996, 8388614, '0', 0, 4652.238, 4056.062, 80.44494, 5.838571, 0, 0, -0.2204809, 0.9753913, 7200, 255, 1, 26124), -- 牢房 (Area: -Unknown- - Difficulty: 2)
(@OGUID+16, 247385, 1544, 7996, 7996, 8388614, '0', 0, 4681.175, 3967.49, 76.2686, 3.979842, 0, 0, -0.9134455, 0.4069611, 7200, 255, 1, 26124), -- 牢房 (Area: -Unknown- - Difficulty: 2)
(@OGUID+17, 246994, 1544, 7996, 7996, 8388614, '0', 0, 4698.6, 3996.117, 96.71999, 4.372541, 0, 0, -0.8164997, 0.5773458, 7200, 255, 1, 26124), -- 牢房 (Area: -Unknown- - Difficulty: 2)
(@OGUID+18, 246993, 1544, 7996, 7996, 8388614, '0', 0, 4701.842, 4014.676, 96.71999, 4.675041, 0, 0, -0.7201872, 0.6937798, 7200, 255, 1, 26124), -- 牢房 (Area: -Unknown- - Difficulty: 2)
(@OGUID+19, 246992, 1544, 7996, 7996, 8388614, '0', 0, 4699.062, 4033.985, 96.71999, 5.016514, 0, 0, -0.5918369, 0.8060577, 7200, 255, 1, 26124), -- 牢房 (Area: -Unknown- - Difficulty: 2)

(@OGUID+21, 246430, 1544, 7996, 7996, 8388614, '0', 0, 4594.394, 4015.411, 83.34489, 0.01176459, 0, 0, 0.005882263, 0.9999827, 7200, 255, 1, 26124), -- 米尔菲丝的报废保险箱 (Area: -Unknown- - Difficulty: 2)
(@OGUID+22, 249733, 1544, 7996, 7996, 8388614, '0', 0, 4572.367, 3939.872, 83.09124, 5.607957, 0, 0, -0.3312368, 0.9435477, 7200, 255, 1, 26124), -- 离子激光螺栓 (Area: -Unknown- - Difficulty: 2)
(@OGUID+23, 249733, 1544, 7996, 7996, 8388614, '0', 0, 4669.488, 4053.927, 80.33353, 2.474127, 0, 0, 0.9448261, 0.3275723, 7200, 255, 1, 26124); -- 离子激光螺栓 (Area: -Unknown- - Difficulty: 2)
DELETE FROM `gameobject_addon` WHERE `guid` BETWEEN @OGUID+0 AND @OGUID+36;
INSERT INTO `gameobject_addon` (`guid`, `parent_rotation0`, `parent_rotation1`, `parent_rotation2`, `parent_rotation3`) VALUES
(@OGUID+0, 0, 0, 1, -0.00000004371139), -- 牢房
(@OGUID+2, 0, 0, 1, -0.00000004371139), -- 监狱封印
(@OGUID+8, 0, 0, 1, -0.00000004371139), -- 牢房
(@OGUID+9, 0, 0, 1, -0.00000004371139), -- 牢房
(@OGUID+10, 0, 0, 1, -0.00000004371139), -- 占位符
(@OGUID+11, 0, 0, 1, -0.00000004371139), -- 牢房
(@OGUID+12, 0, 0, 1, -0.00000004371139), -- 牢房
(@OGUID+13, 0, 0, 1, -0.00000004371139), -- 牢房
(@OGUID+14, 0, 0, 1, -0.00000004371139), -- 监狱屏障
(@OGUID+15, 0, 0, 1, -0.00000004371139), -- 牢房
(@OGUID+16, 0, 0, 1, -0.00000004371139), -- 牢房
(@OGUID+17, 0, 0, 1, -0.00000004371139), -- 牢房
(@OGUID+18, 0, 0, 1, -0.00000004371139), -- 牢房
(@OGUID+19, 0, 0, 1, -0.00000004371139); -- 牢房


DELETE FROM `creature_template_addon` WHERE `entry`=102270;
INSERT INTO `creature_template_addon` (`entry`, `path_id`, `mount`, `bytes1`, `bytes2`, `emote`, `aiAnimKit`, `movementAnimKit`, `meleeAnimKit`, `auras`) VALUES
(102270, 0, 0, 0, 1, 0, 0, 0, 0, '29266'); -- 102270 (艾瑞达入侵者) - -Unknown-

UPDATE `creature_template_addon` SET `auras`='61424' WHERE `entry`=32641; -- 32641
UPDATE `creature_template_addon` SET `auras`='61424' WHERE `entry`=32642; -- 32642
UPDATE `creature_template_addon` SET `auras`='' WHERE `entry`=102273; -- 102273 (末日守卫渗透者)
UPDATE `creature_template_addon` SET `auras`='201649' WHERE `entry`=92879; -- 92879 (SLG Generic Stalker (Gigantic AOI))
UPDATE `creature_template_addon` SET `auras`='' WHERE `entry`=32639; -- 32639
UPDATE `creature_template_addon` SET `auras`='' WHERE `entry`=32638; -- 32638




UPDATE `creature_model_info` SET `CombatReach`=1.2, `VerifiedBuild`=26124 WHERE `DisplayID`=26532;


UPDATE `npc_vendor` SET `VerifiedBuild`=26124 WHERE (`entry`=32639 AND `item`=4565 AND `ExtendedCost`=0 AND `type`=1); 
UPDATE `npc_vendor` SET `VerifiedBuild`=26124 WHERE (`entry`=32639 AND `item`=64670 AND `ExtendedCost`=0 AND `type`=1); 
UPDATE `npc_vendor` SET `VerifiedBuild`=26124 WHERE (`entry`=32639 AND `item`=39505 AND `ExtendedCost`=0 AND `type`=1); 
UPDATE `npc_vendor` SET `VerifiedBuild`=26124 WHERE (`entry`=32639 AND `item`=20815 AND `ExtendedCost`=0 AND `type`=1); 
UPDATE `npc_vendor` SET `VerifiedBuild`=26124 WHERE (`entry`=32639 AND `item`=39354 AND `ExtendedCost`=0 AND `type`=1); 
UPDATE `npc_vendor` SET `VerifiedBuild`=26124 WHERE (`entry`=32639 AND `item`=6532 AND `ExtendedCost`=0 AND `type`=1); 
UPDATE `npc_vendor` SET `VerifiedBuild`=26124 WHERE (`entry`=32639 AND `item`=3371 AND `ExtendedCost`=0 AND `type`=1); 
UPDATE `npc_vendor` SET `VerifiedBuild`=26124 WHERE (`entry`=32639 AND `item`=38426 AND `ExtendedCost`=0 AND `type`=1); 
UPDATE `npc_vendor` SET `VerifiedBuild`=26124 WHERE (`entry`=32639 AND `item`=14341 AND `ExtendedCost`=0 AND `type`=1); 



UPDATE `creature_template` SET `minlevel`=110, `speed_run`=1.142857 WHERE `entry`=102434; -- 相位蜘蛛
UPDATE `creature_template` SET `minlevel`=112, `maxlevel`=112 WHERE `entry`=102387; -- 赛尔奥隆
UPDATE `creature_template` SET `unit_flags`=0, `unit_flags2`=2048, `unit_flags3`=0 WHERE `entry`=102273; -- 末日守卫渗透者
UPDATE `creature_template` SET `minlevel`=110, `maxlevel`=110, `faction`=1720, `BaseAttackTime`=2000, `RangeAttackTime`=2000, `unit_class`=2, `unit_flags`=570688256, `unit_flags2`=2049, `unit_flags3`=8192 WHERE `entry`=102270; -- 艾瑞达入侵者
SET NAMES 'utf8';
SET @GROUP_ID=0;
SET @ID=0;
INSERT IGNORE INTO `creature_text` (`CreatureID`, `groupid`, `id`, `text`, `type`, `language`, `probability`, `emote`, `duration`, `sound`, `BroadcastTextId`, `comment`) VALUES
(32204, @GROUP_ID+0, @ID+0, '一名传送门看护者冲出了传送门！', 41, 0, 100, 0, 0, 0, 32996, '辛克莱尔中尉 to 传送门'),
(32204, @GROUP_ID+1, @ID+0, '传送门里涌出一支燃烧军团精英小队！', 41, 0, 100, 0, 0, 0, 104686, '辛克莱尔中尉 to 督军马尔加斯'),
(32204, @GROUP_ID+2, @ID+0, '传送门守卫者保护着新的传送门！', 41, 0, 100, 0, 0, 0, 32995, '辛克莱尔中尉 to 传送门'),
(101976, @GROUP_ID+0, @ID+0, '总算摆脱那该死的陷阱了！真是——', 14, 0, 100, 0, 0, 57475, 104411, '米尔菲丝·法力风暴 to Player'),
(101976, @GROUP_ID+1, @ID+0, '等等，我认得那个声音……', 12, 0, 100, 0, 0, 57473, 104413, '米尔菲丝·法力风暴 to Player'),
(101976, @GROUP_ID+2, @ID+0, '米尔豪斯！！下一个就是你！', 14, 0, 100, 0, 0, 57471, 104415, '米尔菲丝·法力风暴 to Player'),
(101976, @GROUP_ID+3, @ID+0, '你准备好爆炸了吗？', 14, 0, 100, 0, 0, 57470, 104856, '米尔菲丝·法力风暴 to Player'),
(101976, @GROUP_ID+4, @ID+0, '别叫我“米莉”，米尔豪斯·杰瑞姆斯·法力风暴！看我收拾你！', 14, 0, 100, 0, 0, 57484, 104425, '米尔菲丝·法力风暴'),
(102040, @GROUP_ID+0, @ID+0, '嘿，你！我正在海滩上享受悠闲假期呢，突然感觉到一阵寒风刮过。我说，你到底在打什么鬼主意？', 12, 0, 100, 0, 0, 57474, 104412, '米尔豪斯·法力风暴的影像 to 米尔菲丝·法力风暴'),
(102040, @GROUP_ID+1, @ID+0, '哦，该死的，你干了什么？快，把她关回牢房去！', 14, 0, 100, 0, 0, 57472, 104414, '米尔豪斯·法力风暴的影像 to 米尔菲丝·法力风暴'),
(102040, @GROUP_ID+2, @ID+0, '现在嘲笑她的头发吧！这没用，但这会让她非常抓狂！', 12, 0, 100, 0, 0, 57480, 104418, '米尔豪斯·法力风暴的影像 to 米尔菲丝·法力风暴'),
(102040, @GROUP_ID+3, @ID+0, '听我说，米莉，我可以解释！', 12, 0, 100, 0, 0, 57485, 104424, '米尔豪斯·法力风暴的影像 to 米尔菲丝·法力风暴'),
(102040, @GROUP_ID+4, @ID+0, '那才不是我的中间名呢！', 14, 0, 100, 0, 0, 57483, 104426, '米尔豪斯·法力风暴的影像 to 米尔菲丝·法力风暴'),
(102040, @GROUP_ID+5, @ID+0, '真是多谢了。你根本不明白自己放出来的是什么东西！', 12, 0, 100, 0, 0, 57482, 104427, '米尔豪斯·法力风暴的影像 to 米尔菲丝·法力风暴'),
(102040, @GROUP_ID+6, @ID+0, '说句题外话，我……呃……我还有点事……', 12, 0, 100, 0, 0, 57481, 104428, '米尔豪斯·法力风暴的影像 to 米尔菲丝·法力风暴'),
(102278, @GROUP_ID+0, @ID+0, '监狱守卫们，准备撤退了！这些冒险者将接管这里的防御事务！迅速撤离！', 14, 0, 100, 5, 0, 0, 31474, '辛克莱尔中尉 to Player'),
(102278, @GROUP_ID+1, @ID+0, '我要锁上大门了。祝你们好运，感谢你们的帮助。', 12, 0, 100, 396, 0, 0, 31475, '辛克莱尔中尉 to Player'),
(102282, @GROUP_ID+0, @ID+0, '我见识过的恐怖足以让你最黑暗的噩梦都黯然失色，可就连我都没见过这么可怕的玩意儿……一个愤怒的侏儒发明家。', 14, 0, 100, 0, 0, 57930, 107017, '督军马尔加斯 to Player'),
(102282, @GROUP_ID+1, @ID+0, '啊……就连我都听说过颤栗之喉。她是一头堕落的蓝龙，原本名叫爱尔达苟萨。她一定能让达拉然的天空都瑟瑟发抖。', 14, 0, 100, 0, 0, 57933, 107021, '督军马尔加斯 to Player'),
(102282, @GROUP_ID+2, @ID+0, '够了！这些囚犯都是废物。还是老话说的好：“你想要好好毁掉一座浮空城的话，就得亲自上阵。”', 14, 0, 100, 0, 0, 57939, 107029, '督军马尔加斯 to Player'),
(102282, @GROUP_ID+3, @ID+0, '你们……迟早会……完蛋的……', 14, 0, 100, 0, 0, 57946, 107036, '督军马尔加斯 to Player'),
(102302, @GROUP_ID+0, @ID+0, '进入达拉然的传送门开启了！', 14, 0, 100, 0, 0, 0, 31657, '传送门看护者 to 传送门'),
(102302, @GROUP_ID+1, @ID+0, '就算我死了，这次入侵行动也不会停止！', 14, 0, 100, 0, 0, 0, 31655, '传送门看护者 to Player'),
(102302, @GROUP_ID+2, @ID+0, '传送门已经稳定！发动进攻！', 14, 0, 100, 0, 0, 0, 31524, '传送门看护者 to 传送门'),
(102336, @GROUP_ID+0, @ID+0, '你们无法摧毁所有的传送门！', 14, 0, 100, 0, 0, 57933, 31654, '传送门看护者 to Player'),
(102337, @GROUP_ID+0, @ID+0, '达拉然注定要毁灭！', 14, 0, 100, 0, 0, 0, 31658, '传送门守卫者 to 传送门'),
(102387, @GROUP_ID+0, @ID+0, '你逃不掉的。你是我的！', 12, 0, 100, 0, 0, 57600, 106151, '赛尔奥隆'),
(102387, @GROUP_ID+1, @ID+0, '别回头。', 12, 0, 100, 0, 0, 57593, 106143, '赛尔奥隆'),
(102387, @GROUP_ID+2, @ID+0, '还来了一只蜘蛛……', 12, 0, 100, 0, 0, 57594, 106144, '赛尔奥隆'),
(102387, @GROUP_ID+3, @ID+0, '跑吧。我喜欢看你们逃跑。', 12, 0, 100, 0, 0, 57595, 106145, '赛尔奥隆'),
(102387, @GROUP_ID+4, @ID+0, '我都说了要慢慢杀掉你了……可他们就是不听。', 12, 0, 100, 0, 0, 57595, 106146, '赛尔奥隆'),
(102387, @GROUP_ID+5, @ID+0, '什么！？你为什么要这么做？', 12, 0, 100, 0, 0, 57592, 106142, '赛尔奥隆 to Player');

INSERT IGNORE INTO `npc_spellclick_spells` (`npc_entry`, `spell_id`, `cast_flags`, `user_type`) VALUES
(114296, 227368, 0, 0);



UPDATE `creature_template` SET `VerifiedBuild`=26124 WHERE `entry`=102500; -- Venom Spray Invisible Stalker
UPDATE `creature_template` SET `name`='相位蜘蛛', `VerifiedBuild`=26124 WHERE `entry`=102434; -- 相位蜘蛛
UPDATE `creature_template` SET `name`='赛尔奥隆', `VerifiedBuild`=26124 WHERE `entry`=102387; -- 赛尔奥隆
UPDATE `creature_template` SET `name`='赛尔奥隆助祭', `femaleName`='赛尔奥隆助祭', `VerifiedBuild`=26124 WHERE `entry`=112738; -- 赛尔奥隆助祭
UPDATE `creature_template` SET `name`='赛尔奥隆的子嗣', `VerifiedBuild`=26124 WHERE `entry`=112732; -- 赛尔奥隆的子嗣
UPDATE `creature_template` SET `name`='毒皮影颚蛛', `VerifiedBuild`=26124 WHERE `entry`=112733; -- 毒皮影颚蛛
UPDATE `creature_template` SET `name`='机械炸弹松鼠', `VerifiedBuild`=26124 WHERE `entry`=102084; -- 机械炸弹松鼠
UPDATE `creature_template` SET `name`='机械炸弹松鼠', `VerifiedBuild`=26124 WHERE `entry`=102085; -- 机械炸弹松鼠
UPDATE `creature_template` SET `name`='机械炸弹松鼠', `VerifiedBuild`=26124 WHERE `entry`=102044; -- 机械炸弹松鼠
UPDATE `creature_template` SET `name`='源质松鼠炸弹', `VerifiedBuild`=26124 WHERE `entry`=102043; -- 源质松鼠炸弹
UPDATE `creature_template` SET `name`='米尔豪斯·法力风暴的影像', `VerifiedBuild`=26124 WHERE `entry`=102040; -- 米尔豪斯·法力风暴的影像
UPDATE `creature_template` SET `name`='艾瑞达入侵者', `femaleName`='艾瑞达入侵者', `VerifiedBuild`=26124 WHERE `entry`=102270; -- 艾瑞达入侵者


UPDATE `creature_questitem` SET `VerifiedBuild`=26124 WHERE (`CreatureEntry`=102387 AND `Idx`=3); -- 赛尔奥隆
UPDATE `creature_questitem` SET `VerifiedBuild`=26124 WHERE (`CreatureEntry`=102387 AND `Idx`=2); -- 赛尔奥隆
UPDATE `creature_questitem` SET `VerifiedBuild`=26124 WHERE (`CreatureEntry`=102387 AND `Idx`=1); -- 赛尔奥隆
UPDATE `creature_questitem` SET `VerifiedBuild`=26124 WHERE (`CreatureEntry`=102387 AND `Idx`=0); -- 赛尔奥隆
UPDATE `creature_questitem` SET `VerifiedBuild`=26124 WHERE (`CreatureEntry`=102282 AND `Idx`=0); -- 督军马尔加斯


UPDATE `gameobject_template` SET `VerifiedBuild`=26124 WHERE `entry`=246430; -- 米尔菲丝的报废保险箱

DELETE FROM `gameobject_questitem` WHERE (`GameObjectEntry`=246430 AND `Idx`=0);
INSERT INTO `gameobject_questitem` (`GameObjectEntry`, `Idx`, `ItemId`, `VerifiedBuild`) VALUES
(246430, 0, 138482, 26124); -- 米尔菲丝的报废保险箱

UPDATE `gameobject_questitem` SET `VerifiedBuild`=26124 WHERE (`GameObjectEntry`=249733 AND `Idx`=0); -- 离子激光螺栓

