# TrinityCore - WowPacketParser
# File name: 四月-27-1315 - chj01_绿石村.pkt
# Detected build: V7_3_5_26365
# Detected locale: zhCN
# Targeted database: Legion
# Parsing date: 04/27/2018 15:26:32


UPDATE `gameobject_template_addon` SET `flags`=4 WHERE `entry`=216302; -- Stove

SET NAMES 'utf8';
SET @CGUID=451855;
SET @OGUID=101241;

SET NAMES 'latin1';
DELETE FROM `creature` WHERE `guid` BETWEEN @CGUID+0 AND @CGUID+211;
INSERT INTO `creature` (`guid`, `id`, `map`, `zoneId`, `areaId`, `spawnMask`, `PhaseId`, `PhaseGroup`, `modelid`, `equipment_id`, `position_x`, `position_y`, `position_z`, `orientation`, `spawntimesecs`, `spawndist`, `currentwaypoint`, `curhealth`, `curmana`, `MovementType`, `npcflag`, `unit_flags`, `dynamicflags`, `VerifiedBuild`) VALUES
(@CGUID+0, 70976, 870, 0, 0, 1, '0', 0, 0, 0, 1446.13, 388.5417, 549.1324, 0, 120, 0, 0, 0, 0, 0, 0, 0, 0, 26365), -- Lorewalker Cho's Dream Brew (Area: -Unknown- - Difficulty: 1)
(@CGUID+1, 78777, 870, 0, 0, 1, '0', 0, 0, 0, 1433.811, 377.3108, 548.1627, 2.098347, 120, 0, 0, 0, 0, 0, 0, 0, 0, 26365), -- Lorewalker Shin (Area: -Unknown- - Difficulty: 1)
-- (@CGUID+2, 58505, 870, 0, 0, 1, '0', 0, 0, 0, 1420.748, 396.1701, 548.0995, 5.374198, 120, 0, 0, 0, 0, 0, 0, 0, 0, 26365), -- Golden Lotus Defender (Area: -Unknown- - Difficulty: 1) (Auras: )
-- (@CGUID+3, 70171, 870, 0, 0, 1, '0', 0, 0, 0, 1440.707, 397.9271, 548.0995, 4.560917, 120, 0, 0, 0, 0, 0, 0, 0, 0, 26365), -- Elloric (Area: -Unknown- - Difficulty: 1)
-- (@CGUID+4, 58505, 870, 0, 0, 1, '0', 0, 0, 0, 1429.977, 404.6632, 548.0995, 5.37968, 120, 0, 0, 0, 0, 0, 0, 0, 0, 26365), -- Golden Lotus Defender (Area: -Unknown- - Difficulty: 1) (Auras: )
(@CGUID+5, 78709, 870, 0, 0, 1, '0', 0, 0, 0, 1435.288, 379.6858, 548.1627, 2.20804, 120, 0, 0, 0, 0, 0, 0, 0, 0, 26365), -- Lorewalker Fu (Area: -Unknown- - Difficulty: 1)
-- (@CGUID+6, 64691, 870, 0, 0, 1, '0', 0, 0, 0, 1453.24, 406.2465, 548.0995, 5.918128, 120, 0, 0, 0, 0, 0, 0, 0, 0, 26365), -- Lorewalker Huynh (Area: -Unknown- - Difficulty: 1)
(@CGUID+7, 80633, 870, 0, 0, 1, '0', 0, 0, 0, 1432.099, 374.4358, 548.1627, 2.098347, 120, 0, 0, 0, 0, 0, 0, 0, 0, 26365), -- Lorewalker Han (Area: -Unknown- - Difficulty: 1)
-- (@CGUID+8, 64605, 870, 0, 0, 1, '0', 0, 0, 0, 1453.913, 398.1754, 548.1673, 2.349718, 120, 0, 0, 0, 0, 0, 0, 0, 0, 26365), -- Tan Shin Tiao (Area: -Unknown- - Difficulty: 1)
-- (@CGUID+9, 63983, 870, 0, 0, 1, '0', 0, 0, 0, 1423.153, 362.3264, 548.0995, 1.708499, 120, 0, 0, 0, 0, 0, 0, 0, 0, 26365), -- Ms. Thai (Area: -Unknown- - Difficulty: 1)
-- (@CGUID+10, 63984, 870, 0, 0, 1, '0', 0, 0, 0, 1421.052, 364.4531, 548.2172, 5.630028, 120, 0, 0, 0, 0, 0, 0, 0, 0, 26365), -- Master Liu (Area: -Unknown- - Difficulty: 1)
-- (@CGUID+11, 64922, 870, 0, 0, 1, '0', 0, 0, 0, 1424.205, 363.7049, 548.0995, 2.934269, 120, 0, 0, 0, 0, 0, 0, 0, 0, 26365), -- Brann Bronzebeard (Area: -Unknown- - Difficulty: 1)
-- (@CGUID+12, 64287, 870, 0, 0, 1, '0', 0, 0, 0, 1453.667, 396.9965, 548.2661, 3.551871, 120, 0, 0, 0, 0, 0, 0, 0, 0, 26365), -- Summer (Area: -Unknown- - Difficulty: 1) (Auras: 131727 - -Unknown-)
(@CGUID+13, 11704, 870, 0, 0, 1, '0', 0, 0, 0, 1469.906, 402.158, 548.2172, 0.7853982, 120, 0, 0, 0, 0, 0, 0, 0, 0, 26365), -- Kriss Goldenlight (Area: -Unknown- - Difficulty: 1) (Auras: 133464 - -Unknown-)
-- (@CGUID+14, 61962, 870, 5840, 6295, 1, '0', 0, 0, 0, 1447.177, 371.4531, 550.3048, 1.633008, 120, 0, 0, 0, 0, 0, 0, 0, 0, 26365), -- Lorewalker Cho (Area: -Unknown- - Difficulty: 1)
(@CGUID+15, 61155, 1024, 6209, 6209, 6144, '0', 0, 0, 0, 1971.213, -2015.808, 217.317, 2.819654, 7200, 0, 0, 0, 0, 0, 0, 0, 0, 26365), -- Wily Woodling (Area: -Unknown- - Difficulty: 12)
(@CGUID+16, 61183, 1024, 6209, 6209, 6144, '0', 0, 0, 0, 1968.281, -2016.623, 217.3594, 5.27369, 7200, 0, 0, 0, 0, 0, 0, 0, 0, 26365), -- Belligerent Blossom (Area: -Unknown- - Difficulty: 12)
(@CGUID+17, 61157, 1024, 6209, 6209, 6144, '0', 0, 0, 0, 2003.451, -1969.135, 207.3584, 5.683951, 7200, 0, 0, 0, 0, 0, 0, 0, 0, 26365), -- Sassy Seedling (Area: -Unknown- - Difficulty: 12)
(@CGUID+18, 61183, 1024, 6209, 6209, 6144, '0', 0, 0, 0, 1954.333, -1974.109, 210.9881, 5.637774, 7200, 0, 0, 0, 0, 0, 0, 0, 0, 26365), -- Belligerent Blossom (Area: -Unknown- - Difficulty: 12) (Auras: )
(@CGUID+19, 62706, 1024, 6209, 6209, 6144, '0', 0, 0, 0, 2004.057, -1992.082, 212.1949, 2.668226, 7200, 0, 0, 0, 0, 0, 0, 0, 0, 26365), -- Cowardly Zue (Area: -Unknown- - Difficulty: 12)
(@CGUID+20, 61223, 1024, 6209, 6209, 6144, '0', 0, 0, 0, 2042.564, -1979.214, 215.591, 0.4757924, 7200, 0, 0, 0, 0, 0, 0, 0, 0, 26365), -- [DND] Monster Target (Wood) (Area: -Unknown- - Difficulty: 12)
(@CGUID+21, 61155, 1024, 6209, 6209, 6144, '0', 0, 0, 0, 1960.161, -1975.191, 210.9881, 3.519372, 7200, 0, 0, 0, 0, 0, 0, 0, 0, 26365), -- Wily Woodling (Area: -Unknown- - Difficulty: 12)
(@CGUID+22, 61183, 1024, 6209, 6209, 6144, '0', 0, 0, 0, 1957.856, -1972.896, 210.9881, 4.569666, 7200, 0, 0, 0, 0, 0, 0, 0, 0, 26365), -- Belligerent Blossom (Area: -Unknown- - Difficulty: 12) (Auras: )
(@CGUID+23, 61157, 1024, 6209, 6209, 6144, '0', 0, 0, 0, 2041.196, -1976.094, 215.591, 3.392913, 7200, 0, 0, 0, 0, 0, 0, 0, 0, 26365), -- Sassy Seedling (Area: -Unknown- - Difficulty: 12) (Auras: )
(@CGUID+24, 61223, 1024, 6209, 6209, 6144, '0', 0, 0, 0, 2049.448, -1978.481, 215.591, 3.312832, 7200, 0, 0, 0, 0, 0, 0, 0, 0, 26365), -- [DND] Monster Target (Wood) (Area: -Unknown- - Difficulty: 12)
(@CGUID+25, 61157, 1024, 6209, 6209, 6144, '0', 0, 0, 0, 2001.745, -1990.844, 212.1949, 5.773831, 7200, 0, 0, 0, 0, 0, 0, 0, 0, 26365), -- Sassy Seedling (Area: -Unknown- - Difficulty: 12)
(@CGUID+26, 61183, 1024, 6209, 6209, 6144, '0', 0, 0, 0, 1922.745, -2009.184, 217.4845, 2.455776, 7200, 0, 0, 0, 0, 0, 0, 0, 0, 26365), -- Belligerent Blossom (Area: -Unknown- - Difficulty: 12)
(@CGUID+27, 61157, 1024, 6209, 6209, 6144, '0', 0, 0, 0, 2044.241, -1974.757, 215.591, 1.441547, 7200, 0, 0, 0, 0, 0, 0, 0, 0, 26365), -- Sassy Seedling (Area: -Unknown- - Difficulty: 12) (Auras: )
(@CGUID+28, 61157, 1024, 6209, 6209, 6144, '0', 0, 0, 0, 2042.141, -1973.189, 215.591, 5.345663, 7200, 0, 0, 0, 0, 0, 0, 0, 0, 26365), -- Sassy Seedling (Area: -Unknown- - Difficulty: 12) (Auras: )
(@CGUID+29, 61223, 1024, 6209, 6209, 6144, '0', 0, 0, 0, 2046.726, -1985.898, 216.3594, 1.759778, 7200, 0, 0, 0, 0, 0, 0, 0, 0, 26365), -- [DND] Monster Target (Wood) (Area: -Unknown- - Difficulty: 12)
(@CGUID+30, 61342, 1024, 6209, 6209, 6144, '0', 0, 0, 0, 1955.007, -1980.983, 211.7565, 0.8020557, 7200, 0, 0, 0, 0, 0, 0, 0, 0, 26365), -- Woodcarver Liupo (Area: -Unknown- - Difficulty: 12)
(@CGUID+31, 61183, 1024, 6209, 6209, 6144, '0', 0, 0, 0, 1919.686, -2009.957, 217.8976, 0, 7200, 0, 0, 0, 0, 0, 0, 0, 0, 26365), -- Belligerent Blossom (Area: -Unknown- - Difficulty: 12)
(@CGUID+32, 61157, 1024, 6209, 6209, 6144, '0', 0, 0, 0, 2046.493, -1972.264, 215.591, 1.743723, 7200, 0, 0, 0, 0, 0, 0, 0, 0, 26365), -- Sassy Seedling (Area: -Unknown- - Difficulty: 12) (Auras: )
(@CGUID+33, 61157, 1024, 6209, 6209, 6144, '0', 0, 0, 0, 1999.911, -1974.667, 207.3584, 5.061818, 7200, 0, 0, 0, 0, 0, 0, 0, 0, 26365), -- Sassy Seedling (Area: -Unknown- - Difficulty: 12)
(@CGUID+34, 61174, 1024, 6209, 6209, 6144, '0', 0, 0, 0, 1998.903, -1970.637, 207.3584, 4.973869, 7200, 10, 0, 0, 0, 1, 0, 0, 0, 26365), -- Cursed Jade (Area: -Unknown- - Difficulty: 12) (possible waypoints or random movement)
(@CGUID+35, 61155, 1024, 6209, 6209, 6144, '0', 0, 0, 0, 2045.823, -1978.264, 215.591, 4.876316, 7200, 0, 0, 0, 0, 0, 0, 0, 0, 26365), -- Wily Woodling (Area: -Unknown- - Difficulty: 12) (Auras: )
(@CGUID+36, 61157, 1024, 6209, 6209, 6144, '0', 0, 0, 0, 2050.594, -1975.653, 215.591, 0.2016519, 7200, 0, 0, 0, 0, 0, 0, 0, 0, 26365), -- Sassy Seedling (Area: -Unknown- - Difficulty: 12) (Auras: )
(@CGUID+37, 61157, 1024, 6209, 6209, 6144, '0', 0, 0, 0, 1993.806, -1972.064, 207.3584, 4.097875, 7200, 0, 0, 0, 0, 0, 0, 0, 0, 26365), -- Sassy Seedling (Area: -Unknown- - Difficulty: 12)
(@CGUID+38, 61157, 1024, 6209, 6209, 6144, '0', 0, 0, 0, 2047.719, -1974.868, 215.591, 3.906384, 7200, 0, 0, 0, 0, 0, 0, 0, 0, 26365), -- Sassy Seedling (Area: -Unknown- - Difficulty: 12)
(@CGUID+39, 61343, 1024, 6209, 6209, 6144, '0', 0, 0, 0, 1957.2, -1978.642, 211.771, 1.507764, 7200, 0, 0, 0, 0, 0, 0, 0, 0, 26365), -- La the Gentle (Area: -Unknown- - Difficulty: 12)
(@CGUID+40, 61462, 1024, 6209, 6209, 6144, '0', 0, 0, 0, 2046.517, -1983.391, 216.3567, 1.73681, 7200, 0, 0, 0, 0, 0, 0, 0, 0, 26365), -- Meila (Area: -Unknown- - Difficulty: 12)
(@CGUID+41, 62945, 1024, 6209, 6209, 6144, '0', 0, 0, 0, 2095.573, -2029.727, 222.6297, 2.218431, 7200, 10, 0, 0, 0, 1, 0, 0, 0, 26365), -- Bloodthirsty Prowler (Area: -Unknown- - Difficulty: 12) (possible waypoints or random movement)
(@CGUID+42, 61155, 1024, 6209, 6209, 6144, '0', 0, 0, 0, 1996.977, -1961.033, 211.5397, 5.285719, 7200, 0, 0, 0, 0, 0, 0, 0, 0, 26365), -- Wily Woodling (Area: -Unknown- - Difficulty: 12)
(@CGUID+43, 61174, 1024, 6209, 6209, 6144, '0', 0, 0, 0, 2085.024, -1890.541, 212.3873, 0.7086875, 7200, 10, 0, 0, 0, 1, 0, 0, 0, 26365), -- Cursed Jade (Area: -Unknown- - Difficulty: 12) (possible waypoints or random movement)
(@CGUID+44, 61204, 1024, 6209, 6209, 6144, '0', 0, 0, 0, 1994.321, -1977.177, 207.3584, 0.1015937, 7200, 0, 0, 0, 0, 0, 0, 0, 0, 26365), -- Unconscious Monk (Area: -Unknown- - Difficulty: 12)
(@CGUID+45, 61204, 1024, 6209, 6209, 6144, '0', 0, 0, 0, 1988.724, -1961.752, 207.3584, 5.072042, 7200, 0, 0, 0, 0, 0, 0, 0, 0, 26365), -- Unconscious Monk (Area: -Unknown- - Difficulty: 12)
(@CGUID+46, 61204, 1024, 6209, 6209, 6144, '0', 0, 0, 0, 2003.908, -1953.993, 207.3584, 5.109166, 7200, 0, 0, 0, 0, 0, 0, 0, 0, 26365), -- Unconscious Monk (Area: -Unknown- - Difficulty: 12)
(@CGUID+47, 62945, 1024, 6209, 6209, 6144, '0', 0, 0, 0, 2070.457, -2070.179, 225.5721, 0.40728, 7200, 10, 0, 0, 0, 1, 0, 0, 0, 26365), -- Bloodthirsty Prowler (Area: -Unknown- - Difficulty: 12) (possible waypoints or random movement)
(@CGUID+48, 64761, 1024, 6209, 6209, 6144, '0', 0, 0, 0, 1960.582, -2023.504, 219.238, 1.919625, 7200, 10, 0, 0, 0, 1, 0, 0, 0, 26365), -- Jumping Spider (Area: -Unknown- - Difficulty: 12) (possible waypoints or random movement)
(@CGUID+49, 64761, 1024, 6209, 6209, 6144, '0', 0, 0, 0, 2083.033, -2016.436, 222.6825, 0.6782944, 7200, 10, 0, 0, 0, 1, 0, 0, 0, 26365), -- Jumping Spider (Area: -Unknown- - Difficulty: 12) (possible waypoints or random movement)
(@CGUID+50, 61159, 1024, 6209, 6209, 6144, '0', 0, 0, 0, 2091.879, -1988.64, 218.3613, 4.139291, 7200, 0, 0, 0, 0, 0, 0, 0, 0, 26365), -- Greenstone Terror (Area: -Unknown- - Difficulty: 12)
(@CGUID+51, 61155, 1024, 6209, 6209, 6144, '0', 0, 0, 0, 2094.18, -1990.351, 218.8771, 4.146334, 7200, 0, 0, 0, 0, 0, 0, 0, 0, 26365), -- Wily Woodling (Area: -Unknown- - Difficulty: 12)
(@CGUID+52, 61159, 1024, 6209, 0, 6144, '0', 0, 0, 0, 1949.27, -1953.95, 207.2778, 5.187817, 7200, 0, 0, 0, 0, 0, 0, 0, 0, 26365), -- Greenstone Terror (Area: 0 - Difficulty: 12) (Auras: )
(@CGUID+53, 61159, 1024, 6209, 6210, 6144, '0', 0, 0, 0, 1951.44, -1939.77, 207.2778, 5.692274, 7200, 0, 0, 0, 0, 0, 0, 0, 0, 26365), -- Greenstone Terror (Area: -Unknown- - Difficulty: 12)
(@CGUID+54, 61461, 1024, 6209, 6210, 6144, '0', 0, 0, 0, 1937.311, -1947.563, 208.0973, 0.0695852, 7200, 0, 0, 0, 0, 0, 0, 0, 0, 26365), -- Portly Shung (Area: -Unknown- - Difficulty: 12)
(@CGUID+55, 61155, 1024, 6209, 6210, 6144, '0', 0, 0, 0, 1989.653, -1923.856, 203.955, 4.212033, 7200, 0, 0, 0, 0, 0, 0, 0, 0, 26365), -- Wily Woodling (Area: -Unknown- - Difficulty: 12) (Auras: )
(@CGUID+56, 61157, 1024, 6209, 6210, 6144, '0', 0, 0, 0, 1993.265, -1924.654, 203.955, 4.55274, 7200, 0, 0, 0, 0, 0, 0, 0, 0, 26365), -- Sassy Seedling (Area: -Unknown- - Difficulty: 12) (Auras: )
(@CGUID+57, 61223, 1024, 6209, 6210, 6144, '0', 0, 0, 0, 1945.033, -1943.063, 207.3584, 0, 7200, 0, 0, 0, 0, 0, 0, 0, 0, 26365), -- [DND] Monster Target (Wood) (Area: -Unknown- - Difficulty: 12)
(@CGUID+58, 61350, 1024, 6209, 6210, 6144, '0', 0, 0, 0, 2013.982, -1926.848, 207.2953, 4.795139, 7200, 10, 0, 0, 0, 1, 0, 0, 0, 26365), -- Graceful Swan (Area: -Unknown- - Difficulty: 12) (possible waypoints or random movement)
(@CGUID+59, 61223, 1024, 6209, 6210, 6144, '0', 0, 0, 0, 1945.391, -1952.333, 207.3584, 0, 7200, 0, 0, 0, 0, 0, 0, 0, 0, 26365), -- [DND] Monster Target (Wood) (Area: -Unknown- - Difficulty: 12)
(@CGUID+60, 61223, 1024, 6209, 6210, 6144, '0', 0, 0, 0, 1951.698, -1955.349, 207.3584, 2.75321, 7200, 0, 0, 0, 0, 0, 0, 0, 0, 26365), -- [DND] Monster Target (Wood) (Area: -Unknown- - Difficulty: 12)
(@CGUID+61, 62637, 1024, 6209, 6210, 6144, '0', 0, 0, 0, 2013.746, -1925.955, 207.2953, 5.279266, 7200, 10, 0, 0, 0, 1, 0, 0, 0, 26365), -- Cursed Brew (Area: -Unknown- - Difficulty: 12) (Auras: 122260 - -Unknown-) (possible waypoints or random movement)
(@CGUID+62, 61157, 1024, 6209, 6210, 6144, '0', 0, 0, 0, 1986.07, -1926.138, 203.955, 3.841323, 7200, 0, 0, 0, 0, 0, 0, 0, 0, 26365), -- Sassy Seedling (Area: -Unknown- - Difficulty: 12) (Auras: )
(@CGUID+63, 61155, 1024, 6209, 6210, 6144, '0', 0, 0, 0, 1947.746, -1939.161, 207.3, 4.552742, 7200, 0, 0, 0, 0, 0, 0, 0, 0, 26365), -- Wily Woodling (Area: -Unknown- - Difficulty: 12) (Auras: )
(@CGUID+64, 61223, 1024, 6209, 6210, 6144, '0', 0, 0, 0, 1942.719, -1936.012, 207.3584, 0.4096591, 7200, 0, 0, 0, 0, 0, 0, 0, 0, 26365), -- [DND] Monster Target (Wood) (Area: -Unknown- - Difficulty: 12)
(@CGUID+65, 65271, 1024, 6209, 6210, 6144, '0', 0, 0, 0, 1981.97, -1915.809, 212.5226, 5.441147, 7200, 10, 0, 0, 0, 1, 0, 0, 0, 26365), -- Mayor Lin (Area: -Unknown- - Difficulty: 12) (possible waypoints or random movement)
(@CGUID+66, 64775, 1024, 6209, 6210, 6144, '0', 0, 0, 0, 1882.066, -1983.92, 213.2151, 0, 7200, 0, 0, 0, 0, 0, 0, 0, 0, 26365), -- Masked Tanuki (Area: -Unknown- - Difficulty: 12)
(@CGUID+67, 61223, 1024, 6209, 6210, 6144, '0', 0, 0, 0, 1950.583, -1931.477, 207.3584, 4.64837, 7200, 0, 0, 0, 0, 0, 0, 0, 0, 26365), -- [DND] Monster Target (Wood) (Area: -Unknown- - Difficulty: 12)
(@CGUID+68, 61223, 1024, 6209, 6210, 6144, '0', 0, 0, 0, 1983.189, -1914.849, 204.1524, 0.1245678, 7200, 0, 0, 0, 0, 0, 0, 0, 0, 26365), -- [DND] Monster Target (Wood) (Area: -Unknown- - Difficulty: 12)
(@CGUID+69, 59312, 1024, 6209, 6210, 6144, '0', 0, 0, 0, 1961.936, -1923.516, 204.0334, 5.988829, 7200, 10, 0, 0, 0, 1, 0, 0, 0, 26365), -- Grove Viper (Area: -Unknown- - Difficulty: 12) (possible waypoints or random movement)
(@CGUID+70, 61159, 1024, 6209, 6210, 6144, '0', 0, 0, 0, 2020.057, -1920.488, 207.3584, 1.277209, 7200, 0, 0, 0, 0, 0, 0, 0, 0, 26365), -- Greenstone Terror (Area: -Unknown- - Difficulty: 12)
(@CGUID+71, 61223, 1024, 6209, 6210, 6144, '0', 0, 0, 0, 1981.375, -1917.174, 204.1418, 4.359352, 7200, 0, 0, 0, 0, 0, 0, 0, 0, 26365), -- [DND] Monster Target (Wood) (Area: -Unknown- - Difficulty: 12)
(@CGUID+72, 61159, 1024, 6209, 6210, 6144, '0', 0, 0, 0, 1980.597, -1920.479, 204.0036, 1.369255, 7200, 0, 0, 0, 0, 0, 0, 0, 0, 26365), -- Greenstone Terror (Area: -Unknown- - Difficulty: 12)
(@CGUID+73, 61223, 1024, 6209, 6210, 6144, '0', 0, 0, 0, 1980.22, -1914.78, 204.326, 2.728996, 7200, 0, 0, 0, 0, 0, 0, 0, 0, 26365), -- [DND] Monster Target (Wood) (Area: -Unknown- - Difficulty: 12)
(@CGUID+74, 61159, 1024, 6209, 6210, 6144, '0', 0, 0, 0, 1976.075, -1912.849, 204.0424, 5.945315, 7200, 0, 0, 0, 0, 0, 0, 0, 0, 26365), -- Greenstone Terror (Area: -Unknown- - Difficulty: 12) (Auras: )
(@CGUID+75, 61159, 1024, 6209, 6210, 6144, '0', 0, 0, 0, 1986.797, -1913.476, 204.0036, 3.313702, 7200, 0, 0, 0, 0, 0, 0, 0, 0, 26365), -- Greenstone Terror (Area: -Unknown- - Difficulty: 12) (Auras: )
(@CGUID+76, 61204, 1024, 6209, 6210, 6144, '0', 0, 0, 0, 1957.335, -1893.556, 200.5383, 0.113881, 7200, 0, 0, 0, 0, 0, 0, 0, 0, 26365), -- Unconscious Monk (Area: -Unknown- - Difficulty: 12)
(@CGUID+77, 61159, 1024, 6209, 6210, 6144, '0', 0, 0, 0, 2029.578, -1912.113, 207.3584, 0.09967573, 7200, 0, 0, 0, 0, 0, 0, 0, 0, 26365), -- Greenstone Terror (Area: -Unknown- - Difficulty: 12) (Auras: )
(@CGUID+78, 61223, 1024, 6209, 6210, 6144, '0', 0, 0, 0, 2032.606, -1914.167, 208.4436, 3.191558, 7200, 0, 0, 0, 0, 0, 0, 0, 0, 26365), -- [DND] Monster Target (Wood) (Area: -Unknown- - Difficulty: 12)
(@CGUID+79, 61155, 1024, 6209, 6210, 6144, '0', 0, 0, 0, 1911.285, -1913.593, 202.0472, 5.739081, 7200, 0, 0, 0, 0, 0, 0, 0, 0, 26365), -- Wily Woodling (Area: -Unknown- - Difficulty: 12) (Auras: )
(@CGUID+80, 61159, 1024, 6209, 6210, 6144, '0', 0, 0, 0, 1908.8, -1911.316, 201.4845, 5.180404, 7200, 0, 0, 0, 0, 0, 0, 0, 0, 26365), -- Greenstone Terror (Area: -Unknown- - Difficulty: 12)
(@CGUID+81, 61159, 1024, 6209, 6210, 6144, '0', 0, 0, 0, 1962.868, -1885.14, 200.5771, 2.701377, 7200, 0, 0, 0, 0, 0, 0, 0, 0, 26365), -- Greenstone Terror (Area: -Unknown- - Difficulty: 12) (Auras: )
(@CGUID+82, 61223, 1024, 6209, 6210, 6144, '0', 0, 0, 0, 1973.462, -1886.632, 199.7425, 2.396301, 7200, 0, 0, 0, 0, 0, 0, 0, 0, 26365), -- [DND] Monster Target (Wood) (Area: -Unknown- - Difficulty: 12)
(@CGUID+83, 61223, 1024, 6209, 6210, 6144, '0', 0, 0, 0, 1971.962, -1887.622, 200.5383, 2.396301, 7200, 0, 0, 0, 0, 0, 0, 0, 0, 26365), -- [DND] Monster Target (Wood) (Area: -Unknown- - Difficulty: 12)
(@CGUID+84, 61157, 1024, 6209, 6210, 6144, '0', 0, 0, 0, 2019.879, -1893.43, 207.2775, 5.378901, 7200, 0, 0, 0, 0, 0, 0, 0, 0, 26365), -- Sassy Seedling (Area: -Unknown- - Difficulty: 12) (Auras: )
(@CGUID+85, 61204, 1024, 6209, 6210, 6144, '0', 0, 0, 0, 1963.549, -1880.891, 200.5383, 5.121453, 7200, 0, 0, 0, 0, 0, 0, 0, 0, 26365), -- Unconscious Monk (Area: -Unknown- - Difficulty: 12)
(@CGUID+86, 61157, 1024, 6209, 6210, 6144, '0', 0, 0, 0, 2016.084, -1887.963, 207.2775, 1.767074, 7200, 0, 0, 0, 0, 0, 0, 0, 0, 26365), -- Sassy Seedling (Area: -Unknown- - Difficulty: 12) (Auras: )
(@CGUID+87, 61157, 1024, 6209, 6210, 6144, '0', 0, 0, 0, 2012.436, -1892.734, 207.2775, 3.772246, 7200, 0, 0, 0, 0, 0, 0, 0, 0, 26365), -- Sassy Seedling (Area: -Unknown- - Difficulty: 12) (Auras: )
(@CGUID+88, 61223, 1024, 6209, 6210, 6144, '0', 0, 0, 0, 2031.797, -1909.602, 208.3945, 3.631741, 7200, 0, 0, 0, 0, 0, 0, 0, 0, 26365), -- [DND] Monster Target (Wood) (Area: -Unknown- - Difficulty: 12)
(@CGUID+89, 61155, 1024, 6209, 6210, 6144, '0', 0, 0, 0, 1968.326, -1879.38, 200.5383, 4.698204, 7200, 0, 0, 0, 0, 0, 0, 0, 0, 26365), -- Wily Woodling (Area: -Unknown- - Difficulty: 12)
(@CGUID+90, 61204, 1024, 6209, 6210, 6144, '0', 0, 0, 0, 1941.563, -1876.752, 203.7618, 0.8596998, 7200, 0, 0, 0, 0, 0, 0, 0, 0, 26365), -- Unconscious Monk (Area: -Unknown- - Difficulty: 12)
(@CGUID+91, 61159, 1024, 6209, 6210, 6144, '0', 0, 0, 0, 1972.201, -1883.849, 200.5383, 4.938204, 7200, 0, 0, 0, 0, 0, 0, 0, 0, 26365), -- Greenstone Terror (Area: -Unknown- - Difficulty: 12) (Auras: )
(@CGUID+92, 61183, 1024, 6209, 6210, 6144, '0', 0, 0, 0, 2018.882, -1887.63, 207.3584, 1.78817, 7200, 0, 0, 0, 0, 0, 0, 0, 0, 26365), -- Belligerent Blossom (Area: -Unknown- - Difficulty: 12) (Auras: )
(@CGUID+93, 61183, 1024, 6209, 6210, 6144, '0', 0, 0, 0, 2014.071, -1887.719, 207.3584, 1.375482, 7200, 0, 0, 0, 0, 0, 0, 0, 0, 26365), -- Belligerent Blossom (Area: -Unknown- - Difficulty: 12)
(@CGUID+94, 61204, 1024, 6209, 6210, 6144, '0', 0, 0, 0, 1946.335, -1890.12, 200.5383, 5.084329, 7200, 0, 0, 0, 0, 0, 0, 0, 0, 26365), -- Unconscious Monk (Area: -Unknown- - Difficulty: 12)
(@CGUID+95, 59312, 1024, 6209, 6210, 6144, '0', 0, 0, 0, 1921.918, -1899.642, 202.1198, 2.754918, 7200, 10, 0, 0, 0, 1, 0, 0, 0, 26365), -- Grove Viper (Area: -Unknown- - Difficulty: 12) (possible waypoints or random movement)
(@CGUID+96, 61183, 1024, 6209, 6210, 6144, '0', 0, 0, 0, 1905.802, -1877.905, 198.6932, 4.481634, 7200, 0, 0, 0, 0, 0, 0, 0, 0, 26365), -- Belligerent Blossom (Area: -Unknown- - Difficulty: 12)
(@CGUID+97, 61204, 1024, 6209, 6210, 6144, '0', 0, 0, 0, 1926.465, -1869.03, 203.7615, 5.880706, 7200, 0, 0, 0, 0, 0, 0, 0, 0, 26365), -- Unconscious Monk (Area: -Unknown- - Difficulty: 12)
(@CGUID+98, 61346, 1024, 6209, 6210, 6144, '0', 0, 0, 0, 2016.118, -1880.37, 208.0428, 4.70982, 7200, 10, 0, 0, 0, 1, 0, 0, 0, 26365), -- Scribe Rinji (Area: -Unknown- - Difficulty: 12) (possible waypoints or random movement)
(@CGUID+99, 61183, 1024, 6209, 6210, 6144, '0', 0, 0, 0, 1903.498, -1875.154, 198.6846, 4.492979, 7200, 0, 0, 0, 0, 0, 0, 0, 0, 26365), -- Belligerent Blossom (Area: -Unknown- - Difficulty: 12)
(@CGUID+100, 61204, 1024, 6209, 6210, 6144, '0', 0, 0, 0, 1945.208, -1859.028, 203.7624, 1.519092, 7200, 0, 0, 0, 0, 0, 0, 0, 0, 26365), -- Unconscious Monk (Area: -Unknown- - Difficulty: 12)
(@CGUID+101, 59312, 1024, 6209, 6210, 6144, '0', 0, 0, 0, 1847.893, -1938.277, 201.2833, 0.0781948, 7200, 10, 0, 0, 0, 1, 0, 0, 0, 26365), -- Grove Viper (Area: -Unknown- - Difficulty: 12) (possible waypoints or random movement)
(@CGUID+102, 59312, 1024, 6209, 6210, 6144, '0', 0, 0, 0, 1997.801, -1855.936, 204.9477, 4.536698, 7200, 10, 0, 0, 0, 1, 0, 0, 0, 26365), -- Grove Viper (Area: -Unknown- - Difficulty: 12) (possible waypoints or random movement)
(@CGUID+103, 59312, 1024, 6209, 6210, 6144, '0', 0, 0, 0, 2038.194, -1861.966, 207.2187, 2.947069, 7200, 10, 0, 0, 0, 1, 0, 0, 0, 26365), -- Grove Viper (Area: -Unknown- - Difficulty: 12) (possible waypoints or random movement)
(@CGUID+104, 61183, 1024, 6209, 6210, 6144, '0', 0, 0, 0, 2055.138, -1883.155, 210.4491, 2.740352, 7200, 0, 0, 0, 0, 0, 0, 0, 0, 26365), -- Belligerent Blossom (Area: -Unknown- - Difficulty: 12)
(@CGUID+105, 61155, 1024, 6209, 6210, 6144, '0', 0, 0, 0, 2014.439, -1840.814, 201.1148, 6.010252, 7200, 0, 0, 0, 0, 0, 0, 0, 0, 26365), -- Wily Woodling (Area: -Unknown- - Difficulty: 12)
(@CGUID+106, 61155, 1024, 6209, 6210, 6144, '0', 0, 0, 0, 2008.684, -1836.266, 200.0367, 5.841835, 7200, 0, 0, 0, 0, 0, 0, 0, 0, 26365), -- Wily Woodling (Area: -Unknown- - Difficulty: 12) (Auras: )
(@CGUID+107, 61174, 1024, 6209, 6210, 6144, '0', 0, 0, 0, 2168.85, -1904.34, 219.1518, 3.768767, 7200, 10, 0, 0, 0, 1, 0, 0, 0, 26365), -- Cursed Jade (Area: -Unknown- - Difficulty: 12) (Auras: ) (possible waypoints or random movement)
(@CGUID+108, 61183, 1024, 6209, 6210, 6144, '0', 0, 0, 0, 2059.418, -1881.968, 210.2898, 2.703398, 7200, 0, 0, 0, 0, 0, 0, 0, 0, 26365), -- Belligerent Blossom (Area: -Unknown- - Difficulty: 12)
(@CGUID+109, 61159, 1024, 6209, 6210, 6144, '0', 0, 0, 0, 1957.687, -1826.308, 194.3507, 2.916321, 7200, 0, 0, 0, 0, 0, 0, 0, 0, 26365), -- Greenstone Terror (Area: -Unknown- - Difficulty: 12)
(@CGUID+110, 61155, 1024, 6209, 6210, 6144, '0', 0, 0, 0, 1943.923, -1825.32, 194.372, 2.946674, 7200, 0, 0, 0, 0, 0, 0, 0, 0, 26365), -- Wily Woodling (Area: -Unknown- - Difficulty: 12) (Auras: )
(@CGUID+111, 62945, 1024, 6209, 6210, 6144, '0', 0, 0, 0, 2048.258, -1837.064, 203.3849, 3.91872, 7200, 10, 0, 0, 0, 1, 0, 0, 0, 26365), -- Bloodthirsty Prowler (Area: -Unknown- - Difficulty: 12) (possible waypoints or random movement)
(@CGUID+112, 64776, 1024, 6209, 6210, 6144, '0', 0, 0, 0, 2080.287, -1879.811, 211.246, 0.2356575, 7200, 0, 0, 0, 0, 0, 0, 0, 0, 26365), -- Masked Tanuki Pup (Area: -Unknown- - Difficulty: 12)
(@CGUID+113, 64776, 1024, 6209, 6210, 6144, '0', 0, 0, 0, 2079.079, -1880.451, 211.7125, 0.460043, 7200, 0, 0, 0, 0, 0, 0, 0, 0, 26365), -- Masked Tanuki Pup (Area: -Unknown- - Difficulty: 12)
(@CGUID+114, 64775, 1024, 6209, 6210, 6144, '0', 0, 0, 0, 2083.133, -1879.305, 210.9077, 0.3572843, 7200, 0, 0, 0, 0, 0, 0, 0, 0, 26365), -- Masked Tanuki (Area: -Unknown- - Difficulty: 12)
(@CGUID+115, 61155, 1024, 6209, 6210, 6144, '0', 0, 0, 0, 2081.452, -1946.415, 213.0591, 3.104525, 7200, 0, 0, 0, 0, 0, 0, 0, 0, 26365), -- Wily Woodling (Area: -Unknown- - Difficulty: 12)
(@CGUID+116, 61159, 1024, 6209, 6210, 6144, '0', 0, 0, 0, 2083.617, -1946.477, 213.2106, 3.110187, 7200, 0, 0, 0, 0, 0, 0, 0, 0, 26365), -- Greenstone Terror (Area: -Unknown- - Difficulty: 12)
(@CGUID+117, 59312, 1024, 6209, 6210, 6144, '0', 0, 0, 0, 2103.87, -1923.886, 216.4712, 1.812013, 7200, 10, 0, 0, 0, 1, 0, 0, 0, 26365), -- Grove Viper (Area: -Unknown- - Difficulty: 12) (possible waypoints or random movement)
(@CGUID+118, 61183, 1024, 6209, 6210, 6144, '0', 0, 0, 0, 2124.468, -1922.435, 216.0423, 3.631141, 7200, 0, 0, 0, 0, 0, 0, 0, 0, 26365), -- Belligerent Blossom (Area: -Unknown- - Difficulty: 12)
(@CGUID+119, 61155, 1024, 6209, 6210, 6144, '0', 0, 0, 0, 2123.612, -1922.891, 216.0915, 3.631049, 7200, 0, 0, 0, 0, 0, 0, 0, 0, 26365), -- Wily Woodling (Area: -Unknown- - Difficulty: 12)
(@CGUID+120, 64775, 1024, 6209, 6210, 6144, '0', 0, 0, 0, 2133.32, -1958.013, 221.2188, 1.568834, 7200, 0, 0, 0, 0, 0, 0, 0, 0, 26365), -- Masked Tanuki (Area: -Unknown- - Difficulty: 12)
(@CGUID+121, 61183, 1024, 6209, 6210, 6144, '0', 0, 0, 0, 2121.313, -2003.673, 220.3719, 0.3333639, 7200, 0, 0, 0, 0, 0, 0, 0, 0, 26365), -- Belligerent Blossom (Area: -Unknown- - Difficulty: 12)
(@CGUID+122, 61183, 1024, 6209, 6210, 6144, '0', 0, 0, 0, 2134.47, -1996.808, 219.9936, 0.1193261, 7200, 0, 0, 0, 0, 0, 0, 0, 0, 26365), -- Belligerent Blossom (Area: -Unknown- - Difficulty: 12)
(@CGUID+123, 66772, 1024, 6209, 6210, 6144, '0', 0, 0, 0, 1938.186, -1861.915, 203.3987, 4.569982, 7200, 0, 0, 0, 0, 0, 0, 0, 0, 26365), -- Beast of Jade (Area: -Unknown- - Difficulty: 12)
(@CGUID+124, 61203, 1024, 6209, 6210, 6144, '0', 0, 0, 0, 1937.451, -1866.507, 203.399, 1.395709, 7200, 0, 0, 0, 0, 0, 0, 0, 0, 26365), -- Brewmaster Tzu (Area: -Unknown- - Difficulty: 12)
-- (@CGUID+125, 32638, UNKNOWN, 6209, 6210, 3, '0', 0, 0, 0, 0, 0, 0, 0, 7200, 0, 0, 0, 0, 0, 0, 0, 0, 26365), -- 阿古斯的哈克穆德 (Area: -Unknown- - Difficulty: 12) (Auras: 61424 - -Unknown-) - !!! on transport - transport template not found !!!
(@CGUID+126, 62682, 1024, 6209, 6379, 6144, '0', 0, 0, 0, 1914.649, -1903.276, 202.4464, 3.455322, 7200, 0, 0, 0, 0, 0, 0, 0, 0, 26365), -- Burgled Barrel (Area: -Unknown- - Difficulty: 12) (Auras: )
(@CGUID+127, 62682, 1024, 6209, 6379, 6144, '0', 0, 0, 0, 2047.019, -1859.083, 206.7063, 0.8815926, 7200, 0, 0, 0, 0, 0, 0, 0, 0, 26365), -- Burgled Barrel (Area: -Unknown- - Difficulty: 12) (Auras: )
(@CGUID+128, 62945, 1024, 6209, 6379, 6144, '0', 0, 0, 0, 1985.278, -1790.356, 193.8341, 5.092926, 7200, 10, 0, 0, 0, 1, 0, 0, 0, 26365), -- Bloodthirsty Prowler (Area: -Unknown- - Difficulty: 12) (possible waypoints or random movement)
(@CGUID+129, 62682, 1024, 6209, 6210, 6144, '0', 0, 0, 0, 1919.661, -1986.731, 216.2604, 3.591844, 7200, 0, 0, 0, 0, 0, 0, 0, 0, 26365), -- Burgled Barrel (Area: -Unknown- - Difficulty: 12)
(@CGUID+130, 64775, 1024, 6209, 6210, 6144, '0', 0, 0, 0, 1817.441, -1887.533, 195.5463, 0, 7200, 0, 0, 0, 0, 0, 0, 0, 0, 26365), -- Masked Tanuki (Area: -Unknown- - Difficulty: 12)
(@CGUID+131, 62682, 1024, 6209, 6379, 6144, '0', 0, 0, 0, 2002.59, -1842.92, 201.6784, 0.9169003, 7200, 0, 0, 0, 0, 0, 0, 0, 0, 26365), -- Burgled Barrel (Area: -Unknown- - Difficulty: 12) (Auras: )
(@CGUID+132, 62682, 1024, 6209, 6210, 6144, '0', 0, 0, 0, 1997.118, -1780.304, 194.5391, 3.802423, 7200, 0, 0, 0, 0, 0, 0, 0, 0, 26365), -- Burgled Barrel (Area: -Unknown- - Difficulty: 12) (Auras: )
(@CGUID+133, 62682, 1024, 6209, 6210, 6144, '0', 0, 0, 0, 2065.918, -1810.594, 204.4204, 5.545789, 7200, 0, 0, 0, 0, 0, 0, 0, 0, 26365), -- Burgled Barrel (Area: -Unknown- - Difficulty: 12)
(@CGUID+134, 62682, 1024, 6209, 6210, 6144, '0', 0, 0, 0, 2081.882, -1862.061, 209.1732, 1.368223, 7200, 0, 0, 0, 0, 0, 0, 0, 0, 26365), -- Burgled Barrel (Area: -Unknown- - Difficulty: 12) (Auras: )
(@CGUID+135, 62945, 1024, 6209, 6210, 6144, '0', 0, 0, 0, 2083.984, -1839.586, 209.5074, 3.316378, 7200, 10, 0, 0, 0, 1, 0, 0, 0, 26365), -- Bloodthirsty Prowler (Area: -Unknown- - Difficulty: 12) (possible waypoints or random movement)
(@CGUID+136, 64761, 1024, 6209, 6210, 6144, '0', 0, 0, 0, 2053.725, -1760.477, 203.1077, 2.047164, 7200, 10, 0, 0, 0, 1, 0, 0, 0, 26365), -- Jumping Spider (Area: -Unknown- - Difficulty: 12) (possible waypoints or random movement)
(@CGUID+137, 64774, 1024, 6209, 0, 6144, '0', 0, 0, 0, 1927.043, -1748.371, 190.3698, 0.8788105, 7200, 0, 0, 0, 0, 0, 0, 0, 0, 26365), -- Leopard Tree Frog (Area: 0 - Difficulty: 12)
(@CGUID+138, 59357, 1024, 6209, 0, 6144, '0', 0, 0, 0, 1951.237, -1696.49, 190.5756, 4.38724, 7200, 0, 0, 0, 0, 0, 0, 0, 0, 26365), -- 鹿齿土拨鼠 (Area: 0 - Difficulty: 12)
(@CGUID+139, 59311, 1024, 6209, 0, 6144, '0', 0, 0, 0, 1910.255, -1726.161, 186.7341, 1.347564, 7200, 10, 0, 0, 0, 1, 0, 0, 0, 26365), -- Veridian Carp (Area: 0 - Difficulty: 12) (possible waypoints or random movement)
(@CGUID+140, 64774, 1024, 6209, 0, 6144, '0', 0, 0, 0, 1939.78, -1701.649, 191.4516, 2.496152, 7200, 0, 0, 0, 0, 0, 0, 0, 0, 26365), -- Leopard Tree Frog (Area: 0 - Difficulty: 12)
(@CGUID+141, 59311, 1024, 6209, 0, 6144, '0', 0, 0, 0, 1892.302, -1727.389, 186.6861, 5.5392, 7200, 0, 0, 0, 0, 0, 0, 0, 0, 26365), -- Veridian Carp (Area: 0 - Difficulty: 12)
(@CGUID+142, 64774, 1024, 6209, 0, 6144, '0', 0, 0, 0, 1880.121, -1736.436, 189.5532, 4.668472, 7200, 0, 0, 0, 0, 0, 0, 0, 0, 26365), -- Leopard Tree Frog (Area: 0 - Difficulty: 12)
(@CGUID+143, 59666, 1024, 6209, 0, 6144, '0', 0, 0, 0, 1937.165, -1696.227, 189.5924, 3.544411, 7200, 0, 0, 0, 0, 0, 0, 0, 0, 26365), -- Emerald Turtle (Area: 0 - Difficulty: 12)
(@CGUID+144, 64774, 1024, 6209, 0, 6144, '0', 0, 0, 0, 1951.563, -1681.771, 190.0126, 3.94066, 7200, 0, 0, 0, 0, 0, 0, 0, 0, 26365), -- Leopard Tree Frog (Area: 0 - Difficulty: 12)
(@CGUID+145, 59311, 1024, 6209, 0, 6144, '0', 0, 0, 0, 1896.893, -1716.89, 186.8246, 4.450076, 7200, 0, 0, 0, 0, 0, 0, 0, 0, 26365), -- Veridian Carp (Area: 0 - Difficulty: 12)
(@CGUID+146, 59357, 1024, 6209, 0, 6144, '0', 0, 0, 0, 1952.793, -1697.627, 190.856, 5.016556, 7200, 0, 0, 0, 0, 0, 0, 0, 0, 26365), -- 鹿齿土拨鼠 (Area: 0 - Difficulty: 12)
(@CGUID+147, 59311, 1024, 6209, 0, 6144, '0', 0, 0, 0, 1925.754, -1680.523, 187.0286, 5.762357, 7200, 0, 0, 0, 0, 0, 0, 0, 0, 26365), -- Veridian Carp (Area: 0 - Difficulty: 12)
(@CGUID+148, 62945, 1024, 6209, 0, 6144, '0', 0, 0, 0, 2093.879, -1766.209, 215.1051, 2.091275, 7200, 10, 0, 0, 0, 1, 0, 0, 0, 26365), -- Bloodthirsty Prowler (Area: 0 - Difficulty: 12) (possible waypoints or random movement)
(@CGUID+149, 62682, 1024, 6209, 6210, 6144, '0', 0, 0, 0, 2116.785, -1819.767, 219.9094, 3.812202, 7200, 0, 0, 0, 0, 0, 0, 0, 0, 26365), -- Burgled Barrel (Area: -Unknown- - Difficulty: 12)
(@CGUID+150, 61183, 1024, 6209, 6210, 6144, '0', 0, 0, 0, 2125.769, -1831.363, 219.3839, 3.98916, 7200, 0, 0, 0, 0, 0, 0, 0, 0, 26365), -- Belligerent Blossom (Area: -Unknown- - Difficulty: 12)
(@CGUID+151, 61183, 1024, 6209, 6210, 6144, '0', 0, 0, 0, 2132.044, -1825.388, 220.3421, 3.356027, 7200, 0, 0, 0, 0, 0, 0, 0, 0, 26365), -- Belligerent Blossom (Area: -Unknown- - Difficulty: 12)
(@CGUID+152, 64776, 1024, 6209, 6210, 6144, '0', 0, 0, 0, 2135.785, -1857.95, 219.9293, 5.58721, 7200, 0, 0, 0, 0, 0, 0, 0, 0, 26365), -- Masked Tanuki Pup (Area: -Unknown- - Difficulty: 12)
(@CGUID+153, 64775, 1024, 6209, 6210, 6144, '0', 0, 0, 0, 2137.957, -1859.764, 220.0267, 5.587697, 7200, 0, 0, 0, 0, 0, 0, 0, 0, 26365), -- Masked Tanuki (Area: -Unknown- - Difficulty: 12)
(@CGUID+154, 61223, 1024, 6209, 6210, 6144, '0', 0, 0, 0, 2161.653, -1884.632, 219.1273, 5.190584, 7200, 0, 0, 0, 0, 0, 0, 0, 0, 26365), -- [DND] Monster Target (Wood) (Area: -Unknown- - Difficulty: 12)
(@CGUID+155, 61157, 1024, 6209, 6210, 6144, '0', 0, 0, 0, 2141.82, -1924.344, 217.7274, 1.335551, 7200, 0, 0, 0, 0, 0, 0, 0, 0, 26365), -- Sassy Seedling (Area: -Unknown- - Difficulty: 12)
(@CGUID+156, 61223, 1024, 6209, 0, 6144, '0', 0, 0, 0, 2172.446, -1873.911, 219.1273, 4.933235, 7200, 0, 0, 0, 0, 0, 0, 0, 0, 26365), -- [DND] Monster Target (Wood) (Area: 0 - Difficulty: 12)
(@CGUID+157, 61159, 1024, 6209, 0, 6144, '0', 0, 0, 0, 2164.517, -1886.5, 219.1273, 2.573812, 7200, 0, 0, 0, 0, 0, 0, 0, 0, 26365), -- Greenstone Terror (Area: 0 - Difficulty: 12)
(@CGUID+158, 61157, 1024, 6209, 0, 6144, '0', 0, 0, 0, 2147.437, -1927.867, 218.5657, 2.480618, 7200, 0, 0, 0, 0, 0, 0, 0, 0, 26365), -- Sassy Seedling (Area: 0 - Difficulty: 12)
(@CGUID+159, 61157, 1024, 6209, 0, 6144, '0', 0, 0, 0, 2141.59, -1932.564, 218.908, 1.335551, 7200, 0, 0, 0, 0, 0, 0, 0, 0, 26365), -- Sassy Seedling (Area: 0 - Difficulty: 12)
(@CGUID+160, 61159, 1024, 6209, 0, 6144, '0', 0, 0, 0, 2174.016, -1877.24, 219.1273, 1.978944, 7200, 0, 0, 0, 0, 0, 0, 0, 0, 26365), -- Greenstone Terror (Area: 0 - Difficulty: 12) (Auras: )
(@CGUID+161, 61157, 1024, 6209, 0, 6144, '0', 0, 0, 0, 2173.193, -1883.736, 219.169, 4.851895, 7200, 0, 0, 0, 0, 0, 0, 0, 0, 26365), -- Sassy Seedling (Area: 0 - Difficulty: 12)
(@CGUID+162, 64761, 1024, 6209, 0, 6144, '0', 0, 0, 0, 2170.484, -1821.056, 222.9144, 0.5256851, 7200, 10, 0, 0, 0, 1, 0, 0, 0, 26365), -- Jumping Spider (Area: 0 - Difficulty: 12) (possible waypoints or random movement)
(@CGUID+163, 61157, 1024, 6209, 0, 6144, '0', 0, 0, 0, 2161.733, -1917.479, 219.736, 0, 7200, 0, 0, 0, 0, 0, 0, 0, 0, 26365), -- Sassy Seedling (Area: 0 - Difficulty: 12)
(@CGUID+164, 61157, 1024, 6209, 0, 6144, '0', 0, 0, 0, 2154.801, -1920.83, 219.843, 5.299592, 7200, 0, 0, 0, 0, 0, 0, 0, 0, 26365), -- Sassy Seedling (Area: 0 - Difficulty: 12)
(@CGUID+165, 62682, 1024, 6209, 6210, 6144, '0', 0, 0, 0, 2100.401, -1932.222, 216.0822, 2.506283, 7200, 0, 0, 0, 0, 0, 0, 0, 0, 26365), -- Burgled Barrel (Area: -Unknown- - Difficulty: 12)
(@CGUID+166, 62682, 1024, 6209, 6379, 6144, '0', 0, 0, 0, 2002.59, -1842.92, 201.6784, 0.9169003, 7200, 0, 0, 0, 0, 0, 0, 0, 0, 26365), -- Burgled Barrel (Area: -Unknown- - Difficulty: 12) (Auras: )
-- (@CGUID+167, 32639, UNKNOWN, 6209, 6210, 3, '0', 0, 0, 0, 0, 0, 0, 0, 7200, 0, 0, 0, 0, 0, 0, 0, 0, 26365), -- 尼莫 (Area: -Unknown- - Difficulty: 12) (Auras: 61424 - -Unknown-) - !!! on transport - transport template not found !!!
(@CGUID+168, 61183, 1024, 6209, 6210, 6144, '0', 0, 0, 0, 2179.63, -1918.172, 219.1273, 3.400392, 7200, 0, 0, 0, 0, 0, 0, 0, 0, 26365), -- Belligerent Blossom (Area: -Unknown- - Difficulty: 12)
(@CGUID+169, 61157, 1024, 6209, 6210, 6144, '0', 0, 0, 0, 2149.641, -1941.163, 219.3574, 2.896977, 7200, 0, 0, 0, 0, 0, 0, 0, 0, 26365), -- Sassy Seedling (Area: -Unknown- - Difficulty: 12)
(@CGUID+170, 61157, 1024, 6209, 6210, 6144, '0', 0, 0, 0, 2158.21, -1924.313, 220.3009, 2.347587, 7200, 0, 0, 0, 0, 0, 0, 0, 0, 26365), -- Sassy Seedling (Area: -Unknown- - Difficulty: 12)
(@CGUID+171, 61157, 1024, 6209, 6210, 6144, '0', 0, 0, 0, 2156.979, -1944.832, 220.1146, 3.038386, 7200, 0, 0, 0, 0, 0, 0, 0, 0, 26365), -- Sassy Seedling (Area: -Unknown- - Difficulty: 12)
(@CGUID+172, 61155, 1024, 6209, 6210, 6144, '0', 0, 0, 0, 2187.06, -1921.57, 219.1518, 1.388915, 7200, 0, 0, 0, 0, 0, 0, 0, 0, 26365), -- Wily Woodling (Area: -Unknown- - Difficulty: 12)
(@CGUID+173, 61183, 1024, 6209, 6210, 6144, '0', 0, 0, 0, 2192.248, -1984.971, 223.0187, 6.009035, 7200, 0, 0, 0, 0, 0, 0, 0, 0, 26365), -- Belligerent Blossom (Area: -Unknown- - Difficulty: 12)
(@CGUID+174, 62989, 1024, 6209, 6210, 6144, '0', 0, 0, 0, 2186.243, -1926.595, 219.1273, 4.553739, 7200, 0, 0, 0, 0, 0, 0, 0, 0, 26365), -- Stonecutter Lon (Area: -Unknown- - Difficulty: 12) (Auras: )
(@CGUID+175, 61223, 1024, 6209, 6210, 6144, '0', 0, 0, 0, 2177.295, -1919.078, 219.1273, 0, 7200, 0, 0, 0, 0, 0, 0, 0, 0, 26365), -- [DND] Monster Target (Wood) (Area: -Unknown- - Difficulty: 12)
(@CGUID+176, 61183, 1024, 6209, 6210, 6144, '0', 0, 0, 0, 2180.847, -1929.016, 219.1273, 5.162292, 7200, 0, 0, 0, 0, 0, 0, 0, 0, 26365), -- Belligerent Blossom (Area: -Unknown- - Difficulty: 12)
(@CGUID+177, 61157, 1024, 6209, 6210, 6144, '0', 0, 0, 0, 2156.228, -1936.243, 220.1181, 4.111794, 7200, 0, 0, 0, 0, 0, 0, 0, 0, 26365), -- Sassy Seedling (Area: -Unknown- - Difficulty: 12)
(@CGUID+178, 61223, 1024, 6209, 6210, 6144, '0', 0, 0, 0, 2181.728, -1931.979, 219.1273, 0, 7200, 0, 0, 0, 0, 0, 0, 0, 0, 26365), -- [DND] Monster Target (Wood) (Area: -Unknown- - Difficulty: 12)
(@CGUID+179, 61157, 1024, 6209, 0, 6144, '0', 0, 0, 0, 2180.274, -1906.155, 219.1518, 2.072614, 7200, 0, 0, 0, 0, 0, 0, 0, 0, 26365), -- Sassy Seedling (Area: 0 - Difficulty: 12) (Auras: )
(@CGUID+180, 61157, 1024, 6209, 0, 6144, '0', 0, 0, 0, 2187.121, -1911.123, 219.1518, 3.588959, 7200, 0, 0, 0, 0, 0, 0, 0, 0, 26365), -- Sassy Seedling (Area: 0 - Difficulty: 12) (Auras: )
(@CGUID+181, 61155, 1024, 6209, 0, 6144, '0', 0, 0, 0, 2199.908, -1980.711, 222.6076, 0.6069474, 7200, 0, 0, 0, 0, 0, 0, 0, 0, 26365), -- Wily Woodling (Area: 0 - Difficulty: 12)
(@CGUID+182, 61183, 1024, 6209, 0, 6144, '0', 0, 0, 0, 2195.872, -1924.292, 219.1295, 4.569063, 7200, 0, 0, 0, 0, 0, 0, 0, 0, 26365), -- Belligerent Blossom (Area: 0 - Difficulty: 12)
(@CGUID+183, 62988, 1024, 6209, 0, 6144, '0', 0, 0, 0, 2171.778, -1887.615, 219.1273, 5.274104, 7200, 0, 0, 0, 0, 0, 0, 0, 0, 26365), -- Barrel-Chest Huo (Area: 0 - Difficulty: 12) (Auras: )
(@CGUID+184, 61223, 1024, 6209, 0, 6144, '0', 0, 0, 0, 2195.354, -1926.906, 219.1278, 0, 7200, 0, 0, 0, 0, 0, 0, 0, 0, 26365), -- [DND] Monster Target (Wood) (Area: 0 - Difficulty: 12)
(@CGUID+185, 61157, 1024, 6209, 0, 6144, '0', 0, 0, 0, 2185.745, -1903.592, 219.1518, 4.169035, 7200, 0, 0, 0, 0, 0, 0, 0, 0, 26365), -- Sassy Seedling (Area: 0 - Difficulty: 12)
(@CGUID+186, 61157, 1024, 6209, 0, 6144, '0', 0, 0, 0, 2184.787, -1881.951, 219.169, 2.782884, 7200, 0, 0, 0, 0, 0, 0, 0, 0, 26365), -- Sassy Seedling (Area: 0 - Difficulty: 12)
(@CGUID+187, 61157, 1024, 6209, 0, 6144, '0', 0, 0, 0, 2186.082, -1887.132, 219.169, 1.292587, 7200, 0, 0, 0, 0, 0, 0, 0, 0, 26365), -- Sassy Seedling (Area: 0 - Difficulty: 12)
(@CGUID+188, 61159, 1024, 6209, 0, 6144, '0', 0, 0, 0, 2228.422, -1943.055, 223.4272, 2.801, 7200, 0, 0, 0, 0, 0, 0, 0, 0, 26365), -- Greenstone Terror (Area: 0 - Difficulty: 12)
(@CGUID+189, 61157, 1024, 6209, 0, 6144, '0', 0, 0, 0, 2212.068, -1906.446, 223.0034, 1.335551, 7200, 0, 0, 0, 0, 0, 0, 0, 0, 26365), -- Sassy Seedling (Area: 0 - Difficulty: 12)
(@CGUID+190, 61159, 1024, 6209, 0, 6144, '0', 0, 0, 0, 2236.631, -1948.965, 225.021, 4.032381, 7200, 0, 0, 0, 0, 0, 0, 0, 0, 26365), -- Greenstone Terror (Area: 0 - Difficulty: 12)
(@CGUID+191, 61157, 1024, 6209, 0, 6144, '0', 0, 0, 0, 2213.644, -1892.408, 223.0034, 1.335551, 7200, 0, 0, 0, 0, 0, 0, 0, 0, 26365), -- Sassy Seedling (Area: 0 - Difficulty: 12) (Auras: )
(@CGUID+192, 64776, 1024, 6209, 0, 6144, '0', 0, 0, 0, 2246.448, -1945.63, 226.305, 4.109636, 7200, 0, 0, 0, 0, 0, 0, 0, 0, 26365), -- Masked Tanuki Pup (Area: 0 - Difficulty: 12)
(@CGUID+193, 64775, 1024, 6209, 0, 6144, '0', 0, 0, 0, 2246.21, -1947.353, 226.0557, 4.156896, 7200, 0, 0, 0, 0, 0, 0, 0, 0, 26365), -- Masked Tanuki (Area: 0 - Difficulty: 12)
(@CGUID+194, 61157, 1024, 6209, 0, 6144, '0', 0, 0, 0, 2221.757, -1897.036, 222.9495, 2.299561, 7200, 0, 0, 0, 0, 0, 0, 0, 0, 26365), -- Sassy Seedling (Area: 0 - Difficulty: 12)
(@CGUID+195, 62990, 1024, 6209, 0, 6144, '0', 0, 0, 0, 2218.818, -1904.408, 223.0034, 5.593176, 7200, 0, 0, 0, 0, 0, 0, 0, 0, 26365), -- Kiri Jade-Eyes (Area: 0 - Difficulty: 12) (Auras: )
(@CGUID+196, 62945, 1024, 6209, 0, 6144, '0', 0, 0, 0, 2237.65, -1991.984, 221.912, 3.517386, 7200, 10, 0, 0, 0, 1, 0, 0, 0, 26365), -- Bloodthirsty Prowler (Area: 0 - Difficulty: 12) (possible waypoints or random movement)
(@CGUID+197, 59312, 1024, 6209, 0, 6144, '0', 0, 0, 0, 2214.605, -1863.2, 226.9087, 3.104464, 7200, 0, 0, 0, 0, 0, 0, 0, 0, 26365), -- Grove Viper (Area: 0 - Difficulty: 12) (Auras: )
(@CGUID+198, 61157, 1024, 6209, 0, 6144, '0', 0, 0, 0, 2239.663, -1875.087, 225.5833, 4.289909, 7200, 0, 0, 0, 0, 0, 0, 0, 0, 26365), -- Sassy Seedling (Area: 0 - Difficulty: 12) (Auras: )
(@CGUID+199, 61157, 1024, 6209, 0, 6144, '0', 0, 0, 0, 2204.761, -1878.478, 223.7371, 4.965833, 7200, 0, 0, 0, 0, 0, 0, 0, 0, 26365), -- Sassy Seedling (Area: 0 - Difficulty: 12) (Auras: )
(@CGUID+200, 61157, 1024, 6209, 0, 6144, '0', 0, 0, 0, 2204.485, -1865.337, 224.1491, 1.570446, 7200, 0, 0, 0, 0, 0, 0, 0, 0, 26365), -- Sassy Seedling (Area: 0 - Difficulty: 12)
(@CGUID+201, 61157, 1024, 6209, 0, 6144, '0', 0, 0, 0, 2210.962, -1871.173, 225.5993, 1.938186, 7200, 0, 0, 0, 0, 0, 0, 0, 0, 26365), -- Sassy Seedling (Area: 0 - Difficulty: 12) (Auras: )
(@CGUID+202, 59312, 1024, 6209, 0, 6144, '0', 0, 0, 0, 2241.633, -2025.241, 225.5617, 0.7480878, 7200, 0, 0, 0, 0, 0, 0, 0, 0, 26365), -- Grove Viper (Area: 0 - Difficulty: 12)
(@CGUID+203, 61157, 1024, 6209, 0, 6144, '0', 0, 0, 0, 2232.458, -1870.33, 224.8648, 3.110416, 7200, 0, 0, 0, 0, 0, 0, 0, 0, 26365), -- Sassy Seedling (Area: 0 - Difficulty: 12)
(@CGUID+204, 61157, 1024, 6209, 0, 6144, '0', 0, 0, 0, 2232.229, -1878.55, 223.7998, 1.335551, 7200, 0, 0, 0, 0, 0, 0, 0, 0, 26365), -- Sassy Seedling (Area: 0 - Difficulty: 12) (Auras: )
(@CGUID+205, 64776, 1024, 6209, 6211, 6144, '0', 0, 0, 0, 2288.469, -1994.704, 216.1728, 5.750982, 7200, 0, 0, 0, 0, 0, 0, 0, 0, 26365), -- Masked Tanuki Pup (Area: -Unknown- - Difficulty: 12)
(@CGUID+206, 64775, 1024, 6209, 6211, 6144, '0', 0, 0, 0, 2287.681, -1994.24, 216.1725, 2.609374, 7200, 0, 0, 0, 0, 0, 0, 0, 0, 26365), -- Masked Tanuki (Area: -Unknown- - Difficulty: 12)
(@CGUID+207, 61159, 1024, 6209, 6211, 6144, '0', 0, 0, 0, 2272.058, -1883.644, 230.2865, 0.5685102, 7200, 0, 0, 0, 0, 0, 0, 0, 0, 26365), -- Greenstone Terror (Area: -Unknown- - Difficulty: 12)
(@CGUID+208, 61159, 1024, 6209, 6211, 6144, '0', 0, 0, 0, 2278.684, -1873.495, 231.3405, 0.7569417, 7200, 0, 0, 0, 0, 0, 0, 0, 0, 26365), -- Greenstone Terror (Area: -Unknown- - Difficulty: 12)
(@CGUID+209, 61159, 1024, 6209, 6211, 6144, '0', 0, 0, 0, 2207.483, -1835.775, 226.8833, 4.156395, 7200, 0, 0, 0, 0, 0, 0, 0, 0, 26365), -- Greenstone Terror (Area: -Unknown- - Difficulty: 12)
(@CGUID+210, 61155, 1024, 6209, 6211, 6144, '0', 0, 0, 0, 2196.388, -1834.205, 226.2329, 2.745881, 7200, 0, 0, 0, 0, 0, 0, 0, 0, 26365), -- Wily Woodling (Area: -Unknown- - Difficulty: 12)
(@CGUID+211, 61156, 1024, 6209, 6211, 6144, '0', 0, 0, 0, 2257.34, -1835.972, 231.032, 4.637245, 7200, 0, 0, 0, 0, 0, 0, 0, 0, 26365); -- Vengeful Hui (Area: -Unknown- - Difficulty: 12) (Auras: 122213 - -Unknown-)
DELETE FROM `creature_addon` WHERE `guid` BETWEEN @CGUID+0 AND @CGUID+211;
INSERT INTO `creature_addon` (`guid`, `path_id`, `mount`, `bytes1`, `bytes2`, `emote`, `aiAnimKit`, `movementAnimKit`, `meleeAnimKit`, `auras`) VALUES
(@CGUID+0, 0, 0, 0, 1, 0, 0, 0, 0, ''), -- Lorewalker Cho's Dream Brew
(@CGUID+1, 0, 0, 0, 1, 0, 0, 0, 0, ''), -- Lorewalker Shin
-- (@CGUID+2, 0, 0, 0, 256, 0, 0, 0, 0, ''), -- Golden Lotus Defender
-- (@CGUID+3, 0, 0, 0, 1, 0, 0, 0, 0, ''), -- Elloric
-- (@CGUID+4, 0, 0, 0, 256, 0, 0, 0, 0, ''), -- Golden Lotus Defender
(@CGUID+5, 0, 0, 0, 1, 0, 0, 0, 0, ''), -- Lorewalker Fu
-- (@CGUID+6, 0, 0, 0, 1, 0, 0, 0, 0, ''), -- Lorewalker Huynh
(@CGUID+7, 0, 0, 0, 1, 0, 0, 0, 0, ''), -- Lorewalker Han
-- (@CGUID+8, 0, 0, 1, 1, 0, 0, 0, 0, ''), -- Tan Shin Tiao
-- (@CGUID+9, 0, 0, 0, 1, 0, 0, 0, 0, ''), -- Ms. Thai
-- (@CGUID+10, 0, 0, 0, 1, 0, 0, 0, 0, ''), -- Master Liu
-- (@CGUID+11, 0, 0, 0, 257, 0, 0, 0, 0, ''), -- Brann Bronzebeard
-- (@CGUID+12, 0, 0, 3, 1, 0, 0, 0, 0, '131727'), -- Summer - 131727 - -Unknown-
(@CGUID+13, 0, 0, 0, 1, 0, 0, 0, 0, '133464'), -- Kriss Goldenlight - 133464 - -Unknown-
-- (@CGUID+14, 0, 0, 0, 1, 0, 0, 0, 0, ''), -- Lorewalker Cho
(@CGUID+15, 0, 0, 0, 1, 0, 0, 0, 0, ''), -- Wily Woodling
(@CGUID+16, 0, 0, 0, 1, 0, 0, 0, 0, ''), -- Belligerent Blossom
(@CGUID+17, 0, 0, 0, 1, 0, 0, 0, 0, ''), -- Sassy Seedling
(@CGUID+18, 0, 0, 0, 1, 0, 0, 0, 0, ''), -- Belligerent Blossom
(@CGUID+19, 0, 0, 0, 1, 0, 0, 0, 0, ''), -- Cowardly Zue
(@CGUID+20, 0, 0, 0, 1, 0, 0, 0, 0, ''), -- [DND] Monster Target (Wood)
(@CGUID+21, 0, 0, 0, 1, 0, 0, 0, 0, ''), -- Wily Woodling
(@CGUID+22, 0, 0, 0, 1, 0, 0, 0, 0, ''), -- Belligerent Blossom
(@CGUID+23, 0, 0, 0, 1, 0, 0, 0, 0, ''), -- Sassy Seedling
(@CGUID+24, 0, 0, 0, 1, 0, 0, 0, 0, ''), -- [DND] Monster Target (Wood)
(@CGUID+25, 0, 0, 0, 1, 0, 0, 0, 0, ''), -- Sassy Seedling
(@CGUID+26, 0, 0, 0, 1, 0, 0, 0, 0, ''), -- Belligerent Blossom
(@CGUID+27, 0, 0, 0, 1, 0, 0, 0, 0, ''), -- Sassy Seedling
(@CGUID+28, 0, 0, 0, 1, 0, 0, 0, 0, ''), -- Sassy Seedling
(@CGUID+29, 0, 0, 0, 1, 0, 0, 0, 0, ''), -- [DND] Monster Target (Wood)
(@CGUID+30, 0, 0, 0, 1, 0, 0, 0, 0, ''), -- Woodcarver Liupo
(@CGUID+31, 0, 0, 0, 1, 0, 0, 0, 0, ''), -- Belligerent Blossom
(@CGUID+32, 0, 0, 0, 1, 0, 0, 0, 0, ''), -- Sassy Seedling
(@CGUID+33, 0, 0, 0, 1, 0, 0, 0, 0, ''), -- Sassy Seedling
(@CGUID+34, 0, 0, 0, 1, 0, 0, 0, 0, ''), -- Cursed Jade
(@CGUID+35, 0, 0, 0, 1, 0, 0, 0, 0, ''), -- Wily Woodling
(@CGUID+36, 0, 0, 0, 1, 0, 0, 0, 0, ''), -- Sassy Seedling
(@CGUID+37, 0, 0, 0, 1, 0, 0, 0, 0, ''), -- Sassy Seedling
(@CGUID+38, 0, 0, 0, 1, 0, 0, 0, 0, ''), -- Sassy Seedling
(@CGUID+39, 0, 0, 0, 1, 0, 0, 0, 0, ''), -- La the Gentle
(@CGUID+40, 0, 0, 0, 1, 0, 0, 0, 0, ''), -- Meila
(@CGUID+41, 0, 0, 0, 1, 0, 0, 0, 0, ''), -- Bloodthirsty Prowler
(@CGUID+42, 0, 0, 0, 1, 0, 0, 0, 0, ''), -- Wily Woodling
(@CGUID+43, 0, 0, 0, 1, 0, 0, 0, 0, ''), -- Cursed Jade
(@CGUID+44, 0, 0, 7, 1, 0, 0, 0, 0, ''), -- Unconscious Monk
(@CGUID+45, 0, 0, 7, 1, 0, 0, 0, 0, ''), -- Unconscious Monk
(@CGUID+46, 0, 0, 7, 1, 0, 0, 0, 0, ''), -- Unconscious Monk
(@CGUID+47, 0, 0, 0, 1, 0, 0, 0, 0, ''), -- Bloodthirsty Prowler
(@CGUID+48, 0, 0, 0, 1, 0, 0, 0, 0, ''), -- Jumping Spider
(@CGUID+49, 0, 0, 0, 1, 0, 0, 0, 0, ''), -- Jumping Spider
(@CGUID+50, 0, 0, 0, 1, 0, 0, 0, 0, ''), -- Greenstone Terror
(@CGUID+51, 0, 0, 0, 1, 0, 0, 0, 0, ''), -- Wily Woodling
(@CGUID+52, 0, 0, 0, 1, 0, 0, 0, 0, ''), -- Greenstone Terror
(@CGUID+53, 0, 0, 0, 1, 0, 0, 0, 0, ''), -- Greenstone Terror
(@CGUID+54, 0, 0, 0, 1, 0, 0, 0, 0, ''), -- Portly Shung
(@CGUID+55, 0, 0, 0, 1, 0, 0, 0, 0, ''), -- Wily Woodling
(@CGUID+56, 0, 0, 0, 1, 0, 0, 0, 0, ''), -- Sassy Seedling
(@CGUID+57, 0, 0, 0, 1, 0, 0, 0, 0, ''), -- [DND] Monster Target (Wood)
(@CGUID+58, 0, 0, 0, 1, 0, 0, 0, 0, ''), -- Graceful Swan
(@CGUID+59, 0, 0, 0, 1, 0, 0, 0, 0, ''), -- [DND] Monster Target (Wood)
(@CGUID+60, 0, 0, 0, 1, 0, 0, 0, 0, ''), -- [DND] Monster Target (Wood)
(@CGUID+61, 0, 0, 0, 1, 0, 0, 0, 0, '122260'), -- Cursed Brew - 122260 - -Unknown-
(@CGUID+62, 0, 0, 0, 1, 0, 0, 0, 0, ''), -- Sassy Seedling
(@CGUID+63, 0, 0, 0, 1, 0, 0, 0, 0, ''), -- Wily Woodling
(@CGUID+64, 0, 0, 0, 1, 0, 0, 0, 0, ''), -- [DND] Monster Target (Wood)
(@CGUID+65, 0, 0, 0, 1, 0, 0, 0, 0, ''), -- Mayor Lin
(@CGUID+66, 0, 0, 0, 1, 0, 0, 0, 0, ''), -- Masked Tanuki
(@CGUID+67, 0, 0, 0, 1, 0, 0, 0, 0, ''), -- [DND] Monster Target (Wood)
(@CGUID+68, 0, 0, 0, 1, 0, 0, 0, 0, ''), -- [DND] Monster Target (Wood)
(@CGUID+69, 0, 0, 0, 1, 0, 0, 0, 0, ''), -- Grove Viper
(@CGUID+70, 0, 0, 0, 1, 0, 0, 0, 0, ''), -- Greenstone Terror
(@CGUID+71, 0, 0, 0, 1, 0, 0, 0, 0, ''), -- [DND] Monster Target (Wood)
(@CGUID+72, 0, 0, 0, 1, 0, 0, 0, 0, ''), -- Greenstone Terror
(@CGUID+73, 0, 0, 0, 1, 0, 0, 0, 0, ''), -- [DND] Monster Target (Wood)
(@CGUID+74, 0, 0, 0, 1, 0, 0, 0, 0, ''), -- Greenstone Terror
(@CGUID+75, 0, 0, 0, 1, 0, 0, 0, 0, ''), -- Greenstone Terror
(@CGUID+76, 0, 0, 7, 1, 0, 0, 0, 0, ''), -- Unconscious Monk
(@CGUID+77, 0, 0, 0, 1, 0, 0, 0, 0, ''), -- Greenstone Terror
(@CGUID+78, 0, 0, 0, 1, 0, 0, 0, 0, ''), -- [DND] Monster Target (Wood)
(@CGUID+79, 0, 0, 0, 1, 0, 0, 0, 0, ''), -- Wily Woodling
(@CGUID+80, 0, 0, 0, 1, 0, 0, 0, 0, ''), -- Greenstone Terror
(@CGUID+81, 0, 0, 0, 1, 0, 0, 0, 0, ''), -- Greenstone Terror
(@CGUID+82, 0, 0, 0, 1, 0, 0, 0, 0, ''), -- [DND] Monster Target (Wood)
(@CGUID+83, 0, 0, 0, 1, 0, 0, 0, 0, ''), -- [DND] Monster Target (Wood)
(@CGUID+84, 0, 0, 0, 1, 0, 0, 0, 0, ''), -- Sassy Seedling
(@CGUID+85, 0, 0, 7, 1, 0, 0, 0, 0, ''), -- Unconscious Monk
(@CGUID+86, 0, 0, 0, 1, 0, 0, 0, 0, ''), -- Sassy Seedling
(@CGUID+87, 0, 0, 0, 1, 0, 0, 0, 0, ''), -- Sassy Seedling
(@CGUID+88, 0, 0, 0, 1, 0, 0, 0, 0, ''), -- [DND] Monster Target (Wood)
(@CGUID+89, 0, 0, 0, 1, 0, 0, 0, 0, ''), -- Wily Woodling
(@CGUID+90, 0, 0, 7, 1, 0, 0, 0, 0, ''), -- Unconscious Monk
(@CGUID+91, 0, 0, 0, 1, 0, 0, 0, 0, ''), -- Greenstone Terror
(@CGUID+92, 0, 0, 0, 1, 0, 0, 0, 0, ''), -- Belligerent Blossom
(@CGUID+93, 0, 0, 0, 1, 0, 0, 0, 0, ''), -- Belligerent Blossom
(@CGUID+94, 0, 0, 7, 1, 0, 0, 0, 0, ''), -- Unconscious Monk
(@CGUID+95, 0, 0, 0, 1, 0, 0, 0, 0, ''), -- Grove Viper
(@CGUID+96, 0, 0, 0, 1, 0, 0, 0, 0, ''), -- Belligerent Blossom
(@CGUID+97, 0, 0, 7, 1, 0, 0, 0, 0, ''), -- Unconscious Monk
(@CGUID+98, 0, 0, 0, 1, 0, 0, 0, 0, ''), -- Scribe Rinji
(@CGUID+99, 0, 0, 0, 1, 0, 0, 0, 0, ''), -- Belligerent Blossom
(@CGUID+100, 0, 0, 7, 1, 0, 0, 0, 0, ''), -- Unconscious Monk
(@CGUID+101, 0, 0, 0, 1, 0, 0, 0, 0, ''), -- Grove Viper
(@CGUID+102, 0, 0, 0, 1, 0, 0, 0, 0, ''), -- Grove Viper
(@CGUID+103, 0, 0, 0, 1, 0, 0, 0, 0, ''), -- Grove Viper
(@CGUID+104, 0, 0, 0, 1, 0, 0, 0, 0, ''), -- Belligerent Blossom
(@CGUID+105, 0, 0, 0, 1, 0, 0, 0, 0, ''), -- Wily Woodling
(@CGUID+106, 0, 0, 0, 1, 0, 0, 0, 0, ''), -- Wily Woodling
(@CGUID+107, 0, 0, 0, 1, 0, 0, 0, 0, ''), -- Cursed Jade
(@CGUID+108, 0, 0, 0, 1, 0, 0, 0, 0, ''), -- Belligerent Blossom
(@CGUID+109, 0, 0, 0, 1, 0, 0, 0, 0, ''), -- Greenstone Terror
(@CGUID+110, 0, 0, 0, 1, 0, 0, 0, 0, ''), -- Wily Woodling
(@CGUID+111, 0, 0, 0, 1, 0, 0, 0, 0, ''), -- Bloodthirsty Prowler
(@CGUID+112, 0, 0, 0, 1, 0, 0, 0, 0, ''), -- Masked Tanuki Pup
(@CGUID+113, 0, 0, 0, 1, 0, 0, 0, 0, ''), -- Masked Tanuki Pup
(@CGUID+114, 0, 0, 0, 1, 0, 0, 0, 0, ''), -- Masked Tanuki
(@CGUID+115, 0, 0, 0, 1, 0, 0, 0, 0, ''), -- Wily Woodling
(@CGUID+116, 0, 0, 0, 1, 0, 0, 0, 0, ''), -- Greenstone Terror
(@CGUID+117, 0, 0, 0, 1, 0, 0, 0, 0, ''), -- Grove Viper
(@CGUID+118, 0, 0, 0, 1, 0, 0, 0, 0, ''), -- Belligerent Blossom
(@CGUID+119, 0, 0, 0, 1, 0, 0, 0, 0, ''), -- Wily Woodling
(@CGUID+120, 0, 0, 0, 1, 0, 0, 0, 0, ''), -- Masked Tanuki
(@CGUID+121, 0, 0, 0, 1, 0, 0, 0, 0, ''), -- Belligerent Blossom
(@CGUID+122, 0, 0, 0, 1, 0, 0, 0, 0, ''), -- Belligerent Blossom
(@CGUID+123, 0, 0, 0, 1, 0, 0, 0, 0, ''), -- Beast of Jade
(@CGUID+124, 0, 0, 0, 1, 0, 0, 0, 0, ''), -- Brewmaster Tzu
(@CGUID+125, 0, 0, 0, 1, 0, 0, 0, 0, '61424'), -- 阿古斯的哈克穆德 - 61424 - -Unknown-
(@CGUID+126, 0, 0, 0, 1, 0, 0, 0, 0, ''), -- Burgled Barrel
(@CGUID+127, 0, 0, 0, 1, 0, 0, 0, 0, ''), -- Burgled Barrel
(@CGUID+128, 0, 0, 0, 1, 0, 0, 0, 0, ''), -- Bloodthirsty Prowler
(@CGUID+129, 0, 0, 0, 1, 0, 0, 0, 0, ''), -- Burgled Barrel
(@CGUID+130, 0, 0, 0, 1, 0, 0, 0, 0, ''), -- Masked Tanuki
(@CGUID+131, 0, 0, 0, 1, 0, 0, 0, 0, ''), -- Burgled Barrel
(@CGUID+132, 0, 0, 0, 1, 0, 0, 0, 0, ''), -- Burgled Barrel
(@CGUID+133, 0, 0, 0, 1, 0, 0, 0, 0, ''), -- Burgled Barrel
(@CGUID+134, 0, 0, 0, 1, 0, 0, 0, 0, ''), -- Burgled Barrel
(@CGUID+135, 0, 0, 0, 1, 0, 0, 0, 0, ''), -- Bloodthirsty Prowler
(@CGUID+136, 0, 0, 0, 1, 0, 0, 0, 0, ''), -- Jumping Spider
(@CGUID+137, 0, 0, 0, 1, 0, 0, 0, 0, ''), -- Leopard Tree Frog
(@CGUID+138, 0, 0, 0, 1, 0, 0, 0, 0, ''), -- 鹿齿土拨鼠
(@CGUID+139, 0, 0, 0, 1, 0, 0, 0, 0, ''), -- Veridian Carp
(@CGUID+140, 0, 0, 0, 1, 0, 0, 0, 0, ''), -- Leopard Tree Frog
(@CGUID+141, 0, 0, 0, 1, 0, 0, 0, 0, ''), -- Veridian Carp
(@CGUID+142, 0, 0, 0, 1, 0, 0, 0, 0, ''), -- Leopard Tree Frog
(@CGUID+143, 0, 0, 0, 1, 0, 0, 0, 0, ''), -- Emerald Turtle
(@CGUID+144, 0, 0, 0, 1, 0, 0, 0, 0, ''), -- Leopard Tree Frog
(@CGUID+145, 0, 0, 0, 1, 0, 0, 0, 0, ''), -- Veridian Carp
(@CGUID+146, 0, 0, 0, 1, 0, 0, 0, 0, ''), -- 鹿齿土拨鼠
(@CGUID+147, 0, 0, 0, 1, 0, 0, 0, 0, ''), -- Veridian Carp
(@CGUID+148, 0, 0, 0, 1, 0, 0, 0, 0, ''), -- Bloodthirsty Prowler
(@CGUID+149, 0, 0, 0, 1, 0, 0, 0, 0, ''), -- Burgled Barrel
(@CGUID+150, 0, 0, 0, 1, 0, 0, 0, 0, ''), -- Belligerent Blossom
(@CGUID+151, 0, 0, 0, 1, 0, 0, 0, 0, ''), -- Belligerent Blossom
(@CGUID+152, 0, 0, 0, 1, 0, 0, 0, 0, ''), -- Masked Tanuki Pup
(@CGUID+153, 0, 0, 0, 1, 0, 0, 0, 0, ''), -- Masked Tanuki
(@CGUID+154, 0, 0, 0, 1, 0, 0, 0, 0, ''), -- [DND] Monster Target (Wood)
(@CGUID+155, 0, 0, 0, 1, 0, 0, 0, 0, ''), -- Sassy Seedling
(@CGUID+156, 0, 0, 0, 1, 0, 0, 0, 0, ''), -- [DND] Monster Target (Wood)
(@CGUID+157, 0, 0, 0, 1, 0, 0, 0, 0, ''), -- Greenstone Terror
(@CGUID+158, 0, 0, 0, 1, 0, 0, 0, 0, ''), -- Sassy Seedling
(@CGUID+159, 0, 0, 0, 1, 0, 0, 0, 0, ''), -- Sassy Seedling
(@CGUID+160, 0, 0, 0, 1, 0, 0, 0, 0, ''), -- Greenstone Terror
(@CGUID+161, 0, 0, 0, 1, 0, 0, 0, 0, ''), -- Sassy Seedling
(@CGUID+162, 0, 0, 0, 1, 0, 0, 0, 0, ''), -- Jumping Spider
(@CGUID+163, 0, 0, 0, 1, 0, 0, 0, 0, ''), -- Sassy Seedling
(@CGUID+164, 0, 0, 0, 1, 0, 0, 0, 0, ''), -- Sassy Seedling
(@CGUID+165, 0, 0, 0, 1, 0, 0, 0, 0, ''), -- Burgled Barrel
(@CGUID+166, 0, 0, 0, 1, 0, 0, 0, 0, ''), -- Burgled Barrel
(@CGUID+167, 0, 0, 0, 1, 0, 0, 0, 0, '61424'), -- 尼莫 - 61424 - -Unknown-
(@CGUID+168, 0, 0, 0, 1, 0, 0, 0, 0, ''), -- Belligerent Blossom
(@CGUID+169, 0, 0, 0, 1, 0, 0, 0, 0, ''), -- Sassy Seedling
(@CGUID+170, 0, 0, 0, 1, 0, 0, 0, 0, ''), -- Sassy Seedling
(@CGUID+171, 0, 0, 0, 1, 0, 0, 0, 0, ''), -- Sassy Seedling
(@CGUID+172, 0, 0, 0, 1, 0, 0, 0, 0, ''), -- Wily Woodling
(@CGUID+173, 0, 0, 0, 1, 0, 0, 0, 0, ''), -- Belligerent Blossom
(@CGUID+174, 0, 0, 7, 1, 0, 0, 0, 0, ''), -- Stonecutter Lon
(@CGUID+175, 0, 0, 0, 1, 0, 0, 0, 0, ''), -- [DND] Monster Target (Wood)
(@CGUID+176, 0, 0, 0, 1, 0, 0, 0, 0, ''), -- Belligerent Blossom
(@CGUID+177, 0, 0, 0, 1, 0, 0, 0, 0, ''), -- Sassy Seedling
(@CGUID+178, 0, 0, 0, 1, 0, 0, 0, 0, ''), -- [DND] Monster Target (Wood)
(@CGUID+179, 0, 0, 0, 1, 0, 0, 0, 0, ''), -- Sassy Seedling
(@CGUID+180, 0, 0, 0, 1, 0, 0, 0, 0, ''), -- Sassy Seedling
(@CGUID+181, 0, 0, 0, 1, 0, 0, 0, 0, ''), -- Wily Woodling
(@CGUID+182, 0, 0, 0, 1, 0, 0, 0, 0, ''), -- Belligerent Blossom
(@CGUID+183, 0, 0, 7, 1, 0, 0, 0, 0, ''), -- Barrel-Chest Huo
(@CGUID+184, 0, 0, 0, 1, 0, 0, 0, 0, ''), -- [DND] Monster Target (Wood)
(@CGUID+185, 0, 0, 0, 1, 0, 0, 0, 0, ''), -- Sassy Seedling
(@CGUID+186, 0, 0, 0, 1, 0, 0, 0, 0, ''), -- Sassy Seedling
(@CGUID+187, 0, 0, 0, 1, 0, 0, 0, 0, ''), -- Sassy Seedling
(@CGUID+188, 0, 0, 0, 1, 0, 0, 0, 0, ''), -- Greenstone Terror
(@CGUID+189, 0, 0, 0, 1, 0, 0, 0, 0, ''), -- Sassy Seedling
(@CGUID+190, 0, 0, 0, 1, 0, 0, 0, 0, ''), -- Greenstone Terror
(@CGUID+191, 0, 0, 0, 1, 0, 0, 0, 0, ''), -- Sassy Seedling
(@CGUID+192, 0, 0, 0, 1, 0, 0, 0, 0, ''), -- Masked Tanuki Pup
(@CGUID+193, 0, 0, 0, 1, 0, 0, 0, 0, ''), -- Masked Tanuki
(@CGUID+194, 0, 0, 0, 1, 0, 0, 0, 0, ''), -- Sassy Seedling
(@CGUID+195, 0, 0, 7, 1, 0, 0, 0, 0, ''), -- Kiri Jade-Eyes
(@CGUID+196, 0, 0, 0, 1, 0, 0, 0, 0, ''), -- Bloodthirsty Prowler
(@CGUID+197, 0, 0, 0, 1, 0, 0, 0, 0, ''), -- Grove Viper
(@CGUID+198, 0, 0, 0, 1, 0, 0, 0, 0, ''), -- Sassy Seedling
(@CGUID+199, 0, 0, 0, 1, 0, 0, 0, 0, ''), -- Sassy Seedling
(@CGUID+200, 0, 0, 0, 1, 0, 0, 0, 0, ''), -- Sassy Seedling
(@CGUID+201, 0, 0, 0, 1, 0, 0, 0, 0, ''), -- Sassy Seedling
(@CGUID+202, 0, 0, 0, 1, 0, 0, 0, 0, ''), -- Grove Viper
(@CGUID+203, 0, 0, 0, 1, 0, 0, 0, 0, ''), -- Sassy Seedling
(@CGUID+204, 0, 0, 0, 1, 0, 0, 0, 0, ''), -- Sassy Seedling
(@CGUID+205, 0, 0, 0, 1, 0, 0, 0, 0, ''), -- Masked Tanuki Pup
(@CGUID+206, 0, 0, 0, 1, 0, 0, 0, 0, ''), -- Masked Tanuki
(@CGUID+207, 0, 0, 0, 1, 0, 0, 0, 0, ''), -- Greenstone Terror
(@CGUID+208, 0, 0, 0, 1, 0, 0, 0, 0, ''), -- Greenstone Terror
(@CGUID+209, 0, 0, 0, 1, 0, 0, 0, 0, ''), -- Greenstone Terror
(@CGUID+210, 0, 0, 0, 1, 0, 0, 0, 0, ''), -- Wily Woodling
(@CGUID+211, 0, 0, 0, 1, 0, 0, 0, 0, '122213'); -- Vengeful Hui - 122213 - -Unknown-

DELETE FROM `gameobject` WHERE `guid` BETWEEN @OGUID+0 AND @OGUID+86;
INSERT INTO `gameobject` (`guid`, `id`, `map`, `zoneId`, `areaId`, `spawnMask`, `PhaseId`, `PhaseGroup`, `position_x`, `position_y`, `position_z`, `orientation`, `rotation0`, `rotation1`, `rotation2`, `rotation3`, `spawntimesecs`, `animprogress`, `state`, `VerifiedBuild`) VALUES
(@OGUID+0, 218952, 870, 0, 0, 1, '0', 0, 1422.667, 381.026, 548.0162, 0, 0, 0, 0, 1, 120, 255, 1, 26365), -- Clutter (Area: -Unknown- - Difficulty: 1)
(@OGUID+1, 214213, 870, 0, 0, 1, '0', 0, 1420.998, 381.9879, 549.3478, 0.5852795, 0, 0, 0.2884808, 0.9574857, 120, 255, 1, 26365), -- Clutter (Area: -Unknown- - Difficulty: 1)
(@OGUID+2, 214212, 870, 0, 0, 1, '0', 0, 1415.403, 387.2431, 549.244, 0, 0, 0, 0, 1, 120, 255, 1, 26365), -- Clutter (Area: -Unknown- - Difficulty: 1)
(@OGUID+3, 218955, 870, 0, 0, 1, '0', 0, 1418.455, 381.7951, 548.0162, 5.115669, 0, 0, -0.5511637, 0.8343971, 120, 255, 1, 26365), -- Clutter (Area: -Unknown- - Difficulty: 1)
(@OGUID+4, 214425, 870, 0, 0, 1, '0', 0, 1453.714, 421.4566, 551.4627, 1.029272, -0.6528525, 0.2716303, 0.6528521, 0.2716335, 120, 255, 1, 26365), -- The Founding of the Order of the Cloud Serpent (Area: -Unknown- - Difficulty: 1)
(@OGUID+5, 214208, 870, 0, 0, 1, '0', 0, 1415.806, 383.7795, 549.2208, 0, 0, 0, 0, 1, 120, 255, 1, 26365), -- Clutter (Area: -Unknown- - Difficulty: 1)
(@OGUID+6, 214416, 870, 0, 0, 1, '0', 0, 1441.057, 405.1441, 554.2023, 0.5287298, 0, 0, 0.2612963, 0.9652587, 120, 255, 1, 26365), -- The Nature of Peace (Area: -Unknown- - Difficulty: 1)
(@OGUID+7, 214219, 870, 0, 0, 1, '0', 0, 1406.227, 370.9757, 548.6614, 0, 0, 0, 0, 1, 120, 255, 1, 26365), -- Clutter (Area: -Unknown- - Difficulty: 1)
(@OGUID+8, 214205, 870, 0, 0, 1, '0', 0, 1415.214, 389.1406, 549.1994, 0, 0, 0, 0, 1, 120, 255, 1, 26365), -- Clutter (Area: -Unknown- - Difficulty: 1)
(@OGUID+9, 214424, 870, 0, 0, 1, '0', 0, 1454.396, 406.592, 548.0162, 0, 0, 0, 0, 1, 120, 255, 1, 26365), -- The Mogu and the Trogg (Area: -Unknown- - Difficulty: 1)
(@OGUID+10, 220373, 870, 0, 0, 1, '0', 0, 1413.956, 366.8251, 548.073, 3.883358, 0, 0, -0.9320078, 0.3624383, 120, 255, 1, 26365), -- Doodad_pa_brazier_001 (Area: -Unknown- - Difficulty: 1)
(@OGUID+11, 220374, 870, 0, 0, 1, '0', 0, 1410.511, 370.5181, 548.073, 3.883358, 0, 0, -0.9320078, 0.3624383, 120, 255, 1, 26365), -- Doodad_pa_brazier_002 (Area: -Unknown- - Difficulty: 1)
-- (@OGUID+12, 221775, 870, 0, 0, 1, '0', 0, 1440.786, 410.6226, 547.9572, 3.883358, 0, 0, -0.9320078, 0.3624383, 120, 255, 1, 26365), -- Brazier (Area: -Unknown- - Difficulty: 1)
(@OGUID+13, 214410, 870, 0, 0, 1, '0', 0, 1455.894, 406.0486, 550.9791, 1.234092, 0, 0, 0.5786285, 0.8155912, 120, 255, 1, 26365), -- The Tiller and the Monk (Area: -Unknown- - Difficulty: 1)
(@OGUID+14, 218956, 870, 0, 0, 1, '0', 0, 1403.67, 374.2656, 548.6531, 0, 0, 0, 0, 1, 120, 255, 1, 26365), -- Clutter (Area: -Unknown- - Difficulty: 1)
(@OGUID+15, 214224, 870, 0, 0, 1, '0', 0, 1424.627, 383.0573, 549.3239, 0, 0, 0, 0, 1, 120, 255, 1, 26365), -- Clutter (Area: -Unknown- - Difficulty: 1)
(@OGUID+16, 214414, 870, 0, 0, 1, '0', 0, 1445.797, 400.6563, 550.6275, 0, 0, 0, 0, 1, 120, 255, 1, 26365), -- The Warlord and the Monk (Area: -Unknown- - Difficulty: 1)
(@OGUID+17, 214209, 870, 0, 0, 1, '0', 0, 1435.108, 375.3976, 549.7661, 2.042571, 0.603723, 0.3739033, 0.7023029, 0.04985373, 120, 255, 1, 26365), -- Clutter (Area: -Unknown- - Difficulty: 1)
(@OGUID+18, 248954, 870, 0, 0, 1, '0', 0, 1464.498, 409.4774, 551.0281, 2.491092, 0, 0, 0.9475708, 0.3195459, 120, 255, 1, 26365), -- Compendium of Ancient Weapons Volume III (Area: -Unknown- - Difficulty: 1)
(@OGUID+19, 214223, 870, 0, 0, 1, '0', 0, 1434.139, 372.2483, 549.3527, 0, 0, 0, 0, 1, 120, 255, 1, 26365), -- Clutter (Area: -Unknown- - Difficulty: 1)
(@OGUID+20, 214225, 870, 0, 0, 1, '0', 0, 1430.227, 358.0781, 549.0142, 0, 0, 0, 0, 1, 120, 255, 1, 26365), -- Clutter (Area: -Unknown- - Difficulty: 1)
(@OGUID+21, 214218, 870, 0, 0, 1, '0', 0, 1431.872, 364.8281, 549.291, 0, 0, 0, 0, 1, 120, 255, 1, 26365), -- Clutter (Area: -Unknown- - Difficulty: 1)
(@OGUID+22, 214221, 870, 0, 0, 1, '0', 0, 1414.663, 363.0295, 548.6613, 3.028634, 0, 0, 0.9984055, 0.05644931, 120, 255, 1, 26365), -- Clutter (Area: -Unknown- - Difficulty: 1)
(@OGUID+23, 212526, 870, 0, 0, 1, '0', 0, 1449.629, 388.0226, 548.0162, 0.9273812, 0.09688807, -0.01458645, 0.4491558, 0.8880647, 120, 255, 1, 26365), -- An empty bookshelf (Area: -Unknown- - Difficulty: 1)
(@OGUID+24, 214993, 870, 0, 0, 1, '0', 0, 1436.302, 375.5121, 548.0162, 0.8074096, 0, 0, 0.392828, 0.919612, 120, 255, 1, 26365), -- Clutter (Area: -Unknown- - Difficulty: 1)
(@OGUID+25, 218953, 870, 0, 0, 1, '0', 0, 1432.335, 368.3038, 548.0162, 0, 0, 0, 0, 1, 120, 255, 1, 26365), -- Clutter (Area: -Unknown- - Difficulty: 1)
(@OGUID+26, 214220, 870, 0, 0, 1, '0', 0, 1417.233, 359.4931, 549.6738, 0, 0, 0, 0, 1, 120, 255, 1, 26365), -- Clutter (Area: -Unknown- - Difficulty: 1)
(@OGUID+27, 212020, 870, 0, 0, 1, '0', 0, 1451.04, 388.4115, 548.0162, 1.966701, 0.004983902, 0.01509094, 0.8322182, 0.5542204, 120, 255, 1, 26365), -- Your Personal Collection (Area: -Unknown- - Difficulty: 1)
(@OGUID+28, 212526, 870, 0, 0, 1, '0', 0, 1450.899, 388.3663, 548.3425, 5.759667, -0.1364126, -0.07937145, -0.2676992, 0.9504887, 120, 255, 1, 26365), -- An empty bookshelf (Area: -Unknown- - Difficulty: 1)
(@OGUID+29, 214226, 870, 0, 0, 1, '0', 0, 1420.028, 356.8316, 548.7149, 0, 0, 0, 0, 1, 120, 255, 1, 26365), -- Clutter (Area: -Unknown- - Difficulty: 1)
(@OGUID+30, 219353, 870, 0, 0, 1, '0', 0, 1446.222, 388.4531, 548.0162, 1.099424, 0, 0, 0.5224419, 0.8526749, 120, 255, 1, 26365), -- Dream Brew Table (Area: -Unknown- - Difficulty: 1)
(@OGUID+31, 219355, 870, 0, 0, 1, '0', 0, 1445.847, 387.7292, 549.1155, 6.254569, 0, 0, -0.01430798, 0.9998976, 120, 255, 1, 26365), -- Dream Brew Equipment (Area: -Unknown- - Difficulty: 1)
(@OGUID+32, 214411, 870, 0, 0, 1, '0', 0, 1457.311, 400.8715, 549.8077, 0.9544994, -0.5741272, 0.4127674, 0.5741272, 0.4127699, 120, 255, 1, 26365), -- The Angler and the Monks (Area: -Unknown- - Difficulty: 1)
(@OGUID+33, 212020, 870, 0, 0, 1, '0', 0, 1458.696, 391.2066, 548.0162, 1.680035, 0, 0, 0.7446547, 0.66745, 120, 255, 1, 26365), -- Your Personal Collection (Area: -Unknown- - Difficulty: 1)
(@OGUID+34, 219354, 870, 0, 0, 1, '0', 0, 1446.773, 389.2326, 549.0937, 3.094961, 0, 0, 0.9997282, 0.02331383, 120, 255, 1, 26365), -- Dream Brew Equipment (Area: -Unknown- - Difficulty: 1)
-- (@OGUID+35, 212526, 870, 0, 0, 1, '0', 0, 1452.075, 389.4479, 547.9947, 5.286932, -0.07101011, -0.1451378, -0.4705019, 0.8674794, 120, 255, 1, 26365), -- An empty bookshelf (Area: -Unknown- - Difficulty: 1)
(@OGUID+36, 218951, 870, 0, 0, 1, '0', 0, 1430.49, 356.9635, 549.0279, 0, 0, 0, 0, 1, 120, 255, 1, 26365), -- Clutter (Area: -Unknown- - Difficulty: 1)
(@OGUID+37, 212020, 870, 0, 0, 1, '0', 0, 1469.365, 392.4392, 548.0162, 2.273549, 0, 0, 0.9072819, 0.420523, 120, 255, 1, 26365), -- Your Personal Collection (Area: -Unknown- - Difficulty: 1)
(@OGUID+38, 212020, 870, 0, 0, 1, '0', 0, 1463.057, 390.8403, 548.0162, 1.33491, 0, 0, 0.618989, 0.7853997, 120, 255, 1, 26365), -- Your Personal Collection (Area: -Unknown- - Difficulty: 1)
(@OGUID+39, 214217, 870, 0, 0, 1, '0', 0, 1429.95, 355.566, 549.0438, 0, 0, 0, 0, 1, 120, 255, 1, 26365), -- Clutter (Area: -Unknown- - Difficulty: 1)
(@OGUID+40, 218954, 870, 0, 0, 1, '0', 0, 1428.523, 354.8802, 549.006, 4.588102, 0, 0, -0.7496557, 0.661828, 120, 255, 1, 26365), -- Clutter (Area: -Unknown- - Difficulty: 1)
(@OGUID+41, 214222, 870, 0, 0, 1, '0', 0, 1427.28, 355.0469, 548.9937, 0, 0, 0, 0, 1, 120, 255, 1, 26365), -- Clutter (Area: -Unknown- - Difficulty: 1)
(@OGUID+42, 214415, 870, 0, 0, 1, '0', 0, 1480.135, 392.7795, 549.4299, 0.738042, 0, 0, 0.3607025, 0.9326809, 120, 255, 1, 26365), -- The Saurok and the Jinyu (Area: -Unknown- - Difficulty: 1)
(@OGUID+43, 220369, 870, 0, 0, 1, '0', 0, 1443.521, 348.918, 551.2387, 3.883358, 0, 0, -0.9320078, 0.3624383, 120, 255, 1, 26365), -- Doodad_GreatWall_Brazier_Floor_040 (Area: -Unknown- - Difficulty: 1)
(@OGUID+44, 220371, 870, 0, 0, 1, '0', 0, 1480.291, 382.6113, 551.2387, 3.883358, 0, 0, -0.9320078, 0.3624383, 120, 255, 1, 26365), -- Doodad_GreatWall_Brazier_Floor_042 (Area: -Unknown- - Difficulty: 1)
(@OGUID+45, 220370, 870, 0, 0, 1, '0', 0, 1438.511, 344.3279, 551.2387, 3.883358, 0, 0, -0.9320078, 0.3624383, 120, 255, 1, 26365), -- Doodad_GreatWall_Brazier_Floor_041 (Area: -Unknown- - Difficulty: 1)
(@OGUID+46, 220372, 870, 0, 0, 1, '0', 0, 1475.281, 378.0211, 551.2387, 3.883358, 0, 0, -0.9320078, 0.3624383, 120, 255, 1, 26365), -- Doodad_GreatWall_Brazier_Floor_043 (Area: -Unknown- - Difficulty: 1)
(@OGUID+47, 214563, 1024, 6209, 6209, 6144, '0', 0, 2046.95, -1988.585, 216.1875, 4.799655, 0, 0, -0.6755905, 0.737277, 7200, 255, 1, 26365), -- Stool (Area: -Unknown- - Difficulty: 12)
(@OGUID+48, 214566, 1024, 6209, 6209, 6144, '0', 0, 1954.921, -1987.37, 211.6552, 1.218374, 0, 0, 0.5722008, 0.8201135, 7200, 255, 1, 26365), -- Stool (Area: -Unknown- - Difficulty: 12)
(@OGUID+49, 214567, 1024, 6209, 6209, 6144, '0', 0, 1958.077, -1988.032, 211.6552, 2.256845, 0, 0, 0.903738, 0.428086, 7200, 255, 1, 26365), -- Stool (Area: -Unknown- - Difficulty: 12)
(@OGUID+50, 214568, 1024, 6209, 6210, 6144, '0', 0, 1938.975, -1945.017, 207.9733, 3.059696, 0, 0, 0.9991617, 0.04093708, 7200, 255, 1, 26365), -- Stool (Area: -Unknown- - Difficulty: 12)
(@OGUID+51, 216301, 1024, 6209, 6210, 6144, '0', 0, 1938.566, -1951.829, 207.9666, 1.567809, 0, 0, 0.7060499, 0.7081621, 7200, 255, 1, 26365), -- Stove (Area: -Unknown- - Difficulty: 12)
(@OGUID+52, 212619, 1024, 6209, 6210, 6144, '0', 0, 2038.321, -1918.701, 208.2716, 5.253442, 0, 0, -0.4924231, 0.870356, 7200, 255, 1, 26365), -- Stool (Area: -Unknown- - Difficulty: 12)
(@OGUID+53, 212620, 1024, 6209, 6210, 6144, '0', 0, 2040.331, -1922.731, 207.5262, 0.09599175, 0, 0, 0.04797745, 0.9988484, 7200, 255, 1, 26365), -- Fireplace (Area: -Unknown- - Difficulty: 12)
(@OGUID+54, 215377, 1024, 6209, 6210, 6144, '0', 0, 2016.727, -1887.2, 207.4251, 0.1932115, -0.1369743, 0.6937122, 0.1369743, 0.6937142, 7200, 255, 1, 26365), -- PA SCROLL HUGE 06 (Area: -Unknown- - Difficulty: 12)
(@OGUID+55, 212618, 1024, 6209, 6210, 6144, '0', 0, 2041.858, -1918.295, 208.2716, 4.214974, 0, 0, -0.8594055, 0.5112946, 7200, 255, 1, 26365), -- Stool (Area: -Unknown- - Difficulty: 12)
(@OGUID+56, 215377, 1024, 6209, 6210, 6144, '0', 0, 2011.767, -1887.931, 207.4251, 0.5880026, -0.4000282, 0.5830755, 0.4000282, 0.5830761, 7200, 255, 1, 26365), -- PA SCROLL HUGE 06 (Area: -Unknown- - Difficulty: 12)
(@OGUID+57, 215377, 1024, 6209, 6210, 6144, '0', 0, 2020.03, -1889.811, 207.4251, 0.844154, -0.5158691, 0.4836102, 0.5158691, 0.4836107, 7200, 255, 1, 26365), -- PA SCROLL HUGE 06 (Area: -Unknown- - Difficulty: 12)
(@OGUID+58, 215377, 1024, 6209, 6210, 6144, '0', 0, 2017.344, -1889.504, 207.4251, 0, 0.1084909, 0.6987343, -0.1084909, 0.6987345, 7200, 255, 1, 26365), -- PA SCROLL HUGE 06 (Area: -Unknown- - Difficulty: 12)
(@OGUID+59, 215377, 1024, 6209, 6210, 6144, '0', 0, 2015.375, -1888.472, 207.4251, 0, -0.154789, 0.6899567, 0.154789, 0.6899569, 7200, 255, 1, 26365), -- PA SCROLL HUGE 06 (Area: -Unknown- - Difficulty: 12)
(@OGUID+60, 215377, 1024, 6209, 6210, 6144, '0', 0, 2012.714, -1889.516, 207.4251, 5.666889, -0.1953082, 0.6795988, 0.1953077, 0.6795992, 7200, 255, 1, 26365), -- PA SCROLL HUGE 06 (Area: -Unknown- - Difficulty: 12)
(@OGUID+61, 215377, 1024, 6209, 6210, 6144, '0', 0, 2012.854, -1886.097, 207.4251, 1.236059, -0.6712627, 0.2222748, 0.6712627, 0.2222758, 7200, 255, 1, 26365), -- PA SCROLL HUGE 06 (Area: -Unknown- - Difficulty: 12)
(@OGUID+62, 215377, 1024, 6209, 6210, 6144, '0', 0, 2015.054, -1886.754, 207.4251, 0.9600704, 0.1510653, 0.6907816, -0.1510649, 0.6907818, 7200, 255, 1, 26365), -- PA SCROLL HUGE 06 (Area: -Unknown- - Difficulty: 12)
(@OGUID+63, 215377, 1024, 6209, 6210, 6144, '0', 0, 2015.09, -1890.089, 207.4251, 5.497787, 0.494916, 0.5050325, -0.494916, 0.5050331, 7200, 255, 1, 26365), -- PA SCROLL HUGE 06 (Area: -Unknown- - Difficulty: 12)
(@OGUID+64, 212614, 1024, 6209, 6210, 6144, '0', 0, 2044.252, -1910.805, 208.3794, 0.1047174, 0, 0, 0.05233479, 0.9986296, 7200, 255, 1, 26365), -- Table (Area: -Unknown- - Difficulty: 12)
(@OGUID+65, 212615, 1024, 6209, 6210, 6144, '0', 0, 2039.617, -1913.135, 208.2716, 0.5497769, 0, 0, 0.2714396, 0.9624555, 7200, 255, 1, 26365), -- Stool (Area: -Unknown- - Difficulty: 12)
(@OGUID+66, 212616, 1024, 6209, 6210, 6144, '0', 0, 2039.003, -1911.363, 208.2937, 0.1396264, 0, 0, 0.06975651, 0.9975641, 7200, 255, 1, 26365), -- Stool (Area: -Unknown- - Difficulty: 12)
(@OGUID+67, 212617, 1024, 6209, 6210, 6144, '0', 0, 2039.445, -1909.035, 208.2937, 5.829402, 0, 0, -0.2249498, 0.9743704, 7200, 255, 1, 26365), -- Stool (Area: -Unknown- - Difficulty: 12)
(@OGUID+68, 215377, 1024, 6209, 6210, 6144, '0', 0, 2020.823, -1887.656, 207.4251, 0, -0.01633167, 0.7069178, 0.01633167, 0.7069185, 7200, 255, 1, 26365), -- PA SCROLL HUGE 06 (Area: -Unknown- - Difficulty: 12)
(@OGUID+69, 215377, 1024, 6209, 6210, 6144, '0', 0, 2019.24, -1886.189, 207.4251, 0.928688, -0.6259894, 0.3288412, 0.625989, 0.3288442, 7200, 255, 1, 26365), -- PA SCROLL HUGE 06 (Area: -Unknown- - Difficulty: 12)
(@OGUID+70, 214564, 1024, 6209, 6210, 6144, '0', 0, 2016.281, -1875.876, 207.8988, 4.546584, 0, 0, -0.7632322, 0.6461242, 7200, 255, 1, 26365), -- Stool (Area: -Unknown- - Difficulty: 12)
(@OGUID+71, 214565, 1024, 6209, 6210, 6144, '0', 0, 2018.444, -1873.997, 207.8988, 1.893679, 0, 0, 0.811573, 0.584251, 7200, 255, 1, 26365), -- Stool (Area: -Unknown- - Difficulty: 12)
(@OGUID+72, 212614, 1024, 6209, 6210, 6144, '0', 0, 2161.051, -1867.533, 219.846, 2.33874, 0, 0, 0.9205046, 0.3907318, 7200, 255, 1, 26365), -- Table (Area: -Unknown- - Difficulty: 12)
(@OGUID+73, 212617, 1024, 6209, 6210, 6144, '0', 0, 2162.615, -1872.41, 219.7603, 1.780237, 0, 0, 0.7771463, 0.6293199, 7200, 255, 1, 26365), -- Stool (Area: -Unknown- - Difficulty: 12)
(@OGUID+74, 212620, 1024, 6209, 0, 6144, '0', 0, 2172.863, -1863.28, 218.9928, 2.330013, 0, 0, 0.9187908, 0.3947448, 7200, 255, 1, 26365), -- Fireplace (Area: 0 - Difficulty: 12)
(@OGUID+75, 212615, 1024, 6209, 0, 6144, '0', 0, 2165.74, -1869.751, 219.7382, 2.783795, 0, 0, 0.9840403, 0.177946, 7200, 255, 1, 26365), -- Stool (Area: 0 - Difficulty: 12)
(@OGUID+76, 212618, 1024, 6209, 0, 6144, '0', 0, 2168.427, -1864.808, 219.7382, 0.1658069, 0, 0, 0.08280849, 0.9965655, 7200, 255, 1, 26365), -- Stool (Area: 0 - Difficulty: 12)
(@OGUID+77, 212619, 1024, 6209, 0, 6144, '0', 0, 2170.924, -1867.345, 219.7382, 1.204275, 0, 0, 0.5664053, 0.8241268, 7200, 255, 1, 26365), -- Stool (Area: 0 - Difficulty: 12)
(@OGUID+78, 212616, 1024, 6209, 0, 6144, '0', 0, 2164.721, -1871.326, 219.7603, 2.373644, 0, 0, 0.9271832, 0.3746083, 7200, 255, 1, 26365), -- Stool (Area: 0 - Difficulty: 12)
(@OGUID+79, 212622, 1024, 6209, 6210, 6144, '0', 0, 2179.063, -1937.663, 219.8572, 3.045582, 0, 0, 0.998848, 0.04798714, 7200, 255, 1, 26365), -- Stool (Area: -Unknown- - Difficulty: 12)
(@OGUID+80, 212623, 1024, 6209, 6210, 6144, '0', 0, 2177.832, -1939.197, 219.8569, 1.823869, 0, 0, 0.7906895, 0.6122174, 7200, 255, 1, 26365), -- Stool (Area: -Unknown- - Difficulty: 12)
(@OGUID+81, 212621, 1024, 6209, 6210, 6144, '0', 0, 2190.888, -1946.095, 219.8571, 0.6195911, 0, 0, 0.3048639, 0.9523959, 7200, 255, 1, 26365), -- Stool (Area: -Unknown- - Difficulty: 12)
(@OGUID+82, 212624, 1024, 6209, 6210, 6144, '0', 0, 2175.849, -1937.574, 219.8572, 6.239553, 0, 0, -0.02181435, 0.9997621, 7200, 255, 1, 26365), -- Stool (Area: -Unknown- - Difficulty: 12)
(@OGUID+83, 212625, 1024, 6209, 6210, 6144, '0', 0, 2172.386, -1940.791, 219.8453, 3.089183, 0, 0, 0.9996567, 0.02620165, 7200, 255, 1, 26365), -- Bed (Area: -Unknown- - Difficulty: 12)
(@OGUID+84, 214570, 1024, 6209, 0, 6144, '0', 0, 2225.797, -1918.286, 223.7223, 0.4417018, 0, 0, 0.2190599, 0.9757114, 7200, 255, 1, 26365), -- Stool (Area: 0 - Difficulty: 12)
(@OGUID+85, 214569, 1024, 6209, 0, 6144, '0', 0, 2225.501, -1915.343, 223.6307, 5.759588, 0, 0, -0.2588186, 0.9659259, 7200, 255, 1, 26365), -- Stool (Area: 0 - Difficulty: 12)
(@OGUID+86, 216302, 1024, 6209, 0, 6144, '0', 0, 2229.251, -1912.178, 223.6946, 3.862923, 0, 0, -0.9356623, 0.3528967, 7200, 255, 1, 26365); -- Stove (Area: 0 - Difficulty: 12)
DELETE FROM `gameobject_addon` WHERE `guid` BETWEEN @OGUID+0 AND @OGUID+86;
INSERT INTO `gameobject_addon` (`guid`, `parent_rotation0`, `parent_rotation1`, `parent_rotation2`, `parent_rotation3`) VALUES
(@OGUID+10, 0, 0, 0.9320079, -0.362438), -- Doodad_pa_brazier_001
(@OGUID+11, 0, 0, 0.9320079, -0.362438), -- Doodad_pa_brazier_002
-- (@OGUID+12, 0, 0, 0.9320079, -0.362438), -- Brazier
(@OGUID+43, 0, 0, 0.9320079, -0.362438), -- Doodad_GreatWall_Brazier_Floor_040
(@OGUID+44, 0, 0, 0.9320079, -0.362438), -- Doodad_GreatWall_Brazier_Floor_042
(@OGUID+45, 0, 0, 0.9320079, -0.362438), -- Doodad_GreatWall_Brazier_Floor_041
(@OGUID+46, 0, 0, 0.9320079, -0.362438), -- Doodad_GreatWall_Brazier_Floor_043
(@OGUID+47, 0, 0, -0.6427876, 0.7660444), -- Stool
(@OGUID+48, 0, 0, -0.7372773, 0.6755902), -- Stool
(@OGUID+49, 0, 0, -0.7372773, 0.6755902), -- Stool
(@OGUID+50, 0, 0, 0.9999619, -0.00872653), -- Stool
(@OGUID+51, 0, 0, 0.9999619, -0.00872653), -- Stove
(@OGUID+52, 0, 0, 0.04797819, 0.9988484), -- Stool
(@OGUID+53, 0, 0, 0.04797819, 0.9988484), -- Fireplace
(@OGUID+55, 0, 0, 0.04797819, 0.9988484), -- Stool
(@OGUID+64, 0, 0, 0.04797819, 0.9988484), -- Table
(@OGUID+65, 0, 0, 0.04797819, 0.9988484), -- Stool
(@OGUID+66, 0, 0, 0.04797819, 0.9988484), -- Stool
(@OGUID+67, 0, 0, 0.04797819, 0.9988484), -- Stool
(@OGUID+70, 0, 0, 0.6977905, 0.7163019), -- Stool
(@OGUID+71, 0, 0, 0.6977905, 0.7163019), -- Stool
(@OGUID+72, 0, 0, 0.9187912, 0.3947437), -- Table
(@OGUID+73, 0, 0, 0.9187912, 0.3947437), -- Stool
(@OGUID+74, 0, 0, 0.9187912, 0.3947437), -- Fireplace
(@OGUID+75, 0, 0, 0.9187912, 0.3947437), -- Stool
(@OGUID+76, 0, 0, 0.9187912, 0.3947437), -- Stool
(@OGUID+77, 0, 0, 0.9187912, 0.3947437), -- Stool
(@OGUID+78, 0, 0, 0.9187912, 0.3947437), -- Stool
(@OGUID+79, 0, 0, -0.728371, 0.6851829), -- Stool
(@OGUID+80, 0, 0, -0.728371, 0.6851829), -- Stool
(@OGUID+81, 0, 0, -0.728371, 0.6851829), -- Stool
(@OGUID+82, 0, 0, -0.728371, 0.6851829), -- Stool
(@OGUID+83, 0, 0, -0.728371, 0.6851829), -- Bed
(@OGUID+84, 0, 0, -0.4027466, 0.9153115), -- Stool
(@OGUID+85, 0, 0, -0.4027466, 0.9153115), -- Stool
(@OGUID+86, 0, 0, -0.4027466, 0.9153115); -- Stove

DELETE FROM `creature_template_addon` WHERE `entry` IN (61156 /*61156 (Vengeful Hui) - -Unknown-*/, 62990 /*62990 (Kiri Jade-Eyes)*/, 62988 /*62988 (Barrel-Chest Huo)*/, 62989 /*62989 (Stonecutter Lon)*/, 59666 /*59666 (Emerald Turtle)*/, 59311 /*59311 (Veridian Carp)*/, 64774 /*64774 (Leopard Tree Frog)*/, 62682 /*62682 (Burgled Barrel)*/, 61203 /*61203 (Brewmaster Tzu)*/, 66772 /*66772 (Beast of Jade)*/, 64776 /*64776 (Masked Tanuki Pup)*/, 61346 /*61346 (Scribe Rinji)*/, 59312 /*59312 (Grove Viper)*/, 64775 /*64775 (Masked Tanuki)*/, 65271 /*65271 (Mayor Lin)*/, 62637 /*62637 (Cursed Brew) - -Unknown-*/, 61350 /*61350 (Graceful Swan)*/, 61461 /*61461 (Portly Shung)*/, 61159 /*61159 (Greenstone Terror)*/, 64761 /*64761 (Jumping Spider)*/, 61204 /*61204 (Unconscious Monk)*/, 62945 /*62945 (Bloodthirsty Prowler)*/, 61462 /*61462 (Meila)*/, 61343 /*61343 (La the Gentle)*/, 61174 /*61174 (Cursed Jade)*/, 61342 /*61342 (Woodcarver Liupo)*/, 61223 /*61223 ([DND] Monster Target (Wood))*/, 62706 /*62706 (Cowardly Zue)*/, 61157 /*61157 (Sassy Seedling)*/, 61183 /*61183 (Belligerent Blossom)*/, 61155 /*61155 (Wily Woodling)*/, 61962 /*61962 (Lorewalker Cho)*/, 11704 /*11704 (Kriss Goldenlight) - -Unknown-*/, 64287 /*64287 (Summer) - -Unknown-*/, 64922 /*64922 (Brann Bronzebeard)*/, 63984 /*63984 (Master Liu)*/, 63983 /*63983 (Ms. Thai)*/, 64605 /*64605 (Tan Shin Tiao)*/, 80633 /*80633 (Lorewalker Han)*/, 64691 /*64691 (Lorewalker Huynh)*/, 78709 /*78709 (Lorewalker Fu)*/, 70171 /*70171 (Elloric)*/, 58505 /*58505 (Golden Lotus Defender)*/, 78777 /*78777 (Lorewalker Shin)*/, 70976 /*70976 (Lorewalker Cho's Dream Brew)*/);
INSERT INTO `creature_template_addon` (`entry`, `path_id`, `mount`, `bytes1`, `bytes2`, `emote`, `aiAnimKit`, `movementAnimKit`, `meleeAnimKit`, `auras`) VALUES
(61156, 0, 0, 0, 1, 0, 0, 0, 0, '122213'), -- 61156 (Vengeful Hui) - -Unknown-
(62990, 0, 0, 7, 1, 0, 0, 0, 0, ''), -- 62990 (Kiri Jade-Eyes)
(62988, 0, 0, 7, 1, 0, 0, 0, 0, ''), -- 62988 (Barrel-Chest Huo)
(62989, 0, 0, 7, 1, 0, 0, 0, 0, ''), -- 62989 (Stonecutter Lon)
(59666, 0, 0, 0, 1, 0, 0, 0, 0, ''), -- 59666 (Emerald Turtle)
(59311, 0, 0, 0, 1, 0, 0, 0, 0, ''), -- 59311 (Veridian Carp)
(64774, 0, 0, 0, 1, 0, 0, 0, 0, ''), -- 64774 (Leopard Tree Frog)
(62682, 0, 0, 0, 1, 0, 0, 0, 0, ''), -- 62682 (Burgled Barrel)
(61203, 0, 0, 0, 1, 0, 0, 0, 0, ''), -- 61203 (Brewmaster Tzu)
(66772, 0, 0, 0, 1, 0, 0, 0, 0, ''), -- 66772 (Beast of Jade)
(64776, 0, 0, 0, 1, 0, 0, 0, 0, ''), -- 64776 (Masked Tanuki Pup)
(61346, 0, 0, 0, 1, 0, 0, 0, 0, ''), -- 61346 (Scribe Rinji)
(59312, 0, 0, 0, 1, 0, 0, 0, 0, ''), -- 59312 (Grove Viper)
(64775, 0, 0, 0, 1, 0, 0, 0, 0, ''), -- 64775 (Masked Tanuki)
(65271, 0, 0, 0, 1, 0, 0, 0, 0, ''), -- 65271 (Mayor Lin)
(62637, 0, 0, 0, 1, 0, 0, 0, 0, '122260'), -- 62637 (Cursed Brew) - -Unknown-
(61350, 0, 0, 0, 1, 0, 0, 0, 0, ''), -- 61350 (Graceful Swan)
(61461, 0, 0, 0, 1, 0, 0, 0, 0, ''), -- 61461 (Portly Shung)
(61159, 0, 0, 0, 1, 0, 0, 0, 0, ''), -- 61159 (Greenstone Terror)
(64761, 0, 0, 0, 1, 0, 0, 0, 0, ''), -- 64761 (Jumping Spider)
(61204, 0, 0, 7, 1, 0, 0, 0, 0, ''), -- 61204 (Unconscious Monk)
(62945, 0, 0, 0, 1, 0, 0, 0, 0, ''), -- 62945 (Bloodthirsty Prowler)
(61462, 0, 0, 0, 1, 0, 0, 0, 0, ''), -- 61462 (Meila)
(61343, 0, 0, 0, 1, 0, 0, 0, 0, ''), -- 61343 (La the Gentle)
(61174, 0, 0, 0, 1, 0, 0, 0, 0, ''), -- 61174 (Cursed Jade)
(61342, 0, 0, 0, 1, 0, 0, 0, 0, ''), -- 61342 (Woodcarver Liupo)
(61223, 0, 0, 0, 1, 0, 0, 0, 0, ''), -- 61223 ([DND] Monster Target (Wood))
(62706, 0, 0, 0, 1, 0, 0, 0, 0, ''), -- 62706 (Cowardly Zue)
(61157, 0, 0, 0, 1, 0, 0, 0, 0, ''), -- 61157 (Sassy Seedling)
(61183, 0, 0, 0, 1, 0, 0, 0, 0, ''), -- 61183 (Belligerent Blossom)
(61155, 0, 0, 0, 1, 0, 0, 0, 0, ''), -- 61155 (Wily Woodling)
(61962, 0, 0, 0, 1, 0, 0, 0, 0, ''), -- 61962 (Lorewalker Cho)
(11704, 0, 0, 0, 1, 0, 0, 0, 0, '133464'), -- 11704 (Kriss Goldenlight) - -Unknown-
(64287, 0, 0, 3, 1, 0, 0, 0, 0, '131727'), -- 64287 (Summer) - -Unknown-
(64922, 0, 0, 0, 257, 0, 0, 0, 0, ''), -- 64922 (Brann Bronzebeard)
(63984, 0, 0, 0, 1, 0, 0, 0, 0, ''), -- 63984 (Master Liu)
(63983, 0, 0, 0, 1, 0, 0, 0, 0, ''), -- 63983 (Ms. Thai)
(64605, 0, 0, 1, 1, 0, 0, 0, 0, ''), -- 64605 (Tan Shin Tiao)
(80633, 0, 0, 0, 1, 0, 0, 0, 0, ''), -- 80633 (Lorewalker Han)
(64691, 0, 0, 0, 1, 0, 0, 0, 0, ''), -- 64691 (Lorewalker Huynh)
(78709, 0, 0, 0, 1, 0, 0, 0, 0, ''), -- 78709 (Lorewalker Fu)
(70171, 0, 0, 0, 1, 0, 0, 0, 0, ''), -- 70171 (Elloric)
(58505, 0, 0, 0, 256, 0, 0, 0, 0, ''), -- 58505 (Golden Lotus Defender)
(78777, 0, 0, 0, 1, 0, 0, 0, 0, ''), -- 78777 (Lorewalker Shin)
(70976, 0, 0, 0, 1, 0, 0, 0, 0, ''); -- 70976 (Lorewalker Cho's Dream Brew)


DELETE FROM `creature_template_scaling` WHERE `Entry` IN (61962, 11704, 64287, 63984, 63983, 64605, 80633, 64691, 78709, 70171, 78777, 70976);
INSERT INTO `creature_template_scaling` (`Entry`, `LevelScalingMin`, `LevelScalingMax`, `LevelScalingDeltaMin`, `LevelScalingDeltaMax`, `VerifiedBuild`) VALUES
(61962, 85, 90, 0, 0, 26365),
(11704, 85, 90, 0, 0, 26365),
(64287, 80, 90, 0, 0, 26365),
(63984, 85, 90, 0, 0, 26365),
(63983, 85, 90, 0, 0, 26365),
(64605, 85, 90, 0, 0, 26365),
(80633, 85, 90, 0, 0, 26365),
(64691, 85, 90, 0, 0, 26365),
(78709, 85, 90, 0, 0, 26365),
(70171, 85, 90, 0, 0, 26365),
(78777, 85, 90, 0, 0, 26365),
(70976, 85, 90, 0, 0, 26365);



UPDATE `creature_model_info` SET `BoundingRadius`=0.6648345, `CombatReach`=0.75, `VerifiedBuild`=26365 WHERE `DisplayID`=41877;
UPDATE `creature_model_info` SET `BoundingRadius`=0.347222, `CombatReach`=1.5, `VerifiedBuild`=26365 WHERE `DisplayID`=42814;
UPDATE `creature_model_info` SET `BoundingRadius`=0.3819442, `CombatReach`=1.65, `VerifiedBuild`=26365 WHERE `DisplayID`=42813;
UPDATE `creature_model_info` SET `BoundingRadius`=0.347222, `CombatReach`=1.5, `VerifiedBuild`=26365 WHERE `DisplayID`=41899;
UPDATE `creature_model_info` SET `BoundingRadius`=1, `CombatReach`=2, `VerifiedBuild`=26365 WHERE `DisplayID`=42639;
UPDATE `creature_model_info` SET `BoundingRadius`=0.347222, `CombatReach`=1.5, `VerifiedBuild`=26365 WHERE `DisplayID`=41906;
UPDATE `creature_model_info` SET `BoundingRadius`=2, `CombatReach`=5, `VerifiedBuild`=26365 WHERE `DisplayID`=45362;
UPDATE `creature_model_info` SET `BoundingRadius`=0.347222, `CombatReach`=1.5, `VerifiedBuild`=26365 WHERE `DisplayID`=41970;
UPDATE `creature_model_info` SET `BoundingRadius`=0.347222, `CombatReach`=1.5, `VerifiedBuild`=26365 WHERE `DisplayID`=41904;
UPDATE `creature_model_info` SET `BoundingRadius`=0.347222, `CombatReach`=1.5, `VerifiedBuild`=26365 WHERE `DisplayID`=43828;
UPDATE `creature_model_info` SET `BoundingRadius`=2.084895, `VerifiedBuild`=26365 WHERE `DisplayID`=11172;
UPDATE `creature_model_info` SET `BoundingRadius`=0.347222, `CombatReach`=1.5, `VerifiedBuild`=26365 WHERE `DisplayID`=41972;
UPDATE `creature_model_info` SET `BoundingRadius`=0.347222, `CombatReach`=1.5, `VerifiedBuild`=26365 WHERE `DisplayID`=42069;
UPDATE `creature_model_info` SET `BoundingRadius`=3, `CombatReach`=3.75, `VerifiedBuild`=26365 WHERE `DisplayID`=41962;
UPDATE `creature_model_info` SET `BoundingRadius`=0.347222, `CombatReach`=1.5, `VerifiedBuild`=26365 WHERE `DisplayID`=44974;
UPDATE `creature_model_info` SET `BoundingRadius`=0.347222, `CombatReach`=1.5, `VerifiedBuild`=26365 WHERE `DisplayID`=44975;
UPDATE `creature_model_info` SET `BoundingRadius`=0.347222, `CombatReach`=1.5, `VerifiedBuild`=26365 WHERE `DisplayID`=41905;
UPDATE `creature_model_info` SET `BoundingRadius`=0.347222, `CombatReach`=1.5, `VerifiedBuild`=26365 WHERE `DisplayID`=42070;
UPDATE `creature_model_info` SET `BoundingRadius`=0.347222, `CombatReach`=1.5, `VerifiedBuild`=26365 WHERE `DisplayID`=41969;
UPDATE `creature_model_info` SET `BoundingRadius`=1.506196, `CombatReach`=2.25, `VerifiedBuild`=26365 WHERE `DisplayID`=42049;
UPDATE `creature_model_info` SET `BoundingRadius`=0.347222, `CombatReach`=1.5, `VerifiedBuild`=26365 WHERE `DisplayID`=41968;
UPDATE `creature_model_info` SET `BoundingRadius`=0.347222, `CombatReach`=1.5, `VerifiedBuild`=26365 WHERE `DisplayID`=41898;
UPDATE `creature_model_info` SET `BoundingRadius`=0.4, `CombatReach`=0.6, `VerifiedBuild`=26365 WHERE `DisplayID`=45063;


UPDATE `creature_equip_template` SET `ItemID2`=0 WHERE (`CreatureID`=64922 AND `ID`=1); -- Brann Bronzebeard

DELETE FROM `gossip_menu` WHERE (`MenuId`=15073 AND `TextId`=21303) OR (`MenuId`=16364 AND `TextId`=23711);
INSERT INTO `gossip_menu` (`MenuId`, `TextId`) VALUES
(15073, 21303), -- 61343 (La the Gentle)
(16364, 23711); -- 78709 (Lorewalker Fu)
SET NAMES 'utf8';
DELETE FROM `gossip_menu_option` WHERE (`MenuId`=16364 AND `OptionIndex`=16) OR (`MenuId`=16364 AND `OptionIndex`=15) OR (`MenuId`=16364 AND `OptionIndex`=14) OR (`MenuId`=16364 AND `OptionIndex`=13) OR (`MenuId`=16364 AND `OptionIndex`=12) OR (`MenuId`=16364 AND `OptionIndex`=10) OR (`MenuId`=16364 AND `OptionIndex`=9) OR (`MenuId`=16364 AND `OptionIndex`=8) OR (`MenuId`=16364 AND `OptionIndex`=7) OR (`MenuId`=16364 AND `OptionIndex`=6) OR (`MenuId`=16364 AND `OptionIndex`=5) OR (`MenuId`=16364 AND `OptionIndex`=4) OR (`MenuId`=16364 AND `OptionIndex`=3) OR (`MenuId`=16364 AND `OptionIndex`=2) OR (`MenuId`=16364 AND `OptionIndex`=1);
INSERT INTO `gossip_menu_option` (`MenuId`, `OptionIndex`, `OptionIcon`, `OptionText`, `OptionBroadcastTextId`) VALUES
(16364, 16, 0, '跟我说说雪山血战的故事吧。', 81154),
(16364, 15, 0, '跟我说说怒焰之谜的故事吧。', 81153),
(16364, 14, 0, '跟我说说潘达利亚的黑暗之心的发现过程吧。', 81152),
(16364, 13, 0, '跟我说说公海激战的故事吧。', 81150),
(16364, 12, 0, '跟我说说保卫雄狮港的故事吧。', 83422),
(16364, 10, 0, '跟我说说瓦里安和泰兰德在王者的耐心一役中的故事吧。', 81151),
(16364, 9, 0, '跟我说说黑暗中的匕首刺杀沃金的故事吧。', 81149),
(16364, 8, 0, '跟我说说突袭扎尼维斯的故事吧。', 81146),
(16364, 7, 0, '跟我说说塞拉摩的沦陷的故事吧。', 81148),
(16364, 6, 0, '跟我说说酿月祭的故事吧。', 81147),
(16364, 5, 0, '跟我说说酝酿风暴的故事吧。', 81145),
(16364, 4, 0, '跟我说说破军比武场的故事吧。', 81144),
(16364, 3, 0, '跟我说说遗忘之王古墓的故事吧。', 81143),
(16364, 2, 0, '跟我说说盎迦猴岛的故事吧。', 81142),
(16364, 1, 0, '跟我说说绿石村的故事吧。', 81141);






UPDATE `creature_template` SET `faction`=16, `unit_class`=2, `unit_flags`=33024, `unit_flags2`=2099200 WHERE `entry`=61156; -- Vengeful Hui
UPDATE `creature_template` SET `npcflag`=16777216, `unit_flags`=33280, `unit_flags2`=2048 WHERE `entry`=62990; -- Kiri Jade-Eyes
UPDATE `creature_template` SET `npcflag`=16777216, `unit_flags`=33280, `unit_flags2`=2048 WHERE `entry`=62988; -- Barrel-Chest Huo
UPDATE `creature_template` SET `npcflag`=16777216, `unit_flags`=33280, `unit_flags2`=2048 WHERE `entry`=62989; -- Stonecutter Lon
UPDATE `creature_template` SET `faction`=190, `speed_run`=1.142857 WHERE `entry`=59666; -- Emerald Turtle
UPDATE `creature_template` SET `faction`=188 WHERE `entry`=59311; -- Veridian Carp
UPDATE `creature_template` SET `faction`=31 WHERE `entry`=64774; -- Leopard Tree Frog
UPDATE `creature_template` SET `npcflag`=16777216, `unit_flags2`=2048, `VehicleId`=2262, `HoverHeight`=4 WHERE `entry`=62682; -- Burgled Barrel
UPDATE `creature_template` SET `faction`=2110, `unit_flags`=32768, `unit_flags2`=2099200 WHERE `entry`=61203; -- Brewmaster Tzu
UPDATE `creature_template` SET `faction`=16, `unit_flags`=32768, `unit_flags2`=2099200 WHERE `entry`=66772; -- Beast of Jade
UPDATE `creature_template` SET `faction`=188 WHERE `entry`=64776; -- Masked Tanuki Pup
UPDATE `creature_template` SET `unit_flags`=32768, `unit_flags2`=2048 WHERE `entry`=61346; -- Scribe Rinji
UPDATE `creature_template` SET `faction`=188 WHERE `entry`=59312; -- Grove Viper
UPDATE `creature_template` SET `faction`=188, `speed_run`=1.142857 WHERE `entry`=64775; -- Masked Tanuki
UPDATE `creature_template` SET `unit_flags`=32768, `unit_flags2`=2048 WHERE `entry`=65271; -- Mayor Lin
UPDATE `creature_template` SET `faction`=16, `BaseAttackTime`=1000, `unit_flags`=32768, `unit_flags2`=2048 WHERE `entry`=62637; -- Cursed Brew
UPDATE `creature_template` SET `npcflag`=0, `unit_flags`=32768, `unit_flags2`=2048 WHERE `entry`=61350; -- Graceful Swan
UPDATE `creature_template` SET `unit_flags`=32768, `unit_flags2`=2048 WHERE `entry`=61461; -- Portly Shung
UPDATE `creature_template` SET `faction`=16, `unit_flags2`=2048 WHERE `entry`=61159; -- Greenstone Terror
UPDATE `creature_template` SET `faction`=31 WHERE `entry`=64761; -- Jumping Spider
UPDATE `creature_template` SET `unit_flags`=768, `unit_flags2`=2048 WHERE `entry`=61204; -- Unconscious Monk
UPDATE `creature_template` SET `faction`=1711, `unit_flags`=32768, `unit_flags2`=2048 WHERE `entry`=62945; -- Bloodthirsty Prowler
UPDATE `creature_template` SET `unit_flags`=32768, `unit_flags2`=2048 WHERE `entry`=61462; -- Meila
UPDATE `creature_template` SET `gossip_menu_id`=15073, `unit_flags`=32768, `unit_flags2`=2048 WHERE `entry`=61343; -- La the Gentle
UPDATE `creature_template` SET `faction`=16, `unit_flags`=32768, `unit_flags2`=2099200 WHERE `entry`=61174; -- Cursed Jade
UPDATE `creature_template` SET `unit_flags`=32768, `unit_flags2`=2048 WHERE `entry`=61342; -- Woodcarver Liupo
UPDATE `creature_template` SET `faction`=190, `unit_flags`=33554688, `unit_flags2`=33556480, `unit_flags3`=1 WHERE `entry`=61223; -- [DND] Monster Target (Wood)
UPDATE `creature_template` SET `unit_flags`=33536, `unit_flags2`=2048 WHERE `entry`=62706; -- Cowardly Zue
UPDATE `creature_template` SET `faction`=16, `unit_flags2`=2048 WHERE `entry`=61157; -- Sassy Seedling
UPDATE `creature_template` SET `faction`=16, `unit_flags2`=2048 WHERE `entry`=61183; -- Belligerent Blossom
UPDATE `creature_template` SET `faction`=16, `unit_class`=2, `unit_flags2`=2048 WHERE `entry`=61155; -- Wily Woodling
UPDATE `creature_template` SET `gossip_menu_id`=0, `minlevel`=85 WHERE `entry`=61962; -- Lorewalker Cho
UPDATE `creature_template` SET `minlevel`=85, `maxlevel`=90, `faction`=35, `npcflag`=3, `BaseAttackTime`=2000, `RangeAttackTime`=2000, `unit_class`=8 WHERE `entry`=11704; -- Kriss Goldenlight
UPDATE `creature_template` SET `gossip_menu_id`=0, `minlevel`=80, `maxlevel`=90 WHERE `entry`=64287; -- Summer
UPDATE `creature_template` SET `gossip_menu_id`=0 WHERE `entry`=64922; -- Brann Bronzebeard
UPDATE `creature_template` SET `minlevel`=85, `faction`=2569, `unit_flags2`=2048 WHERE `entry`=63984; -- Master Liu
UPDATE `creature_template` SET `minlevel`=85, `faction`=2569, `npcflag`=3 WHERE `entry`=63983; -- Ms. Thai
UPDATE `creature_template` SET `minlevel`=85, `faction`=2569 WHERE `entry`=64605; -- Tan Shin Tiao
UPDATE `creature_template` SET `minlevel`=85, `faction`=2569, `npcflag`=1, `unit_flags`=33536, `unit_flags2`=2048 WHERE `entry`=80633; -- Lorewalker Han
UPDATE `creature_template` SET `gossip_menu_id`=0, `minlevel`=85 WHERE `entry`=64691; -- Lorewalker Huynh
UPDATE `creature_template` SET `gossip_menu_id`=16364, `minlevel`=85, `faction`=2569, `npcflag`=1, `unit_flags`=33536, `unit_flags2`=2048 WHERE `entry`=78709; -- Lorewalker Fu `gossip_menu_id`=16364, 
UPDATE `creature_template` SET `minlevel`=85, `unit_flags3`=1 WHERE `entry`=70171; -- Elloric
UPDATE `creature_template` SET `minlevel`=110, `maxlevel`=110, `faction`=2485 WHERE `entry`=58505; -- Golden Lotus Defender
UPDATE `creature_template` SET `minlevel`=85, `faction`=2569, `npcflag`=1, `unit_flags`=33536, `unit_flags2`=2048 WHERE `entry`=78777; -- Lorewalker Shin
UPDATE `creature_template` SET `gossip_menu_id`=0, `minlevel`=85, `speed_walk`=0.4 WHERE `entry`=70976; -- Lorewalker Cho's Dream Brew
SET NAMES 'utf8';
SET @GROUP_ID=0;
SET @ID=0;
DELETE FROM `creature_text` WHERE (`CreatureID`=32638 ) OR (`CreatureID`=32639 ) OR (`CreatureID`=61156 ) OR (`CreatureID`=61203 )  OR (`CreatureID`=61342 )  OR (`CreatureID`=61350 ) OR (`CreatureID`=61461 ) OR (`CreatureID`=61462 ) OR (`CreatureID`=62706 ) OR (`CreatureID`=65271 ) ;
INSERT INTO `creature_text` (`CreatureID`, `GroupID`, `ID`, `Text`, `Type`, `Language`, `Probability`, `Emote`, `Duration`, `Sound`, `BroadcastTextId`, `comment`) VALUES
(32638, @GROUP_ID+0, @ID+0, '你为什么要这样对待哈克穆德？', 12, 0, 100, 6, 0, 0, 33015, '阿古斯的哈克穆德 to Player'),
(32639, @GROUP_ID+0, @ID+0, '再见！你曾经是尼莫最好的朋友！', 12, 0, 100, 3, 0, 0, 33020, '尼莫 to Player'),
(61156, @GROUP_ID+0, @ID+0, '跑吧，懦夫！乡巴佬！这片土地将重归自然的怀抱！', 14, 0, 100, 0, 0, 0, 60741, '仇灰'),
(61203, @GROUP_ID+0, @ID+0, '非常感谢……我已经坚持不了多久了。', 12, 0, 100, 2, 0, 0, 60930, '酒仙曲子 to Player'),
(61203, @GROUP_ID+1, @ID+0, '唉，我无法继续前行了。要是我们的绿石佳酿没被偷光就好了！', 12, 0, 100, 396, 0, 0, 62401, '酒仙曲子 to Player'),
(61203, @GROUP_ID+2, @ID+0, '如果你有胆量进入周围的森林，把被盗的酒桶找回来带给我，我就会为你调制一种具有神奇力量的浓缩生啤……', 12, 0, 100, 397, 0, 0, 66255, '酒仙曲子 to Player'),
(61203, @GROUP_ID+3, @ID+0, '这可以给那些窃取我们道场珍贵产品的小偷们一个教训！', 14, 0, 100, 71, 0, 0, 66251, '酒仙曲子 to Player'),
(61203, @GROUP_ID+4, @ID+0, '啊，物归原主了。谢谢你！', 14, 0, 100, 71, 0, 0, 66252, '酒仙曲子 to Player'),
(61203, @GROUP_ID+5, @ID+0, '我们的佳酿回来了！我们所有人都由衷地感谢你。', 14, 0, 100, 71, 0, 0, 66254, '酒仙曲子 to Player'),
(61203, @GROUP_ID+6, @ID+0, '一位冒险家挽救了村庄，而一位英雄将美酒物归原主！', 14, 0, 100, 1, 0, 0, 66253, '酒仙曲子 to Player'),
(61203, @GROUP_ID+7, @ID+0, '啊，你回来了！太感谢你了。拜托，请你一定要收下这个。这是我们这儿最烈的酒：烈性绿石佳酿。', 12, 0, 100, 1, 0, 0, 60931, '酒仙曲子 to Kobold Miner'),
(61342, @GROUP_ID+0, @ID+0, '救命！救命！', 14, 0, 100, 20, 0, 23279, 60978, '木艺师刘波 to Player'), -- BroadcastTextID: 41830 - 60978 - 83727 - 83727 - 86591
(61342, @GROUP_ID+1, @ID+0, '非常感谢！', 12, 0, 100, 1, 0, 961, 60398, '木艺师刘波 to Kobold Miner'), -- BroadcastTextID: 60398 - 60684
(61350, @GROUP_ID+0, @ID+0, '我还以为我死定了呢。太感谢你了！', 12, 0, 100, 1, 0, 963, 60966, '优雅的斯万 to Kobold Miner'),
(61461, @GROUP_ID+0, @ID+0, '绿石村有救了！谢谢你！', 12, 0, 100, 1, 0, 961, 60965, '大块头尚林 to Kobold Miner'),
(61462, @GROUP_ID+0, @ID+0, '太感谢你了！', 12, 0, 100, 1, 0, 0, 60964, '美娜 to Kobold Miner'), -- BroadcastTextID: 7 - 22652 - 53554 - 60964 - 87257
(62706, @GROUP_ID+0, @ID+0, '咦！怪物们在攻击绿石村！快跑！', 14, 0, 100, 0, 0, 23279, 62217, '怯懦的祖音 to Player'),
(65271, @GROUP_ID+0, @ID+0, '它们占领了村子！救命啊！', 14, 0, 100, 20, 0, 29809, 60980, '林村长 to Player'),
(65271, @GROUP_ID+1, @ID+0, '由于我们雇用冒险者帮忙驱赶那些淘气的精灵，土灵仇灰为此大发雷霆。', 12, 0, 100, 1, 0, 961, 67528, '林村长 to Kobold Miner'),
(65271, @GROUP_ID+2, @ID+0, '我能理解他的烦乱，可这攻击也太过分了！', 12, 0, 100, 5, 0, 963, 67529, '林村长 to Kobold Miner');

DELETE FROM `creature_text_locale` WHERE ((`CreatureID`=62988 ) OR (`CreatureID`=62989 ) OR (`CreatureID`=62990 ) OR (`CreatureID`=32638 ) OR (`CreatureID`=32639 ) OR (`CreatureID`=61346 )OR (`CreatureID`=61156 ) OR (`CreatureID`=61203 )  OR (`CreatureID`=61342 )  OR (`CreatureID`=61350 ) OR (`CreatureID`=61461 ) OR (`CreatureID`=61462 ) OR (`CreatureID`=62706 ) OR (`CreatureID`=65271 ) )  AND `locale`='zhCN';
 INSERT INTO `creature_text_locale` (`CreatureID`, `GroupID`, `ID`, `locale`, `Text`) VALUES
(32638, @GROUP_ID+0, @ID+0, 'zhCN', '你为什么要这样对待哈克穆德？'),
(32639, @GROUP_ID+0, @ID+0, 'zhCN', '再见！你曾经是尼莫最好的朋友！'),
(61156, @GROUP_ID+0, @ID+0, 'zhCN', '跑吧，懦夫！乡巴佬！这片土地将重归自然的怀抱！'),
(61203, @GROUP_ID+0, @ID+0, 'zhCN', '非常感谢……我已经坚持不了多久了。'),
(61203, @GROUP_ID+1, @ID+0, 'zhCN', '唉，我无法继续前行了。要是我们的绿石佳酿没被偷光就好了！'),
(61203, @GROUP_ID+2, @ID+0, 'zhCN', '如果你有胆量进入周围的森林，把被盗的酒桶找回来带给我，我就会为你调制一种具有神奇力量的浓缩生啤……'),
(61203, @GROUP_ID+3, @ID+0, 'zhCN', '这可以给那些窃取我们道场珍贵产品的小偷们一个教训！'),
(61203, @GROUP_ID+4, @ID+0, 'zhCN', '啊，物归原主了。谢谢你！'),
(61203, @GROUP_ID+5, @ID+0, 'zhCN', '我们的佳酿回来了！我们所有人都由衷地感谢你。'),
(61203, @GROUP_ID+6, @ID+0, 'zhCN', '这可以给那些窃取我们道场珍贵产品的小偷们一个教训！'),
(61203, @GROUP_ID+7, @ID+0, 'zhCN', '这可以给那些窃取我们道场珍贵产品的小偷们一个教训！'),
(61203, @GROUP_ID+8, @ID+0, 'zhCN', '一位冒险家挽救了村庄，而一位英雄将美酒物归原主！'),
(61203, @GROUP_ID+9, @ID+0, 'zhCN', '啊，你回来了！太感谢你了。拜托，请你一定要收下这个。这是我们这儿最烈的酒：烈性绿石佳酿。'),
(61342, @GROUP_ID+0, @ID+0, 'zhCN', '救命！救命！'),
(61342, @GROUP_ID+1, @ID+0, 'zhCN', '非常感谢！'),
(61346, @GROUP_ID+0, @ID+0, 'zhCN', '非常感谢！'),
(61350, @GROUP_ID+0, @ID+0, 'zhCN', '我还以为我死定了呢。太感谢你了！'),
(61461, @GROUP_ID+0, @ID+0, 'zhCN', '绿石村有救了！谢谢你！'),
(61462, @GROUP_ID+0, @ID+0, 'zhCN', '救命！救命！'),
(61462, @GROUP_ID+1, @ID+0, 'zhCN', '太感谢你了！'),
(62706, @GROUP_ID+0, @ID+0, 'zhCN', '咦！怪物们在攻击绿石村！快跑！'),
(62988, @GROUP_ID+0, @ID+0, 'zhCN', '我还以为我死定了呢。太感谢你了！'),
(62989, @GROUP_ID+0, @ID+0, 'zhCN', '我还以为我死定了呢。太感谢你了！'),
(62990, @GROUP_ID+0, @ID+0, 'zhCN', '绿石村有救了！谢谢你！'),
(65271, @GROUP_ID+0, @ID+0, 'zhCN', '它们占领了村子！救命啊！'),
(65271, @GROUP_ID+1, @ID+0, 'zhCN', '非常感谢！'),
(65271, @GROUP_ID+2, @ID+0, 'zhCN', '由于我们雇用冒险者帮忙驱赶那些淘气的精灵，土灵仇灰为此大发雷霆。'),
(65271, @GROUP_ID+3, @ID+0, 'zhCN', '我能理解他的烦乱，可这攻击也太过分了！');

DELETE FROM `npc_spellclick_spells` WHERE (`npc_entry`=62682 AND `spell_id`=43671) OR (`npc_entry`=62989 AND `spell_id`=123064) OR (`npc_entry`=62988 AND `spell_id`=123064) OR (`npc_entry`=62990 AND `spell_id`=123064);
INSERT INTO `npc_spellclick_spells` (`npc_entry`, `spell_id`, `cast_flags`, `user_type`) VALUES
(62682, 43671, 0, 0),
(62989, 123064, 0, 0),
(62988, 123064, 0, 0),
(62990, 123064, 0, 0);


UPDATE `creature_template` SET `name`='仇灰', `subname`='愤怒的土灵', `HealthModifier`=13.0969, `VerifiedBuild`=26365 WHERE `entry`=61156; -- Vengeful Hui
UPDATE `creature_template` SET `name`='玉眼齐理', `VerifiedBuild`=26365 WHERE `entry`=62990; -- Kiri Jade-Eyes
UPDATE `creature_template` SET `name`='酒桶腰胡奥', `VerifiedBuild`=26365 WHERE `entry`=62988; -- Barrel-Chest Huo
UPDATE `creature_template` SET `name`='切石者陇', `VerifiedBuild`=26365 WHERE `entry`=62989; -- Stonecutter Lon
UPDATE `creature_template` SET `name`='翡翠乌龟', `VerifiedBuild`=26365 WHERE `entry`=59666; -- Emerald Turtle
UPDATE `creature_template` SET `name`='碧水鲤鱼', `VerifiedBuild`=26365 WHERE `entry`=59311; -- Veridian Carp
UPDATE `creature_template` SET `name`='金钱豹蛙', `HealthScalingExpansion`=0, `VerifiedBuild`=26365 WHERE `entry`=64774; -- Leopard Tree Frog
UPDATE `creature_template` SET `name`='失窃的桶', `subname`='绿石佳酿', `HealthScalingExpansion`=0, `VerifiedBuild`=26365 WHERE `entry`=62682; -- Burgled Barrel
UPDATE `creature_template` SET `name`='酒仙曲子', `VerifiedBuild`=26365 WHERE `entry`=61203; -- Brewmaster Tzu
UPDATE `creature_template` SET `name`='青玉巨兽', `VerifiedBuild`=26365 WHERE `entry`=66772; -- Beast of Jade
UPDATE `creature_template` SET `name`='假面狸猫幼崽', `VerifiedBuild`=26365 WHERE `entry`=64776; -- Masked Tanuki Pup
UPDATE `creature_template` SET `name`='篆书人宁吉', `VerifiedBuild`=26365 WHERE `entry`=61346; -- Scribe Rinji
UPDATE `creature_template` SET `name`='林村长', `VerifiedBuild`=26365 WHERE `entry`=65271; -- Mayor Lin
UPDATE `creature_template` SET `name`='假面狸猫', `VerifiedBuild`=26365 WHERE `entry`=64775; -- Masked Tanuki
UPDATE `creature_template` SET `name`='林地毒蛇', `VerifiedBuild`=26365 WHERE `entry`=59312; -- Grove Viper
UPDATE `creature_template` SET `name`='被诅咒的酒', `VerifiedBuild`=26365 WHERE `entry`=62637; -- Cursed Brew
UPDATE `creature_template` SET `name`='优雅的斯万', `subname`='旅店老板', `VerifiedBuild`=26365 WHERE `entry`=61350; -- Graceful Swan
UPDATE `creature_template` SET `name`='大块头尚林', `VerifiedBuild`=26365 WHERE `entry`=61461; -- Portly Shung
UPDATE `creature_template` SET `name`='绿石恐蛛', `femaleName`='绿石恐蛛', `VerifiedBuild`=26365 WHERE `entry`=61159; -- Greenstone Terror
UPDATE `creature_template` SET `name`='跳蛛', `VerifiedBuild`=26365 WHERE `entry`=64761; -- Jumping Spider
UPDATE `creature_template` SET `name`='嗜血的猛虎', `HealthModifier`=3.45, `VerifiedBuild`=26365 WHERE `entry`=62945; -- Bloodthirsty Prowler
UPDATE `creature_template` SET `name`='失去意识的武僧', `femaleName`='失去意识的武僧', `VerifiedBuild`=26365 WHERE `entry`=61204; -- Unconscious Monk
UPDATE `creature_template` SET `name`='美娜', `VerifiedBuild`=26365 WHERE `entry`=61462; -- Meila
UPDATE `creature_template` SET `name`='温柔的娜娜', `VerifiedBuild`=26365 WHERE `entry`=61343; -- La the Gentle
UPDATE `creature_template` SET `name`='木艺师刘波', `VerifiedBuild`=26365 WHERE `entry`=61342; -- Woodcarver Liupo
UPDATE `creature_template` SET `name`='被诅咒的青玉', `VerifiedBuild`=26365 WHERE `entry`=61174; -- Cursed Jade
UPDATE `creature_template` SET `name`='怯懦的祖音', `VerifiedBuild`=26365 WHERE `entry`=62706; -- Cowardly Zue
UPDATE `creature_template` SET `name`='活泼的幼苗', `VerifiedBuild`=26365 WHERE `entry`=61157; -- Sassy Seedling
UPDATE `creature_template` SET `name`='好斗花妖', `VerifiedBuild`=26365 WHERE `entry`=61183; -- Belligerent Blossom
UPDATE `creature_template` SET `name`='狡诈的林精', `VerifiedBuild`=26365 WHERE `entry`=61155; -- Wily Woodling

DELETE FROM `npc_text` WHERE `ID`=21303;
INSERT INTO `npc_text` (`ID`, `Probability0`, `Probability1`, `Probability2`, `Probability3`, `Probability4`, `Probability5`, `Probability6`, `Probability7`, `BroadcastTextId0`, `BroadcastTextId1`, `BroadcastTextId2`, `BroadcastTextId3`, `BroadcastTextId4`, `BroadcastTextId5`, `BroadcastTextId6`, `BroadcastTextId7`, `VerifiedBuild`) VALUES
(21303, 1, 0, 0, 0, 0, 0, 0, 0, 67902, 0, 0, 0, 0, 0, 0, 0, 26365); -- 21303


