# TrinityCore - WowPacketParser
# File name: 22566_2016-09-10_13-25-50.pkt
# Detected build: V7_0_3_22566
# Detected locale: zhCN
# Targeted database: Legion
# Parsing date: 09/04/2018 21:22:33

DELETE FROM `conversation_actors` WHERE (`ConversationId`=1643 AND `ConversationActorId`=52140 AND `Idx`=0) OR (`ConversationId`=1644 AND `ConversationActorId`=52140 AND `Idx`=0) OR (`ConversationId`=1515 AND `ConversationActorId`=52064 AND `Idx`=0) OR (`ConversationId`=1548 AND `ConversationActorId`=52064 AND `Idx`=0) OR (`ConversationId`=1579 AND `Idx`=0) OR (`ConversationId`=1623 AND `Idx`=0) OR (`ConversationId`=1596 AND `Idx`=0) OR (`ConversationId`=1649 AND `Idx`=0) OR (`ConversationId`=1599 AND `Idx`=0) OR (`ConversationId`=1634 AND `Idx`=0) OR (`ConversationId`=1564 AND `Idx`=1) OR (`ConversationId`=1564 AND `Idx`=0) OR (`ConversationId`=1500 AND `Idx`=0) OR (`ConversationId`=1520 AND `Idx`=0) OR (`ConversationId`=1549 AND `ConversationActorId`=52064 AND `Idx`=0) OR (`ConversationId`=1576 AND `ConversationActorId`=55786 AND `Idx`=0) OR (`ConversationId`=1601 AND `Idx`=0) OR (`ConversationId`=1562 AND `Idx`=0) OR (`ConversationId`=1635 AND `Idx`=0) OR (`ConversationId`=1637 AND `Idx`=0) OR (`ConversationId`=1632 AND `Idx`=0) OR (`ConversationId`=3768 AND `ConversationActorId`=52140 AND `Idx`=0) OR (`ConversationId`=1563 AND `Idx`=0) OR (`ConversationId`=1603 AND `ConversationActorId`=52140 AND `Idx`=0) OR (`ConversationId`=1600 AND `Idx`=0) OR (`ConversationId`=1531 AND `ConversationActorId`=52064 AND `Idx`=0) OR (`ConversationId`=1573 AND `Idx`=0) OR (`ConversationId`=1602 AND `Idx`=0) OR (`ConversationId`=1663 AND `Idx`=0) OR (`ConversationId`=1631 AND `Idx`=0) OR (`ConversationId`=1504 AND `Idx`=0) OR (`ConversationId`=1597 AND `Idx`=1) OR (`ConversationId`=1597 AND `Idx`=0) OR (`ConversationId`=1647 AND `ConversationActorId`=52140 AND `Idx`=0) OR (`ConversationId`=1511 AND `Idx`=0) OR (`ConversationId`=2921 AND `Idx`=0) OR (`ConversationId`=1629 AND `Idx`=0) OR (`ConversationId`=2912 AND `Idx`=0) OR (`ConversationId`=1659 AND `Idx`=0) OR (`ConversationId`=1582 AND `Idx`=0) OR (`ConversationId`=1850 AND `Idx`=1) OR (`ConversationId`=1850 AND `Idx`=0) OR (`ConversationId`=1512 AND `Idx`=0) OR (`ConversationId`=1660 AND `Idx`=2) OR (`ConversationId`=1660 AND `Idx`=1) OR (`ConversationId`=1660 AND `Idx`=0) OR (`ConversationId`=1612 AND `Idx`=1) OR (`ConversationId`=1612 AND `Idx`=0) OR (`ConversationId`=1510 AND `Idx`=0) OR (`ConversationId`=1609 AND `Idx`=0) OR (`ConversationId`=1598 AND `Idx`=0) OR (`ConversationId`=1636 AND `Idx`=0) OR (`ConversationId`=1899 AND `Idx`=0) OR (`ConversationId`=1896 AND `Idx`=0);
INSERT INTO `conversation_actors` (`ConversationId`, `ConversationActorId`, `Idx`, `VerifiedBuild`) VALUES
(1643, 52140, 0, 22566),
(1644, 52140, 0, 22566),
(1515, 52064, 0, 22566),
(1548, 52064, 0, 22566),
(1579, 104611, 0, 22566), -- Full: 0x203D6CC0806628C0001C120000539CCE Creature/0 R3931/S7186 Map: 1540 Entry: 104611 (莱莎·护蕾) Low: 5479630
(1623, 104659, 0, 22566), -- Full: 0x203D70C7E06634C00078C30000539D25 Creature/0 R3932/S30915 Map: 1599 Entry: 104659 (大德鲁伊哈缪尔·符文图腾) Low: 5479717
(1596, 104611, 0, 22566), -- Full: 0x203D70C7E0662D000078C30000539CFB Creature/0 R3932/S30915 Map: 1599 Entry: 104628 (莱莎·护蕾) Low: 5479675
(1649, 104611, 0, 22566), -- Full: 0x203D70C7E0662D000078C30000539CFB Creature/0 R3932/S30915 Map: 1599 Entry: 104628 (莱莎·护蕾) Low: 5479675
(1599, 104659, 0, 22566), -- Full: 0x203D70C7E06634C00078C30000539D25 Creature/0 R3932/S30915 Map: 1599 Entry: 104659 (大德鲁伊哈缪尔·符文图腾) Low: 5479717
(1634, 104619, 0, 22566), -- Full: 0x203D70C7E0662AC00078C30000539DA5 Creature/0 R3932/S30915 Map: 1599 Entry: 104619 (迪托马斯) Low: 5479845
(1564, 103832, 1, 22566), -- Full: 0x203D1C9880656600006C3C0000D37C36 Creature/0 R3911/S27708 Map: 1220 Entry: 103832 Low: 13859894
(1564, 53609, 0, 22566), -- Full: 0x203D1C988062D2C0006C3C0000537C36 Creature/0 R3911/S27708 Map: 1220 Entry: 101195 Low: 5471286
(1500, 113525, 0, 22566), -- Full: 0x203D1C98806EDD40006C3C0000537C37 Creature/0 R3911/S27708 Map: 1220 Entry: 113525 (米露恩) Low: 5471287
(1520, 104398, 0, 22566), -- Full: 0x203D1C988065F380006C3C0000539B96 Creature/0 R3911/S27708 Map: 1220 Entry: 104398 (巴珊娜·符文图腾) Low: 5479318
(1549, 52064, 0, 22566),
(1576, 55786, 0, 22566),
(1601, 104657, 0, 22566), -- Full: 0x203D70C7E06634400078C30000539D25 Creature/0 R3932/S30915 Map: 1599 Entry: 104657 (丰收女巫塞莱斯廷) Low: 5479717
(1562, 104611, 0, 22566), -- Full: 0x203D1C9880661F40006C3C0000539B96 Creature/0 R3911/S27708 Map: 1220 Entry: 104573 (莱莎·护蕾) Low: 5479318
(1635, 104619, 0, 22566), -- Full: 0x203D70C7E0662AC00078C30000539DA5 Creature/0 R3932/S30915 Map: 1599 Entry: 104619 (迪托马斯) Low: 5479845
(1637, 104619, 0, 22566), -- Full: 0x203D70C7E0662AC00078C30000539DA5 Creature/0 R3932/S30915 Map: 1599 Entry: 104619 (迪托马斯) Low: 5479845
(1632, 104619, 0, 22566), -- Full: 0x203D70C7E0662AC00078C30000539DA5 Creature/0 R3932/S30915 Map: 1599 Entry: 104619 (迪托马斯) Low: 5479845
(3768, 52140, 0, 22566),
(1563, 104349, 0, 22566), -- Full: 0x203D1C988065E740006C3C0000D37C36 Creature/0 R3911/S27708 Map: 1220 Entry: 104349 (纳拉雷克斯) Low: 13859894
(1603, 52140, 0, 22566),
(1600, 104657, 0, 22566), -- Full: 0x203D70C7E06634400078C30000539D25 Creature/0 R3932/S30915 Map: 1599 Entry: 104657 (丰收女巫塞莱斯廷) Low: 5479717
(1531, 52064, 0, 22566),
(1573, 104349, 0, 22566), -- Full: 0x203D1C988065E740006C3C0000D37C36 Creature/0 R3911/S27708 Map: 1220 Entry: 104349 (纳拉雷克斯) Low: 13859894
(1602, 104658, 0, 22566), -- Full: 0x203D70C7E06634800078C30000539D25 Creature/0 R3932/S30915 Map: 1599 Entry: 104658 (岑塔布拉) Low: 5479717
(1663, 104611, 0, 22566), -- Full: 0x203D149880662040005D3E00005397D4 Creature/0 R3909/S23870 Map: 1220 Entry: 104577 (莱莎·护蕾) Low: 5478356
(1631, 104619, 0, 22566), -- Full: 0x203D70C7E0662AC00078C30000539DA5 Creature/0 R3932/S30915 Map: 1599 Entry: 104619 (迪托马斯) Low: 5479845
(1504, 97989, 0, 22566), -- Full: 0x203D1C98805FB140006C3C0000537C37 Creature/0 R3911/S27708 Map: 1220 Entry: 97989 Low: 5471287
(1597, 104611, 1, 22566), -- Full: 0x203D70C7E0662D000078C30000539CFB Creature/0 R3932/S30915 Map: 1599 Entry: 104628 (莱莎·护蕾) Low: 5479675
(1597, 104620, 0, 22566), -- Full: 0x203D70C7E0662B000078C30000539CFB Creature/0 R3932/S30915 Map: 1599 Entry: 104620 (啸天者欧穆隆) Low: 5479675
(1647, 52140, 0, 22566),
(1511, 113525, 0, 22566), -- Full: 0x203D1C98806EDD40006C3C0000537C37 Creature/0 R3911/S27708 Map: 1220 Entry: 113525 (米露恩) Low: 5471287
(2921, 110398, 0, 22566), -- Full: 0x203D1498806BCF80005D3E000053A147 Creature/0 R3909/S23870 Map: 1220 Entry: 110398 (梦境守护者) Low: 5480775
(1629, 104659, 0, 22566), -- Full: 0x203D70C7E06634C00078C30000539D25 Creature/0 R3932/S30915 Map: 1599 Entry: 104659 (大德鲁伊哈缪尔·符文图腾) Low: 5479717
(2912, 110398, 0, 22566), -- Full: 0x203D1498806BCF80005D3E000053A147 Creature/0 R3909/S23870 Map: 1220 Entry: 110398 (梦境守护者) Low: 5480775
(1659, 104619, 0, 22566), -- Full: 0x203D70C7E0662AC00078C30000539DA5 Creature/0 R3932/S30915 Map: 1599 Entry: 104619 (迪托马斯) Low: 5479845
(1582, 104620, 0, 22566), -- Full: 0x203D70C7E0662B000078C30000539CFB Creature/0 R3932/S30915 Map: 1599 Entry: 104620 (啸天者欧穆隆) Low: 5479675
(1850, 104619, 1, 22566), -- Full: 0x203D70C7E0662AC00078C30000539DA5 Creature/0 R3932/S30915 Map: 1599 Entry: 104619 (迪托马斯) Low: 5479845
(1850, 105482, 0, 22566), -- Full: 0x203D70C7E06702800078C30000539E4D Creature/0 R3932/S30915 Map: 1599 Entry: 105482 (艾维娜) Low: 5480013
(1512, 104349, 0, 22566), -- Full: 0x203D1C988065E740006C3C0000537C37 Creature/0 R3911/S27708 Map: 1220 Entry: 104349 (纳拉雷克斯) Low: 5471287
(1660, 104659, 2, 22566), -- Full: 0x203D70C7E06634C00078C30000539D25 Creature/0 R3932/S30915 Map: 1599 Entry: 104659 (大德鲁伊哈缪尔·符文图腾) Low: 5479717
(1660, 104611, 1, 22566), -- Full: 0x203D70C7E0662D000078C30000539CFB Creature/0 R3932/S30915 Map: 1599 Entry: 104628 (莱莎·护蕾) Low: 5479675
(1660, 104619, 0, 22566), -- Full: 0x203D70C7E0662AC00078C30000539DA5 Creature/0 R3932/S30915 Map: 1599 Entry: 104619 (迪托马斯) Low: 5479845
(1612, 104659, 1, 22566), -- Full: 0x203D70C7E06634C00078C30000539D25 Creature/0 R3932/S30915 Map: 1599 Entry: 104659 (大德鲁伊哈缪尔·符文图腾) Low: 5479717
(1612, 104658, 0, 22566), -- Full: 0x203D70C7E06634800078C30000539D25 Creature/0 R3932/S30915 Map: 1599 Entry: 104658 (岑塔布拉) Low: 5479717
(1510, 113525, 0, 22566), -- Full: 0x203D1C98806EDD40006C3C0000537C37 Creature/0 R3911/S27708 Map: 1220 Entry: 113525 (米露恩) Low: 5471287
(1609, 104611, 0, 22566), -- Full: 0x203D70C7E0662D000078C30000539CFB Creature/0 R3932/S30915 Map: 1599 Entry: 104628 (莱莎·护蕾) Low: 5479675
(1598, 104659, 0, 22566), -- Full: 0x203D70C7E06634C00078C30000539D25 Creature/0 R3932/S30915 Map: 1599 Entry: 104659 (大德鲁伊哈缪尔·符文图腾) Low: 5479717
(1636, 104619, 0, 22566), -- Full: 0x203D70C7E0662AC00078C30000539DA5 Creature/0 R3932/S30915 Map: 1599 Entry: 104619 (迪托马斯) Low: 5479845
(1899, 104611, 0, 22566), -- Full: 0x203D70C7E0662D000078C30000539CFB Creature/0 R3932/S30915 Map: 1599 Entry: 104628 (莱莎·护蕾) Low: 5479675
(1896, 104619, 0, 22566); -- Full: 0x203D70C7E0662AC00078C30000539DA5 Creature/0 R3932/S30915 Map: 1599 Entry: 104619 (迪托马斯) Low: 5479845


DELETE FROM `conversation_actor_template` WHERE `Id` IN (52140, 52064, 55786);
INSERT INTO `conversation_actor_template` (`Id`, `CreatureId`, `CreatureModelId`, `VerifiedBuild`) VALUES
(52140, 104628, 68636, 22566),
(52064, 104349, 68026, 22566),
(55786, 103832, 11906, 22566);

-- Creature Entry: 104611 (Lyessa Bloomwatcher)
DELETE FROM `conversation_actor_template` WHERE `Id`=104611;
INSERT INTO `conversation_actor_template` (`Id`, `CreatureId`, `CreatureModelId`, `VerifiedBuild`) VALUES 
(104611, 104611, 73350, 26972); 

-- Creature Entry: 104659 (Archdruid Hamuul Runetotem)
DELETE FROM `conversation_actor_template` WHERE `Id`=104659;
INSERT INTO `conversation_actor_template` (`Id`, `CreatureId`, `CreatureModelId`, `VerifiedBuild`) VALUES 
(104659, 104659, 31605, 26972); 

-- Creature Entry: 104619 (Destromath)
DELETE FROM `conversation_actor_template` WHERE `Id`=104619;
INSERT INTO `conversation_actor_template` (`Id`, `CreatureId`, `CreatureModelId`, `VerifiedBuild`) VALUES 
(104619, 104619, 17287, 26972); 

-- Creature Entry: 113525 (米露恩)
DELETE FROM `conversation_actor_template` WHERE `Id`=113525;
INSERT INTO `conversation_actor_template` (`Id`, `CreatureId`, `CreatureModelId`, `VerifiedBuild`) VALUES 
(113525, 113525, 72119, 26972); 

-- Creature Entry: 104658 (Zen'tabra)
DELETE FROM `conversation_actor_template` WHERE `Id`=104658;
INSERT INTO `conversation_actor_template` (`Id`, `CreatureId`, `CreatureModelId`, `VerifiedBuild`) VALUES 
(104658, 104658, 68419, 26972); 

-- Creature Entry: 104398 (Bashana Runetotem)
DELETE FROM `conversation_actor_template` WHERE `Id`=104398;
INSERT INTO `conversation_actor_template` (`Id`, `CreatureId`, `CreatureModelId`, `VerifiedBuild`) VALUES 
(104398, 104398, 65530, 26972); 

-- Creature Entry: 110398 (Dreamkeeper)
DELETE FROM `conversation_actor_template` WHERE `Id`=110398;
INSERT INTO `conversation_actor_template` (`Id`, `CreatureId`, `CreatureModelId`, `VerifiedBuild`) VALUES 
(110398, 110398, 62452, 26972); 

-- Creature Entry: 104620 (Skylord Omnuron)
DELETE FROM `conversation_actor_template` WHERE `Id`=104620;
INSERT INTO `conversation_actor_template` (`Id`, `CreatureId`, `CreatureModelId`, `VerifiedBuild`) VALUES 
(104620, 104620, 32245, 26972); 

-- Creature Entry: 104349 (Naralex)
DELETE FROM `conversation_actor_template` WHERE `Id`=104349;
INSERT INTO `conversation_actor_template` (`Id`, `CreatureId`, `CreatureModelId`, `VerifiedBuild`) VALUES 
(104349, 104349, 68026, 26972); 

-- Creature Entry: 104657 (Celestine of the Harvest)
DELETE FROM `conversation_actor_template` WHERE `Id`=104657;
INSERT INTO `conversation_actor_template` (`Id`, `CreatureId`, `CreatureModelId`, `VerifiedBuild`) VALUES 
(104657, 104657, 65532, 26972); 

-- Creature Entry: 105482 (Aviana)
DELETE FROM `conversation_actor_template` WHERE `Id`=105482;
INSERT INTO `conversation_actor_template` (`Id`, `CreatureId`, `CreatureModelId`, `VerifiedBuild`) VALUES 
(105482, 105482, 69259, 26972); 

-- Creature Entry: 103832 (Keeper Remulos)
DELETE FROM `conversation_actor_template` WHERE `Id`=103832;
INSERT INTO `conversation_actor_template` (`Id`, `CreatureId`, `CreatureModelId`, `VerifiedBuild`) VALUES 
(103832, 103832, 11906, 26972); 

-- Creature Entry: 101195 (Rensar Greathoof)
DELETE FROM `conversation_actor_template` WHERE `Id`=53609;
INSERT INTO `conversation_actor_template` (`Id`, `CreatureId`, `CreatureModelId`, `VerifiedBuild`) VALUES 
(53609, 101195, 67016, 26972); 

-- Creature Entry: 97989 (Leafbeard the Storied)
DELETE FROM `conversation_actor_template` WHERE `Id`=97989;
INSERT INTO `conversation_actor_template` (`Id`, `CreatureId`, `CreatureModelId`, `VerifiedBuild`) VALUES 
(97989, 97989, 65525, 26972); 


DELETE FROM `conversation_line_template` WHERE `Id` IN (3548, 3549, 3374, 3372, 3411, 3451, 3450, 3521, 3520, 3468, 3556, 3474, 3538, 3433, 3432, 3352, 3377, 3412, 3446, 3476, 3430, 3539, 3541, 3535, 8382, 3431, 3479, 3475, 3391, 3390, 3443, 3477, 3583, 3582, 3534, 3356, 3478, 3472, 3471, 3470, 3552, 3363, 6129, 3531, 6112, 3573, 3454, 3929, 3928, 3365, 3577, 3576, 3575, 3574, 3493, 3492, 3362, 3489, 3488, 3473, 3540, 4014, 4013, 4009);
INSERT INTO `conversation_line_template` (`Id`, `StartTime`, `UiCameraID`, `ActorIdx`, `Flags`, `VerifiedBuild`) VALUES
(3548, 0, 101, 0, 0, 22566),
(3549, 0, 101, 0, 0, 22566),
(3374, 4896, 99, 0, 0, 22566),
(3372, 0, 99, 0, 0, 22566),
(3411, 0, 99, 0, 0, 22566),
(3451, 11712, 10227547, 0, 0, 22566),
(3450, 0, 10227547, 0, 0, 22566),
(3521, 9159, 1224699824, 0, 0, 22566),
(3520, 0, 1224699824, 0, 0, 22566),
(3468, 0, 1224698816, 0, 0, 22566),
(3556, 0, 1224698816, 0, 0, 22566),
(3474, 0, 1224698816, 0, 0, 22566),
(3538, 0, 1224698816, 0, 0, 22566),
(3433, 7495, 0, 1, 0, 22566),
(3432, 0, 0, 0, 0, 22566),
(3352, 0, 0, 0, 0, 22566),
(3377, 0, 0, 0, 0, 22566),
(3412, 0, 99, 0, 0, 22566),
(3446, 0, 975, 0, 0, 22566),
(3476, 0, 1224698816, 0, 0, 22566),
(3430, 0, 0, 0, 0, 22566),
(3539, 0, 1224698816, 0, 0, 22566),
(3541, 0, 1224698816, 0, 0, 22566),
(3535, 0, 1224698816, 0, 0, 22566),
(8382, 0, 101, 0, 0, 22566),
(3431, 0, 3941371072, 0, 0, 22566),
(3479, 0, 101, 0, 0, 22566),
(3475, 0, 1224698816, 0, 0, 22566),
(3391, 8245, 99, 0, 0, 22566),
(3390, 0, 99, 0, 0, 22566),
(3443, 0, 3941371040, 0, 0, 22566),
(3477, 0, 1224698816, 0, 0, 22566),
(3583, 8319, 0, 0, 0, 22566),
(3582, 0, 0, 0, 0, 22566),
(3534, 0, 1224698816, 0, 0, 22566),
(3356, 0, 0, 0, 0, 22566),
(3478, 20479, 1224698816, 1, 0, 22566),
(3472, 12950, 1224698816, 1, 0, 22566),
(3471, 6796, 1224698816, 0, 0, 22566),
(3470, 0, 1224698816, 0, 0, 22566),
(3552, 0, 101, 0, 0, 22566),
(3363, 0, 0, 0, 0, 22566),
(6129, 0, 4027014336, 0, 0, 22566),
(3531, 0, 1224698640, 0, 0, 22566),
(6112, 0, 145474967, 0, 0, 22566),
(3573, 0, 1224698816, 0, 0, 22566),
(3454, 0, 1224698816, 0, 0, 22566),
(3929, 2100, 1224698816, 1, 0, 22566),
(3928, 0, 1224698816, 0, 0, 22566),
(3365, 0, 4157481208, 0, 0, 22566),
(3577, 33430, 1224698816, 2, 0, 22566),
(3576, 22793, 1224698816, 2, 0, 22566),
(3575, 12466, 1224698816, 1, 0, 22566),
(3574, 0, 1224698816, 0, 0, 22566),
(3493, 8839, 1224698816, 1, 0, 22566),
(3492, 0, 1224698816, 0, 0, 22566),
(3362, 0, 0, 0, 0, 22566),
(3489, 7442, 1224699824, 0, 0, 22566),
(3488, 0, 1224699824, 0, 0, 22566),
(3473, 0, 1224698816, 0, 0, 22566),
(3540, 0, 1224698816, 0, 0, 22566),
(4014, 11619, 1224698816, 0, 0, 22566),
(4013, 0, 1224698816, 0, 0, 22566),
(4009, 0, 1224698816, 0, 0, 22566);


DELETE FROM `conversation_template` WHERE `Id` IN (2921, 2912, 1663, 1660, 1659, 1649, 1899, 3768, 1637, 1850, 1634, 1632, 1635, 1647, 1629, 1636, 1644, 1643, 1896, 1631, 1623, 1612, 1609, 1603, 1602, 1599, 1598, 1601, 1600, 1597, 1582, 1596, 1579, 1576, 1564, 1573, 1563, 1562, 1531, 1549, 1520, 1515, 1548, 1512, 1511, 1510, 1504, 1500);
INSERT INTO `conversation_template` (`Id`, `FirstLineID`, `LastLineEndTime`, `VerifiedBuild`) VALUES
(2921, 6129, 2147670592, 22566),
(2912, 6112, 2147670016, 22566),
(1663, 3582, 2147590080, 22566),
(1660, 3574, 3758202624, 22566),
(1659, 3573, 3758202560, 22566),
(1649, 3556, 3758201920, 22566),
(1899, 4013, 3758217920, 22566),
(3768, 8382, 3758337536, 22566),
(1637, 3541, 3758201152, 22566),
(1850, 3928, 3758214784, 22566),
(1634, 3538, 3758200960, 22566),
(1632, 3535, 3758200832, 22566),
(1635, 3539, 3758201024, 22566),
(1647, 3552, 3758201792, 22566),
(1629, 3531, 3758200640, 22566),
(1636, 3540, 3758201088, 22566),
(1644, 3549, 3758201600, 22566),
(1643, 3548, 3758201536, 22566),
(1896, 4009, 3758217728, 22566),
(1631, 3534, 3758200768, 22566),
(1623, 3520, 3758200256, 22566),
(1612, 3492, 3758199552, 22566),
(1609, 3488, 3758199360, 22566),
(1603, 3479, 3758198976, 22566),
(1602, 3477, 3758198912, 22566),
(1599, 3474, 3758198720, 22566),
(1598, 3473, 3758198656, 22566),
(1601, 3476, 3758198848, 22566),
(1600, 3475, 3758198784, 22566),
(1597, 3470, 3758198592, 22566),
(1582, 3454, 3758197632, 22566),
(1596, 3468, 3758198528, 22566),
(1579, 3450, 2147584704, 22566),
(1576, 3446, 2147584512, 22566),
(1564, 3432, 2147583744, 22566),
(1573, 3443, 2147584320, 22566),
(1563, 3431, 2147583680, 22566),
(1562, 3430, 2147583616, 22566),
(1531, 3390, 2147581632, 22566),
(1549, 3412, 2147582784, 22566),
(1520, 3377, 2147580928, 22566),
(1515, 3372, 2147580608, 22566),
(1548, 3411, 2147582720, 22566),
(1512, 3365, 2147580416, 22566),
(1511, 3363, 2147580352, 22566),
(1510, 3362, 2147580288, 22566),
(1504, 3356, 2147579904, 22566),
(1500, 3352, 2147579648, 22566);


DELETE FROM `gameobject_template_addon` WHERE `entry` IN (248778 /*梦境之路传送门*/, 248779 /*树*/);
INSERT INTO `gameobject_template_addon` (`entry`, `faction`, `flags`) VALUES
(248778, 0, 32), -- 梦境之路传送门
(248779, 0, 32); -- 树

UPDATE `gameobject_template_addon` SET `flags`=262176 WHERE `entry`=247052; -- 枕头
UPDATE `gameobject_template_addon` SET `flags`=32 WHERE `entry`=177192; -- 门
UPDATE `gameobject_template_addon` SET `flags`=4 WHERE `entry`=247901; -- 空杯子


SET NAMES 'latin1';
SET NAMES 'utf8';
DELETE FROM `quest_offer_reward` WHERE `ID` IN (42031 /*-Unknown-*/, 42032 /*-Unknown-*/, 44431 /*-Unknown-*/);
INSERT INTO `quest_offer_reward` (`ID`, `Emote1`, `Emote2`, `Emote3`, `Emote4`, `EmoteDelay1`, `EmoteDelay2`, `EmoteDelay3`, `EmoteDelay4`, `RewardText`, `VerifiedBuild`) VALUES
(42031, 0, 0, 0, 0, 0, 0, 0, 0, 'You were just with Naralex? What were the results of the sampling?', 22566), -- -Unknown-
(42032, 0, 0, 0, 0, 0, 0, 0, 0, 'Our champions returned from Shaladrassil just moments ago, Archdruid. The journey was a great success!', 22566), -- -Unknown-
(44431, 1, 0, 0, 0, 0, 0, 0, 0, 'A sound choice.', 22566); -- -Unknown-

DELETE FROM `quest_offer_reward_locale` WHERE `ID` IN (42031 /*-Unknown-*/, 42032 /*-Unknown-*/, 44431 /*-Unknown-*/) AND `locale`='zhCN';
INSERT INTO `quest_offer_reward_locale` (`ID`, `locale`, `RewardText`, `VerifiedBuild`) VALUES
(42031, 'zhCN', '你刚刚和纳拉雷克斯一起？采样的结果如何？', 22566), -- -Unknown-
(42032, 'zhCN', '我们的勇士刚刚从莎拉达希尔回来了，大德鲁伊。这次行动非常成功！', 22566), -- -Unknown-
(44431, 'zhCN', '聪明的选择。', 22566); -- -Unknown-
/*
DELETE FROM `quest_poi` WHERE (`QuestID`=41436 AND `BlobIndex`=1 AND `Idx1`=5);
INSERT INTO `quest_poi` (`QuestID`, `BlobIndex`, `Idx1`, `ObjectiveIndex`, `QuestObjectiveID`, `QuestObjectID`, `MapID`, `WorldMapAreaId`, `Floor`, `Priority`, `Flags`, `WorldEffectID`, `PlayerConditionID`, `WoDUnk1`, `AlwaysAllowMergingBlobs`, `VerifiedBuild`) VALUES
(41436, 1, 5, 32, 0, 0, 1220, 1018, 0, 0, 0, 0, 0, 1134796, 0, 22566); -- -Unknown-
*/

DELETE FROM `quest_details` WHERE `ID` IN (42033 /*-Unknown-*/, 42031 /*-Unknown-*/, 44443 /*-Unknown-*/);
INSERT INTO `quest_details` (`ID`, `Emote1`, `Emote2`, `Emote3`, `Emote4`, `EmoteDelay1`, `EmoteDelay2`, `EmoteDelay3`, `EmoteDelay4`, `VerifiedBuild`) VALUES
(42033, 0, 0, 0, 0, 0, 0, 0, 0, 22566), -- -Unknown-
(42031, 0, 0, 0, 0, 0, 0, 0, 0, 22566), -- -Unknown-
(44443, 1, 0, 0, 0, 0, 0, 0, 0, 22566); -- -Unknown-

UPDATE `creature` SET `PhaseId` = 6115 WHERE `map`= 1599;

DELETE FROM `creature_template_addon` WHERE `entry` IN (110391 /*110391 (恶毒的鞭笞者) - -Unknown-*/, 61752 /*61752*/, 39394 /*39394 (莱萨拉斯)*/, 39395 /*39395 (加德米尔噩梦龙人)*/, 26704 /*26704 (达卡莱防御者)*/, 62819 /*62819*/, 105330 /*105330 (狂暴的魔犬)*/, 105238 /*105238 (大德鲁伊哈缪尔·符文图腾)*/, 105237 /*105237 (丰收女巫塞莱斯廷)*/, 105239 /*105239 (岑塔布拉) - -Unknown-*/);
INSERT INTO `creature_template_addon` (`entry`, `path_id`, `mount`, `bytes1`, `bytes2`, `emote`, `aiAnimKit`, `movementAnimKit`, `meleeAnimKit`, `auras`) VALUES
(110391, 0, 0, 0, 1, 0, 0, 0, 0, '129310'), -- 110391 (恶毒的鞭笞者) - -Unknown-
(61752, 0, 0, 0, 1, 0, 0, 0, 0, ''), -- 61752
(39394, 0, 0, 0, 1, 0, 0, 0, 0, ''), -- 39394 (莱萨拉斯)
(39395, 0, 0, 0, 1, 0, 0, 0, 0, ''), -- 39395 (加德米尔噩梦龙人)
(26704, 0, 0, 0, 1, 0, 0, 0, 0, ''), -- 26704 (达卡莱防御者)
(62819, 0, 0, 50331648, 1, 0, 0, 0, 0, ''), -- 62819
(105330, 0, 0, 0, 1, 0, 0, 0, 0, ''), -- 105330 (狂暴的魔犬)
(105238, 0, 0, 8, 0, 0, 0, 0, 0, ''), -- 105238 (大德鲁伊哈缪尔·符文图腾)
(105237, 0, 0, 8, 0, 0, 0, 0, 0, ''), -- 105237 (丰收女巫塞莱斯廷)
(105239, 0, 0, 50331648, 0, 0, 0, 0, 0, '208483'); -- 105239 (岑塔布拉) - -Unknown-

UPDATE `creature_template_addon` SET `bytes2`=0 WHERE `entry`=103778; -- 103778
UPDATE `creature_template_addon` SET `bytes1`=0, `bytes2`=1, `auras`='98892' WHERE `entry`=92166; -- 92166
UPDATE `creature_template_addon` SET `bytes2`=1, `auras`='98892' WHERE `entry`=92164; -- 92164
UPDATE `creature_template_addon` SET `bytes2`=257 WHERE `entry`=11822; -- 11822
UPDATE `creature_template_addon` SET `bytes2`=1 WHERE `entry`=62177; -- 62177
UPDATE `creature_template_addon` SET `bytes1`=50331648 WHERE `entry`=49844; -- 49844
UPDATE `creature_template_addon` SET `auras`='' WHERE `entry`=1412; -- 1412
UPDATE `creature_template_addon` SET `bytes2`=1 WHERE `entry`=103585; -- 103585
UPDATE `creature_template_addon` SET `auras`='' WHERE `entry`=721; -- 721
UPDATE `creature_template_addon` SET `bytes2`=1, `auras`='48795' WHERE `entry`=27421; -- 27421
UPDATE `creature_template_addon` SET `bytes2`=1 WHERE `entry`=26706; -- 26706
UPDATE `creature_template_addon` SET `bytes2`=1 WHERE `entry`=105980; -- 105980
UPDATE `creature_template_addon` SET `bytes1`=50331648, `auras`='' WHERE `entry`=104726; -- 104726 (加尼尔)
UPDATE `creature_template_addon` SET `bytes1`=50331648, `auras`='209430' WHERE `entry`=105482; -- 105482 (艾维娜)
UPDATE `creature_template_addon` SET `bytes1`=50331648, `aiAnimKit`=5605 WHERE `entry`=104715; -- 104715 (月光)
UPDATE `creature_template_addon` SET `bytes1`=8, `bytes2`=1 WHERE `entry`=104657; -- 104657 (丰收女巫塞莱斯廷)
UPDATE `creature_template_addon` SET `bytes1`=50331648, `bytes2`=0 WHERE `entry`=104658; -- 104658 (岑塔布拉)
UPDATE `creature_template_addon` SET `bytes1`=8, `bytes2`=1 WHERE `entry`=104659; -- 104659 (大德鲁伊哈缪尔·符文图腾)
UPDATE `creature_template_addon` SET `bytes1`=262144, `auras`='201326' WHERE `entry`=104682; -- 104682 (地狱火入侵者)
UPDATE `creature_template_addon` SET `bytes2`=1, `auras`='' WHERE `entry`=104628; -- 104628 (莱莎·护蕾)
UPDATE `creature_template_addon` SET `bytes2`=0 WHERE `entry`=104620; -- 104620 (啸天者欧穆隆)
UPDATE `creature_template_addon` SET `bytes1`=50331648, `auras`='123978' WHERE `entry`=104852; -- 104852 (小精灵)
UPDATE `creature_template_addon` SET `bytes2`=1 WHERE `entry`=95464; -- 95464 (Gigantic AOI Bunny - GJC [INSTANCES ONLY])
UPDATE `creature_template_addon` SET `bytes1`=262144, `auras`='201326' WHERE `entry`=104639; -- 104639 (恶魔卫士入侵者)
UPDATE `creature_template_addon` SET `bytes1`=262144, `auras`='201326' WHERE `entry`=104686; -- 104686 (狂暴的魔犬)
UPDATE `creature_template_addon` SET `bytes1`=50331648 WHERE `entry`=105971; -- 105971
UPDATE `creature_template_addon` SET `bytes2`=1 WHERE `entry`=112661; -- 112661
UPDATE `creature_template_addon` SET `bytes2`=1 WHERE `entry`=112662; -- 112662
UPDATE `creature_template_addon` SET `bytes2`=1 WHERE `entry`=107260; -- 107260
UPDATE `creature_template_addon` SET `bytes2`=1 WHERE `entry`=107261; -- 107261
UPDATE `creature_template_addon` SET `bytes2`=1 WHERE `entry`=112650; -- 112650
UPDATE `creature_template_addon` SET `bytes2`=1 WHERE `entry`=104392; -- 104392
UPDATE `creature_template_addon` SET `bytes2`=1 WHERE `entry`=112691; -- 112691
UPDATE `creature_template_addon` SET `bytes2`=1 WHERE `entry`=112692; -- 112692
UPDATE `creature_template_addon` SET `bytes2`=1 WHERE `entry`=112690; -- 112690
UPDATE `creature_template_addon` SET `bytes2`=1 WHERE `entry`=107264; -- 107264
UPDATE `creature_template_addon` SET `bytes2`=1 WHERE `entry`=107262; -- 107262
UPDATE `creature_template_addon` SET `bytes2`=1 WHERE `entry`=112669; -- 112669
UPDATE `creature_template_addon` SET `bytes2`=1 WHERE `entry`=112644; -- 112644
UPDATE `creature_template_addon` SET `bytes2`=1 WHERE `entry`=107265; -- 107265
UPDATE `creature_template_addon` SET `bytes2`=1 WHERE `entry`=113461; -- 113461
UPDATE `creature_template_addon` SET `bytes2`=1 WHERE `entry`=112659; -- 112659
UPDATE `creature_template_addon` SET `bytes2`=1 WHERE `entry`=107263; -- 107263
UPDATE `creature_template_addon` SET `bytes2`=1 WHERE `entry`=113443; -- 113443
UPDATE `creature_template_addon` SET `bytes2`=1 WHERE `entry`=113442; -- 113442
UPDATE `creature_template_addon` SET `bytes2`=257 WHERE `entry`=107457; -- 107457
UPDATE `creature_template_addon` SET `bytes2`=1 WHERE `entry`=104573; -- 104573 (莱莎·护蕾)
UPDATE `creature_template_addon` SET `bytes2`=1 WHERE `entry`=104514; -- 104514 (被污染的嫩苗)
UPDATE `creature_template_addon` SET `bytes2`=1 WHERE `entry`=97936; -- 97936
UPDATE `creature_template_addon` SET `bytes1`=8, `bytes2`=1 WHERE `entry`=104398; -- 104398 (巴珊娜·符文图腾)
UPDATE `creature_template_addon` SET `bytes2`=1 WHERE `entry`=104515; -- 104515 (纠缠梦魇)
UPDATE `creature_template_addon` SET `bytes2`=1 WHERE `entry`=104533; -- 104533 (凝结梦魇)
UPDATE `creature_template_addon` SET `bytes2`=1 WHERE `entry`=98055; -- 98055
UPDATE `creature_template_addon` SET `bytes2`=1 WHERE `entry`=104383; -- 104383 (噩梦藤)
UPDATE `creature_template_addon` SET `bytes2`=1 WHERE `entry`=104386; -- 104386 (噩梦藤)
UPDATE `creature_template_addon` SET `bytes2`=1 WHERE `entry`=104221; -- 104221
UPDATE `creature_template_addon` SET `bytes2`=1 WHERE `entry`=98052; -- 98052
UPDATE `creature_template_addon` SET `bytes2`=1 WHERE `entry`=104206; -- 104206
UPDATE `creature_template_addon` SET `bytes2`=1 WHERE `entry`=98057; -- 98057
UPDATE `creature_template_addon` SET `bytes2`=1 WHERE `entry`=104182; -- 104182
UPDATE `creature_template_addon` SET `bytes2`=1 WHERE `entry`=98044; -- 98044
UPDATE `creature_template_addon` SET `bytes2`=1 WHERE `entry`=103560; -- 103560
UPDATE `creature_template_addon` SET `bytes2`=1 WHERE `entry`=103832; -- 103832
UPDATE `creature_template_addon` SET `bytes2`=251658241 WHERE `entry`=104207; -- 104207
UPDATE `creature_template_addon` SET `bytes2`=1 WHERE `entry`=114271; -- 114271
UPDATE `creature_template_addon` SET `bytes2`=1 WHERE `entry`=112327; -- 112327
UPDATE `creature_template_addon` SET `bytes2`=1 WHERE `entry`=97989; -- 97989
UPDATE `creature_template_addon` SET `bytes2`=1 WHERE `entry`=111737; -- 111737
UPDATE `creature_template_addon` SET `bytes2`=1 WHERE `entry`=98050; -- 98050
UPDATE `creature_template_addon` SET `bytes2`=1 WHERE `entry`=98060; -- 98060
UPDATE `creature_template_addon` SET `bytes2`=256 WHERE `entry`=98059; -- 98059
UPDATE `creature_template_addon` SET `bytes2`=1 WHERE `entry`=98307; -- 98307
UPDATE `creature_template_addon` SET `bytes2`=1 WHERE `entry`=111899; -- 111899
UPDATE `creature_template_addon` SET `bytes2`=1 WHERE `entry`=111893; -- 111893
UPDATE `creature_template_addon` SET `bytes2`=1 WHERE `entry`=111931; -- 111931
UPDATE `creature_template_addon` SET `bytes2`=1 WHERE `entry`=111924; -- 111924
UPDATE `creature_template_addon` SET `bytes2`=1 WHERE `entry`=111920; -- 111920
UPDATE `creature_template_addon` SET `bytes2`=1 WHERE `entry`=98030; -- 98030
UPDATE `creature_template_addon` SET `bytes2`=1 WHERE `entry`=104176; -- 104176
UPDATE `creature_template_addon` SET `bytes2`=1 WHERE `entry`=104145; -- 104145
UPDATE `creature_template_addon` SET `bytes2`=1 WHERE `entry`=49728; -- 49728
UPDATE `creature_template_addon` SET `bytes2`=1 WHERE `entry`=111908; -- 111908
UPDATE `creature_template_addon` SET `bytes2`=251658241 WHERE `entry`=98045; -- 98045
UPDATE `creature_template_addon` SET `bytes2`=1 WHERE `entry`=98006; -- 98006
UPDATE `creature_template_addon` SET `bytes2`=1 WHERE `entry`=114296; -- 114296
UPDATE `creature_template_addon` SET `bytes2`=1 WHERE `entry`=98042; -- 98042
UPDATE `creature_template_addon` SET `bytes2`=1 WHERE `entry`=104140; -- 104140

DELETE FROM `creature_template_scaling` WHERE `Entry` IN (110391, 105330, 105238, 105237, 105239);
INSERT INTO `creature_template_scaling` (`Entry`, `LevelScalingMin`, `LevelScalingMax`, `LevelScalingDeltaMin`, `LevelScalingDeltaMax`, `VerifiedBuild`) VALUES
(110391, 98, 110, 0, 0, 22566),
(105330, 98, 110, 0, 0, 22566),
(105238, 98, 110, 0, 0, 22566),
(105237, 100, 110, 0, 0, 22566),
(105239, 100, 110, 0, 0, 22566);



UPDATE `creature_model_info` SET `BoundingRadius`=0.0875, `CombatReach`=0.25, `VerifiedBuild`=22566 WHERE `DisplayID`=69309;
UPDATE `creature_model_info` SET `VerifiedBuild`=22566 WHERE `DisplayID`=12820;
UPDATE `creature_model_info` SET `VerifiedBuild`=22566 WHERE `DisplayID`=332;
UPDATE `creature_model_info` SET `VerifiedBuild`=22566 WHERE `DisplayID`=27078;
UPDATE `creature_model_info` SET `VerifiedBuild`=22566 WHERE `DisplayID`=24630;
UPDATE `creature_model_info` SET `BoundingRadius`=0.5, `CombatReach`=1, `VerifiedBuild`=22566 WHERE `DisplayID`=68677;
UPDATE `creature_model_info` SET `BoundingRadius`=0.8829392, `CombatReach`=1.5, `VerifiedBuild`=22566 WHERE `DisplayID`=69157;
UPDATE `creature_model_info` SET `BoundingRadius`=1.2, `CombatReach`=1.2, `VerifiedBuild`=22566 WHERE `DisplayID`=68648;

DELETE FROM `creature_equip_template` WHERE (`CreatureID`=105238 AND `ID`=1) OR (`CreatureID`=105237 AND `ID`=1) OR (`CreatureID`=105239 AND `ID`=1);
INSERT INTO `creature_equip_template` (`CreatureID`, `ID`, `ItemID1`, `AppearanceModID1`, `ItemVisual1`, `ItemID2`, `AppearanceModID2`, `ItemVisual2`, `ItemID3`, `AppearanceModID3`, `ItemVisual3`) VALUES
(105238, 1, 63052, 0, 0, 0, 0, 0, 0, 0, 0), -- 大德鲁伊哈缪尔·符文图腾
(105237, 1, 50695, 0, 0, 0, 0, 0, 0, 0, 0), -- 丰收女巫塞莱斯廷
(105239, 1, 57020, 0, 0, 0, 0, 0, 0, 0, 0); -- 岑塔布拉


DELETE FROM `gossip_menu` WHERE (`MenuId`=19485 AND `TextId`=28750) OR (`MenuId`=20015 AND `TextId`=27432);
INSERT INTO `gossip_menu` (`MenuId`, `TextId`, `VerifiedBuild`) VALUES
(19485, 28750, 22566), -- 104628 (莱莎·护蕾)
(20015, 27432, 22566); -- 97989

UPDATE `gossip_menu` SET `VerifiedBuild`=22566 WHERE (`MenuId`=19156 AND `TextId`=28059); -- 0
UPDATE `gossip_menu` SET `VerifiedBuild`=22566 WHERE (`MenuId`=19357 AND `TextId`=28465); -- 0
UPDATE `gossip_menu` SET `VerifiedBuild`=22566 WHERE (`MenuId`=18747 AND `TextId`=27251); -- 0
UPDATE `gossip_menu` SET `VerifiedBuild`=22566 WHERE (`MenuId`=19406 AND `TextId`=28617); -- 0
UPDATE `gossip_menu` SET `VerifiedBuild`=22566 WHERE (`MenuId`=19400 AND `TextId`=28594); -- 0
UPDATE `gossip_menu` SET `VerifiedBuild`=22566 WHERE (`MenuId`=18747 AND `TextId`=27251); -- 0
UPDATE `gossip_menu` SET `VerifiedBuild`=22566 WHERE (`MenuId`=19156 AND `TextId`=28059); -- 0

SET NAMES 'utf8';

DELETE FROM `gossip_menu_option` WHERE (`MenuId`=19357 AND `OptionIndex`=0) OR (`MenuId`=19485 AND `OptionIndex`=0) OR (`MenuId`=20015 AND `OptionIndex`=0) OR (`MenuId`=19156 AND `OptionIndex`=3);
INSERT INTO `gossip_menu_option` (`MenuId`, `OptionIndex`, `OptionIcon`, `OptionText`, `OptionBroadcastTextId`, `VerifiedBuild`) VALUES
(19357, 0, 0, '你拿到梦魇样本了吗？', 0, 22566),
(19485, 0, 0, '我准备好了。', 77207, 22566), -- OptionBroadcastTextID: 4084 - 27602 - 28039 - 35320 - 35539 - 39152 - 50996 - 52091 - 52966 - 68157 - 72264 - 75831 - 77207
(20015, 0, 0, '我需要你的祝福，这样我才能进入翡翠梦境。', 0, 22566),
(19156, 3, 0, '我改变主意了。让我看看还有哪些神器可以选择。', 0, 22566);

DELETE FROM `gossip_menu_option_locale` WHERE ((`MenuId`=19357 AND `OptionIndex`=0) OR (`MenuId`=19485 AND `OptionIndex`=0) OR (`MenuId`=20015 AND `OptionIndex`=0) OR (`MenuId`=19156 AND `OptionIndex`=3)) AND `locale`='zhCN';
INSERT INTO `gossip_menu_option_locale` (`MenuId`, `OptionIndex`, `Locale`, `OptionText`, `BoxText`) VALUES
(19357, 0, 'zhCN', '你拿到梦魇样本了吗？', NULL),
(19485, 0, 'zhCN', '我准备好了。', NULL), 
(20015, 0, 'zhCN', '我需要你的祝福，这样我才能进入翡翠梦境。', NULL),
(19156, 3, 'zhCN', '我改变主意了。让我看看还有哪些神器可以选择。', NULL);


DELETE FROM `gossip_menu_option_locale` WHERE ((`MenuId`=19406 AND `OptionIndex`=0) OR (`MenuId`=19400 AND `OptionIndex`=0) ) AND `locale`='zhCN';
INSERT INTO `gossip_menu_option_locale` (`MenuId`, `OptionIndex`, `Locale`, `OptionText`, `BoxText`) VALUES
(19406, 0, 'zhCN', '这里发生了什么？', NULL),
(19400, 0, 'zhCN', '加尼尔已经被梦魇污染了。', NULL);

UPDATE `gossip_menu_option` SET `VerifiedBuild`=22566 WHERE (`MenuId`=18747 AND `OptionIndex`=0);
UPDATE `gossip_menu_option` SET `VerifiedBuild`=22566 WHERE (`MenuId`=18747 AND `OptionIndex`=0);

DELETE FROM `gossip_menu_option_action` WHERE (`MenuId`=20015 AND `OptionIndex`=0);
INSERT INTO `gossip_menu_option_action` (`MenuId`, `OptionIndex`, `ActionMenuId`, `ActionPoiId`) VALUES
(20015, 0, 19400, 0);


UPDATE `creature_template` SET `speed_run`=0.9920629, `unit_flags`=768 WHERE `entry`=97555; -- -Unknown-
UPDATE `creature_template` SET `minlevel`=98, `maxlevel`=110, `faction`=954, `speed_walk`=0.4, `speed_run`=0.2857143, `BaseAttackTime`=2000, `RangeAttackTime`=2000, `unit_class`=2, `unit_flags`=32768, `unit_flags2`=2048 WHERE `entry`=110391; -- 恶毒的鞭笞者
UPDATE `creature_template` SET `unit_flags`=33536 WHERE `entry`=103778; -- -Unknown-
UPDATE `creature_template` SET `minlevel`=113, `maxlevel`=113 WHERE `entry`=92166; -- -Unknown-
UPDATE `creature_template` SET `minlevel`=112, `maxlevel`=112 WHERE `entry`=113966; -- -Unknown-
UPDATE `creature_template` SET `minlevel`=113, `maxlevel`=113, `speed_run`=1 WHERE `entry`=113964; -- -Unknown-
UPDATE `creature_template` SET `minlevel`=110, `maxlevel`=110, `speed_run`=1.142857 WHERE `entry`=11822; -- -Unknown-
UPDATE `creature_template` SET `speed_run`=1.142857 WHERE `entry`=49844; -- -Unknown-
UPDATE `creature_template` SET `speed_run`=1.142857 WHERE `entry`=22835; -- -Unknown-
UPDATE `creature_template` SET `npcflag`=1073741824, `speed_run`=0.8571429, `BaseAttackTime`=2000, `RangeAttackTime`=2000, `unit_flags`=512, `unit_flags2`=2048 WHERE `entry`=61752; -- -Unknown-
UPDATE `creature_template` SET `faction`=190, `unit_flags`=33555200 WHERE `entry`=39834; -- Dream Portal Bunny
UPDATE `creature_template` SET `minlevel`=113, `maxlevel`=113 WHERE `entry`=105482; -- 艾维娜
UPDATE `creature_template` SET `minlevel`=98, `maxlevel`=110, `faction`=14, `BaseAttackTime`=2000, `RangeAttackTime`=2000, `unit_flags`=32768, `unit_flags2`=2048 WHERE `entry`=105330; -- 狂暴的魔犬
UPDATE `creature_template` SET `speed_walk`=1, `unit_flags2`=37750784 WHERE `entry`=104619; -- 迪托马斯
UPDATE `creature_template` SET `minlevel`=110, `maxlevel`=110 WHERE `entry`=104715; -- 月光
-- UPDATE `creature_template` SET `unit_flags`=32768 WHERE `entry`=104657; -- 丰收女巫塞莱斯廷
-- UPDATE `creature_template` SET `unit_flags`=32768 WHERE `entry`=104659; -- 大德鲁伊哈缪尔·符文图腾
UPDATE `creature_template` SET `minlevel`=98, `maxlevel`=110, `BaseAttackTime`=2000, `RangeAttackTime`=2000, `unit_flags`=32768, `unit_flags2`=2048 WHERE `entry`=105238; -- 大德鲁伊哈缪尔·符文图腾
UPDATE `creature_template` SET `minlevel`=100, `maxlevel`=110, `BaseAttackTime`=2000, `RangeAttackTime`=2000, `unit_class`=2, `unit_flags`=32768, `unit_flags2`=2048 WHERE `entry`=105237; -- 丰收女巫塞莱斯廷
UPDATE `creature_template` SET `minlevel`=100, `maxlevel`=110, `BaseAttackTime`=2000, `RangeAttackTime`=2000, `unit_class`=4, `unit_flags`=32768, `unit_flags2`=2048 WHERE `entry`=105239; -- 岑塔布拉
-- UPDATE `creature_template` SET `gossip_menu_id`=19485 WHERE `entry`=104628; -- 莱莎·护蕾
UPDATE `creature_template` SET `dynamicflags`=32 WHERE `entry`=104639; -- 恶魔卫士入侵者
UPDATE `creature_template` SET `dynamicflags`=32 WHERE `entry`=104686; -- 狂暴的魔犬
UPDATE `creature_template` SET `dynamicflags`=32 WHERE `entry`=104682; -- 地狱火入侵者
UPDATE `creature_template` SET `speed_run`=1 WHERE `entry`=97936; -- -Unknown-
UPDATE `creature_template` SET `unit_flags`=33280 WHERE `entry`=104349; -- 纳拉雷克斯

UPDATE `creature_template` SET `speed_walk`=0.888888, `speed_run`=0.9920629 WHERE `entry`=62821; -- -Unknown-
UPDATE `creature_template` SET `speed_walk`=0.888888, `speed_run`=0.9920629 WHERE `entry`=62822; -- -Unknown-
UPDATE `creature_template` SET `speed_run`=1 WHERE `entry`=98030; -- -Unknown-
UPDATE `creature_template` SET `speed_run`=1 WHERE `entry`=104176; -- -Unknown-
UPDATE `creature_template` SET `speed_run`=1 WHERE `entry`=104145; -- -Unknown-
UPDATE `creature_template` SET `unit_flags`=33536, `unit_flags2`=2048 WHERE `entry`=98029; -- -Unknown-



SET NAMES 'utf8';
SET @GROUP_ID = 0;
SET @ID = 0;

DELETE FROM `creature_text` WHERE (`CreatureID`=32642 AND `GroupID`=@GROUP_ID+0 AND `ID`=@ID+0) OR (`CreatureID`=62821 AND `GroupID`=@GROUP_ID+1 AND `ID`=@ID+0) OR (`CreatureID`=97989 AND `GroupID`=@GROUP_ID+0 AND `ID`=@ID+0) OR (`CreatureID`=98027 AND `GroupID`=@GROUP_ID+0 AND `ID`=@ID+0) OR (`CreatureID`=98027 AND `GroupID`=@GROUP_ID+1 AND `ID`=@ID+0) OR (`CreatureID`=98027 AND `GroupID`=@GROUP_ID+2 AND `ID`=@ID+0) OR (`CreatureID`=101195 AND `GroupID`=@GROUP_ID+0 AND `ID`=@ID+0) OR (`CreatureID`=104349 AND `GroupID`=@GROUP_ID+0 AND `ID`=@ID+0) OR (`CreatureID`=104349 AND `GroupID`=@GROUP_ID+1 AND `ID`=@ID+0) OR (`CreatureID`=104398 AND `GroupID`=@GROUP_ID+0 AND `ID`=@ID+0) OR (`CreatureID`=104398 AND `GroupID`=@GROUP_ID+1 AND `ID`=@ID+0) OR (`CreatureID`=104573 AND `GroupID`=@GROUP_ID+0 AND `ID`=@ID+0) OR (`CreatureID`=104573 AND `GroupID`=@GROUP_ID+1 AND `ID`=@ID+0) OR (`CreatureID`=104577 AND `GroupID`=@GROUP_ID+0 AND `ID`=@ID+0) OR (`CreatureID`=104577 AND `GroupID`=@GROUP_ID+1 AND `ID`=@ID+0) OR (`CreatureID`=104577 AND `GroupID`=@GROUP_ID+2 AND `ID`=@ID+0) OR (`CreatureID`=104577 AND `GroupID`=@GROUP_ID+3 AND `ID`=@ID+0) OR (`CreatureID`=104658 AND `GroupID`=@GROUP_ID+0 AND `ID`=@ID+0) OR (`CreatureID`=104658 AND `GroupID`=@GROUP_ID+1 AND `ID`=@ID+0) OR (`CreatureID`=110398 AND `GroupID`=@GROUP_ID+0 AND `ID`=@ID+0) OR (`CreatureID`=110398 AND `GroupID`=@GROUP_ID+1 AND `ID`=@ID+0) OR (`CreatureID`=113525 AND `GroupID`=@GROUP_ID+0 AND `ID`=@ID+0) OR (`CreatureID`=113525 AND `GroupID`=@GROUP_ID+1 AND `ID`=@ID+0);
INSERT INTO `creature_text` (`CreatureID`, `GroupID`, `ID`, `Text`, `Type`, `Language`, `Probability`, `Emote`, `Duration`, `Sound`, `BroadcastTextId`, `comment`) VALUES
(32642, @GROUP_ID+0, @ID+0, 'Be dat way den!', 12, 0, 100, 1, 0, 0, 33029, 'Mojodishu to Player'),
(62821, @GROUP_ID+1, @ID+0, '我无意针对你创立法规。', 12, 0, 100, 3, 0, 6515, 63975, '秘法师鸟羽帽 to Player'),
(97989, @GROUP_ID+0, @ID+0, '加尼尔遭到了威胁？那么我们不能再浪费时间了。', 12, 0, 100, 0, 0, 0, 0, '传说中的叶须 to Player'),
(98027, @GROUP_ID+2, @ID+0, '日安，$ct。', 12, 0, 100, 0, 0, 62245, 0, 'Laughing Sister to Player'),
(98027, @GROUP_ID+1, @ID+0, '森林中的一切都是那么美妙，$ct。', 12, 0, 100, 0, 0, 0, 0, 'Laughing Sister to Player'),
(98027, @GROUP_ID+0, @ID+0, 'Hi, $ct!！', 12, 0, 100, 0, 0, 0, 0, 'Laughing Sister to Player'),
(101195, @GROUP_ID+0, @ID+0, '梦魇的扩散比我们预想的还远。我要好好想想，大德鲁伊。', 12, 0, 100, 396, 0, 70996, 121599, '伦萨·巨蹄 to Player'),
(104349, @GROUP_ID+0, @ID+0, '梦境的情况恐怕比我们想的还要糟。', 12, 0, 100, 0, 0, 62240, 106846, '纳拉雷克斯 to Player'),
(104349, @GROUP_ID+1, @ID+0, '现在，放松，把精神集中到梦境里。我会指引你的灵魂。', 12, 0, 100, 0, 0, 62235, 106848, '纳拉雷克斯 to Player'),
(104398, @GROUP_ID+0, @ID+0, '我还以为死定了呢！', 12, 0, 100, 0, 0, 62226, 106906, '巴珊娜·符文图腾 to 巴珊娜·符文图腾'),
(104398, @GROUP_ID+1, @ID+0, '最好别跟这些恐魔交战。我们溜过去！', 12, 0, 100, 0, 0, 62227, 106907, '巴珊娜·符文图腾 to 巴珊娜·符文图腾'),
(104573, @GROUP_ID+0, @ID+0, '要不是你及时赶到，我肯定会被击垮。谢谢。', 12, 0, 100, 2, 0, 62233, 107004, '莱莎·护蕾 to Player'),
(104573, @GROUP_ID+1, @ID+0, '现实世界见。', 12, 0, 100, 0, 0, 62234, 107005, '莱莎·护蕾 to Player'),
(104577, @GROUP_ID+0, @ID+0, '愿古树赐福予我们。', 12, 0, 100, 0, 0, 62211, 107061, '莱莎·护蕾 to Player'),
(104577, @GROUP_ID+1, @ID+0, '我守护了加尼尔几百年。可今天，它差点被腐蚀了。是时候让别人来接替我了。', 12, 0, 100, 0, 0, 62216, 107326, '莱莎·护蕾 to Player'),
(104577, @GROUP_ID+2, @ID+0, '因此，我决定将我的位置传给$p，一位真正的生命保护者……和梦境守护者！', 12, 0, 100, 0, 0, 62217, 107327, '莱莎·护蕾 to Player'),
(104577, @GROUP_ID+3, @ID+0, '再次感谢，大导师。我会留在梦境林地。如果你需要指导，就来找我吧。', 12, 0, 100, 0, 0, 62218, 107328, '莱莎·护蕾 to Player'),
(104658, @GROUP_ID+0, @ID+0, '%s身受重伤，单膝跪了下来。', 16, 0, 100, 0, 0, 0, 0, '岑塔布拉 to 迪托马斯'),
(104658, @GROUP_ID+1, @ID+0, '%s|cFFFF0404|Hspell:204237|h[严重受伤]|h|r，在经过治疗前无法继续战斗了！', 41, 0, 100, 0, 0, 0, 0, '岑塔布拉 to 迪托马斯'),
(110398, @GROUP_ID+0, @ID+0, '没错，我有莎拉达希尔根须的鞭笞者种子。', 12, 0, 100, 0, 0, 66745, 111956, '纳拉雷克斯 to Player'),
(110398, @GROUP_ID+1, @ID+0, '拿上种子，种到这边的泥土里。', 12, 0, 100, 1, 0, 66741, 111957, '纳拉雷克斯 to Player'),
(113525, @GROUP_ID+0, @ID+0, '米露恩一边抽泣，一边努力深呼吸。', 16, 0, 100, 0, 0, 0, 0, '米露恩 to Player'),
(113525, @GROUP_ID+1, @ID+0, '我们能行，$n。加尼尔就靠我们了！', 12, 0, 100, 0, 0, 62245, 106807, '米露恩 to Player');


DELETE FROM `creature_text_locale` WHERE (`CreatureID`=32642 AND `GroupID`=@GROUP_ID+0 AND `ID`=@ID+0 AND `locale`='zhCN') OR (`CreatureID`=62821 AND `GroupID`=@GROUP_ID+1 AND `ID`=@ID+0 AND `locale`='zhCN') OR (`CreatureID`=97989 AND `GroupID`=@GROUP_ID+0 AND `ID`=@ID+0 AND `locale`='zhCN') OR (`CreatureID`=98027 AND `GroupID`=@GROUP_ID+0 AND `ID`=@ID+0 AND `locale`='zhCN') OR (`CreatureID`=98027 AND `GroupID`=@GROUP_ID+1 AND `ID`=@ID+0 AND `locale`='zhCN') OR (`CreatureID`=98027 AND `GroupID`=@GROUP_ID+2 AND `ID`=@ID+0 AND `locale`='zhCN') OR (`CreatureID`=101195 AND `GroupID`=@GROUP_ID+0 AND `ID`=@ID+0 AND `locale`='zhCN') OR (`CreatureID`=104349 AND `GroupID`=@GROUP_ID+0 AND `ID`=@ID+0 AND `locale`='zhCN') OR (`CreatureID`=104349 AND `GroupID`=@GROUP_ID+1 AND `ID`=@ID+0 AND `locale`='zhCN')  OR (`CreatureID`=104398 AND `GroupID`=@GROUP_ID+0 AND `ID`=@ID+0 AND `locale`='zhCN') OR (`CreatureID`=104398 AND `GroupID`=@GROUP_ID+1 AND `ID`=@ID+0 AND `locale`='zhCN') OR (`CreatureID`=104398 AND `GroupID`=@GROUP_ID+2 AND `ID`=@ID+0 AND `locale`='zhCN') OR (`CreatureID`=104398 AND `GroupID`=@GROUP_ID+3 AND `ID`=@ID+0 AND `locale`='zhCN') OR (`CreatureID`=104573 AND `GroupID`=@GROUP_ID+0 AND `ID`=@ID+0 AND `locale`='zhCN') OR (`CreatureID`=104573 AND `GroupID`=@GROUP_ID+1 AND `ID`=@ID+0 AND `locale`='zhCN') OR (`CreatureID`=104577 AND `GroupID`=@GROUP_ID+0 AND `ID`=@ID+0 AND `locale`='zhCN') OR (`CreatureID`=104577 AND `GroupID`=@GROUP_ID+1 AND `ID`=@ID+0 AND `locale`='zhCN') OR (`CreatureID`=104577 AND `GroupID`=@GROUP_ID+2 AND `ID`=@ID+0 AND `locale`='zhCN') OR (`CreatureID`=104577 AND `GroupID`=@GROUP_ID+3 AND `ID`=@ID+0 AND `locale`='zhCN') OR (`CreatureID`=104658 AND `GroupID`=@GROUP_ID+0 AND `ID`=@ID+0 AND `locale`='zhCN') OR (`CreatureID`=104658 AND `GroupID`=@GROUP_ID+1 AND `ID`=@ID+0 AND `locale`='zhCN') OR (`CreatureID`=110398 AND `GroupID`=@GROUP_ID+0 AND `ID`=@ID+0 AND `locale`='zhCN') OR (`CreatureID`=110398 AND `GroupID`=@GROUP_ID+1 AND `ID`=@ID+0 AND `locale`='zhCN') OR (`CreatureID`=113525 AND `GroupID`=@GROUP_ID+0 AND `ID`=@ID+0 AND `locale`='zhCN') OR (`CreatureID`=113525 AND `GroupID`=@GROUP_ID+1 AND `ID`=@ID+0 AND `locale`='zhCN');
INSERT INTO `creature_text_locale` (`CreatureID`, `GroupID`, `ID`, `locale`, `Text`) VALUES
(32642, @GROUP_ID+0, @ID+0, 'zhCN', '那就这样吧！'),
(62821, @GROUP_ID+1, @ID+0, 'zhCN', '我无意针对你创立法规。'),
(97989, @GROUP_ID+0, @ID+0, 'zhCN', '加尼尔遭到了威胁？那么我们不能再浪费时间了。'),
(98027, @GROUP_ID+2, @ID+0, 'zhCN', '日安，$ct。'),
(98027, @GROUP_ID+1, @ID+0, 'zhCN', '森林中的一切都是那么美妙，$ct。'),
(98027, @GROUP_ID+0, @ID+0, 'zhCN', '嗨，$ct！'),
(101195, @GROUP_ID+0, @ID+0, 'zhCN', '梦魇的扩散比我们预想的还远。我要好好想想，大德鲁伊。'),
(104349, @GROUP_ID+0, @ID+0, 'zhCN', '梦境的情况恐怕比我们想的还要糟。'),
(104349, @GROUP_ID+1, @ID+0, 'zhCN', '现在，放松，把精神集中到梦境里。我会指引你的灵魂。'),
(104398, @GROUP_ID+0, @ID+0, 'zhCN', '我还以为死定了呢！'),
(104398, @GROUP_ID+1, @ID+0, 'zhCN', '最好别跟这些恐魔交战。我们溜过去！'),
(104573, @GROUP_ID+0, @ID+0, 'zhCN', '要不是你及时赶到，我肯定会被击垮。谢谢。'),
(104573, @GROUP_ID+1, @ID+0, 'zhCN', '现实世界见。'),
(104577, @GROUP_ID+0, @ID+0, 'zhCN', '愿古树赐福予我们。'),
(104577, @GROUP_ID+1, @ID+0, 'zhCN', '我守护了加尼尔几百年。可今天，它差点被腐蚀了。是时候让别人来接替我了。'),
(104577, @GROUP_ID+2, @ID+0, 'zhCN', '因此，我决定将我的位置传给$p，一位真正的生命保护者……和梦境守护者！'),
(104577, @GROUP_ID+3, @ID+0, 'zhCN', '再次感谢，大导师。我会留在梦境林地。如果你需要指导，就来找我吧。'),
(104658, @GROUP_ID+0, @ID+0, 'zhCN', '%s身受重伤，单膝跪了下来。'),
(104658, @GROUP_ID+1, @ID+0, 'zhCN', '%s|cFFFF0404|Hspell:204237|h[严重受伤]|h|r，在经过治疗前无法继续战斗了！'),
(110398, @GROUP_ID+0, @ID+0, 'zhCN', '没错，我有莎拉达希尔根须的鞭笞者种子。'),
(110398, @GROUP_ID+1, @ID+0, 'zhCN', '拿上种子，种到这边的泥土里。'),
(113525, @GROUP_ID+0, @ID+0, 'zhCN', '米露恩一边抽泣，一边努力深呼吸。'),
(113525, @GROUP_ID+1, @ID+0, 'zhCN', '我们能行，$n。加尼尔就靠我们了！');

INSERT IGNORE INTO `npc_spellclick_spells` (`npc_entry`, `spell_id`, `cast_flags`, `user_type`) VALUES
(114296, 227368, 0, 0),
(110390, 219448, 0, 0);


UPDATE `gameobject_template` SET `VerifiedBuild`=22566 WHERE `entry`=177256; -- Doodad_opendoor_02
UPDATE `gameobject_template` SET `VerifiedBuild`=22566 WHERE `entry`=177254; -- Doodad_opendoor_01
UPDATE `gameobject_template` SET `VerifiedBuild`=22566 WHERE `entry`=177255; -- Doodad_opendoor_03
UPDATE `gameobject_template` SET `VerifiedBuild`=22566 WHERE `entry`=179469; -- 竞技场大门
UPDATE `gameobject_template` SET `VerifiedBuild`=22566 WHERE `entry`=177188; -- 门
UPDATE `gameobject_template` SET `VerifiedBuild`=22566 WHERE `entry`=177189; -- 门
UPDATE `gameobject_template` SET `VerifiedBuild`=22566 WHERE `entry`=177192; -- 门
UPDATE `gameobject_template` SET `Data10`=1, `VerifiedBuild`=22566 WHERE `entry`=188706; -- 木笼
UPDATE `gameobject_template` SET `Data10`=1, `VerifiedBuild`=22566 WHERE `entry`=189977; -- 易碎的牢笼
UPDATE `gameobject_template` SET `VerifiedBuild`=22566 WHERE `entry`=191276; -- Doodad_LogRun_PumpElevator01
UPDATE `gameobject_template` SET `VerifiedBuild`=22566 WHERE `entry`=189991; -- Doodad_LogRun_PumpElevator04
UPDATE `gameobject_template` SET `VerifiedBuild`=22566 WHERE `entry`=191277; -- Doodad_LogRun_PumpElevator02
UPDATE `gameobject_template` SET `VerifiedBuild`=22566 WHERE `entry`=188136; -- Doodad_LogRun_PumpElevator04
UPDATE `gameobject_template` SET `VerifiedBuild`=22566 WHERE `entry`=191329; -- Doodad_LogRun_PumpElevator03
UPDATE `gameobject_template` SET `VerifiedBuild`=22566 WHERE `entry`=191278; -- Doodad_LogRun_PumpElevator02
UPDATE `gameobject_template` SET `VerifiedBuild`=22566 WHERE `entry`=192588; -- Doodad_LogRun_PumpElevator08
UPDATE `gameobject_template` SET `VerifiedBuild`=22566 WHERE `entry`=188428; -- Doodad_LogRun_PumpElevator05
UPDATE `gameobject_template` SET `VerifiedBuild`=22566 WHERE `entry`=192717; -- Doodad_LogRun_PumpElevator01

UPDATE `creature_template` SET `ScriptName`='npc_mylune_113525' WHERE `entry`=113525;
UPDATE `creature_template` SET `ScriptName`='npc_leafbeard_the_storied_97989' WHERE `entry`=97989;
/*
DELETE FROM `conditions` WHERE (`SourceTypeOrReferenceId`=14 AND `SourceGroup`=20015 AND `SourceEntry`=27432);
INSERT INTO `conditions` (`SourceTypeOrReferenceId`, `SourceGroup`, `SourceEntry`, `SourceId`, `ElseGroup`, `ConditionTypeOrReference`, `ConditionTarget`, `ConditionValue1`, `ConditionValue2`, `ConditionValue3`, `NegativeCondition`, `ErrorTextId`, `ScriptName`, `Comment`) VALUES 
(14, 20015, 27432, 0, 0, 8, 0, 41422, 0, 0, 0, 0, "", "Show gossip text if player has quest 41422");

DELETE FROM `conditions` WHERE (`SourceTypeOrReferenceId`=15 AND `SourceGroup`=20015 AND `SourceEntry`=0);
INSERT INTO `conditions` (`SourceTypeOrReferenceId`, `SourceGroup`, `SourceEntry`, `SourceId`, `ElseGroup`, `ConditionTypeOrReference`, `ConditionTarget`, `ConditionValue1`, `ConditionValue2`, `ConditionValue3`, `NegativeCondition`, `ErrorTextId`, `ScriptName`, `Comment`) VALUES 
(15, 20015, 0, 0, 0, 9, 0, 41422, 0, 0, 0, 0, "", "Show gossip option if player has quest 41422 but not complete");
*/
UPDATE `creature_template` SET `npcflag`=1, `gossip_menu_id`=0 WHERE `entry`=97989; -- Leafbeard the Storied 19400 2199023255553

DELETE FROM `creature_queststarter` WHERE `id` = '104349';
INSERT INTO `creature_queststarter` (`id`, `quest`) VALUES
('104349', '41436'),
('104349', '41690');

-- NPC_NARALEX_104349
SET @ENTRY := 104349; 
UPDATE `creature_template` SET `AIName`="SmartAI" WHERE `entry`= @ENTRY ;
DELETE FROM `smart_scripts` WHERE (`entryorguid`=@ENTRY AND `source_type`=0);
INSERT INTO `smart_scripts` (`entryorguid`, `source_type`, `id`, `link`, `event_type`, `event_phase_mask`, `event_chance`, `event_flags`, `event_param1`, `event_param2`, `event_param3`, `event_param4`, `event_param_string`, `action_type`, `action_param1`, `action_param2`, `action_param3`, `action_param4`, `action_param5`, `action_param6`, `target_type`, `target_param1`, `target_param2`, `target_param3`, `target_x`, `target_y`, `target_z`, `target_o`, `comment`) VALUES 
(@ENTRY, 0, 0, 0, 19, 0, 100, 1, 41436, 0, 0, 0, '', 1, 0, 500, 0, 0, 0, 0, 7, 0, 0, 0, 0, 0, 0, 0, "Talk 0 On quest 41436 accepted");

-- TODO 104577 SPAWN