# TrinityCore - WowPacketParser
# File name: 博尼克.pkt
# Detected build: V7_3_5_26124
# Detected locale: zhCN
# Targeted database: Legion
# Parsing date: 03/11/2018 20:28:12

DELETE FROM `areatrigger_template` WHERE `Id` IN (16185, 16215);
INSERT INTO `areatrigger_template` (`Id`, `Type`, `Flags`, `Data0`, `Data1`, `Data2`, `Data3`, `Data4`, `Data5`, `VerifiedBuild`) VALUES
(16185, 0, 16, 6, 6, 0, 0, 0, 0, 26124),
(16215, 0, 6, 5, 5, 0, 0, 0, 0, 26124);

UPDATE `areatrigger_template` SET `Flags`=0 WHERE `Id`=10682;
UPDATE `areatrigger_template` SET `Flags`=0 WHERE `Id`=9397;


DELETE FROM `spell_areatrigger` WHERE  (`AreaTriggerId`=16185) OR (`AreaTriggerId`=10698) OR (`AreaTriggerId`=12929) OR (`AreaTriggerId`=16572) OR (`AreaTriggerId`=11908) OR (`AreaTriggerId`=9228) OR (`AreaTriggerId`=16725) OR (`AreaTriggerId`=16713) OR (`AreaTriggerId`=10529) OR (`AreaTriggerId`=9225) OR (`AreaTriggerId`=12740) OR (`AreaTriggerId`=10682) OR (`AreaTriggerId`=10470) OR (`AreaTriggerId`=16215) OR (`AreaTriggerId`=15940) OR (`AreaTriggerId`=11420) OR (`AreaTriggerId`=6197) OR (`AreaTriggerId`=10713) OR (`AreaTriggerId`=10801) OR (`AreaTriggerId`=9397) OR (`AreaTriggerId`=11231) OR (`AreaTriggerId`=11612) OR (`AreaTriggerId`=11353) OR (`AreaTriggerId`=10205) OR (`AreaTriggerId`=3319);
INSERT INTO `spell_areatrigger` (`SpellMiscId`, `AreaTriggerId`, `MoveCurveId`, `ScaleCurveId`, `MorphCurveId`, `FacingCurveId`, `DecalPropertiesId`, `TimeToTarget`, `TimeToTargetScale`, `VerifiedBuild`) VALUES
(11423, 16185, 0, 0, 0, 0, 0, 90000, 90000, 26124), -- SpellId : 251730 涌动虫群
(6006, 10698, 0, 0, 0, 0, 0, 5000, 5000, 26124), -- SpellId : 204019
(8867, 12929, 0, 0, 0, 0, 0, 0, 30000, 26124), -- SpellId : 228537
(11883, 16572, 0, 0, 0, 0, 0, 0, 15000, 26124), -- SpellId : 253320 火焰地雷
(7478, 11908, 0, 0, 0, 0, 0, 0, 90000, 26124), -- SpellId : 216463
(4488, 9228, 0, 0, 0, 0, 0, 0, 10610, 26124), -- SpellId : 26573
(12015, 16725, 0, 0, 0, 0, 0, 0, 12000, 26124), -- SpellId : 256823 翡翠之花
(12002, 16713, 0, 0, 0, 0, 0, 0, 6000, 26124), -- SpellId : 256820
(5823, 10529, 0, 0, 0, 0, 0, 1250, 1250, 26124), -- SpellId : 202387
(4485, 9225, 0, 0, 0, 0, 0, 0, 10000, 26124), -- SpellId : 43265
(8661, 12740, 0, 0, 0, 0, 0, 2815, 15000, 26124), -- SpellId : 84714
(5994, 10682, 0, 0, 0, 0, 0, 0, 8500, 26124), -- SpellId : 204066
(5758, 10470, 1700, 0, 0, 0, 0, 0, 2050, 26124), -- SpellId : 201467
(11453, 16215, 0, 3745, 0, 0, 0, 0, 20000, 26124), -- SpellId : 252052 活力蘑菇
(11145, 15940, 0, 0, 3309, 0, 10, 15000, 15000, 26124), -- SpellId : 249399 火焰之雨
(6917, 11420, 0, 0, 0, 0, 0, 0, 8000, 26124), -- SpellId : 196770
(8284, 6197, 0, 0, 0, 0, 0, 0, 5000, 26124), -- SpellId : 223114
(204475, 10713, 0, 0, 0, 0, 0, 0, 5000, 26124), -- SpellId : 204475
(6122, 10801, 0, 0, 0, 0, 0, 0, 8000, 26124), -- SpellId : 205470
(4658, 9397, 0, 0, 0, 0, 0, 0, 6383, 26124), -- SpellId : 190356
(6659, 11231, 0, 0, 0, 0, 0, 0, 30000, 26124), -- SpellId : 209788
(7158, 11612, 0, 0, 0, 0, 0, 0, 10000, 26124), -- SpellId : 213785
(6826, 11353, 0, 0, 0, 0, 0, 0, 6000, 26124), -- SpellId : 210797
(5503, 10205, 0, 0, 0, 0, 0, 765, 3000, 26124), -- SpellId : 199121
(383, 3319, 0, 0, 0, 0, 0, 0, 30000, 26124); -- SpellId : 117032


DELETE FROM `conversation_actors` WHERE (`ConversationId`=5786 AND `Idx`=0) OR (`ConversationId`=6145 AND `Idx`=0) OR (`ConversationId`=5794 AND `Idx`=0);
INSERT INTO `conversation_actors` (`ConversationId`, `ConversationActorId`, `Idx`, `VerifiedBuild`) VALUES
(5786, 53609, 0, 26124),
(6145, 2060638, 0, 26124),
(5794, 53609, 0, 26124);



UPDATE `conversation_actor_template` SET `CreatureId`=120218, `CreatureModelId`=74146 WHERE `Id`=53609;
UPDATE `conversation_actor_template` SET `CreatureId`=120218, `CreatureModelId`=74146 WHERE `Id`=53609;

DELETE FROM `conversation_line_template` WHERE `Id` IN (12993, 13667, 13001);
INSERT INTO `conversation_line_template` (`Id`, `StartTime`, `UiCameraID`, `ActorIdx`, `Unk`, `VerifiedBuild`) VALUES
(12993, 0, 296, 0, 0, 26124),
(13667, 0, 637467649, 0, 0, 26124),
(13001, 0, 296, 0, 0, 26124);


DELETE FROM `conversation_template` WHERE `Id` IN (5794, 6145, 5786);
INSERT INTO `conversation_template` (`Id`, `FirstLineID`, `LastLineEndTime`, `VerifiedBuild`) VALUES
(5794, 13001, 9514, 26124),
(6145, 13667, 6221, 26124),
(5786, 12993, 5442, 26124);



SET NAMES 'latin1';
SET @CGUID=441570; -- 150
SET @OGUID=100565; -- 10
DELETE FROM `creature` WHERE `guid` BETWEEN @CGUID+0 AND @CGUID+121;
INSERT INTO `creature` (`guid`, `id`, `map`, `zoneId`, `areaId`, `spawnMask`, `PhaseId`, `PhaseGroup`, `modelid`, `equipment_id`, `position_x`, `position_y`, `position_z`, `orientation`, `spawntimesecs`, `spawndist`, `currentwaypoint`, `curhealth`, `curmana`, `MovementType`, `npcflag`, `unit_flags`, `dynamicflags`, `VerifiedBuild`) VALUES
(@CGUID+4, 126813, 1779, 9180, 9180, 1, '0', 0, 0, 0, -3819.519, -8196.814, 14.97676, 1.169648, 7200, 0, 0, 0, 0, 0, 0, 0, 0, 26124), -- 涌动虫群 (Area: -Unknown- - Difficulty: 0)
(@CGUID+5, 126813, 1779, 9180, 9180, 1, '0', 0, 0, 0, -3772.689, -8209.71, 15.291, 1.238206, 7200, 0, 0, 0, 0, 0, 0, 0, 0, 26124), -- 涌动虫群 (Area: -Unknown- - Difficulty: 0)
(@CGUID+6, 126813, 1779, 9180, 9180, 1, '0', 0, 0, 0, -3840.951, -8131.518, 8.002901, 2.371951, 7200, 0, 0, 0, 0, 0, 0, 0, 0, 26124), -- 涌动虫群 (Area: -Unknown- - Difficulty: 0)
(@CGUID+7, 125931, 1779, 9180, 9180, 1, '0', 0, 0, 0, -3789.01, -8067.312, 1.551316, 2.59597, 7200, 0, 0, 0, 0, 0, 0, 0, 0, 26124), -- 可恨的恶棍 (Area: -Unknown- - Difficulty: 0) (Auras: 252309 - -Unknown-)
(@CGUID+8, 127982, 1779, 9180, 9180, 1, '0', 0, 0, 0, -3788.989, -8064.934, 1.416098, 5.485651, 7200, 0, 0, 0, 0, 0, 0, 0, 0, 26124), -- 入侵的凝视者 (Area: -Unknown- - Difficulty: 0)
(@CGUID+9, 125921, 1779, 9180, 9180, 1, '0', 0, 0, 0, -3792.968, -8065.608, 1.387141, 5.009106, 7200, 0, 0, 0, 0, 0, 0, 0, 0, 26124), -- 聒噪的恶魔 (Area: -Unknown- - Difficulty: 0) (Auras: 252309 - -Unknown-)
(@CGUID+10, 125921, 1779, 9180, 9180, 1, '0', 0, 0, 0, -3793.965, -8064.802, 1.325241, 5.393441, 7200, 0, 0, 0, 0, 0, 0, 0, 0, 26124), -- 聒噪的恶魔 (Area: -Unknown- - Difficulty: 0) (Auras: 252309 - -Unknown-)
(@CGUID+11, 126813, 1779, 9180, 9180, 1, '0', 0, 0, 0, -3718.57, -8206.104, 11.19711, 1.311381, 7200, 0, 0, 0, 0, 0, 0, 0, 0, 26124), -- 涌动虫群 (Area: -Unknown- - Difficulty: 0)
(@CGUID+12, 125931, 1779, 9180, 9180, 1, '0', 0, 0, 0, -3791.702, -8066.753, 1.493384, 1.845308, 7200, 0, 0, 0, 0, 0, 0, 0, 0, 26124), -- 可恨的恶棍 (Area: -Unknown- - Difficulty: 0) (Auras: 252309 - -Unknown-)
-- (@CGUID+13, 62822, UNKNOWN, 9180, 9180, 1, '0', 0, 0, 0, -0.2, 0, -0.2, 0, 7200, 0, 0, 0, 0, 0, 0, 0, 0, 26124), -- -Unknown- (Area: -Unknown- - Difficulty: 0) (Auras: 122729 - -Unknown-, 123240 - -Unknown-) - !!! on transport - transport template not found !!!
(@CGUID+14, 124884, 1779, 9180, 9180, 1, '0', 0, 0, 0, -3806.764, -8177.854, 11.1329, 0.9874149, 7200, 0, 0, 0, 0, 0, 0, 0, 0, 26124), -- -Unknown- (Area: -Unknown- - Difficulty: 0)
(@CGUID+15, 125931, 1779, 9180, 9180, 1, '0', 0, 0, 0, -3706.372, -8085.003, 0.7746559, 4.688044, 7200, 0, 0, 0, 0, 0, 0, 0, 0, 26124), -- 可恨的恶棍 (Area: -Unknown- - Difficulty: 0) (Auras: 251298 - -Unknown-)
(@CGUID+16, 125921, 1779, 9180, 9180, 1, '0', 0, 0, 0, -3793.836, -8062.982, 1.422741, 5.316083, 7200, 0, 0, 0, 0, 0, 0, 0, 0, 26124), -- 聒噪的恶魔 (Area: -Unknown- - Difficulty: 0)
(@CGUID+17, 127982, 1779, 9180, 9180, 1, '0', 0, 0, 0, -3788.875, -8057.475, 1.186606, 5.093759, 7200, 0, 0, 0, 0, 0, 0, 0, 0, 26124), -- 入侵的凝视者 (Area: -Unknown- - Difficulty: 0) (Auras: )
(@CGUID+18, 125931, 1779, 9180, 9180, 1, '0', 0, 0, 0, -3696.861, -8092.066, 0.4746959, 2.954302, 7200, 0, 0, 0, 0, 0, 0, 0, 0, 26124), -- 可恨的恶棍 (Area: -Unknown- - Difficulty: 0) (Auras: 251298 - -Unknown-)
(@CGUID+19, 126813, 1779, 9180, 9180, 1, '0', 0, 0, 0, -3672.462, -8194.521, 12.73288, 2.549728, 7200, 0, 0, 0, 0, 0, 0, 0, 0, 26124), -- 涌动虫群 (Area: -Unknown- - Difficulty: 0)
(@CGUID+20, 127982, 1779, 9180, 9180, 1, '0', 0, 0, 0, -3706.806, -8093.556, 0.9848051, 1.47862, 7200, 0, 0, 0, 0, 0, 0, 0, 0, 26124), -- 入侵的凝视者 (Area: -Unknown- - Difficulty: 0) (Auras: 221564 - -Unknown-)
(@CGUID+21, 125921, 1779, 9180, 9180, 1, '0', 0, 0, 0, -3753.841, -8071.296, 0.8957829, 3.356162, 7200, 0, 0, 0, 0, 0, 0, 0, 0, 26124), -- 聒噪的恶魔 (Area: -Unknown- - Difficulty: 0) (Auras: 252309 - -Unknown-)
(@CGUID+22, 127982, 1779, 9180, 9180, 1, '0', 0, 0, 0, -3791.351, -8060.783, 1.211264, 0.5423163, 7200, 0, 0, 0, 0, 0, 0, 0, 0, 26124), -- 入侵的凝视者 (Area: -Unknown- - Difficulty: 0)
(@CGUID+23, 125931, 1779, 9180, 9180, 1, '0', 0, 0, 0, -3700.563, -8088.887, 0.5257548, 3.365568, 7200, 0, 0, 0, 0, 0, 0, 0, 0, 26124), -- 可恨的恶棍 (Area: -Unknown- - Difficulty: 0) (Auras: 251298 - -Unknown-)
(@CGUID+24, 125921, 1779, 9180, 9180, 1, '0', 0, 0, 0, -3752.204, -8070.845, 0.8568376, 2.711142, 7200, 0, 0, 0, 0, 0, 0, 0, 0, 26124), -- 聒噪的恶魔 (Area: -Unknown- - Difficulty: 0) (Auras: 252309 - -Unknown-)
(@CGUID+25, 125931, 1779, 9180, 9180, 1, '0', 0, 0, 0, -3714.639, -8091.057, 0.4992039, 0.1001349, 7200, 0, 0, 0, 0, 0, 0, 0, 0, 26124), -- 可恨的恶棍 (Area: -Unknown- - Difficulty: 0) (Auras: 251298 - -Unknown-)
(@CGUID+26, 127982, 1779, 9180, 9180, 1, '0', 0, 0, 0, -3749.392, -8072.332, 1.120021, 1.087136, 7200, 0, 0, 0, 0, 0, 0, 0, 0, 26124), -- 入侵的凝视者 (Area: -Unknown- - Difficulty: 0) (Auras: 221564 - -Unknown-, 183847 - -Unknown-)
(@CGUID+27, 125931, 1779, 9180, 9180, 1, '0', 0, 0, 0, -3714.903, -8093.453, 0.4899736, 0.3652483, 7200, 0, 0, 0, 0, 0, 0, 0, 0, 26124), -- 可恨的恶棍 (Area: -Unknown- - Difficulty: 0) (Auras: 251298 - -Unknown-)
(@CGUID+28, 125921, 1779, 9180, 9180, 1, '0', 0, 0, 0, -3793.817, -8063.278, 1.31818, 5.319912, 7200, 0, 0, 0, 0, 0, 0, 0, 0, 26124), -- 聒噪的恶魔 (Area: -Unknown- - Difficulty: 0)
(@CGUID+29, 127982, 1779, 9180, 9180, 1, '0', 0, 0, 0, -3727.446, -8014.755, 1.771955, 0.9176763, 7200, 0, 0, 0, 0, 0, 0, 0, 0, 26124), -- 入侵的凝视者 (Area: -Unknown- - Difficulty: 0) (Auras: 221564 - -Unknown-)
(@CGUID+30, 125931, 1779, 9180, 9180, 1, '0', 0, 0, 0, -3779.266, -8016.564, 0.9696639, 5.995753, 7200, 0, 0, 0, 0, 0, 0, 0, 0, 26124), -- 可恨的恶棍 (Area: -Unknown- - Difficulty: 0) (Auras: )
(@CGUID+31, 127982, 1779, 9180, 9180, 1, '0', 0, 0, 0, -3843.542, -8024.728, 1.965558, 1.414993, 7200, 0, 0, 0, 0, 0, 0, 0, 0, 26124), -- 入侵的凝视者 (Area: -Unknown- - Difficulty: 0) (Auras: 221564 - -Unknown-)
(@CGUID+32, 125931, 1779, 9180, 9180, 1, '0', 0, 0, 0, -3766.78, -8016.99, 2.152405, 4.355099, 7200, 0, 0, 0, 0, 0, 0, 0, 0, 26124), -- 可恨的恶棍 (Area: -Unknown- - Difficulty: 0) (Auras: )
(@CGUID+33, 125931, 1779, 9180, 9180, 1, '0', 0, 0, 0, -3834.42, -8017.042, 1.723799, 3.309091, 7200, 0, 0, 0, 0, 0, 0, 0, 0, 26124), -- 可恨的恶棍 (Area: -Unknown- - Difficulty: 0) (Auras: )
(@CGUID+34, 125931, 1779, 9180, 9180, 1, '0', 0, 0, 0, -3843.266, -8013.647, 1.913124, 4.861271, 7200, 0, 0, 0, 0, 0, 0, 0, 0, 26124), -- 可恨的恶棍 (Area: -Unknown- - Difficulty: 0) (Auras: )
(@CGUID+35, 125921, 1779, 9180, 9180, 1, '0', 0, 0, 0, -3729.217, -8017.586, 1.542671, 0.9552637, 7200, 0, 0, 0, 0, 0, 0, 0, 0, 26124), -- 聒噪的恶魔 (Area: -Unknown- - Difficulty: 0) (Auras: )
(@CGUID+36, 125931, 1779, 9180, 9180, 1, '0', 0, 0, 0, -3835.247, -8024.024, 1.235016, 2.486789, 7200, 0, 0, 0, 0, 0, 0, 0, 0, 26124), -- 可恨的恶棍 (Area: -Unknown- - Difficulty: 0) (Auras: )
(@CGUID+37, 126813, 1779, 9180, 9180, 1, '0', 0, 0, 0, -3609.161, -8162.505, 4.819981, 1.464343, 7200, 0, 0, 0, 0, 0, 0, 0, 0, 26124), -- 涌动虫群 (Area: -Unknown- - Difficulty: 0)
(@CGUID+38, 125931, 1779, 9180, 9180, 1, '0', 0, 0, 0, -3850.451, -8018.753, 2.615426, 0.04264307, 7200, 0, 0, 0, 0, 0, 0, 0, 0, 26124), -- 可恨的恶棍 (Area: -Unknown- - Difficulty: 0) (Auras: 252309 - -Unknown-)
(@CGUID+39, 125921, 1779, 9180, 9180, 1, '0', 0, 0, 0, -3730.095, -8019.31, 1.525561, 0.9827086, 7200, 0, 0, 0, 0, 0, 0, 0, 0, 26124), -- 聒噪的恶魔 (Area: -Unknown- - Difficulty: 0) (Auras: )
(@CGUID+40, 125931, 1779, 9180, 9180, 1, '0', 0, 0, 0, -3770.656, -8014.771, 2.241783, 5.206379, 7200, 0, 0, 0, 0, 0, 0, 0, 0, 26124), -- 可恨的恶棍 (Area: -Unknown- - Difficulty: 0) (Auras: )
(@CGUID+41, 125931, 1779, 9180, 9180, 1, '0', 0, 0, 0, -3848.675, -8011.7, 2.155144, 5.451744, 7200, 0, 0, 0, 0, 0, 0, 0, 0, 26124), -- 可恨的恶棍 (Area: -Unknown- - Difficulty: 0) (Auras: 252309 - -Unknown-)
(@CGUID+42, 125921, 1779, 9180, 9180, 1, '0', 0, 0, 0, -3633.551, -8022.536, 4.716598, 0.9032144, 7200, 0, 0, 0, 0, 0, 0, 0, 0, 26124), -- 聒噪的恶魔 (Area: -Unknown- - Difficulty: 0) (Auras: 251298 - -Unknown-)
(@CGUID+43, 127982, 1779, 9180, 9180, 1, '0', 0, 0, 0, -3691.39, -7978.214, 1.258082, 3.593586, 7200, 0, 0, 0, 0, 0, 0, 0, 0, 26124), -- 入侵的凝视者 (Area: -Unknown- - Difficulty: 0) (Auras: 221564 - -Unknown-, 183847 - -Unknown-)
(@CGUID+44, 125921, 1779, 9180, 9180, 1, '0', 0, 0, 0, -3632.523, -8020.007, 4.64477, 0.8691593, 7200, 0, 0, 0, 0, 0, 0, 0, 0, 26124), -- 聒噪的恶魔 (Area: -Unknown- - Difficulty: 0) (Auras: 251298 - -Unknown-)
(@CGUID+45, 127982, 1779, 9180, 9180, 1, '0', 0, 0, 0, -3691.225, -7989.128, 1.376928, 2.956365, 7200, 0, 0, 0, 0, 0, 0, 0, 0, 26124), -- 入侵的凝视者 (Area: -Unknown- - Difficulty: 0) (Auras: 221564 - -Unknown-, 183847 - -Unknown-)
(@CGUID+46, 127982, 1779, 9180, 9180, 1, '0', 0, 0, 0, -3840.157, -7943.08, 2.764405, 0.8780674, 7200, 0, 0, 0, 0, 0, 0, 0, 0, 26124), -- 入侵的凝视者 (Area: -Unknown- - Difficulty: 0) (Auras: 221564 - -Unknown-)
(@CGUID+47, 125921, 1779, 9180, 9180, 1, '0', 0, 0, 0, -3843.864, -7948.718, 3.049047, 0.9355416, 7200, 0, 0, 0, 0, 0, 0, 0, 0, 26124), -- 聒噪的恶魔 (Area: -Unknown- - Difficulty: 0) (Auras: 251298 - -Unknown-)
(@CGUID+48, 125921, 1779, 9180, 9180, 1, '0', 0, 0, 0, -3843.211, -7946.185, 3.084172, 0.894027, 7200, 0, 0, 0, 0, 0, 0, 0, 0, 26124), -- 聒噪的恶魔 (Area: -Unknown- - Difficulty: 0) (Auras: 251298 - -Unknown-)
(@CGUID+49, 127608, 1779, 9180, 9180, 1, '0', 0, 0, 0, -3690.61, -8098.268, 14.87735, 1.864221, 7200, 0, 0, 0, 0, 0, 0, 0, 0, 26124), -- 西风破浪鱼 (Area: -Unknown- - Difficulty: 0)
(@CGUID+50, 127982, 1779, 9180, 9180, 1, '0', 0, 0, 0, -3628.528, -8015.624, 4.687302, 0.8848633, 7200, 0, 0, 0, 0, 0, 0, 0, 0, 26124), -- 入侵的凝视者 (Area: -Unknown- - Difficulty: 0) (Auras: 221564 - -Unknown-)
(@CGUID+51, 125759, 1779, 9180, 9180, 1, '0', 0, 0, 0, -3763.952, -7943.588, 2.236073, 0.7787005, 7200, 0, 0, 0, 0, 0, 0, 0, 0, 26124), -- 暗誓叛徒 (Area: -Unknown- - Difficulty: 0)
(@CGUID+52, 127608, 1779, 9180, 9180, 1, '0', 0, 0, 0, -3733.748, -8041.636, 18.75693, 4.963556, 7200, 0, 0, 0, 0, 0, 0, 0, 0, 26124), -- 西风破浪鱼 (Area: -Unknown- - Difficulty: 0)
(@CGUID+53, 127608, 1779, 9180, 9180, 1, '0', 0, 0, 0, -3686.994, -8098.65, 14.87735, 1.049237, 7200, 0, 0, 0, 0, 0, 0, 0, 0, 26124), -- 西风破浪鱼 (Area: -Unknown- - Difficulty: 0)
(@CGUID+54, 127608, 1779, 9180, 9180, 1, '0', 0, 0, 0, -3730.957, -8040.929, 19.75693, 4.981411, 7200, 0, 0, 0, 0, 0, 0, 0, 0, 26124), -- 西风破浪鱼 (Area: -Unknown- - Difficulty: 0)
(@CGUID+55, 126813, 1779, 9180, 9180, 1, '0', 0, 0, 0, -3942.478, -8030.382, -4.445852, 6.180617, 7200, 0, 0, 0, 0, 0, 0, 0, 0, 26124), -- 涌动虫群 (Area: -Unknown- - Difficulty: 0)
(@CGUID+56, 125776, 1779, 9180, 9180, 1, '0', 0, 0, 0, -3763.525, -7948.034, 1.718494, 3.264979, 7200, 0, 0, 0, 0, 0, 0, 0, 0, 26124), -- -Unknown- (Area: -Unknown- - Difficulty: 0)
(@CGUID+57, 127608, 1779, 9180, 9180, 1, '0', 0, 0, 0, -3736.745, -8042.423, 19.75693, 4.980877, 7200, 0, 0, 0, 0, 0, 0, 0, 0, 26124), -- 西风破浪鱼 (Area: -Unknown- - Difficulty: 0)
(@CGUID+58, 125931, 1779, 9180, 9180, 1, '0', 0, 0, 0, -3668.384, -7966.604, 1.626705, 2.754873, 7200, 0, 0, 0, 0, 0, 0, 0, 0, 26124), -- 可恨的恶棍 (Area: -Unknown- - Difficulty: 0)
(@CGUID+59, 127608, 1779, 9180, 9180, 1, '0', 0, 0, 0, -3736.045, -8039.155, 19.75693, 5.08316, 7200, 0, 0, 0, 0, 0, 0, 0, 0, 26124), -- 西风破浪鱼 (Area: -Unknown- - Difficulty: 0)
(@CGUID+60, 127608, 1779, 9180, 9180, 1, '0', 0, 0, 0, -3684.752, -8093.838, 14.87735, 0.8439152, 7200, 0, 0, 0, 0, 0, 0, 0, 0, 26124), -- 西风破浪鱼 (Area: -Unknown- - Difficulty: 0)
(@CGUID+61, 127608, 1779, 9180, 9180, 1, '0', 0, 0, 0, -3733.151, -8038.408, 19.75693, 5.073946, 7200, 0, 0, 0, 0, 0, 0, 0, 0, 26124), -- 西风破浪鱼 (Area: -Unknown- - Difficulty: 0)
(@CGUID+62, 125931, 1779, 9180, 9180, 1, '0', 0, 0, 0, -3663.003, -7964.383, 1.391568, 3.063974, 7200, 0, 0, 0, 0, 0, 0, 0, 0, 26124), -- 可恨的恶棍 (Area: -Unknown- - Difficulty: 0)
(@CGUID+63, 125921, 1779, 9180, 9180, 1, '0', 0, 0, 0, -3669.264, -7964.669, 1.196125, 5.629302, 7200, 0, 0, 0, 0, 0, 0, 0, 0, 26124), -- 聒噪的恶魔 (Area: -Unknown- - Difficulty: 0)
(@CGUID+64, 127608, 1779, 9180, 9180, 1, '0', 0, 0, 0, -3684.071, -8099.274, 14.87735, 3.717291, 7200, 0, 0, 0, 0, 0, 0, 0, 0, 26124), -- 西风破浪鱼 (Area: -Unknown- - Difficulty: 0)
(@CGUID+65, 125788, 1779, 9180, 9180, 1, '0', 0, 0, 0, -3795.668, -7958.411, 0.7078221, 2.253776, 7200, 0, 0, 0, 0, 0, 0, 0, 0, 26124), -- -Unknown- (Area: -Unknown- - Difficulty: 0)
(@CGUID+66, 125745, 1779, 9180, 9180, 1, '0', 0, 0, 0, -3793.4, -7947.931, 1.108863, 3.115051, 7200, 0, 0, 0, 0, 0, 0, 0, 0, 26124), -- 复仇征服者 (Area: -Unknown- - Difficulty: 0)
(@CGUID+67, 127608, 1779, 9180, 9180, 1, '0', 0, 0, 0, -3688.048, -8095.539, 14.87735, 4.103776, 7200, 0, 0, 0, 0, 0, 0, 0, 0, 26124), -- 西风破浪鱼 (Area: -Unknown- - Difficulty: 0)
(@CGUID+68, 125921, 1779, 9180, 9180, 1, '0', 0, 0, 0, -3675.187, -7957.662, 1.109793, 0.9497391, 7200, 0, 0, 0, 0, 0, 0, 0, 0, 26124), -- 聒噪的恶魔 (Area: -Unknown- - Difficulty: 0)
(@CGUID+69, 126813, 1779, 9180, 9180, 1, '0', 0, 0, 0, -3576.701, -8125.953, 11.50751, 2.721695, 7200, 0, 0, 0, 0, 0, 0, 0, 0, 26124), -- 涌动虫群 (Area: -Unknown- - Difficulty: 0)
(@CGUID+70, 125931, 1779, 9180, 9180, 1, '0', 0, 0, 0, -3660.594, -7964.092, 1.266568, 3.130739, 7200, 0, 0, 0, 0, 0, 0, 0, 0, 26124), -- 可恨的恶棍 (Area: -Unknown- - Difficulty: 0)
(@CGUID+71, 125759, 1779, 9180, 9180, 1, '0', 0, 0, 0, -3840.462, -7938.895, 2.946033, 4.744921, 7200, 0, 0, 0, 0, 0, 0, 0, 0, 26124), -- 暗誓叛徒 (Area: -Unknown- - Difficulty: 0)
(@CGUID+72, 127608, 1779, 9180, 9180, 1, '0', 0, 0, 0, -3826.239, -8022.496, 2.097474, 5.655071, 7200, 0, 0, 0, 0, 0, 0, 0, 0, 26124), -- 西风破浪鱼 (Area: -Unknown- - Difficulty: 0)
(@CGUID+73, 127608, 1779, 9180, 9180, 1, '0', 0, 0, 0, -3834.802, -8017.129, 3.347537, 2.33805, 7200, 0, 0, 0, 0, 0, 0, 0, 0, 26124), -- 西风破浪鱼 (Area: -Unknown- - Difficulty: 0)
(@CGUID+74, 127608, 1779, 9180, 9180, 1, '0', 0, 0, 0, -3833.743, -8022.991, 1.205785, 5.850677, 7200, 0, 0, 0, 0, 0, 0, 0, 0, 26124), -- 西风破浪鱼 (Area: -Unknown- - Difficulty: 0)
(@CGUID+75, 127608, 1779, 9180, 9180, 1, '0', 0, 0, 0, -3840.576, -8019.873, 3.584501, 2.11971, 7200, 0, 0, 0, 0, 0, 0, 0, 0, 26124), -- 西风破浪鱼 (Area: -Unknown- - Difficulty: 0)
(@CGUID+76, 127608, 1779, 9180, 9180, 1, '0', 0, 0, 0, -3830.172, -8015.319, 3.347537, 1.718941, 7200, 0, 0, 0, 0, 0, 0, 0, 0, 26124), -- 西风破浪鱼 (Area: -Unknown- - Difficulty: 0)
(@CGUID+77, 128117, 1779, 9180, 9180, 1, '0', 0, 0, 0, -3742.214, -7990.603, 1.672372, 1.95861, 7200, 0, 0, 0, 0, 0, 0, 0, 0, 26124), -- -Unknown- (Area: -Unknown- - Difficulty: 0)
(@CGUID+78, 125745, 1779, 9180, 9180, 1, '0', 0, 0, 0, -3636.807, -7973.583, 0.9434814, 2.087621, 7200, 0, 0, 0, 0, 0, 0, 0, 0, 26124), -- 复仇征服者 (Area: -Unknown- - Difficulty: 0)
(@CGUID+79, 125931, 1779, 9180, 9180, 1, '0', 0, 0, 0, -3633.467, -7969.488, 0.9972413, 2.903812, 7200, 0, 0, 0, 0, 0, 0, 0, 0, 26124), -- 可恨的恶棍 (Area: -Unknown- - Difficulty: 0)
(@CGUID+80, 126813, 1779, 9180, 9180, 1, '0', 0, 0, 0, -3941.342, -7982.005, -3.7549, 6.102738, 7200, 0, 0, 0, 0, 0, 0, 0, 0, 26124), -- 涌动虫群 (Area: -Unknown- - Difficulty: 0)
(@CGUID+81, 125759, 1779, 9180, 9180, 1, '0', 0, 0, 0, -3633.331, -7974.432, 1.194523, 4.342503, 7200, 0, 0, 0, 0, 0, 0, 0, 0, 26124), -- 暗誓叛徒 (Area: -Unknown- - Difficulty: 0)
(@CGUID+82, 125931, 1779, 9180, 9180, 1, '0', 0, 0, 0, -3635.948, -7969.313, 0.9467288, 2.894205, 7200, 0, 0, 0, 0, 0, 0, 0, 0, 26124), -- 可恨的恶棍 (Area: -Unknown- - Difficulty: 0)
(@CGUID+83, 125921, 1779, 9180, 9180, 1, '0', 0, 0, 0, -3705.779, -7899.472, 3.073268, 2.59045, 7200, 0, 0, 0, 0, 0, 0, 0, 0, 26124), -- 聒噪的恶魔 (Area: -Unknown- - Difficulty: 0) (Auras: 251298 - -Unknown-)
(@CGUID+84, 125776, 1779, 9180, 9180, 1, '0', 0, 0, 0, -3634.016, -7972.794, 1.077194, 4.538119, 7200, 0, 0, 0, 0, 0, 0, 0, 0, 26124), -- -Unknown- (Area: -Unknown- - Difficulty: 0)
(@CGUID+85, 125921, 1779, 9180, 9180, 1, '0', 0, 0, 0, -3641.948, -7972.462, 1.230608, 5.516976, 7200, 0, 0, 0, 0, 0, 0, 0, 0, 26124), -- 聒噪的恶魔 (Area: -Unknown- - Difficulty: 0)
(@CGUID+86, 125921, 1779, 9180, 9180, 1, '0', 0, 0, 0, -3707.976, -7899.671, 2.780682, 2.563335, 7200, 0, 0, 0, 0, 0, 0, 0, 0, 26124), -- 聒噪的恶魔 (Area: -Unknown- - Difficulty: 0) (Auras: 251298 - -Unknown-)
(@CGUID+87, 127982, 1779, 9180, 9180, 1, '0', 0, 0, 0, -3711.414, -7896.828, 1.904935, 2.581752, 7200, 0, 0, 0, 0, 0, 0, 0, 0, 26124), -- 入侵的凝视者 (Area: -Unknown- - Difficulty: 0) (Auras: 221564 - -Unknown-)
(@CGUID+88, 125936, 1779, 9180, 9180, 1, '0', 0, 0, 0, -3632.147, -7979.294, 1.510944, 2.006518, 7200, 0, 0, 0, 0, 0, 0, 0, 0, 26124), -- -Unknown- (Area: -Unknown- - Difficulty: 0)
(@CGUID+89, 126813, 1779, 9180, 9180, 1, '0', 0, 0, 0, -3908, -7916.347, 1.482442, 0.7937935, 7200, 0, 0, 0, 0, 0, 0, 0, 0, 26124), -- 涌动虫群 (Area: -Unknown- - Difficulty: 0)
(@CGUID+90, 126813, 1779, 9180, 9180, 1, '0', 0, 0, 0, -3880.524, -7879.564, 1.812668, 5.912041, 7200, 0, 0, 0, 0, 0, 0, 0, 0, 26124), -- 涌动虫群 (Area: -Unknown- - Difficulty: 0)
(@CGUID+91, 126813, 1779, 9180, 9180, 1, '0', 0, 0, 0, -3814.32, -7834.115, 6.008681, 4.957921, 7200, 0, 0, 0, 0, 0, 0, 0, 0, 26124), -- 涌动虫群 (Area: -Unknown- - Difficulty: 0)
(@CGUID+92, 127608, 1779, 9180, 9180, 1, '0', 0, 0, 0, -3802.003, -7931.192, 7.29206, 5.518507, 7200, 0, 0, 0, 0, 0, 0, 0, 0, 26124), -- 西风破浪鱼 (Area: -Unknown- - Difficulty: 0)
(@CGUID+93, 127608, 1779, 9180, 9180, 1, '0', 0, 0, 0, -3800.965, -7929.903, 7.29206, 5.519327, 7200, 0, 0, 0, 0, 0, 0, 0, 0, 26124), -- 西风破浪鱼 (Area: -Unknown- - Difficulty: 0)
(@CGUID+94, 127608, 1779, 9180, 9180, 1, '0', 0, 0, 0, -3795.624, -7929.19, 7.29206, 5.416517, 7200, 0, 0, 0, 0, 0, 0, 0, 0, 26124), -- 西风破浪鱼 (Area: -Unknown- - Difficulty: 0)
(@CGUID+95, 127608, 1779, 9180, 9180, 1, '0', 0, 0, 0, -3797.793, -7931.078, 6.292061, 5.431474, 7200, 0, 0, 0, 0, 0, 0, 0, 0, 26124), -- 西风破浪鱼 (Area: -Unknown- - Difficulty: 0)
(@CGUID+96, 127608, 1779, 9180, 9180, 1, '0', 0, 0, 0, -3794.516, -7932.779, 7.29206, 5.313852, 7200, 0, 0, 0, 0, 0, 0, 0, 0, 26124), -- 西风破浪鱼 (Area: -Unknown- - Difficulty: 0)
-- (@CGUID+97, 121541, UNKNOWN, 9180, 9180, 1, '0', 0, 0, 0, 0.2083478, 0, 1.873889, 0, 7200, 0, 0, 0, 0, 0, 0, 0, 0, 26124), -- -Unknown- (Area: -Unknown- - Difficulty: 0) (Auras: 46598 - -Unknown-) - !!! on transport - transport template not found !!!
(@CGUID+98, 127608, 1779, 9180, 9180, 1, '0', 0, 0, 0, -3694.681, -7990.462, 12.37485, 3.749467, 7200, 0, 0, 0, 0, 0, 0, 0, 0, 26124), -- 西风破浪鱼 (Area: -Unknown- - Difficulty: 0)
(@CGUID+99, 127608, 1779, 9180, 9180, 1, '0', 0, 0, 0, -3688.865, -7988.067, 12.37485, 5.571064, 7200, 0, 0, 0, 0, 0, 0, 0, 0, 26124), -- 西风破浪鱼 (Area: -Unknown- - Difficulty: 0)
(@CGUID+100, 126813, 1779, 9180, 9180, 1, '0', 0, 0, 0, -3739.137, -7814.056, 1.911458, 4.828585, 7200, 0, 0, 0, 0, 0, 0, 0, 0, 26124), -- 涌动虫群 (Area: -Unknown- - Difficulty: 0)
(@CGUID+101, 127608, 1779, 9180, 9180, 1, '0', 0, 0, 0, -3696.353, -7978.725, 1.354693, 3.283323, 7200, 0, 0, 0, 0, 0, 0, 0, 0, 26124), -- 西风破浪鱼 (Area: -Unknown- - Difficulty: 0)
(@CGUID+102, 127608, 1779, 9180, 9180, 1, '0', 0, 0, 0, -3698.235, -7980.708, 1.354693, 2.293585, 7200, 0, 0, 0, 0, 0, 0, 0, 0, 26124), -- 西风破浪鱼 (Area: -Unknown- - Difficulty: 0)
(@CGUID+103, 127608, 1779, 9180, 9180, 1, '0', 0, 0, 0, -3688.408, -7985.585, 12.37485, 3.178581, 7200, 0, 0, 0, 0, 0, 0, 0, 0, 26124), -- 西风破浪鱼 (Area: -Unknown- - Difficulty: 0)
(@CGUID+104, 126813, 1779, 9180, 9180, 1, '0', 0, 0, 0, -3692.056, -7820.753, 2.084719, 4.750945, 7200, 0, 0, 0, 0, 0, 0, 0, 0, 26124), -- 涌动虫群 (Area: -Unknown- - Difficulty: 0)
(@CGUID+105, 126813, 1779, 9180, 9180, 1, '0', 0, 0, 0, -3626.853, -7854.566, 8.363979, 3.247427, 7200, 0, 0, 0, 0, 0, 0, 0, 0, 26124), -- 涌动虫群 (Area: -Unknown- - Difficulty: 0)
(@CGUID+106, 126813, 1779, 9180, 9180, 1, '0', 0, 0, 0, -3537.637, -7997.38, 3.06057, 5.847965, 7200, 0, 0, 0, 0, 0, 0, 0, 0, 26124), -- 涌动虫群 (Area: -Unknown- - Difficulty: 0)
(@CGUID+107, 126813, 1779, 9180, 9180, 1, '0', 0, 0, 0, -3592.762, -7887.005, 4.322859, 3.173402, 7200, 0, 0, 0, 0, 0, 0, 0, 0, 26124), -- 涌动虫群 (Area: -Unknown- - Difficulty: 0)
-- (@CGUID+108, 32639, UNKNOWN, 9180, 9180, 1, '0', 0, 0, 0, 0, 0, 0, 0, 7200, 0, 0, 0, 0, 0, 0, 0, 0, 26124), -- -Unknown- (Area: -Unknown- - Difficulty: 0) (Auras: 61424 - -Unknown-) - !!! on transport - transport template not found !!!
-- (@CGUID+109, 62822, UNKNOWN, 9180, 9180, 1, '0', 0, 0, 0, -0.2, 0, -0.2, 0, 7200, 0, 0, 0, 0, 0, 0, 0, 0, 26124), -- -Unknown- (Area: -Unknown- - Difficulty: 0) (Auras: 122729 - -Unknown-) - !!! on transport - transport template not found !!!
(@CGUID+110, 125655, 1779, 9180, 9180, 1, '0', 0, 0, 0, -3722.05, -7994.531, 3.177111, 4.192229, 7200, 0, 0, 0, 0, 0, 0, 0, 0, 26124), -- 烈焰使者阿兹罗瑟尔 (Area: -Unknown- - Difficulty: 0) (Auras: 251298 - -Unknown-)
(@CGUID+111, 127608, 1779, 9180, 9180, 1, '0', 0, 0, 0, -3706.177, -7925.968, 14.06079, 4.243046, 7200, 0, 0, 0, 0, 0, 0, 0, 0, 26124), -- 西风破浪鱼 (Area: -Unknown- - Difficulty: 0)
(@CGUID+112, 127608, 1779, 9180, 9180, 1, '0', 0, 0, 0, -3708.285, -7931.559, 14.04979, 4.017475, 7200, 0, 0, 0, 0, 0, 0, 0, 0, 26124), -- 西风破浪鱼 (Area: -Unknown- - Difficulty: 0)
(@CGUID+113, 127608, 1779, 9180, 9180, 1, '0', 0, 0, 0, -3710.911, -7933.308, 14.05316, 3.867494, 7200, 0, 0, 0, 0, 0, 0, 0, 0, 26124), -- 西风破浪鱼 (Area: -Unknown- - Difficulty: 0)
(@CGUID+114, 127608, 1779, 9180, 9180, 1, '0', 0, 0, 0, -3709.747, -7931.375, 14.04559, 4.037121, 7200, 0, 0, 0, 0, 0, 0, 0, 0, 26124), -- 西风破浪鱼 (Area: -Unknown- - Difficulty: 0)
-- (@CGUID+115, 73400, 1779, 9180, 9180, 1, '0', 0, 0, 0, -3748.559, -7983.229, 1.056918, 0, 7200, 0, 0, 0, 0, 0, 0, 0, 0, 26124), -- -Unknown- (Area: -Unknown- - Difficulty: 0) (Auras: 147490 - -Unknown-)
(@CGUID+116, 124884, 1779, 9180, 9180, 1, '0', 0, 0, 0, -3724.07, -7999.76, 3.268338, 1.618171, 7200, 0, 0, 0, 0, 0, 0, 0, 0, 26124), -- -Unknown- (Area: -Unknown- - Difficulty: 0)
(@CGUID+117, 127108, 1779, 9180, 9180, 1, '0', 0, 0, 0, -3724.07, -7999.76, 3.268338, 0, 7200, 0, 0, 0, 0, 0, 0, 0, 0, 26124), -- -Unknown- (Area: -Unknown- - Difficulty: 0) (Auras: 222589 - -Unknown-)
(@CGUID+118, 127108, 1779, 9180, 9180, 1, '0', 0, 0, 0, -3724.07, -7999.76, 3.268338, 1.256631, 7200, 0, 0, 0, 0, 0, 0, 0, 0, 26124), -- -Unknown- (Area: -Unknown- - Difficulty: 0) (Auras: 222589 - -Unknown-)
(@CGUID+119, 127108, 1779, 9180, 9180, 1, '0', 0, 0, 0, -3724.07, -7999.76, 3.268338, 2.51329, 7200, 0, 0, 0, 0, 0, 0, 0, 0, 26124), -- -Unknown- (Area: -Unknown- - Difficulty: 0) (Auras: 222589 - -Unknown-)
(@CGUID+120, 127108, 1779, 9180, 9180, 1, '0', 0, 0, 0, -3724.07, -7999.76, 3.268338, 3.769896, 7200, 0, 0, 0, 0, 0, 0, 0, 0, 26124), -- -Unknown- (Area: -Unknown- - Difficulty: 0) (Auras: 222589 - -Unknown-)
(@CGUID+121, 127108, 1779, 9180, 9180, 1, '0', 0, 0, 0, -3724.07, -7999.76, 3.268338, 5.026019, 7200, 0, 0, 0, 0, 0, 0, 0, 0, 26124); -- -Unknown- (Area: -Unknown- - Difficulty: 0) (Auras: 222589 - -Unknown-)

DELETE FROM `creature_addon` WHERE `guid` BETWEEN @CGUID+0 AND @CGUID+121;
INSERT INTO `creature_addon` (`guid`, `path_id`, `mount`, `bytes1`, `bytes2`, `emote`, `aiAnimKit`, `movementAnimKit`, `meleeAnimKit`, `auras`) VALUES

(@CGUID+4, 0, 0, 0, 1, 0, 0, 0, 0, ''), -- 涌动虫群
(@CGUID+5, 0, 0, 0, 1, 0, 0, 0, 0, ''), -- 涌动虫群
(@CGUID+6, 0, 0, 0, 1, 0, 0, 0, 0, ''), -- 涌动虫群
(@CGUID+7, 0, 0, 0, 1, 0, 0, 0, 0, '252309'), -- 可恨的恶棍 - 252309 - -Unknown-
(@CGUID+8, 0, 0, 0, 1, 0, 0, 0, 0, ''), -- 入侵的凝视者
(@CGUID+9, 0, 0, 0, 1, 0, 0, 0, 0, '252309'), -- 聒噪的恶魔 - 252309 - -Unknown-
(@CGUID+10, 0, 0, 0, 1, 0, 0, 0, 0, '252309'), -- 聒噪的恶魔 - 252309 - -Unknown-
(@CGUID+11, 0, 0, 0, 1, 0, 0, 0, 0, ''), -- 涌动虫群
(@CGUID+12, 0, 0, 0, 1, 0, 0, 0, 0, '252309'), -- 可恨的恶棍 - 252309 - -Unknown-
(@CGUID+13, 0, 0, 0, 1, 0, 0, 0, 0, '122729 123240'), -- -Unknown- - 122729 - -Unknown-, 123240 - -Unknown-
(@CGUID+14, 0, 0, 0, 1, 0, 0, 0, 0, ''), -- -Unknown-
(@CGUID+15, 0, 0, 0, 1, 0, 0, 0, 0, '251298'), -- 可恨的恶棍 - 251298 - -Unknown-
(@CGUID+16, 0, 0, 0, 1, 0, 0, 0, 0, ''), -- 聒噪的恶魔
(@CGUID+17, 0, 0, 0, 1, 0, 0, 0, 0, ''), -- 入侵的凝视者
(@CGUID+18, 0, 0, 0, 1, 0, 0, 0, 0, '251298'), -- 可恨的恶棍 - 251298 - -Unknown-
(@CGUID+19, 0, 0, 0, 1, 0, 0, 0, 0, ''), -- 涌动虫群
(@CGUID+20, 0, 0, 0, 1, 0, 0, 0, 0, '221564'), -- 入侵的凝视者 - 221564 - -Unknown-
(@CGUID+21, 0, 0, 0, 1, 0, 0, 0, 0, '252309'), -- 聒噪的恶魔 - 252309 - -Unknown-
(@CGUID+22, 0, 0, 0, 1, 0, 0, 0, 0, ''), -- 入侵的凝视者
(@CGUID+23, 0, 0, 0, 1, 0, 0, 0, 0, '251298'), -- 可恨的恶棍 - 251298 - -Unknown-
(@CGUID+24, 0, 0, 0, 1, 0, 0, 0, 0, '252309'), -- 聒噪的恶魔 - 252309 - -Unknown-
(@CGUID+25, 0, 0, 0, 1, 0, 0, 0, 0, '251298'), -- 可恨的恶棍 - 251298 - -Unknown-
(@CGUID+26, 0, 0, 0, 1, 0, 0, 0, 0, '221564 183847'), -- 入侵的凝视者 - 221564 - -Unknown-, 183847 - -Unknown-
(@CGUID+27, 0, 0, 0, 1, 0, 0, 0, 0, '251298'), -- 可恨的恶棍 - 251298 - -Unknown-
(@CGUID+28, 0, 0, 0, 1, 0, 0, 0, 0, ''), -- 聒噪的恶魔
(@CGUID+29, 0, 0, 0, 1, 0, 0, 0, 0, '221564'), -- 入侵的凝视者 - 221564 - -Unknown-
(@CGUID+30, 0, 0, 0, 1, 0, 0, 0, 0, ''), -- 可恨的恶棍
(@CGUID+31, 0, 0, 0, 1, 0, 0, 0, 0, '221564'), -- 入侵的凝视者 - 221564 - -Unknown-
(@CGUID+32, 0, 0, 0, 1, 0, 0, 0, 0, ''), -- 可恨的恶棍
(@CGUID+33, 0, 0, 0, 1, 0, 0, 0, 0, ''), -- 可恨的恶棍
(@CGUID+34, 0, 0, 0, 1, 0, 0, 0, 0, ''), -- 可恨的恶棍
(@CGUID+35, 0, 0, 0, 1, 0, 0, 0, 0, ''), -- 聒噪的恶魔
(@CGUID+36, 0, 0, 0, 1, 0, 0, 0, 0, ''), -- 可恨的恶棍
(@CGUID+37, 0, 0, 0, 1, 0, 0, 0, 0, ''), -- 涌动虫群
(@CGUID+38, 0, 0, 0, 1, 0, 0, 0, 0, '252309'), -- 可恨的恶棍 - 252309 - -Unknown-
(@CGUID+39, 0, 0, 0, 1, 0, 0, 0, 0, ''), -- 聒噪的恶魔
(@CGUID+40, 0, 0, 0, 1, 0, 0, 0, 0, ''), -- 可恨的恶棍
(@CGUID+41, 0, 0, 0, 1, 0, 0, 0, 0, '252309'), -- 可恨的恶棍 - 252309 - -Unknown-
(@CGUID+42, 0, 0, 0, 1, 0, 0, 0, 0, '251298'), -- 聒噪的恶魔 - 251298 - -Unknown-
(@CGUID+43, 0, 0, 0, 1, 0, 0, 0, 0, '221564 183847'), -- 入侵的凝视者 - 221564 - -Unknown-, 183847 - -Unknown-
(@CGUID+44, 0, 0, 0, 1, 0, 0, 0, 0, '251298'), -- 聒噪的恶魔 - 251298 - -Unknown-
(@CGUID+45, 0, 0, 0, 1, 0, 0, 0, 0, '221564 183847'), -- 入侵的凝视者 - 221564 - -Unknown-, 183847 - -Unknown-
(@CGUID+46, 0, 0, 0, 1, 0, 0, 0, 0, '221564'), -- 入侵的凝视者 - 221564 - -Unknown-
(@CGUID+47, 0, 0, 0, 1, 0, 0, 0, 0, '251298'), -- 聒噪的恶魔 - 251298 - -Unknown-
(@CGUID+48, 0, 0, 0, 1, 0, 0, 0, 0, '251298'), -- 聒噪的恶魔 - 251298 - -Unknown-
(@CGUID+49, 0, 0, 50331648, 1, 0, 0, 0, 0, ''), -- 西风破浪鱼
(@CGUID+50, 0, 0, 0, 1, 0, 0, 0, 0, '221564'), -- 入侵的凝视者 - 221564 - -Unknown-
(@CGUID+51, 0, 0, 0, 1, 0, 0, 0, 0, ''), -- 暗誓叛徒
(@CGUID+52, 0, 0, 50331648, 1, 0, 0, 0, 0, ''), -- 西风破浪鱼
(@CGUID+53, 0, 0, 50331648, 1, 0, 0, 0, 0, ''), -- 西风破浪鱼
(@CGUID+54, 0, 0, 50331648, 1, 0, 0, 0, 0, ''), -- 西风破浪鱼
(@CGUID+55, 0, 0, 0, 1, 0, 0, 0, 0, ''), -- 涌动虫群
(@CGUID+56, 0, 0, 0, 1, 0, 0, 0, 0, ''), -- -Unknown-
(@CGUID+57, 0, 0, 50331648, 1, 0, 0, 0, 0, ''), -- 西风破浪鱼
(@CGUID+58, 0, 0, 0, 1, 0, 0, 0, 0, ''), -- 可恨的恶棍
(@CGUID+59, 0, 0, 50331648, 1, 0, 0, 0, 0, ''), -- 西风破浪鱼
(@CGUID+60, 0, 0, 50331648, 1, 0, 0, 0, 0, ''), -- 西风破浪鱼
(@CGUID+61, 0, 0, 50331648, 1, 0, 0, 0, 0, ''), -- 西风破浪鱼
(@CGUID+62, 0, 0, 0, 1, 0, 0, 0, 0, ''), -- 可恨的恶棍
(@CGUID+63, 0, 0, 0, 1, 0, 0, 0, 0, ''), -- 聒噪的恶魔
(@CGUID+64, 0, 0, 50331648, 1, 0, 0, 0, 0, ''), -- 西风破浪鱼
(@CGUID+65, 0, 0, 0, 1, 0, 0, 0, 0, ''), -- -Unknown-
(@CGUID+66, 0, 0, 0, 1, 0, 0, 0, 0, ''), -- 复仇征服者
(@CGUID+67, 0, 0, 50331648, 1, 0, 0, 0, 0, ''), -- 西风破浪鱼
(@CGUID+68, 0, 0, 0, 1, 0, 0, 0, 0, ''), -- 聒噪的恶魔
(@CGUID+69, 0, 0, 0, 1, 0, 0, 0, 0, ''), -- 涌动虫群
(@CGUID+70, 0, 0, 0, 1, 0, 0, 0, 0, ''), -- 可恨的恶棍
(@CGUID+71, 0, 0, 0, 1, 0, 0, 0, 0, ''), -- 暗誓叛徒
(@CGUID+72, 0, 0, 50331648, 1, 0, 0, 0, 0, ''), -- 西风破浪鱼
(@CGUID+73, 0, 0, 50331648, 1, 0, 0, 0, 0, ''), -- 西风破浪鱼
(@CGUID+74, 0, 0, 50331648, 1, 0, 0, 0, 0, ''), -- 西风破浪鱼
(@CGUID+75, 0, 0, 50331648, 1, 0, 0, 0, 0, ''), -- 西风破浪鱼
(@CGUID+76, 0, 0, 50331648, 1, 0, 0, 0, 0, ''), -- 西风破浪鱼
(@CGUID+77, 0, 0, 50331648, 1, 0, 0, 0, 0, ''), -- -Unknown-
(@CGUID+78, 0, 0, 0, 1, 0, 0, 0, 0, ''), -- 复仇征服者
(@CGUID+79, 0, 0, 0, 1, 0, 0, 0, 0, ''), -- 可恨的恶棍
(@CGUID+80, 0, 0, 0, 1, 0, 0, 0, 0, ''), -- 涌动虫群
(@CGUID+81, 0, 0, 0, 1, 0, 0, 0, 0, ''), -- 暗誓叛徒
(@CGUID+82, 0, 0, 0, 1, 0, 0, 0, 0, ''), -- 可恨的恶棍
(@CGUID+83, 0, 0, 0, 1, 0, 0, 0, 0, '251298'), -- 聒噪的恶魔 - 251298 - -Unknown-
(@CGUID+84, 0, 0, 0, 1, 0, 0, 0, 0, ''), -- -Unknown-
(@CGUID+85, 0, 0, 0, 1, 0, 0, 0, 0, ''), -- 聒噪的恶魔
(@CGUID+86, 0, 0, 0, 1, 0, 0, 0, 0, '251298'), -- 聒噪的恶魔 - 251298 - -Unknown-
(@CGUID+87, 0, 0, 0, 1, 0, 0, 0, 0, '221564'), -- 入侵的凝视者 - 221564 - -Unknown-
(@CGUID+88, 0, 0, 0, 1, 0, 0, 0, 0, ''), -- -Unknown-
(@CGUID+89, 0, 0, 0, 1, 0, 0, 0, 0, ''), -- 涌动虫群
(@CGUID+90, 0, 0, 0, 1, 0, 0, 0, 0, ''), -- 涌动虫群
(@CGUID+91, 0, 0, 0, 1, 0, 0, 0, 0, ''), -- 涌动虫群
(@CGUID+92, 0, 0, 50331648, 1, 0, 0, 0, 0, ''), -- 西风破浪鱼
(@CGUID+93, 0, 0, 50331648, 1, 0, 0, 0, 0, ''), -- 西风破浪鱼
(@CGUID+94, 0, 0, 50331648, 1, 0, 0, 0, 0, ''), -- 西风破浪鱼
(@CGUID+95, 0, 0, 50331648, 1, 0, 0, 0, 0, ''), -- 西风破浪鱼
(@CGUID+96, 0, 0, 50331648, 1, 0, 0, 0, 0, ''), -- 西风破浪鱼
(@CGUID+97, 0, 0, 0, 1, 0, 0, 0, 0, '46598'), -- -Unknown- - 46598 - -Unknown-
(@CGUID+98, 0, 0, 50331648, 1, 0, 0, 0, 0, ''), -- 西风破浪鱼
(@CGUID+99, 0, 0, 50331648, 1, 0, 0, 0, 0, ''), -- 西风破浪鱼
(@CGUID+100, 0, 0, 0, 1, 0, 0, 0, 0, ''), -- 涌动虫群
(@CGUID+101, 0, 0, 50331648, 1, 0, 0, 0, 0, ''), -- 西风破浪鱼
(@CGUID+102, 0, 0, 50331648, 1, 0, 0, 0, 0, ''), -- 西风破浪鱼
(@CGUID+103, 0, 0, 50331648, 1, 0, 0, 0, 0, ''), -- 西风破浪鱼
(@CGUID+104, 0, 0, 0, 1, 0, 0, 0, 0, ''), -- 涌动虫群
(@CGUID+105, 0, 0, 0, 1, 0, 0, 0, 0, ''), -- 涌动虫群
(@CGUID+106, 0, 0, 0, 1, 0, 0, 0, 0, ''), -- 涌动虫群
(@CGUID+107, 0, 0, 0, 1, 0, 0, 0, 0, ''), -- 涌动虫群
(@CGUID+108, 0, 0, 0, 1, 0, 0, 0, 0, '61424'), -- -Unknown- - 61424 - -Unknown-
(@CGUID+109, 0, 0, 0, 1, 0, 0, 0, 0, '122729'), -- -Unknown- - 122729 - -Unknown-
(@CGUID+110, 0, 0, 0, 1, 0, 0, 0, 0, '251298'), -- 烈焰使者阿兹罗瑟尔 - 251298 - -Unknown-
(@CGUID+111, 0, 0, 50331648, 1, 0, 0, 0, 0, ''), -- 西风破浪鱼
(@CGUID+112, 0, 0, 50331648, 1, 0, 0, 0, 0, ''), -- 西风破浪鱼
(@CGUID+113, 0, 0, 50331648, 1, 0, 0, 0, 0, ''), -- 西风破浪鱼
(@CGUID+114, 0, 0, 50331648, 1, 0, 0, 0, 0, ''), -- 西风破浪鱼
(@CGUID+115, 0, 0, 50331648, 1, 0, 0, 0, 0, '147490'), -- -Unknown- - 147490 - -Unknown-
(@CGUID+116, 0, 0, 0, 1, 0, 0, 0, 0, ''), -- -Unknown-
(@CGUID+117, 0, 0, 0, 1, 0, 0, 0, 0, '222589'), -- -Unknown- - 222589 - -Unknown-
(@CGUID+118, 0, 0, 0, 1, 0, 0, 0, 0, '222589'), -- -Unknown- - 222589 - -Unknown-
(@CGUID+119, 0, 0, 0, 1, 0, 0, 0, 0, '222589'), -- -Unknown- - 222589 - -Unknown-
(@CGUID+120, 0, 0, 0, 1, 0, 0, 0, 0, '222589'), -- -Unknown- - 222589 - -Unknown-
(@CGUID+121, 0, 0, 0, 1, 0, 0, 0, 0, '222589'); -- -Unknown- - 222589 - -Unknown-


DELETE FROM `gameobject` WHERE `guid` BETWEEN @OGUID+0 AND @OGUID+1;
INSERT INTO `gameobject` (`guid`, `id`, `map`, `zoneId`, `areaId`, `spawnMask`, `PhaseId`, `PhaseGroup`, `position_x`, `position_y`, `position_z`, `orientation`, `rotation0`, `rotation1`, `rotation2`, `rotation3`, `spawntimesecs`, `animprogress`, `state`, `VerifiedBuild`) VALUES
(@OGUID+0, 276221, 1779, 9180, 9180, 1, '0', 0, -3713.248, -8003.493, 3.149687, 4.70962, 0, 0, -0.7080851, 0.7061272, 7200, 255, 1, 26124), -- -Unknown- (Area: -Unknown- - Difficulty: 0)
(@OGUID+1, 276221, 1779, 9180, 9180, 1, '0', 0, -3734.464, -8003.865, 3.163017, 4.70962, 0, 0, -0.7080851, 0.7061272, 7200, 255, 1, 26124); -- -Unknown- (Area: -Unknown- - Difficulty: 0)


DELETE FROM `creature_template_addon` WHERE `entry` IN (125655 /*125655 (烈焰使者阿兹罗瑟尔) - -Unknown-*/, 125788 /*125788*/, 127608 /*127608 (西风破浪鱼)*/, 127982 /*127982 (入侵的凝视者)*/, 126813 /*126813 (涌动虫群)*/);
INSERT INTO `creature_template_addon` (`entry`, `path_id`, `mount`, `bytes1`, `bytes2`, `emote`, `aiAnimKit`, `movementAnimKit`, `meleeAnimKit`, `auras`) VALUES
(125655, 0, 0, 0, 1, 0, 0, 0, 0, '251298'), -- 125655 (烈焰使者阿兹罗瑟尔) - -Unknown-
(125788, 0, 0, 0, 1, 0, 0, 0, 0, ''), -- 125788
(127608, 0, 0, 50331648, 1, 0, 0, 0, 0, ''), -- 127608 (西风破浪鱼)
(127982, 0, 0, 0, 1, 0, 0, 0, 0, ''), -- 127982 (入侵的凝视者)
(126813, 0, 0, 0, 1, 0, 0, 0, 0, ''); -- 126813 (涌动虫群)

UPDATE `creature_template_addon` SET `bytes1`=33554432, `auras`='248550' WHERE `entry`=126997; -- 126997 (燃烧王座邪能法师)
UPDATE `creature_template_addon` SET `bytes2`=0 WHERE `entry`=126998; -- 126998
UPDATE `creature_template_addon` SET `auras`='141753' WHERE `entry`=126999; -- 126999 (安托鲁斯之眼)
UPDATE `creature_template_addon` SET `auras`='46598' WHERE `entry`=121541; -- 121541
UPDATE `creature_template_addon` SET `auras`='252309' WHERE `entry`=125921; -- 125921 (聒噪的恶魔)
UPDATE `creature_template_addon` SET `auras`='252309' WHERE `entry`=125931; -- 125931 (可恨的恶棍)
UPDATE `creature_template_addon` SET `auras`='233305' WHERE `entry`=126995; -- 126995 (安托兰传送门守护者)

DELETE FROM `creature_template_scaling` WHERE `Entry` IN (127982, 125656, 125788, 125655);
INSERT INTO `creature_template_scaling` (`Entry`, `LevelScalingDeltaMin`, `LevelScalingDeltaMax`, `VerifiedBuild`) VALUES
(127982, 0, 0, 26124),
(125656, 0, 0, 26124),
(125788, 0, 0, 26124),
(125655, 0, 0, 26124);



UPDATE `creature_model_info` SET `VerifiedBuild`=26124 WHERE `DisplayID`=61909;
UPDATE `creature_model_info` SET `VerifiedBuild`=26124 WHERE `DisplayID`=63144;
UPDATE `creature_model_info` SET `BoundingRadius`=1.25, `CombatReach`=1.875, `VerifiedBuild`=26124 WHERE `DisplayID`=78576;
UPDATE `creature_model_info` SET `VerifiedBuild`=26124 WHERE `DisplayID`=78571;
UPDATE `creature_model_info` SET `VerifiedBuild`=26124 WHERE `DisplayID`=70159;
UPDATE `creature_model_info` SET `VerifiedBuild`=26124 WHERE `DisplayID`=78575;
UPDATE `creature_model_info` SET `BoundingRadius`=1.3, `CombatReach`=1.95, `VerifiedBuild`=26124 WHERE `DisplayID`=78572;
UPDATE `creature_model_info` SET `BoundingRadius`=0.06, `CombatReach`=0.2, `VerifiedBuild`=26124 WHERE `DisplayID`=60909;
UPDATE `creature_model_info` SET `BoundingRadius`=2.988312, `CombatReach`=1.1, `VerifiedBuild`=26124 WHERE `DisplayID`=20528;
UPDATE `creature_model_info` SET `VerifiedBuild`=26124 WHERE `DisplayID`=4449;
UPDATE `creature_model_info` SET `VerifiedBuild`=26124 WHERE `DisplayID`=78358;

DELETE FROM `creature_equip_template` WHERE (`CreatureID`=125788 AND `ID`=1);
INSERT INTO `creature_equip_template` (`CreatureID`, `ID`, `ItemID1`, `AppearanceModID1`, `ItemVisual1`, `ItemID2`, `AppearanceModID2`, `ItemVisual2`, `ItemID3`, `AppearanceModID3`, `ItemVisual3`) VALUES
(125788, 1, 79734, 0, 0, 79734, 0, 0, 0, 0, 0); -- -Unknown-



UPDATE `creature_template` SET `minlevel`=112, `maxlevel`=112, `faction`=14, `speed_walk`=2, `speed_run`=2, `BaseAttackTime`=1500, `RangeAttackTime`=2000, `unit_flags`=360448, `unit_flags2`=4194304 WHERE `entry`=125655; -- 烈焰使者阿兹罗瑟尔
UPDATE `creature_template` SET `unit_flags`=32768 WHERE `entry`=125936; -- -Unknown-
UPDATE `creature_template` SET `minlevel`=110, `maxlevel`=110, `faction`=16, `BaseAttackTime`=2000, `RangeAttackTime`=2000, `unit_flags`=32768, `unit_flags2`=2099200 WHERE `entry`=125788; -- -Unknown-
UPDATE `creature_template` SET `unit_flags`=32768 WHERE `entry`=125776; -- -Unknown-
UPDATE `creature_template` SET `faction`=190, `BaseAttackTime`=2000, `RangeAttackTime`=2000, `unit_flags2`=2048 WHERE `entry`=127608; -- 西风破浪鱼
UPDATE `creature_template` SET `minlevel`=110, `maxlevel`=110, `faction`=90, `BaseAttackTime`=2000, `RangeAttackTime`=2000, `unit_flags`=32768, `unit_flags2`=2099200 WHERE `entry`=127982; -- 入侵的凝视者
UPDATE `creature_template` SET `unit_flags`=32768 WHERE `entry`=125931; -- 可恨的恶棍
UPDATE `creature_template` SET `minlevel`=110, `maxlevel`=110, `faction`=14, `BaseAttackTime`=2000, `RangeAttackTime`=2000, `unit_flags`=33554432, `unit_flags2`=69208064, `unit_flags3`=1 WHERE `entry`=126813; -- 涌动虫群


INSERT IGNORE INTO `npc_spellclick_spells` (`npc_entry`, `spell_id`, `cast_flags`, `user_type`) VALUES
(127271, 240091, 1, 0), -- 摧毁
(124884, 247069, 3, 0), -- 进入裂隙
(127108, 186538, 1, 0), -- 摧毁
(126547, 247069, 3, 0);  -- 进入裂隙


SET NAMES 'utf8';

UPDATE `creature_template` SET `name`='奥特兰克负酒犬' WHERE `entry`=74402; -- 奥特兰克负酒犬
UPDATE `creature_template` SET `name`='燃烧王座邪能法师', `femaleName`='燃烧王座邪能法师', `HealthModifier`=3 WHERE `entry`=126997; -- 燃烧王座邪能法师
UPDATE `creature_template` SET `HealthModifier`=3 WHERE `entry`=119884; -- 远古废墟猎手
UPDATE `creature_template` SET `name`='爆裂宝珠', `HealthScalingExpansion`=6, `type`=10, `type_flags`=1088, `HealthModifier`=2, `VerifiedBuild`=26124 WHERE `entry`=125656; -- 爆裂宝珠
UPDATE `creature_template` SET `name`='烈焰使者阿兹罗瑟尔', `HealthScalingExpansion`=6, `rank`=1, `type`=3, `type_flags`=2097224, `HealthModifier`=120, `movementId`=184, `VerifiedBuild`=26124 WHERE `entry`=125655; -- 烈焰使者阿兹罗瑟尔
UPDATE `creature_template` SET `name`='活力蘑菇', `HealthScalingExpansion`=6, `rank`=1, `type`=10, `type_flags`=1611661328, `type_flags2`=6, `movementId`=144, `VerifiedBuild`=26124 WHERE `entry`=126978; -- 活力蘑菇
UPDATE `creature_template` SET `name`='西风破浪鱼', `HealthScalingExpansion`=6, `type`=8, `HealthModifier`=0.2, `VerifiedBuild`=26124 WHERE `entry`=127608; -- 西风破浪鱼
UPDATE `creature_template` SET `name`='入侵的凝视者', `HealthScalingExpansion`=6, `rank`=1, `type`=3, `type_flags`=2097216, `HealthModifier`=30, `VerifiedBuild`=26124 WHERE `entry`=127982; -- 入侵的凝视者
UPDATE `creature_template` SET `name`='涌动虫群', `HealthScalingExpansion`=6, `type`=10, `type_flags`=1611661328, `type_flags2`=6, `VerifiedBuild`=26124 WHERE `entry`=126813; -- 涌动虫群
UPDATE `creature_template` SET `HealthModifier`=0.75 WHERE `entry`=117176; -- 魔犬
UPDATE `creature_template` SET `HealthModifier`=0.5 WHERE `entry`=117172; -- 邪火小鬼
UPDATE `creature_template` SET `HealthModifier`=0.75 WHERE `entry`=117177; -- 恐惧猎犬
UPDATE `creature_template` SET `name`='安托兰传送门守护者', `femaleName`='安托兰传送门守护者', `HealthModifier`=3 WHERE `entry`=126995; -- 安托兰传送门守护者


UPDATE `creature_questitem` SET `VerifiedBuild`=26124 WHERE (`CreatureEntry`=46910 AND `Idx`=0); -- 熔火恶犬

