# TrinityCore - WowPacketParser
# File name: 7.3.5_26365_四月-30-1826 -破碎海滩.awps.pkt
# Detected build: V7_3_5_26365
# Detected locale: zhCN
# Targeted database: Legion
# Parsing date: 04/30/2018 21:15:20

DELETE FROM `spell_areatrigger` WHERE (`AreaTriggerId`=13459);
INSERT INTO `spell_areatrigger` (`SpellMiscId`, `AreaTriggerId`, `MoveCurveId`, `ScaleCurveId`, `MorphCurveId`, `FacingCurveId`, `DecalPropertiesId`, `TimeToTarget`, `TimeToTargetScale`, `VerifiedBuild`) VALUES
(9470, 13459, 0, 0, 0, 0, 0, 0, 5000, 26365); -- SpellId : 233777 邪火突袭




SET NAMES 'latin1';
SET NAMES 'utf8';
DELETE FROM `quest_template_locale` WHERE (`ID`=47017 AND `locale`='zhCN') OR (`ID`=46997 AND `locale`='zhCN');
INSERT INTO `quest_template_locale` (`ID`, `locale`, `LogTitle`, `LogDescription`, `QuestDescription`, `AreaDescription`, `PortraitGiverText`, `PortraitGiverName`, `PortraitTurnInText`, `PortraitTurnInName`, `QuestCompletionLog`, `VerifiedBuild`) VALUES
(47017, 'zhCN', '只有上品', '', '', '', '', '', '', '', '', 26365),
(46997, 'zhCN', '指挥中心之赐', '', '', '', '', '', '', '', '', 26365);


SET NAMES 'latin1';
DELETE FROM `quest_request_items` WHERE `ID`=47119;
INSERT INTO `quest_request_items` (`ID`, `EmoteOnComplete`, `EmoteOnIncomplete`, `EmoteOnCompleteDelay`, `EmoteOnIncompleteDelay`, `CompletionText`, `VerifiedBuild`) VALUES
(47119, 0, 0, 0, 0, '你觉得萨格拉斯之墓的挑战如何？', 26365); -- Tomb of Sargeras: Free The Tormented

SET @CGUID=452574;
SET @OGUID=101633;
DELETE FROM `creature` WHERE `guid` BETWEEN @CGUID+0 AND @CGUID+401;
INSERT INTO `creature` (`guid`, `id`, `map`, `zoneId`, `areaId`, `spawnMask`, `PhaseId`, `PhaseGroup`, `modelid`, `equipment_id`, `position_x`, `position_y`, `position_z`, `orientation`, `spawntimesecs`, `spawndist`, `currentwaypoint`, `curhealth`, `curmana`, `MovementType`, `npcflag`, `unit_flags`, `dynamicflags`, `VerifiedBuild`) VALUES
(@CGUID+0, 123230, 1220, 0, 0, 1, '0', 0, 0, 0, -1455.941, 3448.617, -15.9629, 4.822457, 7200, 0, 0, 0, 0, 0, 0, 0, 0, 26365), -- 损坏的潜水头盔 (Area: -Unknown- - Difficulty: 1) (Auras: 142433 - -Unknown-, 144301 - -Unknown-, 245506 - -Unknown-)
(@CGUID+1, 120800, 1220, 0, 0, 1, '0', 0, 0, 0, -1512.988, 3460.9, 0.3318636, 0.9554862, 7200, 0, 0, 0, 0, 0, 0, 0, 0, 26365), -- 石鳍投泥者 (Area: -Unknown- - Difficulty: 1)
(@CGUID+2, 120800, 1220, 0, 0, 1, '0', 0, 0, 0, -1513.529, 3448.883, 1.970248, 1.930846, 7200, 0, 0, 0, 0, 0, 0, 0, 0, 26365), -- 石鳍投泥者 (Area: -Unknown- - Difficulty: 1)
(@CGUID+3, 120800, 1220, 0, 0, 1, '0', 0, 0, 0, -1521.148, 3466.144, 0.3566978, 0.7216607, 7200, 0, 0, 0, 0, 0, 0, 0, 0, 26365), -- 石鳍投泥者 (Area: -Unknown- - Difficulty: 1)
(@CGUID+4, 120801, 1220, 0, 0, 1, '0', 0, 0, 0, -1535.139, 3465.034, 2.251701, 4.258554, 7200, 0, 0, 0, 0, 0, 0, 0, 0, 26365), -- 石鳍暴雨使者 (Area: -Unknown- - Difficulty: 1) (Auras: 12550 - -Unknown-)
(@CGUID+5, 120226, 1220, 0, 0, 1, '0', 0, 0, 0, -1538.263, 3609.046, 45.68002, 0.6649603, 7200, 0, 0, 0, 0, 0, 0, 0, 0, 26365), -- 死木大鹏 (Area: -Unknown- - Difficulty: 1)
(@CGUID+6, 120800, 1220, 0, 0, 1, '0', 0, 0, 0, -1583.91, 3504.531, -0.516211, 3.605927, 7200, 0, 0, 0, 0, 0, 0, 0, 0, 26365), -- 石鳍投泥者 (Area: -Unknown- - Difficulty: 1)
(@CGUID+7, 120801, 1220, 0, 0, 1, '0', 0, 0, 0, -1556.734, 3459.913, 2.372764, 2.081766, 7200, 0, 0, 0, 0, 0, 0, 0, 0, 26365), -- 石鳍暴雨使者 (Area: -Unknown- - Difficulty: 1) (Auras: 12550 - -Unknown-)
(@CGUID+8, 120800, 1220, 0, 0, 1, '0', 0, 0, 0, -1523.197, 3441.434, 2.494821, 1.116296, 7200, 0, 0, 0, 0, 0, 0, 0, 0, 26365), -- 石鳍投泥者 (Area: -Unknown- - Difficulty: 1)
(@CGUID+9, 115434, 1220, 0, 0, 1, '0', 0, 0, 0, -1635.357, 3517.008, -13.16298, 1.669634, 7200, 0, 0, 0, 0, 0, 0, 0, 0, 26365), -- 岛礁锤头鲨 (Area: -Unknown- - Difficulty: 1)
(@CGUID+10, 120800, 1220, 0, 0, 1, '0', 0, 0, 0, -1574.946, 3462.677, 2.571316, 0.2305296, 7200, 0, 0, 0, 0, 0, 0, 0, 0, 26365), -- 石鳍投泥者 (Area: -Unknown- - Difficulty: 1)
(@CGUID+11, 120800, 1220, 0, 0, 1, '0', 0, 0, 0, -1495.021, 3429.62, -0.1811161, 4.797167, 7200, 0, 0, 0, 0, 0, 0, 0, 0, 26365), -- 石鳍投泥者 (Area: -Unknown- - Difficulty: 1)
(@CGUID+12, 120801, 1220, 0, 0, 1, '0', 0, 0, 0, -1570.429, 3451.098, 4.552647, 1.143759, 7200, 0, 0, 0, 0, 0, 0, 0, 0, 26365), -- 石鳍暴雨使者 (Area: -Unknown- - Difficulty: 1) (Auras: 12550 - -Unknown-)
(@CGUID+13, 120801, 1220, 0, 0, 1, '0', 0, 0, 0, -1585.472, 3479.622, 0.6337517, 0.2816069, 7200, 0, 0, 0, 0, 0, 0, 0, 0, 26365), -- 石鳍暴雨使者 (Area: -Unknown- - Difficulty: 1) (Auras: 12550 - -Unknown-)
(@CGUID+14, 120800, 1220, 0, 0, 1, '0', 0, 0, 0, -1537.994, 3421.552, 6.006976, 6.185932, 7200, 0, 0, 0, 0, 0, 0, 0, 0, 26365), -- 石鳍投泥者 (Area: -Unknown- - Difficulty: 1)
(@CGUID+15, 120801, 1220, 0, 0, 1, '0', 0, 0, 0, -1513.247, 3419.392, 2.85381, 1.93819, 7200, 0, 0, 0, 0, 0, 0, 0, 0, 26365), -- 石鳍暴雨使者 (Area: -Unknown- - Difficulty: 1) (Auras: 12550 - -Unknown-)
(@CGUID+16, 120800, 1220, 0, 0, 1, '0', 0, 0, 0, -1559.256, 3408.039, 8.404844, 5.357634, 7200, 10, 0, 0, 0, 1, 0, 0, 0, 26365), -- 石鳍投泥者 (Area: -Unknown- - Difficulty: 1) (possible waypoints or random movement)
(@CGUID+17, 120800, 1220, 0, 0, 1, '0', 0, 0, 0, -1554.165, 3481.958, 4.363419, 4.30012, 7200, 0, 0, 0, 0, 0, 0, 0, 0, 26365), -- 石鳍投泥者 (Area: -Unknown- - Difficulty: 1)
(@CGUID+18, 120800, 1220, 0, 0, 1, '0', 0, 0, 0, -1524.132, 3419.964, 4.54491, 1.783126, 7200, 0, 0, 0, 0, 0, 0, 0, 0, 26365), -- 石鳍投泥者 (Area: -Unknown- - Difficulty: 1)
(@CGUID+19, 120801, 1220, 0, 0, 1, '0', 0, 0, 0, -1549.998, 3425.667, 5.832696, 0.7467962, 7200, 0, 0, 0, 0, 0, 0, 0, 0, 26365), -- 石鳍暴雨使者 (Area: -Unknown- - Difficulty: 1) (Auras: 12550 - -Unknown-)
(@CGUID+20, 120801, 1220, 0, 0, 1, '0', 0, 0, 0, -1573.019, 3387.003, 7.648556, 0.5539524, 7200, 0, 0, 0, 0, 0, 0, 0, 0, 26365), -- 石鳍暴雨使者 (Area: -Unknown- - Difficulty: 1) (Auras: 12550 - -Unknown-)
(@CGUID+21, 118978, 1220, 0, 0, 1, '0', 0, 0, 0, -1609.674, 3391.444, 94.8526, 1.565527, 7200, 0, 0, 0, 0, 0, 0, 0, 0, 26365), -- 抗魔联军哨兵 (Area: -Unknown- - Difficulty: 1)
(@CGUID+22, 120311, 1220, 0, 0, 1, '0', 0, 0, 0, -1623.29, 3426.767, 77.75907, 4.253297, 7200, 0, 0, 0, 0, 0, 0, 0, 0, 26365), -- 剧毒飞蛾 (Area: -Unknown- - Difficulty: 1)
(@CGUID+23, 120311, 1220, 0, 0, 1, '0', 0, 0, 0, -1608.614, 3388.283, 101.6557, 0.3880383, 7200, 0, 0, 0, 0, 0, 0, 0, 0, 26365), -- 剧毒飞蛾 (Area: -Unknown- - Difficulty: 1)
(@CGUID+24, 91975, 1220, 0, 0, 1, '0', 0, 0, 0, -1533.594, 3399.012, 29.34995, 4.353097, 7200, 0, 0, 0, 0, 0, 0, 0, 0, 26365), -- 锚点 (Area: -Unknown- - Difficulty: 1) (Auras: 182476 - -Unknown-)
(@CGUID+25, 120800, 1220, 0, 0, 1, '0', 0, 0, 0, -1541.934, 3384.76, 7.988287, 2.100353, 7200, 0, 0, 0, 0, 0, 0, 0, 0, 26365), -- 石鳍投泥者 (Area: -Unknown- - Difficulty: 1)
(@CGUID+26, 120800, 1220, 0, 0, 1, '0', 0, 0, 0, -1573.614, 3367.189, 7.513621, 2.786265, 7200, 10, 0, 0, 0, 1, 0, 0, 0, 26365), -- 石鳍投泥者 (Area: -Unknown- - Difficulty: 1) (possible waypoints or random movement)
(@CGUID+27, 120311, 1220, 0, 0, 1, '0', 0, 0, 0, -1667.895, 3394.449, 105.6041, 4.529073, 7200, 0, 0, 0, 0, 0, 0, 0, 0, 26365), -- 剧毒飞蛾 (Area: -Unknown- - Difficulty: 1)
(@CGUID+28, 120377, 1220, 7543, 8603, 1, '0', 0, 0, 0, -1669.465, 3370.913, 88.91122, 2.965389, 7200, 0, 0, 0, 0, 0, 0, 0, 0, 26365), -- 艾瑞亚娜·麦金农 (Area: -Unknown- - Difficulty: 1) (Auras: 234568 - -Unknown-)
(@CGUID+29, 117506, 1220, 7543, 8603, 1, '0', 0, 0, 0, -1634.36, 3363.123, 94.03503, 3.411416, 7200, 10, 0, 0, 0, 1, 0, 0, 0, 26365), -- 抗魔联军哨兵 (Area: -Unknown- - Difficulty: 1) (possible waypoints or random movement)
(@CGUID+30, 118092, 1220, 7543, 8603, 1, '0', 0, 0, 0, -1674.438, 3358.307, 86.75292, 5.590235, 7200, 10, 0, 0, 0, 1, 0, 0, 0, 26365), -- 护林者 (Area: -Unknown- - Difficulty: 1) (Auras: 234568 - -Unknown-) (possible waypoints or random movement)
(@CGUID+31, 117506, 1220, 7543, 8603, 1, '0', 0, 0, 0, -1681.08, 3368.414, 86.61871, 2.359545, 7200, 0, 0, 0, 0, 0, 0, 0, 0, 26365), -- 抗魔联军哨兵 (Area: -Unknown- - Difficulty: 1)
(@CGUID+32, 10779, 1220, 7543, 8603, 1, '0', 0, 0, 0, -1671.997, 3365.528, 88.75929, 1.207339, 7200, 0, 0, 0, 0, 0, 0, 0, 0, 26365), -- 被感染的松鼠 (Area: -Unknown- - Difficulty: 1)
(@CGUID+33, 118121, 1220, 7543, 8603, 1, '0', 0, 0, 0, -1703.307, 3356.262, 91.33744, 1.782149, 7200, 10, 0, 0, 0, 1, 0, 0, 0, 26365), -- 小精灵 (Area: -Unknown- - Difficulty: 1) (possible waypoints or random movement)
(@CGUID+34, 120819, 1220, 7543, 8603, 1, '0', 0, 0, 0, -1628.958, 3334.823, 86.48253, 0.6041338, 7200, 0, 0, 0, 0, 0, 0, 0, 0, 26365), -- 抗魔联军工人 (Area: -Unknown- - Difficulty: 1)
(@CGUID+35, 10779, 1220, 7543, 8603, 1, '0', 0, 0, 0, -1731.831, 3386.002, 69.07863, 2.751976, 7200, 0, 0, 0, 0, 0, 0, 0, 0, 26365), -- 被感染的松鼠 (Area: -Unknown- - Difficulty: 1)
(@CGUID+36, 119462, 1220, 7543, 8603, 1, '0', 0, 0, 0, -1627.293, 3332.307, 85.19235, 1.200194, 7200, 0, 0, 0, 0, 0, 0, 0, 0, 26365), -- 抗魔联军工人 (Area: -Unknown- - Difficulty: 1)
(@CGUID+37, 120386, 1220, 7543, 8603, 1, '0', 0, 0, 0, -1733.467, 3386.072, 91.12409, 4.026013, 7200, 0, 0, 0, 0, 0, 0, 0, 0, 26365), -- 食腐乌鸦 (Area: -Unknown- - Difficulty: 1)
(@CGUID+38, 117507, 1220, 7543, 8603, 1, '0', 0, 0, 0, -1577.679, 3334.431, 109.1354, 1.629843, 7200, 0, 0, 0, 0, 0, 0, 0, 0, 26365), -- 抗魔联军医师 (Area: -Unknown- - Difficulty: 1)
(@CGUID+39, 120311, 1220, 7543, 8603, 1, '0', 0, 0, 0, -1725.72, 3405.442, 79.01636, 0.3588221, 7200, 0, 0, 0, 0, 0, 0, 0, 0, 26365), -- 剧毒飞蛾 (Area: -Unknown- - Difficulty: 1)
(@CGUID+40, 118093, 1220, 7543, 8603, 1, '0', 0, 0, 0, -1669.043, 3344.118, 84.34894, 3.861899, 7200, 0, 0, 0, 0, 0, 0, 0, 0, 26365), -- 梦境守护者 (Area: -Unknown- - Difficulty: 1) (Auras: 84186 - -Unknown-)
(@CGUID+41, 118994, 1220, 7543, 8603, 1, '0', 0, 0, 0, -1731.847, 3383.064, 67.93799, 3.539765, 7200, 0, 0, 0, 0, 0, 0, 0, 0, 26365), -- 抗魔联军防御者 (Area: -Unknown- - Difficulty: 1)
(@CGUID+42, 117474, 1220, 7543, 8603, 1, '0', 0, 0, 0, -1651.936, 3334.705, 85.84262, 3.092869, 7200, 0, 0, 0, 0, 0, 0, 0, 0, 26365), -- 抗魔联军防御者 (Area: -Unknown- - Difficulty: 1)
(@CGUID+43, 118090, 1220, 7543, 8603, 1, '0', 0, 0, 0, -1677.042, 3351.649, 85.80943, 3.927673, 7200, 0, 0, 0, 0, 0, 0, 0, 0, 26365), -- 利爪德鲁伊 (Area: -Unknown- - Difficulty: 1) (Auras: 170133 - -Unknown-)
(@CGUID+44, 118121, 1220, 7543, 8603, 1, '0', 0, 0, 0, -1679.031, 3359.676, 91.02525, 0.05662248, 7200, 10, 0, 0, 0, 1, 0, 0, 0, 26365), -- 小精灵 (Area: -Unknown- - Difficulty: 1) (possible waypoints or random movement)
(@CGUID+45, 120819, 1220, 7543, 8603, 1, '0', 0, 0, 0, -1620.736, 3312.946, 85.19202, 3.878169, 7200, 0, 0, 0, 0, 0, 0, 0, 0, 26365), -- 抗魔联军工人 (Area: -Unknown- - Difficulty: 1)
(@CGUID+46, 118994, 1220, 7543, 8603, 1, '0', 0, 0, 0, -1568.608, 3345.414, 109.28, 3.663351, 7200, 0, 0, 0, 0, 0, 0, 0, 0, 26365), -- 抗魔联军防御者 (Area: -Unknown- - Difficulty: 1)
(@CGUID+47, 118096, 1220, 7543, 8603, 1, '0', 0, 0, 0, -1694.663, 3346.49, 84.91872, 0.8096425, 7200, 0, 0, 0, 0, 0, 0, 0, 0, 26365), -- 梦境守护者 (Area: -Unknown- - Difficulty: 1) (Auras: 84186 - -Unknown-)
(@CGUID+48, 119462, 1220, 7543, 8603, 1, '0', 0, 0, 0, -1619.116, 3324.846, 86.48252, 0.4249702, 7200, 0, 0, 0, 0, 0, 0, 0, 0, 26365), -- 抗魔联军工人 (Area: -Unknown- - Difficulty: 1)
(@CGUID+49, 118092, 1220, 7543, 8603, 1, '0', 0, 0, 0, -1685.58, 3339.571, 85.41042, 5.384212, 7200, 10, 0, 0, 0, 1, 0, 0, 0, 26365), -- 护林者 (Area: -Unknown- - Difficulty: 1) (Auras: 234568 - -Unknown-) (possible waypoints or random movement)
(@CGUID+50, 120273, 1220, 7543, 8603, 1, '0', 0, 0, 0, -1676.564, 3344.454, 84.81081, 3.810036, 7200, 10, 0, 0, 0, 1, 0, 0, 0, 26365), -- 林菲·猎鸟 (Area: -Unknown- - Difficulty: 1) (Auras: 239799 - -Unknown-) (possible waypoints or random movement)
(@CGUID+51, 117506, 1220, 7543, 8603, 1, '0', 0, 0, 0, -1698.104, 3340.033, 84.45005, 3.653115, 7200, 0, 0, 0, 0, 0, 0, 0, 0, 26365), -- 抗魔联军哨兵 (Area: -Unknown- - Difficulty: 1)
(@CGUID+52, 118090, 1220, 7543, 8603, 1, '0', 0, 0, 0, -1679.071, 3349.608, 85.80943, 0.8134609, 7200, 0, 0, 0, 0, 0, 0, 0, 0, 26365), -- 利爪德鲁伊 (Area: -Unknown- - Difficulty: 1) (Auras: 170133 - -Unknown-)
(@CGUID+53, 118994, 1220, 7543, 8603, 1, '0', 0, 0, 0, -1696.004, 3327.846, 83.42828, 2.815947, 7200, 10, 0, 0, 0, 1, 0, 0, 0, 26365), -- 抗魔联军防御者 (Area: -Unknown- - Difficulty: 1) (possible waypoints or random movement)
(@CGUID+54, 120311, 1220, 7543, 8603, 1, '0', 0, 0, 0, -1694.433, 3363.422, 96.41784, 0.7609892, 7200, 0, 0, 0, 0, 0, 0, 0, 0, 26365), -- 剧毒飞蛾 (Area: -Unknown- - Difficulty: 1)
(@CGUID+55, 120818, 1220, 7543, 8603, 1, '0', 0, 0, 0, -1655, 3338.093, 85.01626, 6.089416, 7200, 0, 0, 0, 0, 0, 0, 0, 0, 26365), -- 抗魔联军工人 (Area: -Unknown- - Difficulty: 1)
(@CGUID+56, 115452, 1220, 7543, 8603, 1, '0', 0, 0, 0, -1608.17, 3320.302, 24.27289, 4.404278, 7200, 0, 0, 0, 0, 0, 0, 0, 0, 26365), -- 沉船步兵 (Area: -Unknown- - Difficulty: 1)
(@CGUID+57, 118978, 1220, 7543, 8603, 1, '0', 0, 0, 0, -1719.118, 3320.834, 78.00677, 2.134313, 7200, 0, 0, 0, 0, 0, 0, 0, 0, 26365), -- 抗魔联军哨兵 (Area: -Unknown- - Difficulty: 1)
(@CGUID+58, 115620, 1220, 7543, 8603, 1, '0', 0, 0, 0, -1648.089, 3292.72, 16.13106, 4.422655, 7200, 0, 0, 0, 0, 0, 0, 0, 0, 26365), -- 凶猛小鬼 (Area: -Unknown- - Difficulty: 1)
(@CGUID+59, 115646, 1220, 7543, 8603, 1, '0', 0, 0, 0, -1622.191, 3305.718, 25.63164, 0.876309, 7200, 10, 0, 0, 0, 1, 0, 0, 0, 26365), -- 邪火拷问者 (Area: -Unknown- - Difficulty: 1) (possible waypoints or random movement)
(@CGUID+60, 115448, 1220, 7543, 8603, 1, '0', 0, 0, 0, -1624.962, 3302.24, 25.83104, 6.13855, 7200, 0, 0, 0, 0, 0, 0, 0, 0, 26365), -- 沉船士兵 (Area: -Unknown- - Difficulty: 1)
(@CGUID+61, 115455, 1220, 7543, 8603, 1, '0', 0, 0, 0, -1684.868, 3304.267, 30.9552, 5.044652, 7200, 0, 0, 0, 0, 0, 0, 0, 0, 26365), -- 沉船士兵 (Area: -Unknown- - Difficulty: 1)
(@CGUID+62, 120386, 1220, 7543, 8603, 1, '0', 0, 0, 0, -1746.79, 3395.14, 90.40015, 3.908262, 7200, 0, 0, 0, 0, 0, 0, 0, 0, 26365), -- 食腐乌鸦 (Area: -Unknown- - Difficulty: 1)
(@CGUID+63, 120818, 1220, 7543, 8603, 1, '0', 0, 0, 0, -1616.142, 3305.878, 84.18806, 1.194734, 7200, 0, 0, 0, 0, 0, 0, 0, 0, 26365), -- 抗魔联军工人 (Area: -Unknown- - Difficulty: 1)
(@CGUID+64, 10779, 1220, 7543, 8603, 1, '0', 0, 0, 0, -1671.658, 3295.952, 87.11436, 3.295031, 7200, 0, 0, 0, 0, 0, 0, 0, 0, 26365), -- 被感染的松鼠 (Area: -Unknown- - Difficulty: 1)
(@CGUID+65, 120819, 1220, 7543, 8603, 1, '0', 0, 0, 0, -1659.061, 3304.05, 85.09912, 5.953626, 7200, 0, 0, 0, 0, 0, 0, 0, 0, 26365), -- 抗魔联军工人 (Area: -Unknown- - Difficulty: 1)
(@CGUID+66, 118974, 1220, 7543, 8603, 1, '0', 0, 0, 0, -1696.963, 3325.004, 83.41309, 3.031933, 7200, 10, 0, 0, 0, 1, 0, 0, 0, 26365), -- 抗魔联军医师 (Area: -Unknown- - Difficulty: 1) (Auras: 123167 - -Unknown-) (possible waypoints or random movement)
(@CGUID+67, 119462, 1220, 7543, 8603, 1, '0', 0, 0, 0, -1647.042, 3305.4, 85.18913, 3.830839, 7200, 0, 0, 0, 0, 0, 0, 0, 0, 26365), -- 抗魔联军工人 (Area: -Unknown- - Difficulty: 1)
(@CGUID+68, 117474, 1220, 7543, 8603, 1, '0', 0, 0, 0, -1655.236, 3305.378, 85.83905, 2.95589, 7200, 0, 0, 0, 0, 0, 0, 0, 0, 26365), -- 抗魔联军防御者 (Area: -Unknown- - Difficulty: 1)
(@CGUID+69, 117474, 1220, 7543, 8603, 1, '0', 0, 0, 0, -1741.538, 3391.382, 67.42101, 4.036967, 7200, 0, 0, 0, 0, 0, 0, 0, 0, 26365), -- 抗魔联军防御者 (Area: -Unknown- - Difficulty: 1)
(@CGUID+70, 115620, 1220, 7543, 8603, 1, '0', 0, 0, 0, -1714.316, 3306.453, 31.08898, 2.472715, 7200, 0, 0, 0, 0, 0, 0, 0, 0, 26365), -- 凶猛小鬼 (Area: -Unknown- - Difficulty: 1)
(@CGUID+71, 115620, 1220, 7543, 8603, 1, '0', 0, 0, 0, -1716.016, 3308.952, 31.0881, 4.422655, 7200, 0, 0, 0, 0, 0, 0, 0, 0, 26365), -- 凶猛小鬼 (Area: -Unknown- - Difficulty: 1)
(@CGUID+72, 115620, 1220, 7543, 8603, 1, '0', 0, 0, 0, -1646.389, 3290.22, 15.94345, 2.472715, 7200, 0, 0, 0, 0, 0, 0, 0, 0, 26365), -- 凶猛小鬼 (Area: -Unknown- - Difficulty: 1)
(@CGUID+73, 118316, 1220, 7543, 8603, 1, '0', 0, 0, 0, -1575.191, 3327.304, 108.8798, 0.6951718, 7200, 0, 0, 0, 0, 0, 0, 0, 0, 26365), -- 伊利达雷执行者 (Area: -Unknown- - Difficulty: 1) (Auras: 170133 - -Unknown-, 18950 - -Unknown-)
(@CGUID+74, 115620, 1220, 7543, 8603, 1, '0', 0, 0, 0, -1716.377, 3306.286, 31.089, 0, 7200, 0, 0, 0, 0, 0, 0, 0, 0, 26365), -- 凶猛小鬼 (Area: -Unknown- - Difficulty: 1)
(@CGUID+75, 118344, 1220, 7543, 8603, 1, '0', 0, 0, 0, -1577.061, 3322.313, 108.5926, 5.926736, 7200, 0, 0, 0, 0, 0, 0, 0, 0, 26365), -- 伊利达雷牢笼 (Area: -Unknown- - Difficulty: 1)
(@CGUID+76, 115453, 1220, 7543, 8603, 1, '0', 0, 0, 0, -1727.905, 3302.706, 31.16757, 5.784018, 7200, 0, 0, 0, 0, 0, 0, 0, 0, 26365), -- 沉船步兵 (Area: -Unknown- - Difficulty: 1)
(@CGUID+77, 115601, 1220, 7543, 8603, 1, '0', 0, 0, 0, -1688.219, 3285.187, 30.15509, 5.426851, 7200, 10, 0, 0, 0, 1, 0, 0, 0, 26365), -- 地狱恶犬 (Area: -Unknown- - Difficulty: 1) (possible waypoints or random movement)
(@CGUID+78, 118345, 1220, 7543, 8603, 1, '0', 0, 0, 0, -1576.839, 3322.247, 108.5783, 5.874059, 7200, 0, 0, 0, 0, 0, 0, 0, 0, 26365), -- 被俘的恶魔 (Area: -Unknown- - Difficulty: 1)
(@CGUID+79, 115620, 1220, 7543, 8603, 1, '0', 0, 0, 0, -1648.45, 3290.054, 15.80699, 0, 7200, 0, 0, 0, 0, 0, 0, 0, 0, 26365), -- 凶猛小鬼 (Area: -Unknown- - Difficulty: 1)
(@CGUID+80, 115620, 1220, 7543, 8603, 1, '0', 0, 0, 0, -1614.212, 3288.787, 24.11021, 4.422655, 7200, 0, 0, 0, 0, 0, 0, 0, 0, 26365), -- 凶猛小鬼 (Area: -Unknown- - Difficulty: 1)
(@CGUID+81, 120358, 1220, 7543, 8603, 1, '0', 0, 0, 0, -1573.344, 3328.833, 108.8579, 3.829582, 7200, 0, 0, 0, 0, 0, 0, 0, 0, 26365), -- 尼克·佩尼考斯特 (Area: -Unknown- - Difficulty: 1)
(@CGUID+82, 118978, 1220, 7543, 8603, 1, '0', 0, 0, 0, -1597.234, 3288.642, 113.7616, 2.731178, 7200, 0, 0, 0, 0, 0, 0, 0, 0, 26365), -- 抗魔联军哨兵 (Area: -Unknown- - Difficulty: 1)
(@CGUID+83, 115620, 1220, 7543, 8603, 1, '0', 0, 0, 0, -1612.512, 3286.288, 23.98679, 2.472715, 7200, 0, 0, 0, 0, 0, 0, 0, 0, 26365), -- 凶猛小鬼 (Area: -Unknown- - Difficulty: 1)
(@CGUID+84, 118343, 1220, 7543, 8603, 1, '0', 0, 0, 0, -1583.467, 3299.367, 109.5827, 6.005603, 7200, 0, 0, 0, 0, 0, 0, 0, 0, 26365), -- 伊利达雷邪刃豹 (Area: -Unknown- - Difficulty: 1)
(@CGUID+85, 115451, 1220, 7543, 8603, 1, '0', 0, 0, 0, -1622.635, 3271.8, 15.47906, 3.037772, 7200, 0, 0, 0, 0, 0, 0, 0, 0, 26365), -- 沉船步兵 (Area: -Unknown- - Difficulty: 1)
(@CGUID+86, 118978, 1220, 7543, 8603, 1, '0', 0, 0, 0, -1623.759, 3267.2, 129.713, 1.897918, 7200, 10, 0, 0, 0, 1, 0, 0, 0, 26365), -- 抗魔联军哨兵 (Area: -Unknown- - Difficulty: 1) (possible waypoints or random movement)
(@CGUID+87, 115620, 1220, 7543, 8603, 1, '0', 0, 0, 0, -1706.674, 3273.101, 30.7849, 0, 7200, 0, 0, 0, 0, 0, 0, 0, 0, 26365), -- 凶猛小鬼 (Area: -Unknown- - Difficulty: 1)
(@CGUID+88, 118316, 1220, 7543, 8603, 1, '0', 0, 0, 0, -1595.979, 3285.985, 114.3641, 0.2773181, 7200, 0, 0, 0, 0, 0, 0, 0, 0, 26365), -- 伊利达雷执行者 (Area: -Unknown- - Difficulty: 1) (Auras: 170133 - -Unknown-, 18950 - -Unknown-)
(@CGUID+89, 117627, 1220, 7543, 8603, 1, '0', 0, 0, 0, -1574.781, 3318.786, 108.817, 2.315205, 7200, 0, 0, 0, 0, 0, 0, 0, 0, 26365), -- 黑暗收割助祭 (Area: -Unknown- - Difficulty: 1) (Auras: 170133 - -Unknown-, 195898 - -Unknown-)
(@CGUID+90, 118344, 1220, 7543, 8603, 1, '0', 0, 0, 0, -1578.774, 3312.038, 109.3281, 4.742092, 7200, 0, 0, 0, 0, 0, 0, 0, 0, 26365), -- 伊利达雷牢笼 (Area: -Unknown- - Difficulty: 1)
(@CGUID+91, 115620, 1220, 7543, 8603, 1, '0', 0, 0, 0, -1614.573, 3286.121, 24.01447, 0, 7200, 0, 0, 0, 0, 0, 0, 0, 0, 26365), -- 凶猛小鬼 (Area: -Unknown- - Difficulty: 1)
(@CGUID+92, 115648, 1220, 7543, 8603, 1, '0', 0, 0, 0, -1714.967, 3289.211, 30.94276, 0, 7200, 0, 0, 0, 0, 0, 0, 0, 0, 26365), -- 拷问者阿兹洛克 (Area: -Unknown- - Difficulty: 1)
(@CGUID+93, 117628, 1220, 7543, 8603, 1, '0', 0, 0, 0, -1575.179, 3314.853, 109.1034, 3.755981, 7200, 0, 0, 0, 0, 0, 0, 0, 0, 26365), -- 黑暗收割助祭 (Area: -Unknown- - Difficulty: 1) (Auras: 170133 - -Unknown-, 195898 - -Unknown-)
(@CGUID+94, 118345, 1220, 7543, 8603, 1, '0', 0, 0, 0, -1578.26, 3312.095, 109.283, 0.5795092, 7200, 0, 0, 0, 0, 0, 0, 0, 0, 26365), -- 被俘的恶魔 (Area: -Unknown- - Difficulty: 1)
(@CGUID+95, 120698, 1220, 7543, 8603, 1, '0', 0, 0, 0, -1655.833, 3266.764, 154.8977, 4.759724, 7200, 0, 0, 0, 0, 0, 0, 0, 0, 26365), -- 邪缚炎法师 (Area: -Unknown- - Difficulty: 1)
(@CGUID+96, 117628, 1220, 7543, 8603, 1, '0', 0, 0, 0, -1573.318, 3323.101, 108.5384, 3.214794, 7200, 0, 0, 0, 0, 0, 0, 0, 0, 26365), -- 黑暗收割助祭 (Area: -Unknown- - Difficulty: 1) (Auras: 170133 - -Unknown-, 195898 - -Unknown-)
(@CGUID+97, 115620, 1220, 7543, 8603, 1, '0', 0, 0, 0, -1706.313, 3275.767, 30.80228, 4.422655, 7200, 0, 0, 0, 0, 0, 0, 0, 0, 26365), -- 凶猛小鬼 (Area: -Unknown- - Difficulty: 1)
(@CGUID+98, 120311, 1220, 7543, 8603, 1, '0', 0, 0, 0, -1760.36, 3346.114, 56.78106, 1.253819, 7200, 0, 0, 0, 0, 0, 0, 0, 0, 26365), -- 剧毒飞蛾 (Area: -Unknown- - Difficulty: 1)
(@CGUID+99, 115620, 1220, 7543, 8603, 1, '0', 0, 0, 0, -1704.613, 3273.269, 30.78407, 2.472715, 7200, 0, 0, 0, 0, 0, 0, 0, 0, 26365), -- 凶猛小鬼 (Area: -Unknown- - Difficulty: 1)
(@CGUID+100, 115454, 1220, 7543, 8603, 1, '0', 0, 0, 0, -1721.694, 3275.73, 30.82784, 0.7514951, 7200, 0, 0, 0, 0, 0, 0, 0, 0, 26365), -- 沉船士兵 (Area: -Unknown- - Difficulty: 1)
(@CGUID+101, 120698, 1220, 7543, 8603, 1, '0', 0, 0, 0, -1671.432, 3253.417, 168.5221, 5.215393, 7200, 0, 0, 0, 0, 0, 0, 0, 0, 26365), -- 邪缚炎法师 (Area: -Unknown- - Difficulty: 1)
(@CGUID+102, 117474, 1220, 7543, 8603, 1, '0', 0, 0, 0, -1668.342, 3247.789, 129.6955, 0.75749, 7200, 10, 0, 0, 0, 1, 0, 0, 0, 26365), -- 抗魔联军防御者 (Area: -Unknown- - Difficulty: 1) (possible waypoints or random movement)
(@CGUID+103, 118343, 1220, 7543, 8603, 1, '0', 0, 0, 0, -1583.932, 3296.092, 109.8028, 6.130352, 7200, 0, 0, 0, 0, 0, 0, 0, 0, 26365), -- 伊利达雷邪刃豹 (Area: -Unknown- - Difficulty: 1)
(@CGUID+104, 117630, 1220, 7543, 8603, 1, '0', 0, 0, 0, -1593.748, 3285.834, 114.2774, 3.24601, 7200, 0, 0, 0, 0, 0, 0, 0, 0, 26365), -- 黑暗收割祈祷者 (Area: -Unknown- - Difficulty: 1) (Auras: 170133 - -Unknown-)
(@CGUID+105, 117627, 1220, 7543, 8603, 1, '0', 0, 0, 0, -1575.451, 3309.431, 108.9845, 2.435094, 7200, 0, 0, 0, 0, 0, 0, 0, 0, 26365), -- 黑暗收割助祭 (Area: -Unknown- - Difficulty: 1) (Auras: 170133 - -Unknown-, 195898 - -Unknown-)
(@CGUID+106, 10779, 1220, 7543, 8603, 1, '0', 0, 0, 0, -1689.526, 3251.673, 115.4494, 0.1126636, 7200, 0, 0, 0, 0, 0, 0, 0, 0, 26365), -- 被感染的松鼠 (Area: -Unknown- - Difficulty: 1)
(@CGUID+107, 118994, 1220, 7543, 8603, 1, '0', 0, 0, 0, -1666.353, 3245.609, 129.672, 0.7344943, 7200, 10, 0, 0, 0, 1, 0, 0, 0, 26365), -- 抗魔联军防御者 (Area: -Unknown- - Difficulty: 1) (possible waypoints or random movement)
(@CGUID+108, 115620, 1220, 7543, 8603, 1, '0', 0, 0, 0, -1662.085, 3228.049, -0.8490262, 2.604476, 7200, 0, 0, 0, 0, 0, 0, 0, 0, 26365), -- 凶猛小鬼 (Area: -Unknown- - Difficulty: 1)
(@CGUID+109, 115446, 1220, 7543, 8603, 1, '0', 0, 0, 0, -1672.747, 3233.39, -0.8490232, 5.219747, 7200, 0, 0, 0, 0, 0, 0, 0, 0, 26365), -- 沉船士兵 (Area: -Unknown- - Difficulty: 1)
(@CGUID+110, 115449, 1220, 7543, 8603, 1, '0', 0, 0, 0, -1655.58, 3222.523, -0.8607975, 3.401078, 7200, 0, 0, 0, 0, 0, 0, 0, 0, 26365), -- 沉船步兵 (Area: -Unknown- - Difficulty: 1)
(@CGUID+111, 115620, 1220, 7543, 8603, 1, '0', 0, 0, 0, -1664.925, 3227.01, -0.8490499, 0.6545363, 7200, 0, 0, 0, 0, 0, 0, 0, 0, 26365), -- 凶猛小鬼 (Area: -Unknown- - Difficulty: 1)
(@CGUID+112, 121081, 1220, 7543, 8603, 1, '0', 0, 0, 0, -1648.91, 3242.026, 131.2713, 4.782117, 7200, 0, 0, 0, 0, 0, 0, 0, 0, 26365), -- 梅里斯·汤森 (Area: -Unknown- - Difficulty: 1)
(@CGUID+113, 115620, 1220, 7543, 8603, 1, '0', 0, 0, 0, -1664.582, 3229.054, -0.8490397, 4.465008, 7200, 0, 0, 0, 0, 0, 0, 0, 0, 26365), -- 凶猛小鬼 (Area: -Unknown- - Difficulty: 1)
(@CGUID+114, 117474, 1220, 7543, 8603, 1, '0', 0, 0, 0, -1577.443, 3292.561, 109.4191, 0.8679082, 7200, 0, 0, 0, 0, 0, 0, 0, 0, 26365), -- 抗魔联军防御者 (Area: -Unknown- - Difficulty: 1)
(@CGUID+115, 122719, 1220, 7543, 8603, 1, '0', 0, 0, 0, -1653.059, 3232.884, 130.985, 4.551504, 7200, 0, 0, 0, 0, 0, 0, 0, 0, 26365), -- 侦察地图 (Area: -Unknown- - Difficulty: 1)
(@CGUID+116, 92072, 1220, 7543, 8603, 1, '0', 0, 0, 0, -1692.502, 3230.744, 128.9343, 5.618718, 7200, 0, 0, 0, 0, 0, 0, 0, 0, 26365), -- 锚点 (Area: -Unknown- - Difficulty: 1) (Auras: 182476 - -Unknown-)
(@CGUID+117, 120403, 1220, 7543, 8554, 1, '4575', 0, 0, 0, -1614.752, 3242.912, 131.3797, 1.62891, 7200, 0, 0, 0, 0, 0, 0, 0, 0, 26365), -- 铁枝德鲁伊 (Area: -Unknown- - Difficulty: 1) (Auras: 170133 - -Unknown-, 13236 - -Unknown-)
(@CGUID+118, 120401, 1220, 7543, 8554, 1, '4575', 0, 0, 0, -1619.089, 3246.266, 131.5862, 0.4138867, 7200, 0, 0, 0, 0, 0, 0, 0, 0, 26365), -- 铁枝德鲁伊 (Area: -Unknown- - Difficulty: 1) (Auras: 170133 - -Unknown-, 13236 - -Unknown-)
(@CGUID+119, 119142, 1220, 7543, 8554, 1, '4575', 0, 0, 0, -1635.867, 3242.643, 130.0406, 5.584613, 7200, 10, 0, 0, 0, 1, 0, 0, 0, 26365), -- 丛林守护者 (Area: -Unknown- - Difficulty: 1) (possible waypoints or random movement)
(@CGUID+120, 118090, 1220, 7543, 8554, 1, '4575', 0, 0, 0, -1669.575, 3309.424, 84.88236, 0.09784667, 7200, 0, 0, 0, 0, 0, 0, 0, 0, 26365), -- 利爪德鲁伊 (Area: -Unknown- - Difficulty: 1) (Auras: 170133 - -Unknown-)
(@CGUID+121, 118121, 1220, 7543, 8554, 1, '4575', 0, 0, 0, -1640.19, 3323.676, 91.5211, 0.7293363, 7200, 10, 0, 0, 0, 1, 0, 0, 0, 26365), -- 小精灵 (Area: -Unknown- - Difficulty: 1) (possible waypoints or random movement)
(@CGUID+122, 118119, 1220, 7543, 8554, 1, '4575', 0, 0, 0, -1671.76, 3309.365, 86.21437, 1.553363, 7200, 10, 0, 0, 0, 1, 0, 0, 0, 26365), -- 翡翠防御者 (Area: -Unknown- - Difficulty: 1) (possible waypoints or random movement)
(@CGUID+123, 118124, 1220, 7543, 8554, 1, '4575', 0, 0, 0, -1642.479, 3219.57, 135.3621, 4.071888, 7200, 0, 0, 0, 0, 0, 0, 0, 0, 26365), -- 塞纳里奥旗帜 (Area: -Unknown- - Difficulty: 1)
(@CGUID+124, 118119, 1220, 7543, 8554, 1, '4575', 0, 0, 0, -1667.047, 3309.433, 84.88236, 1.897657, 7200, 0, 0, 0, 0, 0, 0, 0, 0, 26365), -- 翡翠防御者 (Area: -Unknown- - Difficulty: 1)
(@CGUID+125, 118121, 1220, 7543, 8554, 1, '4575', 0, 0, 0, -1616.305, 3259.065, 133.1777, 2.351728, 7200, 10, 0, 0, 0, 1, 0, 0, 0, 26365), -- 小精灵 (Area: -Unknown- - Difficulty: 1) (possible waypoints or random movement)
(@CGUID+126, 119142, 1220, 7543, 8554, 1, '4575', 0, 0, 0, -1680.273, 3231.633, 129.9719, 2.947582, 7200, 0, 0, 0, 0, 0, 0, 0, 0, 26365), -- 丛林守护者 (Area: -Unknown- - Difficulty: 1)
(@CGUID+127, 118122, 1220, 7543, 8554, 1, '4575', 0, 0, 0, -1680.528, 3307.109, 86.16359, 2.024582, 7200, 10, 0, 0, 0, 1, 0, 0, 0, 26365), -- 精灵龙 (Area: -Unknown- - Difficulty: 1) (possible waypoints or random movement)
(@CGUID+128, 120404, 1220, 7543, 8554, 1, '4575', 0, 0, 0, -1664.806, 3310.76, 84.43825, 1.896674, 7200, 0, 0, 0, 0, 0, 0, 0, 0, 26365), -- 利爪德鲁伊 (Area: -Unknown- - Difficulty: 1)
(@CGUID+129, 118121, 1220, 7543, 8554, 1, '4575', 0, 0, 0, -1620.975, 3250.982, 134.1808, 1.054128, 7200, 10, 0, 0, 0, 1, 0, 0, 0, 26365), -- 小精灵 (Area: -Unknown- - Difficulty: 1) (possible waypoints or random movement)
(@CGUID+130, 118128, 1220, 7543, 8554, 1, '4575', 0, 0, 0, -1682.132, 3307.825, 85.32493, 1.67596, 7200, 0, 0, 0, 0, 0, 0, 0, 0, 26365), -- 受伤的利爪德鲁伊 (Area: -Unknown- - Difficulty: 1) (Auras: 170133 - -Unknown-, 234429 - -Unknown-)
(@CGUID+131, 118119, 1220, 7543, 8554, 1, '4575', 0, 0, 0, -1671.046, 3250.236, 142.6298, 3.770024, 7200, 10, 0, 0, 0, 1, 0, 0, 0, 26365), -- 翡翠防御者 (Area: -Unknown- - Difficulty: 1) (possible waypoints or random movement)
(@CGUID+132, 119223, 1220, 7543, 8554, 1, '4575', 0, 0, 0, -1588.72, 3244.275, 161.4767, 3.943299, 7200, 10, 0, 0, 0, 1, 0, 0, 0, 26365), -- 邪翼尖啸者 (Area: -Unknown- - Difficulty: 1) (possible waypoints or random movement)
(@CGUID+133, 118124, 1220, 7543, 8554, 1, '4575', 0, 0, 0, -1638.073, 3224.639, 135.4122, 4.100867, 7200, 0, 0, 0, 0, 0, 0, 0, 0, 26365), -- 塞纳里奥旗帜 (Area: -Unknown- - Difficulty: 1)
(@CGUID+134, 118096, 1220, 7543, 8554, 1, '4575', 0, 0, 0, -1631.884, 3232.047, 129.702, 5.619188, 7200, 0, 0, 0, 0, 0, 0, 0, 0, 26365), -- 梦境守护者 (Area: -Unknown- - Difficulty: 1) (Auras: 84186 - -Unknown-)
(@CGUID+135, 118089, 1220, 7543, 8554, 1, '4575', 0, 0, 0, -1614.533, 3247.234, 132.0477, 1.575137, 7200, 0, 0, 0, 0, 0, 0, 0, 0, 26365), -- 守护古树 (Area: -Unknown- - Difficulty: 1)
(@CGUID+136, 118119, 1220, 7543, 8554, 1, '4575', 0, 0, 0, -1619.889, 3224.158, 144.1023, 5.630014, 7200, 10, 0, 0, 0, 1, 0, 0, 0, 26365), -- 翡翠防御者 (Area: -Unknown- - Difficulty: 1) (possible waypoints or random movement)
(@CGUID+137, 118128, 1220, 7543, 8554, 1, '4575', 0, 0, 0, -1679.708, 3308.853, 85.17654, 2.205259, 7200, 0, 0, 0, 0, 0, 0, 0, 0, 26365), -- 受伤的利爪德鲁伊 (Area: -Unknown- - Difficulty: 1) (Auras: 170133 - -Unknown-, 234429 - -Unknown-)
(@CGUID+138, 118090, 1220, 7543, 8554, 1, '4575', 0, 0, 0, -1617.752, 3229.487, 130.9816, 2.744349, 7200, 0, 0, 0, 0, 0, 0, 0, 0, 26365), -- 利爪德鲁伊 (Area: -Unknown- - Difficulty: 1) (Auras: 170133 - -Unknown-)
(@CGUID+139, 120402, 1220, 7543, 8554, 1, '4575', 0, 0, 0, -1680.911, 3312.382, 85.17518, 3.055588, 7200, 0, 0, 0, 0, 0, 0, 0, 0, 26365), -- 铁枝德鲁伊 (Area: -Unknown- - Difficulty: 1) (Auras: 170133 - -Unknown-, 13236 - -Unknown-)
(@CGUID+140, 120311, 1220, 7543, 8554, 1, '4575', 0, 0, 0, -1722.923, 3233.555, 114.9656, 0.9045594, 7200, 0, 0, 0, 0, 0, 0, 0, 0, 26365), -- 剧毒飞蛾 (Area: -Unknown- - Difficulty: 1)
(@CGUID+141, 115450, 1220, 7543, 8554, 1, '4575', 0, 0, 0, -1620.321, 3233.378, 7.387072, 5.149997, 7200, 0, 0, 0, 0, 0, 0, 0, 0, 26365), -- 沉船步兵 (Area: -Unknown- - Difficulty: 1)
(@CGUID+142, 120404, 1220, 7543, 8554, 1, '4575', 0, 0, 0, -1592.504, 3260.41, 119.4546, 4.64399, 7200, 0, 0, 0, 0, 0, 0, 0, 0, 26365), -- 利爪德鲁伊 (Area: -Unknown- - Difficulty: 1) (Auras: 84186 - -Unknown-)
(@CGUID+143, 117506, 1220, 7543, 8554, 1, '4575', 0, 0, 0, -1572.977, 3288.536, 109.5445, 4.296402, 7200, 10, 0, 0, 0, 1, 0, 0, 0, 26365), -- 抗魔联军哨兵 (Area: -Unknown- - Difficulty: 1) (possible waypoints or random movement)
(@CGUID+144, 118105, 1220, 7543, 8554, 1, '4575', 0, 0, 0, -1620.602, 3230.565, 130.2174, 6.277837, 7200, 0, 0, 0, 0, 0, 0, 0, 0, 26365), -- 护林者长角 (Area: -Unknown- - Difficulty: 1)
(@CGUID+145, 118092, 1220, 7543, 8554, 1, '4575', 0, 0, 0, -1682.885, 3312.563, 85.17518, 1.488438, 7200, 0, 0, 0, 0, 0, 0, 0, 0, 26365), -- 护林者 (Area: -Unknown- - Difficulty: 1) (Auras: 234571 - -Unknown-)
(@CGUID+146, 120401, 1220, 7543, 8554, 1, '4575', 0, 0, 0, -1684.436, 3314.298, 85.17518, 5.413201, 7200, 0, 0, 0, 0, 0, 0, 0, 0, 26365), -- 铁枝德鲁伊 (Area: -Unknown- - Difficulty: 1) (Auras: 170133 - -Unknown-, 13236 - -Unknown-)
(@CGUID+147, 118090, 1220, 7543, 8554, 1, '4575', 0, 0, 0, -1605.941, 3240.5, 132.7998, 4.854279, 7200, 0, 0, 0, 0, 0, 0, 0, 0, 26365), -- 利爪德鲁伊 (Area: -Unknown- - Difficulty: 1) (Auras: 170133 - -Unknown-)
(@CGUID+148, 118128, 1220, 7543, 8554, 1, '4575', 0, 0, 0, -1680.845, 3315.579, 85.36393, 6.063473, 7200, 0, 0, 0, 0, 0, 0, 0, 0, 26365), -- 受伤的利爪德鲁伊 (Area: -Unknown- - Difficulty: 1) (Auras: 170133 - -Unknown-, 234429 - -Unknown-)
(@CGUID+149, 118119, 1220, 7543, 8554, 1, '4575', 0, 0, 0, -1592.089, 3244.322, 137.8186, 5.474618, 7200, 10, 0, 0, 0, 1, 0, 0, 0, 26365), -- 翡翠防御者 (Area: -Unknown- - Difficulty: 1) (possible waypoints or random movement)
(@CGUID+150, 118090, 1220, 7543, 8554, 1, '4575', 0, 0, 0, -1595.406, 3255.886, 120.4085, 0.02771179, 7200, 0, 0, 0, 0, 0, 0, 0, 0, 26365), -- 利爪德鲁伊 (Area: -Unknown- - Difficulty: 1) (Auras: 170133 - -Unknown-)
(@CGUID+151, 118121, 1220, 7543, 8554, 1, '4575', 0, 0, 0, -1642.822, 3210.373, 131.8653, 3.413764, 7200, 10, 0, 0, 0, 1, 0, 0, 0, 26365), -- 小精灵 (Area: -Unknown- - Difficulty: 1) (possible waypoints or random movement)
(@CGUID+152, 115601, 1220, 7543, 8554, 1, '4575', 0, 0, 0, -1605.645, 3244.291, 7.094264, 1.191295, 7200, 10, 0, 0, 0, 1, 0, 0, 0, 26365), -- 地狱恶犬 (Area: -Unknown- - Difficulty: 1) (possible waypoints or random movement)
(@CGUID+153, 118128, 1220, 7543, 8554, 1, '4575', 0, 0, 0, -1684.816, 3316.912, 85.1524, 5.10604, 7200, 0, 0, 0, 0, 0, 0, 0, 0, 26365), -- 受伤的利爪德鲁伊 (Area: -Unknown- - Difficulty: 1) (Auras: 170133 - -Unknown-, 234429 - -Unknown-)
(@CGUID+154, 118994, 1220, 7543, 8554, 1, '4575', 0, 0, 0, -1640.523, 3211.661, 129.1005, 5.629348, 7200, 10, 0, 0, 0, 1, 0, 0, 0, 26365), -- 抗魔联军防御者 (Area: -Unknown- - Difficulty: 1) (Auras: ) (possible waypoints or random movement)
(@CGUID+155, 118094, 1220, 7543, 8554, 1, '4575', 0, 0, 0, -1596.724, 3260.175, 119.9829, 4.997987, 7200, 0, 0, 0, 0, 0, 0, 0, 0, 26365), -- 梦境守护者 (Area: -Unknown- - Difficulty: 1) (Auras: 84186 - -Unknown-)
(@CGUID+156, 118121, 1220, 7543, 8554, 1, '4575', 0, 0, 0, -1635.262, 3356.073, 93.20873, 4.918665, 7200, 10, 0, 0, 0, 1, 0, 0, 0, 26365), -- 小精灵 (Area: -Unknown- - Difficulty: 1) (possible waypoints or random movement)
(@CGUID+157, 118121, 1220, 7543, 8554, 1, '4575', 0, 0, 0, -1584.086, 3311.721, 114.6351, 2.527254, 7200, 10, 0, 0, 0, 1, 0, 0, 0, 26365), -- 小精灵 (Area: -Unknown- - Difficulty: 1) (possible waypoints or random movement)
(@CGUID+158, 118092, 1220, 7543, 8554, 1, '4575', 0, 0, 0, -1648.229, 3210.416, 130.1165, 1.6639, 7200, 10, 0, 0, 0, 1, 0, 0, 0, 26365), -- 护林者 (Area: -Unknown- - Difficulty: 1) (Auras: 234568 - -Unknown-) (possible waypoints or random movement)
(@CGUID+159, 118092, 1220, 7543, 8554, 1, '4575', 0, 0, 0, -1623.185, 3224.154, 129.7106, 0.3457288, 7200, 10, 0, 0, 0, 1, 0, 0, 0, 26365), -- 护林者 (Area: -Unknown- - Difficulty: 1) (Auras: 234568 - -Unknown-) (possible waypoints or random movement)
(@CGUID+160, 118128, 1220, 7543, 8554, 1, '4575', 0, 0, 0, -1686.196, 3311.467, 85.17518, 5.442549, 7200, 0, 0, 0, 0, 0, 0, 0, 0, 26365), -- 受伤的利爪德鲁伊 (Area: -Unknown- - Difficulty: 1) (Auras: 170133 - -Unknown-, 234429 - -Unknown-)
(@CGUID+161, 117507, 1220, 7543, 8554, 1, '4575', 0, 0, 0, -1629.509, 3223.101, 129.1006, 5.587511, 7200, 10, 0, 0, 0, 1, 0, 0, 0, 26365), -- 抗魔联军医师 (Area: -Unknown- - Difficulty: 1) (Auras: ) (possible waypoints or random movement)
(@CGUID+162, 118119, 1220, 7543, 8554, 1, '4575', 0, 0, 0, -1605.816, 3237.97, 133.1671, 0.3709038, 7200, 0, 0, 0, 0, 0, 0, 0, 0, 26365), -- 翡翠防御者 (Area: -Unknown- - Difficulty: 1)
(@CGUID+163, 115601, 1220, 7543, 8554, 1, '4575', 0, 0, 0, -1602.886, 3243.154, 6.765107, 1.177279, 7200, 10, 0, 0, 0, 1, 0, 0, 0, 26365), -- 地狱恶犬 (Area: -Unknown- - Difficulty: 1) (possible waypoints or random movement)
(@CGUID+164, 118096, 1220, 7543, 8554, 1, '4575', 0, 0, 0, -1651.769, 3191.219, 137.7867, 3.187587, 7200, 0, 0, 0, 0, 0, 0, 0, 0, 26365), -- 梦境守护者 (Area: -Unknown- - Difficulty: 1) (Auras: 84186 - -Unknown-)
(@CGUID+165, 115620, 1220, 7543, 8554, 1, '4575', 0, 0, 0, -1633.175, 3197.234, 0.2296425, 0, 7200, 0, 0, 0, 0, 0, 0, 0, 0, 26365), -- 凶猛小鬼 (Area: -Unknown- - Difficulty: 1)
(@CGUID+166, 120401, 1220, 7543, 8554, 1, '4575', 0, 0, 0, -1651.585, 3196.723, 139.4407, 0.369553, 7200, 0, 0, 0, 0, 0, 0, 0, 0, 26365), -- 铁枝德鲁伊 (Area: -Unknown- - Difficulty: 1) (Auras: 170133 - -Unknown-)
(@CGUID+167, 117873, 1220, 7543, 8554, 1, '4575', 0, 0, 0, -1625.856, 3192.435, 129.7693, 2.469065, 7200, 0, 0, 0, 0, 0, 0, 0, 0, 26365), -- 伊利丹·怒风 (Area: -Unknown- - Difficulty: 1) (Auras: 42459 - -Unknown-)
(@CGUID+168, 118090, 1220, 7543, 8554, 1, '4575', 0, 0, 0, -1644.373, 3189.532, 136.2507, 4.026898, 7200, 0, 0, 0, 0, 0, 0, 0, 0, 26365), -- 利爪德鲁伊 (Area: -Unknown- - Difficulty: 1) (Auras: 170133 - -Unknown-)
(@CGUID+169, 115620, 1220, 7543, 8554, 1, '4575', 0, 0, 0, -1631.115, 3197.402, 0.8018121, 2.472715, 7200, 0, 0, 0, 0, 0, 0, 0, 0, 26365), -- 凶猛小鬼 (Area: -Unknown- - Difficulty: 1)
(@CGUID+170, 115620, 1220, 7543, 8554, 1, '4575', 0, 0, 0, -1632.814, 3199.901, 0.5922173, 4.422655, 7200, 0, 0, 0, 0, 0, 0, 0, 0, 26365), -- 凶猛小鬼 (Area: -Unknown- - Difficulty: 1)
(@CGUID+171, 118978, 1220, 7543, 8554, 1, '4575', 0, 0, 0, -1586.497, 3232.596, 123.9339, 1.096981, 7200, 10, 0, 0, 0, 1, 0, 0, 0, 26365), -- 抗魔联军哨兵 (Area: -Unknown- - Difficulty: 1) (possible waypoints or random movement)
(@CGUID+172, 115601, 1220, 7543, 8554, 1, '4575', 0, 0, 0, -1684, 3187.784, 148.657, 0.6243511, 7200, 0, 0, 0, 0, 0, 0, 0, 0, 26365), -- 地狱恶犬 (Area: -Unknown- - Difficulty: 1)
(@CGUID+173, 120404, 1220, 7543, 8554, 1, '4575', 0, 0, 0, -1649.727, 3186.941, 136.3705, 5.751537, 7200, 0, 0, 0, 0, 0, 0, 0, 0, 26365), -- 利爪德鲁伊 (Area: -Unknown- - Difficulty: 1)
(@CGUID+174, 119091, 1220, 7543, 8554, 1, '4575', 0, 0, 0, -1646.88, 3193.08, 137.4922, 4.476091, 7200, 0, 0, 0, 0, 0, 0, 0, 0, 26365), -- 月之德鲁伊 (Area: -Unknown- - Difficulty: 1) (Auras: 170133 - -Unknown-)
(@CGUID+175, 116302, 1220, 7543, 8554, 1, '4575', 0, 0, 0, -1628.219, 3194.451, 129.8299, 5.568301, 7200, 0, 0, 0, 0, 0, 0, 0, 0, 26365), -- 大法师卡德加 (Area: -Unknown- - Difficulty: 1)
(@CGUID+176, 117506, 1220, 7543, 8554, 1, '4575', 0, 0, 0, -1681.825, 3189.351, 150.2929, 3.766286, 7200, 0, 0, 0, 0, 0, 0, 0, 0, 26365), -- 抗魔联军哨兵 (Area: -Unknown- - Difficulty: 1) (Auras: )
(@CGUID+177, 118994, 1220, 7543, 8554, 1, '4575', 0, 0, 0, -1576.038, 3255.31, 117.9364, 2.904612, 7200, 0, 0, 0, 0, 0, 0, 0, 0, 26365), -- 抗魔联军防御者 (Area: -Unknown- - Difficulty: 1)
(@CGUID+178, 118120, 1220, 7543, 8554, 1, '4575', 0, 0, 0, -1605.377, 3184.434, 129.1414, 2.07957, 7200, 10, 0, 0, 0, 1, 0, 0, 0, 26365), -- 欢笑的姐妹 (Area: -Unknown- - Difficulty: 1) (possible waypoints or random movement)
(@CGUID+179, 120372, 1220, 7543, 8554, 1, '4575', 0, 0, 0, -1631.285, 3200.878, 129.6915, 2.740738, 7200, 0, 0, 0, 0, 0, 0, 0, 0, 26365), -- 先知维伦 (Area: -Unknown- - Difficulty: 1)
(@CGUID+180, 120272, 1220, 7543, 8554, 1, '4575', 0, 0, 0, -1649.842, 3178.102, 136.0148, 0, 7200, 0, 0, 0, 0, 0, 0, 0, 0, 26365), -- 佳莉娅 (Area: -Unknown- - Difficulty: 1) (Auras: 18950 - -Unknown-)
(@CGUID+181, 120183, 1220, 7543, 8554, 1, '4575', 0, 0, 0, -1625.09, 3201.695, 129.1296, 5.929803, 7200, 0, 0, 0, 0, 0, 0, 0, 0, 26365), -- 指挥官钱伯斯 (Area: -Unknown- - Difficulty: 1)
(@CGUID+182, 118994, 1220, 7543, 8554, 1, '4575', 0, 0, 0, -1610.931, 3180.51, 129.0997, 1.897329, 7200, 0, 0, 0, 0, 0, 0, 0, 0, 26365), -- 抗魔联军防御者 (Area: -Unknown- - Difficulty: 1)
(@CGUID+183, 92017, 1220, 7543, 8554, 1, '4575', 0, 0, 0, -1722.748, 3214.936, 107.6103, 2.925774, 7200, 0, 0, 0, 0, 0, 0, 0, 0, 26365), -- 锚点 (Area: -Unknown- - Difficulty: 1) (Auras: 182476 - -Unknown-)
-- (@CGUID+184, 62822, UNKNOWN, 7543, 8554, 1, '4575', 0, 0, 0, -0.2, 0, -0.2, 0, 7200, 0, 0, 0, 0, 0, 0, 0, 0, 26365), -- 表弟慢热手 (Area: -Unknown- - Difficulty: 1) (Auras: 122729 - -Unknown-, 123240 - -Unknown-) - !!! on transport - transport template not found !!!
-- (@CGUID+185, 62821, UNKNOWN, 7543, 8554, 1, '4575', 0, 0, 0, -0.2, 0, -0.2, 0, 7200, 0, 0, 0, 0, 0, 0, 0, 0, 26365), -- 秘法师鸟羽帽 (Area: -Unknown- - Difficulty: 1) (Auras: 122729 - -Unknown-, 123236 - -Unknown-) - !!! on transport - transport template not found !!!
(@CGUID+186, 119305, 1220, 7543, 8554, 1, '4575', 0, 0, 0, -1622.872, 3200.701, 129.1118, 0.7973904, 7200, 0, 0, 0, 0, 0, 0, 0, 0, 26365), -- 抗魔联军建筑桌 (Area: -Unknown- - Difficulty: 1)
(@CGUID+187, 120898, 1220, 7543, 8554, 1, '4575', 0, 0, 0, -1601.747, 3207.367, 129.5527, 3.318536, 7200, 0, 0, 0, 0, 0, 0, 0, 0, 26365), -- 战斗法师凯丝琳 (Area: -Unknown- - Difficulty: 1)
-- (@CGUID+188, 62822, UNKNOWN, 7543, 8554, 1, '4575', 0, 0, 0, -0.2, 0, -0.2, 0, 7200, 10, 0, 0, 0, 1, 0, 0, 0, 26365), -- 表弟慢热手 (Area: -Unknown- - Difficulty: 1) (Auras: 122729 - -Unknown-, 123240 - -Unknown-) - !!! on transport - transport template not found !!! (possible waypoints or random movement)
(@CGUID+189, 116576, 1220, 7543, 8554, 1, '4575', 0, 0, 0, -1634.524, 3201.924, 130.0313, 5.973152, 7200, 0, 0, 0, 0, 0, 0, 0, 0, 26365), -- 玛维·影歌 (Area: -Unknown- - Difficulty: 1)
(@CGUID+190, 120698, 1220, 7543, 8554, 1, '4575', 0, 0, 0, -1685.37, 3202.713, 164.3542, 0.5991085, 7200, 0, 0, 0, 0, 0, 0, 0, 0, 26365), -- 邪缚炎法师 (Area: -Unknown- - Difficulty: 1)
(@CGUID+191, 117507, 1220, 7543, 8554, 1, '4575', 0, 0, 0, -1566.889, 3284.24, 109.4028, 0.7843094, 7200, 0, 0, 0, 0, 0, 0, 0, 0, 26365), -- 抗魔联军医师 (Area: -Unknown- - Difficulty: 1)
(@CGUID+192, 117506, 1220, 7543, 8554, 1, '4575', 0, 0, 0, -1565.033, 3171.92, 136.6082, 0.1743263, 7200, 0, 0, 0, 0, 0, 0, 0, 0, 26365), -- 抗魔联军哨兵 (Area: -Unknown- - Difficulty: 1)
(@CGUID+193, 115445, 1220, 7543, 8554, 1, '4575', 0, 0, 0, -1684.516, 3170.288, 6.961395, 2.603998, 7200, 0, 0, 0, 0, 0, 0, 0, 0, 26365), -- 沉船士兵 (Area: -Unknown- - Difficulty: 1)
(@CGUID+194, 120403, 1220, 7543, 8554, 1, '4575', 0, 0, 0, -1585.25, 3193.686, 132.5653, 6.07384, 7200, 0, 0, 0, 0, 0, 0, 0, 0, 26365), -- 铁枝德鲁伊 (Area: -Unknown- - Difficulty: 1) (Auras: 170133 - -Unknown-, 13236 - -Unknown-)
(@CGUID+195, 115447, 1220, 7543, 8554, 1, '4575', 0, 0, 0, -1612.747, 3206.559, 6.409154, 1.942965, 7200, 0, 0, 0, 0, 0, 0, 0, 0, 26365), -- 沉船士兵 (Area: -Unknown- - Difficulty: 1)
(@CGUID+196, 118089, 1220, 7543, 8554, 1, '4575', 0, 0, 0, -1580.172, 3192.396, 132.0051, 0.5529095, 7200, 0, 0, 0, 0, 0, 0, 0, 0, 26365), -- 守护古树 (Area: -Unknown- - Difficulty: 1)
(@CGUID+197, 119462, 1220, 7543, 8554, 1, '4575', 0, 0, 0, -1602.898, 3178.889, 129.2666, 5.633971, 7200, 0, 0, 0, 0, 0, 0, 0, 0, 26365), -- 抗魔联军工人 (Area: -Unknown- - Difficulty: 1)
(@CGUID+198, 118092, 1220, 7543, 8554, 1, '4575', 0, 0, 0, -1590.667, 3189.077, 131.199, 4.267892, 7200, 10, 0, 0, 0, 1, 0, 0, 0, 26365), -- 护林者 (Area: -Unknown- - Difficulty: 1) (Auras: 234568 - -Unknown-) (possible waypoints or random movement)
(@CGUID+199, 91975, 1220, 7543, 8554, 1, '4575', 0, 0, 0, -1736.661, 3166.129, 36.23904, 3.317632, 7200, 0, 0, 0, 0, 0, 0, 0, 0, 26365), -- 锚点 (Area: -Unknown- - Difficulty: 1) (Auras: 182476 - -Unknown-)
(@CGUID+200, 120403, 1220, 7543, 8554, 1, '4575', 0, 0, 0, -1582.76, 3188.407, 131.2326, 0.9830137, 7200, 0, 0, 0, 0, 0, 0, 0, 0, 26365), -- 铁枝德鲁伊 (Area: -Unknown- - Difficulty: 1) (Auras: 170133 - -Unknown-, 13236 - -Unknown-)
(@CGUID+201, 91983, 1220, 7543, 8554, 1, '4575', 0, 0, 0, -1738.212, 3204.234, 70.05116, 4.752188, 7200, 0, 0, 0, 0, 0, 0, 0, 0, 26365), -- 锚点 (Area: -Unknown- - Difficulty: 1) (Auras: 182476 - -Unknown-)
(@CGUID+202, 118121, 1220, 7543, 8554, 1, '4575', 0, 0, 0, -1612.169, 3177.215, 132.7232, 5.654256, 7200, 10, 0, 0, 0, 1, 0, 0, 0, 26365), -- 小精灵 (Area: -Unknown- - Difficulty: 1) (possible waypoints or random movement)
(@CGUID+203, 120404, 1220, 7543, 8554, 1, '4575', 0, 0, 0, -1575.401, 3216.359, 127.5088, 6.18734, 7200, 0, 0, 0, 0, 0, 0, 0, 0, 26365), -- 利爪德鲁伊 (Area: -Unknown- - Difficulty: 1)
(@CGUID+204, 120819, 1220, 7543, 8554, 1, '4575', 0, 0, 0, -1578.057, 3151.092, 134.7687, 4.592266, 7200, 0, 0, 0, 0, 0, 0, 0, 0, 26365), -- 抗魔联军工人 (Area: -Unknown- - Difficulty: 1)
(@CGUID+205, 120819, 1220, 7543, 8554, 1, '4575', 0, 0, 0, -1614.991, 3136.083, 164.8211, 6.075147, 7200, 0, 0, 0, 0, 0, 0, 0, 0, 26365), -- 抗魔联军工人 (Area: -Unknown- - Difficulty: 1)
(@CGUID+206, 119462, 1220, 7543, 8554, 1, '4575', 0, 0, 0, -1582.313, 3142.097, 134.4527, 0.6485457, 7200, 0, 0, 0, 0, 0, 0, 0, 0, 26365), -- 抗魔联军工人 (Area: -Unknown- - Difficulty: 1)
(@CGUID+207, 119462, 1220, 7543, 8554, 1, '4575', 0, 0, 0, -1608.359, 3154.247, 134.7687, 5.854376, 7200, 0, 0, 0, 0, 0, 0, 0, 0, 26365), -- 抗魔联军工人 (Area: -Unknown- - Difficulty: 1)
(@CGUID+208, 115646, 1220, 7543, 8554, 1, '4575', 0, 0, 0, -1613.825, 3209.991, 6.451413, 4.985727, 7200, 10, 0, 0, 0, 1, 0, 0, 0, 26365), -- 邪火拷问者 (Area: -Unknown- - Difficulty: 1) (possible waypoints or random movement)
(@CGUID+209, 119142, 1220, 7543, 8554, 1, '4575', 0, 0, 0, -1592.505, 3176.855, 131.5149, 1.152572, 7200, 0, 0, 0, 0, 0, 0, 0, 0, 26365), -- 丛林守护者 (Area: -Unknown- - Difficulty: 1)
(@CGUID+210, 118121, 1220, 7543, 8554, 1, '4575', 0, 0, 0, -1591.97, 3183.416, 135.9401, 6.14005, 7200, 10, 0, 0, 0, 1, 0, 0, 0, 26365), -- 小精灵 (Area: -Unknown- - Difficulty: 1) (possible waypoints or random movement)
(@CGUID+211, 118093, 1220, 7543, 8554, 1, '4575', 0, 0, 0, -1577.384, 3215.009, 127.6514, 2.60322, 7200, 0, 0, 0, 0, 0, 0, 0, 0, 26365), -- 梦境守护者 (Area: -Unknown- - Difficulty: 1) (Auras: 84186 - -Unknown-)
(@CGUID+212, 120819, 1220, 7543, 8554, 1, '4575', 0, 0, 0, -1581.663, 3164.47, 130.2034, 5.11805, 7200, 0, 0, 0, 0, 0, 0, 0, 0, 26365), -- 抗魔联军工人 (Area: -Unknown- - Difficulty: 1)
(@CGUID+213, 120818, 1220, 7543, 8554, 1, '4575', 0, 0, 0, -1595.038, 3125.464, 134.7174, 4.805397, 7200, 0, 0, 0, 0, 0, 0, 0, 0, 26365), -- 抗魔联军工人 (Area: -Unknown- - Difficulty: 1)
(@CGUID+214, 117583, 1220, 7543, 8554, 1, '4575', 0, 0, 0, -1552.125, 3188.619, 121.7238, 5.874603, 7200, 0, 0, 0, 0, 0, 0, 0, 0, 26365), -- 警惕的恶鬼 (Area: -Unknown- - Difficulty: 1)
(@CGUID+215, 120818, 1220, 7543, 8554, 1, '4575', 0, 0, 0, -1574.816, 3139.296, 164.5588, 3.593894, 7200, 0, 0, 0, 0, 0, 0, 0, 0, 26365), -- 抗魔联军工人 (Area: -Unknown- - Difficulty: 1)
(@CGUID+216, 117588, 1220, 7543, 8554, 1, '4575', 0, 0, 0, -1538.135, 3212.393, 121.4457, 1.968068, 7200, 0, 0, 0, 0, 0, 0, 0, 0, 26365), -- 石像鬼哨兵 (Area: -Unknown- - Difficulty: 1)
(@CGUID+217, 120359, 1220, 7543, 8554, 1, '4575', 0, 0, 0, -1550.064, 3263.414, 108.5477, 0.02816719, 7200, 0, 0, 0, 0, 0, 0, 0, 0, 26365), -- “双头龙”希斯·雷布鲁 (Area: -Unknown- - Difficulty: 1)
(@CGUID+218, 115157, 1220, 7543, 8554, 1, '4575', 0, 0, 0, -1546.424, 3254.188, 108.9666, 0.3749273, 7200, 0, 0, 0, 0, 0, 0, 0, 0, 26365), -- 隐秘通途游侠 (Area: -Unknown- - Difficulty: 1) (Auras: 170133 - -Unknown-)
(@CGUID+219, 117577, 1220, 7543, 8554, 1, '4575', 0, 0, 0, -1534.142, 3188.275, 111.3849, 5.572004, 7200, 0, 0, 0, 0, 0, 0, 0, 0, 26365), -- 黑锋骑士 (Area: -Unknown- - Difficulty: 1) (Auras: 170133 - -Unknown-)
(@CGUID+220, 115157, 1220, 7543, 8554, 1, '4575', 0, 0, 0, -1551.099, 3248.675, 113.6325, 1.343416, 7200, 0, 0, 0, 0, 0, 0, 0, 0, 26365), -- 隐秘通途游侠 (Area: -Unknown- - Difficulty: 1) (Auras: 170133 - -Unknown-)
(@CGUID+221, 117588, 1220, 7543, 8554, 1, '4575', 0, 0, 0, -1540.573, 3173.013, 114.5975, 5.421069, 7200, 0, 0, 0, 0, 0, 0, 0, 0, 26365), -- 石像鬼哨兵 (Area: -Unknown- - Difficulty: 1)
(@CGUID+222, 119462, 1220, 7543, 8554, 1, '4575', 0, 0, 0, -1591.589, 3110.21, 134.7687, 2.579063, 7200, 0, 0, 0, 0, 0, 0, 0, 0, 26365), -- 抗魔联军工人 (Area: -Unknown- - Difficulty: 1)
(@CGUID+223, 117814, 1220, 7543, 8554, 1, '4575', 0, 0, 0, -1548.241, 3243.575, 119.517, 1.089053, 7200, 0, 0, 0, 0, 0, 0, 0, 0, 26365), -- 巨鹰 (Area: -Unknown- - Difficulty: 1)
(@CGUID+224, 117589, 1220, 7543, 8554, 1, '4575', 0, 0, 0, -1534.086, 3215.022, 108.8424, 5.436841, 7200, 0, 0, 0, 0, 0, 0, 0, 0, 26365), -- 黑锋战斗狮鹫 (Area: -Unknown- - Difficulty: 1)
(@CGUID+225, 117577, 1220, 7543, 8554, 1, '4575', 0, 0, 0, -1544.233, 3202.19, 109.6918, 0.6038718, 7200, 0, 0, 0, 0, 0, 0, 0, 0, 26365), -- 黑锋骑士 (Area: -Unknown- - Difficulty: 1) (Auras: 170133 - -Unknown-)
(@CGUID+226, 118978, 1220, 7543, 8554, 1, '4575', 0, 0, 0, -1553.191, 3236.724, 121.2313, 5.217484, 7200, 0, 0, 0, 0, 0, 0, 0, 0, 26365), -- 抗魔联军哨兵 (Area: -Unknown- - Difficulty: 1)
(@CGUID+227, 120466, 1220, 7543, 8554, 1, '4575', 0, 0, 0, -1550.392, 3258.464, 108.5843, 6.233725, 7200, 0, 0, 0, 0, 0, 0, 0, 0, 26365), -- 海法·月溪 (Area: -Unknown- - Difficulty: 1) (Auras: 170133 - -Unknown-)
(@CGUID+228, 120327, 1220, 7543, 8554, 1, '4575', 0, 0, 0, -1540.049, 3207.074, 108.6465, 6.257906, 7200, 10, 0, 0, 0, 1, 0, 0, 0, 26365), -- 艾德·弗洛伦 (Area: -Unknown- - Difficulty: 1) (possible waypoints or random movement)
(@CGUID+229, 117814, 1220, 7543, 8554, 1, '4575', 0, 0, 0, -1543.271, 3244.921, 115.1032, 1.974675, 7200, 0, 0, 0, 0, 0, 0, 0, 0, 26365), -- 巨鹰 (Area: -Unknown- - Difficulty: 1)
(@CGUID+230, 117589, 1220, 7543, 8554, 1, '4575', 0, 0, 0, -1531.608, 3217.349, 109.0141, 5.436841, 7200, 0, 0, 0, 0, 0, 0, 0, 0, 26365), -- 黑锋战斗狮鹫 (Area: -Unknown- - Difficulty: 1)
(@CGUID+231, 117816, 1220, 7543, 8554, 1, '4575', 0, 0, 0, -1557.193, 3270.381, 108.5918, 5.248652, 7200, 0, 0, 0, 0, 0, 0, 0, 0, 26365), -- 圈养的猎豹 (Area: -Unknown- - Difficulty: 1) (Auras: 84186 - -Unknown-)
(@CGUID+232, 115156, 1220, 7543, 8554, 1, '4575', 0, 0, 0, -1547.293, 3255.224, 108.8301, 0.4938353, 7200, 0, 0, 0, 0, 0, 0, 0, 0, 26365), -- 隐秘通途游侠 (Area: -Unknown- - Difficulty: 1) (Auras: 170133 - -Unknown-)
(@CGUID+233, 117577, 1220, 7543, 8554, 1, '4575', 0, 0, 0, -1542.34, 3200.826, 109.8942, 1.130863, 7200, 0, 0, 0, 0, 0, 0, 0, 0, 26365), -- 黑锋骑士 (Area: -Unknown- - Difficulty: 1) (Auras: 170133 - -Unknown-)
(@CGUID+234, 117577, 1220, 7543, 8554, 1, '4575', 0, 0, 0, -1544.835, 3210.739, 108.5924, 6.08985, 7200, 0, 0, 0, 0, 0, 0, 0, 0, 26365), -- 黑锋骑士 (Area: -Unknown- - Difficulty: 1) (Auras: 170133 - -Unknown-)
(@CGUID+235, 117577, 1220, 7543, 8554, 1, '4575', 0, 0, 0, -1544.023, 3213.057, 108.8468, 5.990968, 7200, 0, 0, 0, 0, 0, 0, 0, 0, 26365), -- 黑锋骑士 (Area: -Unknown- - Difficulty: 1) (Auras: 170133 - -Unknown-)
(@CGUID+236, 119627, 1220, 7543, 8554, 1, '4575', 0, 0, 0, -1602.966, 3292.731, 149.2604, 4.463414, 7200, 0, 0, 0, 0, 0, 0, 0, 0, 26365), -- 邪爪啼鸣者 (Area: -Unknown- - Difficulty: 1)
(@CGUID+237, 117817, 1220, 7543, 8554, 1, '4575', 0, 0, 0, -1552.283, 3269.68, 108.577, 1.937105, 7200, 10, 0, 0, 0, 1, 0, 0, 0, 26365), -- 圈养的机械兔 (Area: -Unknown- - Difficulty: 1) (possible waypoints or random movement)
(@CGUID+238, 118994, 1220, 7543, 8554, 1, '4575', 0, 0, 0, -1525.693, 3204.861, 108.527, 3.676534, 7200, 10, 0, 0, 0, 1, 0, 0, 0, 26365), -- 抗魔联军防御者 (Area: -Unknown- - Difficulty: 1) (possible waypoints or random movement)
(@CGUID+239, 117584, 1220, 7543, 8554, 1, '4575', 0, 0, 0, -1525.493, 3210.863, 108.4951, 2.594699, 7200, 0, 0, 0, 0, 0, 0, 0, 0, 26365), -- 警觉的食尸鬼 (Area: -Unknown- - Difficulty: 1)
(@CGUID+240, 119627, 1220, 7543, 8554, 1, '4575', 0, 0, 0, -1532.836, 3198.437, 146.9326, 3.268533, 7200, 0, 0, 0, 0, 0, 0, 0, 0, 26365), -- 邪爪啼鸣者 (Area: -Unknown- - Difficulty: 1)
(@CGUID+241, 118994, 1220, 7543, 8554, 1, '4575', 0, 0, 0, -1634.974, 3182.015, 135.7975, 0.2160053, 7200, 10, 0, 0, 0, 1, 0, 0, 0, 26365), -- 抗魔联军防御者 (Area: -Unknown- - Difficulty: 1) (possible waypoints or random movement)
(@CGUID+242, 119627, 1220, 7543, 8554, 1, '4575', 0, 0, 0, -1596.722, 3317.286, 158.5506, 4.43877, 7200, 0, 0, 0, 0, 0, 0, 0, 0, 26365), -- 邪爪啼鸣者 (Area: -Unknown- - Difficulty: 1)
(@CGUID+243, 117891, 1220, 7543, 8554, 1, '4575', 0, 0, 0, -1562.163, 3288.47, 108.6015, 6.111584, 7200, 0, 0, 0, 0, 0, 0, 0, 0, 26365), -- 巨型元素 (Area: -Unknown- - Difficulty: 1) (Auras: 234412 - -Unknown-)
(@CGUID+244, 119627, 1220, 7543, 8554, 1, '4575', 0, 0, 0, -1576.587, 3304.475, 155.8266, 4.12699, 7200, 0, 0, 0, 0, 0, 0, 0, 0, 26365), -- 邪爪啼鸣者 (Area: -Unknown- - Difficulty: 1)
(@CGUID+245, 119627, 1220, 7543, 8554, 1, '4575', 0, 0, 0, -1532.657, 3184.564, 145.37, 2.978239, 7200, 0, 0, 0, 0, 0, 0, 0, 0, 26365), -- 邪爪啼鸣者 (Area: -Unknown- - Difficulty: 1)
(@CGUID+246, 117577, 1220, 7543, 8554, 1, '4575', 0, 0, 0, -1528.885, 3217.438, 108.7087, 4.428442, 7200, 0, 0, 0, 0, 0, 0, 0, 0, 26365), -- 黑锋骑士 (Area: -Unknown- - Difficulty: 1) (Auras: 170133 - -Unknown-)
(@CGUID+247, 117583, 1220, 7543, 8554, 1, '4575', 0, 0, 0, -1525.047, 3189.953, 109.5104, 5.998388, 7200, 0, 0, 0, 0, 0, 0, 0, 0, 26365), -- 警惕的恶鬼 (Area: -Unknown- - Difficulty: 1)
(@CGUID+248, 117583, 1220, 7543, 8554, 1, '4575', 0, 0, 0, -1513.885, 3206.12, 110.292, 5.849728, 7200, 0, 0, 0, 0, 0, 0, 0, 0, 26365), -- 警惕的恶鬼 (Area: -Unknown- - Difficulty: 1)
(@CGUID+249, 115532, 1220, 7543, 8554, 1, '4575', 0, 0, 0, -1544.274, 3268.067, 108.5356, 4.659161, 7200, 0, 0, 0, 0, 0, 0, 0, 0, 26365); -- 圈养的巨熊 (Area: -Unknown- - Difficulty: 1)

INSERT INTO `creature` (`guid`, `id`, `map`, `zoneId`, `areaId`, `spawnMask`, `PhaseId`, `PhaseGroup`, `modelid`, `equipment_id`, `position_x`, `position_y`, `position_z`, `orientation`, `spawntimesecs`, `spawndist`, `currentwaypoint`, `curhealth`, `curmana`, `MovementType`, `npcflag`, `unit_flags`, `dynamicflags`, `VerifiedBuild`) VALUES
(@CGUID+250, 117588, 1220, 7543, 8554, 1, '4575', 0, 0, 0, -1513.648, 3209.148, 110.4197, 0.001115332, 7200, 0, 0, 0, 0, 0, 0, 0, 0, 26365), -- 石像鬼哨兵 (Area: -Unknown- - Difficulty: 1)
(@CGUID+251, 117879, 1220, 7543, 8554, 1, '4575', 0, 0, 0, -1535.063, 3257.294, 108.9618, 3.119047, 7200, 0, 0, 0, 0, 0, 0, 0, 0, 26365), -- [DNT] Archery Target (Area: -Unknown- - Difficulty: 1)
(@CGUID+252, 117879, 1220, 7543, 8554, 1, '4575', 0, 0, 0, -1534.667, 3263.307, 108.7908, 3.117145, 7200, 0, 0, 0, 0, 0, 0, 0, 0, 26365), -- [DNT] Archery Target (Area: -Unknown- - Difficulty: 1)
(@CGUID+253, 10779, 1220, 7543, 8554, 1, '4575', 0, 0, 0, -1587.454, 3084.793, 104.9934, 0.2800437, 7200, 0, 0, 0, 0, 0, 0, 0, 0, 26365), -- 被感染的松鼠 (Area: -Unknown- - Difficulty: 1)
(@CGUID+254, 117793, 1220, 7543, 8554, 1, '4575', 0, 0, 0, -1514.081, 3126.352, 94.46635, 3.29291, 7200, 10, 0, 0, 0, 1, 0, 0, 0, 26365), -- 幼年魔蝠 (Area: -Unknown- - Difficulty: 1) (possible waypoints or random movement)
(@CGUID+255, 119627, 1220, 7543, 8554, 1, '4575', 0, 0, 0, -1499.806, 3202.653, 157.349, 3.412322, 7200, 10, 0, 0, 0, 1, 0, 0, 0, 26365), -- 邪爪啼鸣者 (Area: -Unknown- - Difficulty: 1) (possible waypoints or random movement)
(@CGUID+256, 117793, 1220, 7543, 8554, 1, '4575', 0, 0, 0, -1520.714, 3128.7, 94.46635, 5.52211, 7200, 0, 0, 0, 0, 0, 0, 0, 0, 26365), -- 幼年魔蝠 (Area: -Unknown- - Difficulty: 1)
(@CGUID+257, 120326, 1220, 7543, 8554, 1, '4575', 0, 0, 0, -1540.069, 3268.42, 108.5364, 4.665147, 7200, 0, 0, 0, 0, 0, 0, 0, 0, 26365), -- 神射手鲁帕 (Area: -Unknown- - Difficulty: 1)
(@CGUID+258, 117893, 1220, 7543, 8554, 1, '4575', 0, 0, 0, -1557.207, 3284.026, 108.5547, 2.597827, 7200, 0, 0, 0, 0, 0, 0, 0, 0, 26365), -- 大地之环地卜师 (Area: -Unknown- - Difficulty: 1) (Auras: 170133 - -Unknown-)
(@CGUID+259, 119627, 1220, 7543, 8554, 1, '4575', 0, 0, 0, -1601.985, 3296.588, 150.7198, 4.463414, 7200, 0, 0, 0, 0, 0, 0, 0, 0, 26365), -- 邪爪啼鸣者 (Area: -Unknown- - Difficulty: 1)
(@CGUID+260, 118053, 1220, 7543, 8554, 1, '4575', 0, 0, 0, -1551.278, 3287.647, 108.577, 3.123949, 7200, 10, 0, 0, 0, 1, 0, 0, 0, 26365), -- 大地之环萨满 (Area: -Unknown- - Difficulty: 1) (Auras: 170133 - -Unknown-, 235976 - -Unknown-) (possible waypoints or random movement)
(@CGUID+261, 119627, 1220, 7543, 8554, 1, '4575', 0, 0, 0, -1529.942, 3184.117, 146.1337, 2.978245, 7200, 0, 0, 0, 0, 0, 0, 0, 0, 26365), -- 邪爪啼鸣者 (Area: -Unknown- - Difficulty: 1)
(@CGUID+262, 119627, 1220, 7543, 8554, 1, '4575', 0, 0, 0, -1576.625, 3304.418, 155.803, 4.12699, 7200, 0, 0, 0, 0, 0, 0, 0, 0, 26365), -- 邪爪啼鸣者 (Area: -Unknown- - Difficulty: 1)
(@CGUID+263, 119627, 1220, 7543, 8554, 1, '4575', 0, 0, 0, -1599.696, 3305.591, 154.1258, 4.463414, 7200, 0, 0, 0, 0, 0, 0, 0, 0, 26365), -- 邪爪啼鸣者 (Area: -Unknown- - Difficulty: 1)
(@CGUID+264, 117814, 1220, 7543, 8554, 1, '4575', 0, 0, 0, -1538.847, 3270.27, 131.5829, 5.289753, 7200, 0, 0, 0, 0, 0, 0, 0, 0, 26365), -- 巨鹰 (Area: -Unknown- - Difficulty: 1)
(@CGUID+265, 118053, 1220, 7543, 8554, 1, '4575', 0, 0, 0, -1537.415, 3281.542, 108.5356, 2.789054, 7200, 0, 0, 0, 0, 0, 0, 0, 0, 26365), -- 大地之环萨满 (Area: -Unknown- - Difficulty: 1) (Auras: 170133 - -Unknown-, 133464 - -Unknown-)
(@CGUID+266, 120343, 1220, 7543, 8554, 1, '4575', 0, 0, 0, -1539.413, 3284.581, 108.5356, 1.490983, 7200, 0, 0, 0, 0, 0, 0, 0, 0, 26365), -- 托姆肯·雷拳 (Area: -Unknown- - Difficulty: 1) (Auras: 82910 - -Unknown-)
(@CGUID+267, 118053, 1220, 7543, 8554, 1, '4575', 0, 0, 0, -1548.314, 3281.425, 108.5356, 2.997782, 7200, 0, 0, 0, 0, 0, 0, 0, 0, 26365), -- 大地之环萨满 (Area: -Unknown- - Difficulty: 1) (Auras: 170133 - -Unknown-)
(@CGUID+268, 118054, 1220, 7543, 8554, 1, '4575', 0, 0, 0, -1550.554, 3281.878, 108.5356, 6.054997, 7200, 0, 0, 0, 0, 0, 0, 0, 0, 26365), -- 大地之环萨满 (Area: -Unknown- - Difficulty: 1) (Auras: 170133 - -Unknown-)
(@CGUID+269, 119627, 1220, 7543, 8554, 1, '4575', 0, 0, 0, -1499.806, 3202.653, 157.349, 3.412322, 7200, 0, 0, 0, 0, 0, 0, 0, 0, 26365), -- 邪爪啼鸣者 (Area: -Unknown- - Difficulty: 1)
(@CGUID+270, 117893, 1220, 7543, 8554, 1, '4575', 0, 0, 0, -1557.806, 3292.165, 108.5538, 3.800305, 7200, 0, 0, 0, 0, 0, 0, 0, 0, 26365), -- 大地之环地卜师 (Area: -Unknown- - Difficulty: 1) (Auras: 170133 - -Unknown-)
(@CGUID+271, 120347, 1220, 7543, 8554, 1, '4575', 0, 0, 0, -1554.943, 3287.954, 108.5407, 3.115562, 7200, 0, 0, 0, 0, 0, 0, 0, 0, 26365), -- 唤地者维格伦 (Area: -Unknown- - Difficulty: 1)
(@CGUID+272, 120127, 1220, 7543, 8554, 1, '4575', 0, 0, 0, -1501.851, 3232.38, 108.4835, 1.915044, 7200, 0, 0, 0, 0, 0, 0, 0, 0, 26365), -- Curious Fel Energy (Area: -Unknown- - Difficulty: 1) (Auras: 239351 - -Unknown-)
(@CGUID+273, 119627, 1220, 7543, 8554, 1, '4575', 0, 0, 0, -1578.316, 3301.867, 154.7431, 4.12699, 7200, 0, 0, 0, 0, 0, 0, 0, 0, 26365), -- 邪爪啼鸣者 (Area: -Unknown- - Difficulty: 1)
(@CGUID+274, 119627, 1220, 7543, 8554, 1, '4575', 0, 0, 0, -1505.295, 3180.054, 153.0665, 2.978245, 7200, 0, 0, 0, 0, 0, 0, 0, 0, 26365), -- 邪爪啼鸣者 (Area: -Unknown- - Difficulty: 1)
(@CGUID+275, 119627, 1220, 7543, 8554, 1, '4575', 0, 0, 0, -1583.395, 3294.206, 151.5608, 4.12699, 7200, 0, 0, 0, 0, 0, 0, 0, 0, 26365), -- 邪爪啼鸣者 (Area: -Unknown- - Difficulty: 1)
(@CGUID+276, 119627, 1220, 7543, 8554, 1, '4575', 0, 0, 0, -1602.966, 3292.731, 149.2604, 4.463414, 7200, 0, 0, 0, 0, 0, 0, 0, 0, 26365), -- 邪爪啼鸣者 (Area: -Unknown- - Difficulty: 1)
(@CGUID+277, 117506, 1220, 7543, 8554, 1, '4575', 0, 0, 0, -1524.889, 3276.745, 108.5682, 5.672563, 7200, 0, 0, 0, 0, 0, 0, 0, 0, 26365), -- 抗魔联军哨兵 (Area: -Unknown- - Difficulty: 1)
(@CGUID+278, 118999, 1220, 7543, 8554, 1, '4575', 0, 0, 0, -1554.715, 3309.524, 109.0874, 1.566829, 7200, 0, 0, 0, 0, 0, 0, 0, 0, 26365), -- 远古岩壳龟 (Area: -Unknown- - Difficulty: 1) (Auras: 84186 - -Unknown-)
(@CGUID+279, 118306, 1220, 7543, 8554, 1, '4575', 0, 0, 0, -1571.087, 3305.61, 108.5371, 4.756127, 7200, 10, 0, 0, 0, 1, 0, 0, 0, 26365), -- 伊利达雷执行者 (Area: -Unknown- - Difficulty: 1) (Auras: 170133 - -Unknown-) (possible waypoints or random movement)
(@CGUID+280, 118931, 1220, 7543, 8554, 1, '4575', 0, 0, 0, -1548.401, 3308.745, 108.4966, 1.131452, 7200, 0, 0, 0, 0, 0, 0, 0, 0, 26365), -- [DNT] Water Lily (Area: -Unknown- - Difficulty: 1)
(@CGUID+281, 119091, 1220, 7543, 8554, 1, '4575', 0, 0, 0, -1554.672, 3306.425, 108.5489, 0.6972875, 7200, 0, 0, 0, 0, 0, 0, 0, 0, 26365), -- 月之德鲁伊 (Area: -Unknown- - Difficulty: 1) (Auras: 236462 - -Unknown-)
(@CGUID+282, 118999, 1220, 7543, 8554, 1, '4575', 0, 0, 0, -1548.203, 3305.361, 108.9613, 4.53352, 7200, 10, 0, 0, 0, 1, 0, 0, 0, 26365), -- 远古岩壳龟 (Area: -Unknown- - Difficulty: 1) (possible waypoints or random movement)
(@CGUID+283, 118999, 1220, 7543, 8554, 1, '4575', 0, 0, 0, -1554.993, 3311.02, 109.085, 0.4123149, 7200, 0, 0, 0, 0, 0, 0, 0, 0, 26365), -- 远古岩壳龟 (Area: -Unknown- - Difficulty: 1) (Auras: 84186 - -Unknown-)
(@CGUID+284, 117474, 1220, 7543, 8554, 1, '4575', 0, 0, 0, -1499.53, 3237.583, 108.5518, 4.713454, 7200, 0, 0, 0, 0, 0, 0, 0, 0, 26365), -- 抗魔联军防御者 (Area: -Unknown- - Difficulty: 1)
(@CGUID+285, 119091, 1220, 7543, 8554, 1, '4575', 0, 0, 0, -1540.266, 3304.925, 108.5449, 2.306374, 7200, 0, 0, 0, 0, 0, 0, 0, 0, 26365), -- 月之德鲁伊 (Area: -Unknown- - Difficulty: 1) (Auras: 236462 - -Unknown-)
(@CGUID+286, 119627, 1220, 7543, 8554, 1, '4575', 0, 0, 0, -1499.806, 3202.653, 157.349, 3.412322, 7200, 0, 0, 0, 0, 0, 0, 0, 0, 26365), -- 邪爪啼鸣者 (Area: -Unknown- - Difficulty: 1)
(@CGUID+287, 122021, 1220, 7543, 8554, 1, '4575', 0, 0, 0, -1390.286, 3160.784, 21.86149, 5.617638, 7200, 0, 0, 0, 0, 0, 0, 0, 0, 26365), -- Portal Bunny (Area: -Unknown- - Difficulty: 1)
(@CGUID+288, 118039, 1220, 7543, 8554, 1, '4575', 0, 0, 0, -1547.486, 3313.161, 108.4966, 0, 7200, 0, 0, 0, 0, 0, 0, 0, 0, 26365), -- FX Stalker [DNT] (Area: -Unknown- - Difficulty: 1) (Auras: 236171 - -Unknown-)
(@CGUID+289, 120414, 1220, 7543, 8554, 1, '4575', 0, 0, 0, -1514.446, 3294.386, 108.5353, 3.152393, 7200, 0, 0, 0, 0, 0, 0, 0, 0, 26365), -- 瑞桑托斯上尉 (Area: -Unknown- - Difficulty: 1)
(@CGUID+290, 119091, 1220, 7543, 8554, 1, '4575', 0, 0, 0, -1552.84, 3322.471, 108.5353, 5.225752, 7200, 0, 0, 0, 0, 0, 0, 0, 0, 26365), -- 月之德鲁伊 (Area: -Unknown- - Difficulty: 1) (Auras: 236462 - -Unknown-)
(@CGUID+291, 120338, 1220, 7543, 8554, 1, '4575', 0, 0, 0, -1521.918, 3302.664, 110.522, 3.313257, 7200, 0, 0, 0, 0, 0, 0, 0, 0, 26365), -- 弗林特·西奈吉尔 (Area: -Unknown- - Difficulty: 1)
(@CGUID+292, 118999, 1220, 7543, 8554, 1, '4575', 0, 0, 0, -1549.494, 3319.605, 108.9613, 4.554698, 7200, 10, 0, 0, 0, 1, 0, 0, 0, 26365), -- 远古岩壳龟 (Area: -Unknown- - Difficulty: 1) (possible waypoints or random movement)
(@CGUID+293, 118931, 1220, 7543, 8554, 1, '4575', 0, 0, 0, -1550.661, 3315.295, 108.4966, 3.400651, 7200, 0, 0, 0, 0, 0, 0, 0, 0, 26365), -- [DNT] Water Lily (Area: -Unknown- - Difficulty: 1)
(@CGUID+294, 118931, 1220, 7543, 8554, 1, '4575', 0, 0, 0, -1551.151, 3311.881, 108.4966, 2.949355, 7200, 0, 0, 0, 0, 0, 0, 0, 0, 26365), -- [DNT] Water Lily (Area: -Unknown- - Difficulty: 1)
(@CGUID+295, 118994, 1220, 7543, 8554, 1, '4575', 0, 0, 0, -1544.457, 3328.097, 108.5353, 3.019066, 7200, 10, 0, 0, 0, 1, 0, 0, 0, 26365), -- 抗魔联军防御者 (Area: -Unknown- - Difficulty: 1) (possible waypoints or random movement)
(@CGUID+296, 118123, 1220, 7543, 8554, 1, '4575', 0, 0, 0, -1515.484, 3306.843, 108.5353, 1.508417, 7200, 0, 0, 0, 0, 0, 0, 0, 0, 26365), -- 赞吉吉 (Area: -Unknown- - Difficulty: 1)
(@CGUID+297, 118931, 1220, 7543, 8554, 1, '4575', 0, 0, 0, -1544.528, 3309.428, 108.4966, 3.251122, 7200, 0, 0, 0, 0, 0, 0, 0, 0, 26365), -- [DNT] Water Lily (Area: -Unknown- - Difficulty: 1)
(@CGUID+298, 118931, 1220, 7543, 8554, 1, '4575', 0, 0, 0, -1547.644, 3312.238, 108.4966, 5.308096, 7200, 0, 0, 0, 0, 0, 0, 0, 0, 26365), -- [DNT] Water Lily (Area: -Unknown- - Difficulty: 1)
(@CGUID+299, 119091, 1220, 7543, 8554, 1, '4575', 0, 0, 0, -1538.135, 3320.695, 108.5353, 3.849201, 7200, 0, 0, 0, 0, 0, 0, 0, 0, 26365), -- 月之德鲁伊 (Area: -Unknown- - Difficulty: 1) (Auras: 236462 - -Unknown-)
(@CGUID+300, 117507, 1220, 7543, 8554, 1, '4575', 0, 0, 0, -1543.908, 3325.007, 108.5353, 2.577669, 7200, 10, 0, 0, 0, 1, 0, 0, 0, 26365), -- 抗魔联军医师 (Area: -Unknown- - Difficulty: 1) (possible waypoints or random movement)
(@CGUID+301, 118999, 1220, 7543, 8554, 1, '4575', 0, 0, 0, -1544.285, 3312.865, 107.6594, 0.009935403, 7200, 10, 0, 0, 0, 1, 0, 0, 0, 26365), -- 远古岩壳龟 (Area: -Unknown- - Difficulty: 1) (possible waypoints or random movement)
(@CGUID+302, 118931, 1220, 7543, 8554, 1, '4575', 0, 0, 0, -1546.681, 3316.04, 108.5106, 0.2084446, 7200, 0, 0, 0, 0, 0, 0, 0, 0, 26365), -- [DNT] Water Lily (Area: -Unknown- - Difficulty: 1)
(@CGUID+303, 118978, 1220, 7543, 8554, 1, '4575', 0, 0, 0, -1510.302, 3287.345, 108.5353, 4.388615, 7200, 0, 0, 0, 0, 0, 0, 0, 0, 26365), -- 抗魔联军哨兵 (Area: -Unknown- - Difficulty: 1)
(@CGUID+304, 117721, 1220, 7543, 8554, 1, '4575', 0, 0, 0, -1549.158, 3313.566, 105.8584, 1.108659, 7200, 0, 0, 0, 0, 0, 0, 0, 0, 26365), -- 达戈 (Area: -Unknown- - Difficulty: 1) (Auras: 235997 - -Unknown-)
(@CGUID+305, 118206, 1220, 7543, 8554, 1, '4575', 0, 0, 0, -1523.707, 3321.209, 108.6771, 1.960133, 7200, 0, 0, 0, 0, 0, 0, 0, 0, 26365), -- 猛虎派宗师 (Area: -Unknown- - Difficulty: 1) (Auras: 170133 - -Unknown-)
(@CGUID+306, 119239, 1220, 7543, 8554, 1, '4575', 0, 0, 0, -1560.406, 3333.687, 108.5478, 5.0841, 7200, 0, 0, 0, 0, 0, 0, 0, 0, 26365), -- [DNT] Crate stack 02 (Area: -Unknown- - Difficulty: 1)
(@CGUID+307, 120337, 1220, 7543, 8554, 1, '4575', 0, 0, 0, -1516.155, 3315.204, 108.5353, 4.917804, 7200, 0, 0, 0, 0, 0, 0, 0, 0, 26365), -- 瑞杰斯队长 (Area: -Unknown- - Difficulty: 1)
(@CGUID+308, 117765, 1220, 7543, 8554, 1, '4575', 0, 0, 0, -1550.095, 3342.407, 108.4432, 3.372382, 7200, 0, 0, 0, 0, 0, 0, 0, 0, 26365), -- 肯瑞托召唤师 (Area: -Unknown- - Difficulty: 1) (Auras: 170133 - -Unknown-, 133464 - -Unknown-)
(@CGUID+309, 118962, 1220, 7543, 8554, 1, '4575', 0, 0, 0, -1546.807, 3333.72, 114.9644, 4.865878, 7200, 0, 0, 0, 0, 0, 0, 0, 0, 26365), -- 乌鸦 (Area: -Unknown- - Difficulty: 1)
(@CGUID+310, 120333, 1220, 7543, 8554, 1, '4575', 0, 0, 0, -1522.401, 3322.484, 108.5353, 2.59933, 7200, 0, 0, 0, 0, 0, 0, 0, 0, 26365), -- 刘大师 (Area: -Unknown- - Difficulty: 1)
(@CGUID+311, 118370, 1220, 7543, 8554, 1, '4575', 0, 0, 0, -1494.177, 3294.674, 108.4967, 6.080359, 7200, 10, 0, 0, 0, 1, 0, 0, 0, 26365), -- 阿古斯防御者 (Area: -Unknown- - Difficulty: 1) (Auras: 170133 - -Unknown-) (possible waypoints or random movement)
(@CGUID+312, 118375, 1220, 7543, 8554, 1, '4575', 0, 0, 0, -1507.844, 3313.981, 108.6163, 2.69803, 7200, 10, 0, 0, 0, 1, 0, 0, 0, 26365), -- 血骑士 (Area: -Unknown- - Difficulty: 1) (Auras: 170133 - -Unknown-) (possible waypoints or random movement)
(@CGUID+313, 117763, 1220, 7543, 8554, 1, '4575', 0, 0, 0, -1548.963, 3337.705, 112.1116, 2.611539, 7200, 10, 0, 0, 0, 1, 0, 0, 0, 26365), -- 肯瑞托书籍 (Area: -Unknown- - Difficulty: 1) (Auras: 215251 - -Unknown-) (possible waypoints or random movement)
(@CGUID+314, 118203, 1220, 7543, 8554, 1, '4575', 0, 0, 0, -1523.866, 3326.277, 108.3069, 4.310984, 7200, 0, 0, 0, 0, 0, 0, 0, 0, 26365), -- 猛虎派宗师 (Area: -Unknown- - Difficulty: 1) (Auras: 170133 - -Unknown-)
(@CGUID+315, 118375, 1220, 7543, 8554, 1, '4575', 0, 0, 0, -1510.193, 3309.223, 108.5353, 4.958402, 7200, 0, 0, 0, 0, 0, 0, 0, 0, 26365), -- 血骑士 (Area: -Unknown- - Difficulty: 1) (Auras: 170133 - -Unknown-)
(@CGUID+316, 120260, 1220, 7543, 8554, 1, '4575', 0, 0, 0, -1517.844, 3325.365, 109.3981, 4.799242, 7200, 0, 0, 0, 0, 0, 0, 0, 0, 26365), -- 受伤的抗魔联军防御者 (Area: -Unknown- - Difficulty: 1) (Auras: 234429 - -Unknown-)
(@CGUID+317, 118204, 1220, 7543, 8554, 1, '4575', 0, 0, 0, -1527.38, 3325.103, 108.3354, 6.082756, 7200, 0, 0, 0, 0, 0, 0, 0, 0, 26365), -- 玄牛派宗师 (Area: -Unknown- - Difficulty: 1) (Auras: 170133 - -Unknown-)
(@CGUID+318, 118370, 1220, 7543, 8554, 1, '4575', 0, 0, 0, -1517.92, 3314.263, 108.5353, 5.417212, 7200, 0, 0, 0, 0, 0, 0, 0, 0, 26365), -- 阿古斯防御者 (Area: -Unknown- - Difficulty: 1) (Auras: 170133 - -Unknown-)
(@CGUID+319, 117765, 1220, 7543, 8554, 1, '4575', 0, 0, 0, -1547.425, 3340.725, 108.441, 1.952015, 7200, 0, 0, 0, 0, 0, 0, 0, 0, 26365), -- 肯瑞托召唤师 (Area: -Unknown- - Difficulty: 1) (Auras: 170133 - -Unknown-, 133464 - -Unknown-)
(@CGUID+320, 119240, 1220, 7543, 8554, 1, '4575', 0, 0, 0, -1559.118, 3333.679, 108.5475, 5.550603, 7200, 0, 0, 0, 0, 0, 0, 0, 0, 26365), -- [DNT] Crate (Area: -Unknown- - Difficulty: 1)
(@CGUID+321, 120221, 1220, 7543, 8554, 1, '4575', 0, 0, 0, -1527.012, 3332.34, 108.5353, 4.142965, 7200, 0, 0, 0, 0, 0, 0, 0, 0, 26365), -- 艾里扎尔·锤须 (Area: -Unknown- - Difficulty: 1)
(@CGUID+322, 118383, 1220, 7543, 8554, 1, '4575', 0, 0, 0, -1512.254, 3319.301, 108.5363, 0.2870355, 7200, 0, 0, 0, 0, 0, 0, 0, 0, 26365), -- 烈日行者勇士 (Area: -Unknown- - Difficulty: 1) (Auras: 170133 - -Unknown-)
(@CGUID+323, 119675, 1220, 7543, 8554, 1, '4575', 0, 0, 0, -1534.139, 3331.156, 108.5353, 2.841401, 7200, 10, 0, 0, 0, 1, 0, 0, 0, 26365), -- 抗魔联军工人 (Area: -Unknown- - Difficulty: 1) (Auras: 237691 - -Unknown-) (possible waypoints or random movement)
(@CGUID+324, 117765, 1220, 7543, 8554, 1, '4575', 0, 0, 0, -1556.379, 3340.077, 108.7113, 4.735018, 7200, 0, 0, 0, 0, 0, 0, 0, 0, 26365), -- 肯瑞托召唤师 (Area: -Unknown- - Difficulty: 1) (Auras: 170133 - -Unknown-, 227301 - -Unknown-)
(@CGUID+325, 118258, 1220, 7543, 8554, 1, '4575', 0, 0, 0, -1519.84, 3312.806, 108.5353, 6.137719, 7200, 0, 0, 0, 0, 0, 0, 0, 0, 26365), -- 雷铸女武神 (Area: -Unknown- - Difficulty: 1)
(@CGUID+326, 117763, 1220, 7543, 8554, 1, '4575', 0, 0, 0, -1545.795, 3333.714, 118.7999, 0.07898617, 7200, 10, 0, 0, 0, 1, 0, 0, 0, 26365), -- 肯瑞托书籍 (Area: -Unknown- - Difficulty: 1) (possible waypoints or random movement)
(@CGUID+327, 118306, 1220, 7543, 8554, 1, '4575', 0, 0, 0, -1480.343, 3231.257, 122.906, 3.743255, 7200, 0, 0, 0, 0, 0, 0, 0, 0, 26365), -- 伊利达雷执行者 (Area: -Unknown- - Difficulty: 1) (Auras: 170133 - -Unknown-)
(@CGUID+328, 118545, 1220, 7543, 8554, 1, '4575', 0, 0, 0, -1535.752, 3340.673, 108.5116, 5.668755, 7200, 0, 0, 0, 0, 0, 0, 0, 0, 26365), -- 妖术祭司 (Area: -Unknown- - Difficulty: 1) (Auras: 170133 - -Unknown-)
(@CGUID+329, 120260, 1220, 7543, 8554, 1, '4575', 0, 0, 0, -1518.019, 3328.784, 109.2082, 0.2828565, 7200, 0, 0, 0, 0, 0, 0, 0, 0, 26365), -- 受伤的抗魔联军防御者 (Area: -Unknown- - Difficulty: 1) (Auras: 234429 - -Unknown-)
(@CGUID+330, 120259, 1220, 7543, 8554, 1, '4575', 0, 0, 0, -1512.913, 3330.734, 109.3472, 5.016085, 7200, 0, 0, 0, 0, 0, 0, 0, 0, 26365), -- 受伤的抗魔联军哨兵 (Area: -Unknown- - Difficulty: 1) (Auras: 234429 - -Unknown-)
(@CGUID+331, 17213, 1220, 7543, 8554, 1, '4575', 0, 0, 0, -1555.613, 3344.075, 108.6501, 1.746185, 7200, 10, 0, 0, 0, 1, 0, 0, 0, 26365), -- 扫帚 (Area: -Unknown- - Difficulty: 1) (possible waypoints or random movement)
(@CGUID+332, 118257, 1220, 7543, 8554, 1, '4575', 0, 0, 0, -1491.24, 3294.07, 108.563, 2.999681, 7200, 0, 0, 0, 0, 0, 0, 0, 0, 26365), -- 瓦拉加尔雷铸者 (Area: -Unknown- - Difficulty: 1)
(@CGUID+333, 118257, 1220, 7543, 8554, 1, '4575', 0, 0, 0, -1507.418, 3316.844, 108.7169, 2.045394, 7200, 0, 0, 0, 0, 0, 0, 0, 0, 26365), -- 瓦拉加尔雷铸者 (Area: -Unknown- - Difficulty: 1)
(@CGUID+334, 119238, 1220, 7543, 8554, 1, '4575', 0, 0, 0, -1527.502, 3336.431, 108.5353, 3.321462, 7200, 0, 0, 0, 0, 0, 0, 0, 0, 26365), -- [DNT] Crate stack 01 (Area: -Unknown- - Difficulty: 1)
(@CGUID+335, 118550, 1220, 7543, 8554, 1, '4575', 0, 0, 0, -1536.957, 3344.428, 108.5353, 1.243827, 7200, 0, 0, 0, 0, 0, 0, 0, 0, 26365), -- 圣光修士 (Area: -Unknown- - Difficulty: 1) (Auras: 170133 - -Unknown-, 183474 - -Unknown-)
(@CGUID+336, 120260, 1220, 7543, 8554, 1, '4575', 0, 0, 0, -1506.977, 3327.316, 109.332, 3.291648, 7200, 0, 0, 0, 0, 0, 0, 0, 0, 26365), -- 受伤的抗魔联军防御者 (Area: -Unknown- - Difficulty: 1) (Auras: 234429 - -Unknown-)
(@CGUID+337, 118370, 1220, 7543, 8554, 1, '4575', 0, 0, 0, -1492.269, 3308.128, 108.5898, 1.47424, 7200, 0, 0, 0, 0, 0, 0, 0, 0, 26365), -- 阿古斯防御者 (Area: -Unknown- - Difficulty: 1) (Auras: 170133 - -Unknown-)
(@CGUID+338, 120448, 1220, 7543, 8554, 1, '4575', 0, 0, 0, -1507.573, 3321.651, 109.2998, 4.177748, 7200, 0, 0, 0, 0, 0, 0, 0, 0, 26365), -- “左撇子”施耐斯凯·天扳 (Area: -Unknown- - Difficulty: 1) (Auras: 170133 - -Unknown-)
(@CGUID+339, 118205, 1220, 7543, 8554, 1, '4575', 0, 0, 0, -1505.774, 3325.29, 108.6343, 0.02021351, 7200, 10, 0, 0, 0, 1, 0, 0, 0, 26365), -- 神鹤派宗师 (Area: -Unknown- - Difficulty: 1) (Auras: 170133 - -Unknown-) (possible waypoints or random movement)
(@CGUID+340, 120260, 1220, 7543, 8554, 1, '4575', 0, 0, 0, -1512.634, 3326.942, 109.3401, 3.174124, 7200, 0, 0, 0, 0, 0, 0, 0, 0, 26365), -- 受伤的抗魔联军防御者 (Area: -Unknown- - Difficulty: 1) (Auras: 234429 - -Unknown-)
(@CGUID+341, 120378, 1220, 7543, 8554, 1, '4575', 0, 0, 0, -1557.635, 3346.826, 110.0351, 2.820831, 7200, 0, 0, 0, 0, 0, 0, 0, 0, 26365), -- “鳐鱼”塞德里克·菲克曼塔 (Area: -Unknown- - Difficulty: 1) (Auras: 240002 - -Unknown-)
(@CGUID+342, 117765, 1220, 7543, 8554, 1, '4575', 0, 0, 0, -1555.214, 3351.249, 108.5353, 4.547111, 7200, 0, 0, 0, 0, 0, 0, 0, 0, 26365), -- 肯瑞托召唤师 (Area: -Unknown- - Difficulty: 1) (Auras: 170133 - -Unknown-, 133464 - -Unknown-)
(@CGUID+343, 118545, 1220, 7543, 8554, 1, '4575', 0, 0, 0, -1532.759, 3339.239, 108.5353, 2.803891, 7200, 0, 0, 0, 0, 0, 0, 0, 0, 26365), -- 妖术祭司 (Area: -Unknown- - Difficulty: 1) (Auras: 170133 - -Unknown-)
(@CGUID+344, 117763, 1220, 7543, 8554, 1, '4575', 0, 0, 0, -1553.376, 3346.116, 112.1116, 1.498228, 7200, 10, 0, 0, 0, 1, 0, 0, 0, 26365), -- 肯瑞托书籍 (Area: -Unknown- - Difficulty: 1) (Auras: 215251 - -Unknown-) (possible waypoints or random movement)
(@CGUID+345, 120316, 1220, 7543, 8554, 1, '4575', 0, 0, 0, -1513.837, 3332.475, 108.6353, 2.40703, 7200, 0, 0, 0, 0, 0, 0, 0, 0, 26365), -- 马特·德瓦恩 (Area: -Unknown- - Difficulty: 1)
(@CGUID+346, 120258, 1220, 7543, 8554, 1, '4575', 0, 0, 0, -1512.903, 3323.767, 109.2589, 6.235668, 7200, 0, 0, 0, 0, 0, 0, 0, 0, 26365), -- 受伤的抗魔联军哨兵 (Area: -Unknown- - Difficulty: 1) (Auras: 234429 - -Unknown-)
(@CGUID+347, 117763, 1220, 7543, 8554, 1, '4575', 0, 0, 0, -1542.061, 3346.812, 112.1116, 4.696705, 7200, 10, 0, 0, 0, 1, 0, 0, 0, 26365), -- 肯瑞托书籍 (Area: -Unknown- - Difficulty: 1) (Auras: 215251 - -Unknown-) (possible waypoints or random movement)
(@CGUID+348, 120360, 1220, 7543, 8554, 1, '4575', 0, 0, 0, -1526.491, 3340.172, 108.5353, 2.84216, 7200, 0, 0, 0, 0, 0, 0, 0, 0, 26365), -- 泰勒伦·白晨 (Area: -Unknown- - Difficulty: 1) (Auras: 227301 - -Unknown-)
(@CGUID+349, 118257, 1220, 7543, 8554, 1, '4575', 0, 0, 0, -1491.411, 3313.136, 108.5712, 4.603373, 7200, 0, 0, 0, 0, 0, 0, 0, 0, 26365), -- 瓦拉加尔雷铸者 (Area: -Unknown- - Difficulty: 1)
(@CGUID+350, 118546, 1220, 7543, 8554, 1, '4575', 0, 0, 0, -1530.668, 3344.792, 108.4808, 3.257722, 7200, 0, 0, 0, 0, 0, 0, 0, 0, 26365), -- 太阳祭司 (Area: -Unknown- - Difficulty: 1) (Auras: 170133 - -Unknown-)
(@CGUID+351, 118544, 1220, 7543, 8554, 1, '4575', 0, 0, 0, -1535.491, 3351.55, 108.502, 1.272498, 7200, 0, 0, 0, 0, 0, 0, 0, 0, 26365), -- 艾露恩的女祭司 (Area: -Unknown- - Difficulty: 1) (Auras: 170133 - -Unknown-)
(@CGUID+352, 117765, 1220, 7543, 8554, 1, '4575', 0, 0, 0, -1546.559, 3353.791, 108.5353, 1.716204, 7200, 0, 0, 0, 0, 0, 0, 0, 0, 26365), -- 肯瑞托召唤师 (Area: -Unknown- - Difficulty: 1) (Auras: 170133 - -Unknown-, 54219 - -Unknown-)
(@CGUID+353, 115349, 1220, 7543, 8554, 1, '4575', 0, 0, 0, -1511.293, 3335.414, 108.6589, 3.304013, 7200, 0, 0, 0, 0, 0, 0, 0, 0, 26365), -- 阿玛莉亚·琼斯 (Area: -Unknown- - Difficulty: 1)
(@CGUID+354, 118962, 1220, 7543, 8554, 1, '4575', 0, 0, 0, -1522.123, 3340.723, 112.9114, 5.579181, 7200, 0, 0, 0, 0, 0, 0, 0, 0, 26365), -- 乌鸦 (Area: -Unknown- - Difficulty: 1)
(@CGUID+355, 118544, 1220, 7543, 8554, 1, '4575', 0, 0, 0, -1536.741, 3351.216, 108.4825, 1.461574, 7200, 0, 0, 0, 0, 0, 0, 0, 0, 26365), -- 艾露恩的女祭司 (Area: -Unknown- - Difficulty: 1) (Auras: 170133 - -Unknown-)
(@CGUID+356, 118992, 1220, 7543, 8554, 1, '4575', 0, 0, 0, -1513.377, 3339.128, 108.7221, 3.913017, 7200, 0, 0, 0, 0, 0, 0, 0, 0, 26365), -- 戈雅 (Area: -Unknown- - Difficulty: 1)
(@CGUID+357, 115368, 1220, 7543, 8554, 1, '4575', 0, 0, 0, -1518.806, 3340.753, 108.6394, 4.842474, 7200, 0, 0, 0, 0, 0, 0, 0, 0, 26365), -- 克里夫 (Area: -Unknown- - Difficulty: 1)
(@CGUID+358, 118550, 1220, 7543, 8554, 1, '4575', 0, 0, 0, -1537.417, 3346.821, 108.5353, 5.405468, 7200, 0, 0, 0, 0, 0, 0, 0, 0, 26365), -- 圣光修士 (Area: -Unknown- - Difficulty: 1) (Auras: 170133 - -Unknown-, 183474 - -Unknown-)
(@CGUID+359, 120344, 1220, 7543, 8554, 1, '4575', 0, 0, 0, -1535.231, 3345.809, 108.5365, 3.200863, 7200, 0, 0, 0, 0, 0, 0, 0, 0, 26365), -- 杰斯·贝尔坎普 (Area: -Unknown- - Difficulty: 1) (Auras: 183474 - -Unknown-)
(@CGUID+360, 115171, 1220, 7543, 8554, 1, '4575', 0, 0, 0, -1521.026, 3340.872, 109.1066, 5.312367, 7200, 0, 0, 0, 0, 0, 0, 0, 0, 26365), -- 艾兰娜 (Area: -Unknown- - Difficulty: 1)
(@CGUID+361, 120339, 1220, 7543, 8554, 1, '4575', 0, 0, 0, -1525.007, 3346.773, 108.581, 3.495047, 7200, 0, 0, 0, 0, 0, 0, 0, 0, 26365), -- 吉布森主教 (Area: -Unknown- - Difficulty: 1) (Auras: 170133 - -Unknown-, 227301 - -Unknown-, 37816 - -Unknown-)
(@CGUID+362, 118306, 1220, 7543, 8554, 1, '4575', 0, 0, 0, -1479.972, 3222.78, 122.906, 3.632424, 7200, 10, 0, 0, 0, 1, 0, 0, 0, 26365), -- 伊利达雷执行者 (Area: -Unknown- - Difficulty: 1) (Auras: 170133 - -Unknown-) (possible waypoints or random movement)
(@CGUID+363, 120260, 1220, 7543, 8554, 1, '4575', 0, 0, 0, -1508.502, 3330.822, 109.4085, 0.0003994742, 7200, 0, 0, 0, 0, 0, 0, 0, 0, 26365), -- 受伤的抗魔联军防御者 (Area: -Unknown- - Difficulty: 1) (Auras: 234429 - -Unknown-)
(@CGUID+364, 118543, 1220, 7543, 8554, 1, '4575', 0, 0, 0, -1527.556, 3343.507, 108.364, 3.336743, 7200, 0, 0, 0, 0, 0, 0, 0, 0, 26365), -- 德莱尼学者 (Area: -Unknown- - Difficulty: 1) (Auras: 170133 - -Unknown-, 133464 - -Unknown-)
(@CGUID+365, 115373, 1220, 7543, 8554, 1, '4575', 0, 0, 0, -1518.835, 3337.932, 108.5906, 1.890207, 7200, 0, 0, 0, 0, 0, 0, 0, 0, 26365), -- 安克斯 (Area: -Unknown- - Difficulty: 1)
(@CGUID+366, 120801, 1220, 7543, 8554, 1, '4575', 0, 0, 0, -1552.769, 3350.476, 7.876094, 1.702716, 7200, 0, 0, 0, 0, 0, 0, 0, 0, 26365), -- 石鳍暴雨使者 (Area: -Unknown- - Difficulty: 1) (Auras: 12550 - -Unknown-)
-- (@CGUID+367, 118202, UNKNOWN, 7543, 8554, 1, '4575', 0, 0, 0, 0, 0, 9.1, 2.831945, 7200, 0, 0, 0, 0, 0, 0, 0, 0, 26365), -- 神鹤派宗师 (Area: -Unknown- - Difficulty: 1) (Auras: 170133 - -Unknown-, 52391 - -Unknown-) - !!! on transport - transport template not found !!!
(@CGUID+368, 118202, 1220, 7543, 8554, 1, '4575', 0, 0, 0, -1490.255, 3341.071, 110.0436, 1.081432, 7200, 0, 0, 0, 0, 0, 0, 0, 0, 26365), -- 神鹤派宗师 (Area: -Unknown- - Difficulty: 1) (Auras: 170133 - -Unknown-, 121801 - -Unknown-)
(@CGUID+369, 117762, 1220, 7543, 8554, 1, '4575', 0, 0, 0, -1547.196, 3357.247, 108.4232, 4.87521, 7200, 0, 0, 0, 0, 0, 0, 0, 0, 26365), -- 奥术傀儡 (Area: -Unknown- - Difficulty: 1)
(@CGUID+370, 92017, 1220, 7543, 8554, 1, '4575', 0, 0, 0, -1536.17, 3364.635, 105.133, 2.925774, 7200, 0, 0, 0, 0, 0, 0, 0, 0, 26365), -- 锚点 (Area: -Unknown- - Difficulty: 1) (Auras: 182476 - -Unknown-)
(@CGUID+371, 117506, 1220, 7543, 8554, 1, '4575', 0, 0, 0, -1500.21, 3338.083, 109.919, 1.466922, 7200, 0, 0, 0, 0, 0, 0, 0, 0, 26365), -- 抗魔联军哨兵 (Area: -Unknown- - Difficulty: 1)
(@CGUID+372, 118205, 1220, 7543, 8554, 1, '4575', 0, 0, 0, -1478.339, 3333.627, 110.3611, 0.6817032, 7200, 0, 0, 0, 0, 0, 0, 0, 0, 26365), -- 神鹤派宗师 (Area: -Unknown- - Difficulty: 1) (Auras: 170133 - -Unknown-, 121801 - -Unknown-)
(@CGUID+373, 118205, 1220, 7543, 8554, 1, '4575', 0, 0, 0, -1484.148, 3340.009, 108.6821, 0.8253195, 7200, 0, 0, 0, 0, 0, 0, 0, 0, 26365), -- 神鹤派宗师 (Area: -Unknown- - Difficulty: 1) (Auras: 170133 - -Unknown-, 121801 - -Unknown-)
(@CGUID+374, 91983, 1220, 7543, 8554, 1, '4575', 0, 0, 0, -1505.972, 3377.554, 63.49937, 4.752188, 7200, 0, 0, 0, 0, 0, 0, 0, 0, 26365), -- 锚点 (Area: -Unknown- - Difficulty: 1) (Auras: 182476 - -Unknown-)
(@CGUID+375, 119240, 1220, 7543, 8554, 1, '4575', 0, 0, 0, -1559.118, 3333.679, 108.5475, 5.550603, 7200, 0, 0, 0, 0, 0, 0, 0, 0, 26365), -- [DNT] Crate (Area: -Unknown- - Difficulty: 1)
(@CGUID+376, 119627, 1220, 7543, 8554, 1, '4575', 0, 0, 0, -1569.931, 3314.517, 159.9981, 4.12699, 7200, 0, 0, 0, 0, 0, 0, 0, 0, 26365), -- 邪爪啼鸣者 (Area: -Unknown- - Difficulty: 1)
(@CGUID+377, 119627, 1220, 7543, 8554, 1, '4575', 0, 0, 0, -1596.722, 3317.286, 158.5506, 4.43877, 7200, 0, 0, 0, 0, 0, 0, 0, 0, 26365), -- 邪爪啼鸣者 (Area: -Unknown- - Difficulty: 1)
(@CGUID+378, 10779, 1220, 7543, 8554, 1, '4575', 0, 0, 0, -1771.422, 3349.291, 48.92161, 1.814008, 7200, 0, 0, 0, 0, 0, 0, 0, 0, 26365), -- 被感染的松鼠 (Area: -Unknown- - Difficulty: 1)
(@CGUID+379, 117506, 1220, 7543, 8554, 1, '4575', 0, 0, 0, -1815.563, 3356.295, 52.82051, 5.046046, 7200, 0, 0, 0, 0, 0, 0, 0, 0, 26365), -- 抗魔联军哨兵 (Area: -Unknown- - Difficulty: 1)
(@CGUID+380, 120311, 1220, 7543, 8554, 1, '4575', 0, 0, 0, -1802.741, 3405.601, 69.34808, 5.078774, 7200, 0, 0, 0, 0, 0, 0, 0, 0, 26365), -- 剧毒飞蛾 (Area: -Unknown- - Difficulty: 1)
(@CGUID+381, 10779, 1220, 7543, 8554, 1, '4575', 0, 0, 0, -1829.466, 3382.266, 47.88643, 0.2488507, 7200, 0, 0, 0, 0, 0, 0, 0, 0, 26365), -- 被感染的松鼠 (Area: -Unknown- - Difficulty: 1)
(@CGUID+382, 10779, 1220, 7543, 8554, 1, '4575', 0, 0, 0, -1813.546, 3392.517, 54.58455, 1.137219, 7200, 0, 0, 0, 0, 0, 0, 0, 0, 26365), -- 被感染的松鼠 (Area: -Unknown- - Difficulty: 1)
(@CGUID+383, 120346, 1220, 7543, 8554, 1, '4575', 0, 0, 0, -1841.597, 3400.542, 47.55745, 2.832129, 7200, 0, 0, 0, 0, 0, 0, 0, 0, 26365), -- 抗魔联军供应商 (Area: -Unknown- - Difficulty: 1)
(@CGUID+384, 10779, 1220, 7543, 8554, 1, '4575', 0, 0, 0, -1853.096, 3370.212, 48.42786, 2.1317, 7200, 0, 0, 0, 0, 0, 0, 0, 0, 26365), -- 被感染的松鼠 (Area: -Unknown- - Difficulty: 1)
(@CGUID+385, 117506, 1220, 7543, 8554, 1, '4575', 0, 0, 0, -1840.837, 3367.499, 45.51936, 4.852431, 7200, 0, 0, 0, 0, 0, 0, 0, 0, 26365), -- 抗魔联军哨兵 (Area: -Unknown- - Difficulty: 1)
(@CGUID+386, 119886, 1220, 7543, 8554, 1, '4575', 0, 0, 0, -1844.043, 3394.525, 47.24685, 3.455445, 7200, 0, 0, 0, 0, 0, 0, 0, 0, 26365), -- 挖掘者卡拉 (Area: -Unknown- - Difficulty: 1)
(@CGUID+387, 120311, 1220, 7543, 8554, 1, '4575', 0, 0, 0, -1826.293, 3351.313, 50.82703, 2.481088, 7200, 0, 0, 0, 0, 0, 0, 0, 0, 26365), -- 剧毒飞蛾 (Area: -Unknown- - Difficulty: 1)
(@CGUID+388, 120386, 1220, 7543, 8554, 1, '4575', 0, 0, 0, -1788.301, 3265.157, 60.51028, 1.286219, 7200, 0, 0, 0, 0, 0, 0, 0, 0, 26365), -- 食腐乌鸦 (Area: -Unknown- - Difficulty: 1)
(@CGUID+389, 120311, 1220, 7543, 8554, 1, '4575', 0, 0, 0, -1807.288, 3270.733, 43.00973, 0.1917362, 7200, 0, 0, 0, 0, 0, 0, 0, 0, 26365), -- 剧毒飞蛾 (Area: -Unknown- - Difficulty: 1)
(@CGUID+390, 10779, 1220, 7543, 8554, 1, '4575', 0, 0, 0, -1860.954, 3329.308, 40.89824, 1.131412, 7200, 0, 0, 0, 0, 0, 0, 0, 0, 26365), -- 被感染的松鼠 (Area: 0 - Difficulty: 1)
(@CGUID+391, 117474, 1220, 7543, 8554, 1, '4575', 0, 0, 0, -1857.047, 3387.784, 47.17786, 2.589052, 7200, 0, 0, 0, 0, 0, 0, 0, 0, 26365), -- 抗魔联军防御者 (Area: 0 - Difficulty: 1)
(@CGUID+392, 120346, 1220, 7543, 8554, 1, '4575', 0, 0, 0, -1865.076, 3374.325, 47.60544, 1.256715, 7200, 0, 0, 0, 0, 0, 0, 0, 0, 26365), -- 抗魔联军供应商 (Area: 0 - Difficulty: 1)
(@CGUID+393, 117951, 1220, 7543, 8554, 1, '4575', 0, 0, 0, -1851.295, 3396.54, 47.26925, 4.228849, 7200, 0, 0, 0, 0, 0, 0, 0, 0, 26365), -- 无名秘术师 (Area: 0 - Difficulty: 1)
(@CGUID+394, 120346, 1220, 7543, 8554, 1, '4575', 0, 0, 0, -1863.377, 3378.261, 47.37278, 1.859488, 7200, 0, 0, 0, 0, 0, 0, 0, 0, 26365), -- 抗魔联军供应商 (Area: 0 - Difficulty: 1)
(@CGUID+395, 120386, 1220, 7543, 8554, 1, '4575', 0, 0, 0, -1831.059, 3423.589, 56.59934, 4.962525, 7200, 0, 0, 0, 0, 0, 0, 0, 0, 26365), -- 食腐乌鸦 (Area: 0 - Difficulty: 1)
(@CGUID+396, 119240, 1220, 7543, 8554, 1, '4575', 0, 0, 0, -1559.118, 3333.679, 108.5475, 5.550603, 7200, 0, 0, 0, 0, 0, 0, 0, 0, 26365), -- [DNT] Crate (Area: -Unknown- - Difficulty: 1)
(@CGUID+397, 120707, 1220, 7543, 8554, 1, '4575', 0, 0, 0, -1627.089, 3228.38, 129.672, 4.447584, 7200, 0, 0, 0, 0, 0, 0, 0, 0, 26365), -- 邪侵地狱火 (Area: -Unknown- - Difficulty: 1)
(@CGUID+398, 120698, 1220, 7543, 8554, 1, '4575', 0, 0, 0, -1635.96, 3197.458, 157.5376, 2.434707, 7200, 0, 0, 0, 0, 0, 0, 0, 0, 26365), -- 邪缚炎法师 (Area: -Unknown- - Difficulty: 1)
(@CGUID+399, 119627, 1220, 7543, 8554, 1, '4575', 0, 0, 0, -1569.931, 3314.517, 159.9981, 4.12699, 7200, 10, 0, 0, 0, 1, 0, 0, 0, 26365), -- 邪爪啼鸣者 (Area: -Unknown- - Difficulty: 1) (possible waypoints or random movement)
(@CGUID+400, 119627, 1220, 7543, 8554, 1, '4575', 0, 0, 0, -1526.786, 3183.597, 147.0214, 2.978245, 7200, 0, 0, 0, 0, 0, 0, 0, 0, 26365), -- 邪爪啼鸣者 (Area: -Unknown- - Difficulty: 1)

(@CGUID+401, 119142, 1220, 7543, 8554, 1, '4575', 0, 0, 0, -1607.997, 3182.972, 129.1414, 1.152572, 7200, 0, 0, 0, 0, 0, 0, 0, 0, 26365); -- 丛林守护者 (Area: -Unknown- - Difficulty: 1)


DELETE FROM `creature_addon` WHERE `guid` BETWEEN @CGUID+0 AND @CGUID+401;
INSERT INTO `creature_addon` (`guid`, `path_id`, `mount`, `bytes1`, `bytes2`, `emote`, `aiAnimKit`, `movementAnimKit`, `meleeAnimKit`, `auras`) VALUES
(@CGUID+0, 0, 0, 0, 1, 0, 0, 0, 0, '142433 144301 245506'), -- 损坏的潜水头盔 - 142433 - -Unknown-, 144301 - -Unknown-, 245506 - -Unknown-
(@CGUID+1, 0, 0, 0, 1, 0, 0, 0, 0, ''), -- 石鳍投泥者
(@CGUID+2, 0, 0, 0, 1, 0, 0, 0, 0, ''), -- 石鳍投泥者
(@CGUID+3, 0, 0, 0, 1, 0, 0, 0, 0, ''), -- 石鳍投泥者
(@CGUID+4, 0, 0, 0, 1, 0, 0, 0, 0, '12550'), -- 石鳍暴雨使者 - 12550 - -Unknown-
(@CGUID+5, 0, 0, 50331648, 1, 0, 0, 0, 0, ''), -- 死木大鹏
(@CGUID+6, 0, 0, 0, 1, 0, 0, 0, 0, ''), -- 石鳍投泥者
(@CGUID+7, 0, 0, 0, 1, 0, 0, 0, 0, '12550'), -- 石鳍暴雨使者 - 12550 - -Unknown-
(@CGUID+8, 0, 0, 0, 1, 0, 0, 0, 0, ''), -- 石鳍投泥者
(@CGUID+9, 0, 0, 0, 1, 0, 0, 0, 0, ''), -- 岛礁锤头鲨
(@CGUID+10, 0, 0, 0, 1, 0, 0, 0, 0, ''), -- 石鳍投泥者
(@CGUID+11, 0, 0, 0, 1, 0, 0, 0, 0, ''), -- 石鳍投泥者
(@CGUID+12, 0, 0, 0, 1, 0, 0, 0, 0, '12550'), -- 石鳍暴雨使者 - 12550 - -Unknown-
(@CGUID+13, 0, 0, 0, 1, 0, 0, 0, 0, '12550'), -- 石鳍暴雨使者 - 12550 - -Unknown-
(@CGUID+14, 0, 0, 0, 1, 0, 0, 0, 0, ''), -- 石鳍投泥者
(@CGUID+15, 0, 0, 0, 1, 0, 0, 0, 0, '12550'), -- 石鳍暴雨使者 - 12550 - -Unknown-
(@CGUID+16, 0, 0, 0, 1, 0, 0, 0, 0, ''), -- 石鳍投泥者
(@CGUID+17, 0, 0, 0, 1, 0, 0, 0, 0, ''), -- 石鳍投泥者
(@CGUID+18, 0, 0, 0, 1, 0, 0, 0, 0, ''), -- 石鳍投泥者
(@CGUID+19, 0, 0, 0, 1, 0, 0, 0, 0, '12550'), -- 石鳍暴雨使者 - 12550 - -Unknown-
(@CGUID+20, 0, 0, 0, 1, 0, 0, 0, 0, '12550'), -- 石鳍暴雨使者 - 12550 - -Unknown-
(@CGUID+21, 0, 0, 0, 2, 0, 0, 0, 0, ''), -- 抗魔联军哨兵
(@CGUID+22, 0, 0, 50331648, 1, 0, 0, 0, 0, ''), -- 剧毒飞蛾
(@CGUID+23, 0, 0, 50331648, 1, 0, 0, 0, 0, ''), -- 剧毒飞蛾
(@CGUID+24, 0, 0, 0, 1, 0, 0, 0, 0, '182476'), -- 锚点 - 182476 - -Unknown-
(@CGUID+25, 0, 0, 0, 1, 0, 0, 0, 0, ''), -- 石鳍投泥者
(@CGUID+26, 0, 0, 0, 1, 0, 0, 0, 0, ''), -- 石鳍投泥者
(@CGUID+27, 0, 0, 50331648, 1, 0, 0, 0, 0, ''), -- 剧毒飞蛾
(@CGUID+28, 0, 0, 1, 1, 0, 0, 0, 0, '234568'), -- 艾瑞亚娜·麦金农 - 234568 - -Unknown-
(@CGUID+29, 0, 0, 0, 1, 0, 0, 0, 0, ''), -- 抗魔联军哨兵
(@CGUID+30, 0, 0, 0, 1, 0, 0, 0, 0, '234568'), -- 护林者 - 234568 - -Unknown-
(@CGUID+31, 0, 0, 0, 2, 0, 0, 0, 0, ''), -- 抗魔联军哨兵
(@CGUID+32, 0, 0, 0, 1, 0, 0, 0, 0, ''), -- 被感染的松鼠
(@CGUID+33, 0, 0, 50331648, 1, 0, 0, 0, 0, ''), -- 小精灵
(@CGUID+34, 0, 0, 0, 1, 0, 0, 0, 0, ''), -- 抗魔联军工人
(@CGUID+35, 0, 0, 0, 1, 0, 0, 0, 0, ''), -- 被感染的松鼠
(@CGUID+36, 0, 0, 0, 1, 0, 0, 0, 0, ''), -- 抗魔联军工人
(@CGUID+37, 0, 0, 0, 1, 0, 0, 0, 0, ''), -- 食腐乌鸦
(@CGUID+38, 0, 0, 0, 1, 0, 0, 0, 0, ''), -- 抗魔联军医师
(@CGUID+39, 0, 0, 50331648, 1, 0, 0, 0, 0, ''), -- 剧毒飞蛾
(@CGUID+40, 0, 0, 0, 1, 0, 0, 0, 0, '84186'), -- 梦境守护者 - 84186 - -Unknown-
(@CGUID+41, 0, 0, 0, 1, 0, 0, 0, 0, ''), -- 抗魔联军防御者
(@CGUID+42, 0, 0, 0, 1, 0, 0, 0, 0, ''), -- 抗魔联军防御者
(@CGUID+43, 0, 0, 0, 0, 0, 0, 0, 0, '170133'), -- 利爪德鲁伊 - 170133 - -Unknown-
(@CGUID+44, 0, 0, 50331648, 1, 0, 0, 0, 0, ''), -- 小精灵
(@CGUID+45, 0, 0, 0, 1, 0, 0, 0, 0, ''), -- 抗魔联军工人
(@CGUID+46, 0, 0, 0, 1, 0, 0, 0, 0, ''), -- 抗魔联军防御者
(@CGUID+47, 0, 0, 0, 1, 0, 0, 0, 0, '84186'), -- 梦境守护者 - 84186 - -Unknown-
(@CGUID+48, 0, 0, 0, 1, 0, 0, 0, 0, ''), -- 抗魔联军工人
(@CGUID+49, 0, 0, 0, 1, 0, 0, 0, 0, '234568'), -- 护林者 - 234568 - -Unknown-
(@CGUID+50, 0, 0, 0, 1, 0, 0, 0, 0, '239799'), -- 林菲·猎鸟 - 239799 - -Unknown-
(@CGUID+51, 0, 0, 0, 2, 0, 0, 0, 0, ''), -- 抗魔联军哨兵
(@CGUID+52, 0, 0, 0, 0, 0, 0, 0, 0, '170133'), -- 利爪德鲁伊 - 170133 - -Unknown-
(@CGUID+53, 0, 0, 0, 1, 0, 0, 0, 0, ''), -- 抗魔联军防御者
(@CGUID+54, 0, 0, 50331648, 1, 0, 0, 0, 0, ''), -- 剧毒飞蛾
(@CGUID+55, 0, 0, 0, 1, 0, 0, 0, 0, ''), -- 抗魔联军工人
(@CGUID+56, 0, 0, 0, 1, 0, 0, 0, 0, ''), -- 沉船步兵
(@CGUID+57, 0, 0, 0, 2, 0, 0, 0, 0, ''), -- 抗魔联军哨兵
(@CGUID+58, 0, 0, 0, 1, 0, 0, 0, 0, ''), -- 凶猛小鬼
(@CGUID+59, 0, 0, 0, 1, 0, 0, 0, 0, ''), -- 邪火拷问者
(@CGUID+60, 0, 0, 0, 1, 0, 0, 0, 0, ''), -- 沉船士兵
(@CGUID+61, 0, 0, 0, 1, 0, 0, 0, 0, ''), -- 沉船士兵
(@CGUID+62, 0, 0, 0, 1, 0, 0, 0, 0, ''), -- 食腐乌鸦
(@CGUID+63, 0, 0, 0, 1, 0, 0, 0, 0, ''), -- 抗魔联军工人
(@CGUID+64, 0, 0, 0, 1, 0, 0, 0, 0, ''), -- 被感染的松鼠
(@CGUID+65, 0, 0, 0, 1, 0, 0, 0, 0, ''), -- 抗魔联军工人
(@CGUID+66, 0, 0, 0, 1, 0, 0, 0, 0, '123167'), -- 抗魔联军医师 - 123167 - -Unknown-
(@CGUID+67, 0, 0, 0, 1, 0, 0, 0, 0, ''), -- 抗魔联军工人
(@CGUID+68, 0, 0, 0, 1, 0, 0, 0, 0, ''), -- 抗魔联军防御者
(@CGUID+69, 0, 0, 0, 1, 0, 0, 0, 0, ''), -- 抗魔联军防御者
(@CGUID+70, 0, 0, 0, 1, 0, 0, 0, 0, ''), -- 凶猛小鬼
(@CGUID+71, 0, 0, 0, 1, 0, 0, 0, 0, ''), -- 凶猛小鬼
(@CGUID+72, 0, 0, 0, 1, 0, 0, 0, 0, ''), -- 凶猛小鬼
(@CGUID+73, 0, 0, 0, 0, 0, 0, 0, 0, '170133 18950'), -- 伊利达雷执行者 - 170133 - -Unknown-, 18950 - -Unknown-
(@CGUID+74, 0, 0, 0, 1, 0, 0, 0, 0, ''), -- 凶猛小鬼
(@CGUID+75, 0, 0, 0, 1, 0, 0, 0, 0, ''), -- 伊利达雷牢笼
(@CGUID+76, 0, 0, 0, 1, 0, 0, 0, 0, ''), -- 沉船步兵
(@CGUID+77, 0, 0, 0, 1, 0, 0, 0, 0, ''), -- 地狱恶犬
(@CGUID+78, 0, 0, 0, 1, 0, 0, 0, 0, ''), -- 被俘的恶魔
(@CGUID+79, 0, 0, 0, 1, 0, 0, 0, 0, ''), -- 凶猛小鬼
(@CGUID+80, 0, 0, 0, 1, 0, 0, 0, 0, ''), -- 凶猛小鬼
(@CGUID+81, 0, 0, 0, 1, 0, 0, 0, 0, ''), -- 尼克·佩尼考斯特
(@CGUID+82, 0, 0, 0, 2, 0, 0, 0, 0, ''), -- 抗魔联军哨兵
(@CGUID+83, 0, 0, 0, 1, 0, 0, 0, 0, ''), -- 凶猛小鬼
(@CGUID+84, 0, 0, 0, 1, 0, 0, 0, 0, ''), -- 伊利达雷邪刃豹
(@CGUID+85, 0, 0, 0, 1, 0, 0, 0, 0, ''), -- 沉船步兵
(@CGUID+86, 0, 0, 0, 1, 0, 0, 0, 0, ''), -- 抗魔联军哨兵
(@CGUID+87, 0, 0, 0, 1, 0, 0, 0, 0, ''), -- 凶猛小鬼
(@CGUID+88, 0, 0, 0, 0, 0, 0, 0, 0, '170133 18950'), -- 伊利达雷执行者 - 170133 - -Unknown-, 18950 - -Unknown-
(@CGUID+89, 0, 0, 0, 1, 0, 0, 0, 0, '170133 195898'), -- 黑暗收割助祭 - 170133 - -Unknown-, 195898 - -Unknown-
(@CGUID+90, 0, 0, 0, 1, 0, 0, 0, 0, ''), -- 伊利达雷牢笼
(@CGUID+91, 0, 0, 0, 1, 0, 0, 0, 0, ''), -- 凶猛小鬼
(@CGUID+92, 0, 0, 0, 1, 0, 0, 0, 0, ''), -- 拷问者阿兹洛克
(@CGUID+93, 0, 0, 0, 1, 0, 0, 0, 0, '170133 195898'), -- 黑暗收割助祭 - 170133 - -Unknown-, 195898 - -Unknown-
(@CGUID+94, 0, 0, 0, 1, 0, 0, 0, 0, ''), -- 被俘的恶魔
(@CGUID+95, 0, 65204, 50331648, 0, 0, 0, 0, 0, ''), -- 邪缚炎法师
(@CGUID+96, 0, 0, 0, 1, 0, 0, 0, 0, '170133 195898'), -- 黑暗收割助祭 - 170133 - -Unknown-, 195898 - -Unknown-
(@CGUID+97, 0, 0, 0, 1, 0, 0, 0, 0, ''), -- 凶猛小鬼
(@CGUID+98, 0, 0, 50331648, 1, 0, 0, 0, 0, ''), -- 剧毒飞蛾
(@CGUID+99, 0, 0, 0, 1, 0, 0, 0, 0, ''), -- 凶猛小鬼
(@CGUID+100, 0, 0, 0, 1, 0, 0, 0, 0, ''), -- 沉船士兵
(@CGUID+101, 0, 65204, 50331648, 0, 0, 0, 0, 0, ''), -- 邪缚炎法师
(@CGUID+102, 0, 0, 0, 1, 0, 0, 0, 0, ''), -- 抗魔联军防御者
(@CGUID+103, 0, 0, 0, 1, 0, 0, 0, 0, ''), -- 伊利达雷邪刃豹
(@CGUID+104, 0, 0, 0, 1, 0, 0, 0, 0, '170133'), -- 黑暗收割祈祷者 - 170133 - -Unknown-
(@CGUID+105, 0, 0, 0, 1, 0, 0, 0, 0, '170133 195898'), -- 黑暗收割助祭 - 170133 - -Unknown-, 195898 - -Unknown-
(@CGUID+106, 0, 0, 0, 1, 0, 0, 0, 0, ''), -- 被感染的松鼠
(@CGUID+107, 0, 0, 0, 1, 0, 0, 0, 0, ''), -- 抗魔联军防御者
(@CGUID+108, 0, 0, 0, 1, 0, 0, 0, 0, ''), -- 凶猛小鬼
(@CGUID+109, 0, 0, 0, 1, 0, 0, 0, 0, ''), -- 沉船士兵
(@CGUID+110, 0, 0, 0, 1, 0, 0, 0, 0, ''), -- 沉船步兵
(@CGUID+111, 0, 0, 0, 1, 0, 0, 0, 0, ''), -- 凶猛小鬼
(@CGUID+112, 0, 0, 0, 1, 0, 0, 0, 0, ''), -- 梅里斯·汤森
(@CGUID+113, 0, 0, 0, 1, 0, 0, 0, 0, ''), -- 凶猛小鬼
(@CGUID+114, 0, 0, 0, 1, 0, 0, 0, 0, ''), -- 抗魔联军防御者
(@CGUID+115, 0, 0, 0, 1, 0, 0, 0, 0, ''), -- 侦察地图
(@CGUID+116, 0, 0, 0, 1, 0, 0, 0, 0, '182476'), -- 锚点 - 182476 - -Unknown-
(@CGUID+117, 0, 0, 0, 1, 0, 0, 0, 0, '170133 13236'), -- 铁枝德鲁伊 - 170133 - -Unknown-, 13236 - -Unknown-
(@CGUID+118, 0, 0, 0, 1, 0, 0, 0, 0, '170133 13236'), -- 铁枝德鲁伊 - 170133 - -Unknown-, 13236 - -Unknown-
(@CGUID+119, 0, 0, 0, 1, 0, 0, 0, 0, ''), -- 丛林守护者
(@CGUID+120, 0, 0, 0, 1, 0, 0, 0, 0, '170133'), -- 利爪德鲁伊 - 170133 - -Unknown-
(@CGUID+121, 0, 0, 50331648, 1, 0, 0, 0, 0, ''), -- 小精灵
(@CGUID+122, 0, 0, 0, 1, 0, 0, 0, 0, ''), -- 翡翠防御者
(@CGUID+123, 0, 0, 0, 1, 0, 0, 0, 0, ''), -- 塞纳里奥旗帜
(@CGUID+124, 0, 0, 0, 1, 0, 0, 0, 0, ''), -- 翡翠防御者
(@CGUID+125, 0, 0, 50331648, 1, 0, 0, 0, 0, ''), -- 小精灵
(@CGUID+126, 0, 0, 0, 1, 0, 0, 0, 0, ''), -- 丛林守护者
(@CGUID+127, 0, 0, 50331648, 1, 0, 0, 0, 0, ''), -- 精灵龙
(@CGUID+128, 0, 0, 0, 1, 0, 0, 0, 0, ''), -- 利爪德鲁伊
(@CGUID+129, 0, 0, 50331648, 1, 0, 0, 0, 0, ''), -- 小精灵
(@CGUID+130, 0, 0, 0, 0, 0, 0, 0, 0, '170133 234429'), -- 受伤的利爪德鲁伊 - 170133 - -Unknown-, 234429 - -Unknown-
(@CGUID+131, 0, 0, 50331648, 1, 0, 0, 0, 0, ''), -- 翡翠防御者
(@CGUID+132, 0, 0, 50331648, 1, 0, 0, 0, 0, ''), -- 邪翼尖啸者
(@CGUID+133, 0, 0, 0, 1, 0, 0, 0, 0, ''), -- 塞纳里奥旗帜
(@CGUID+134, 0, 0, 0, 1, 0, 0, 0, 0, '84186'), -- 梦境守护者 - 84186 - -Unknown-
(@CGUID+135, 0, 0, 0, 1, 0, 0, 0, 0, ''), -- 守护古树
(@CGUID+136, 0, 0, 50331648, 1, 0, 0, 0, 0, ''), -- 翡翠防御者
(@CGUID+137, 0, 0, 0, 0, 0, 0, 0, 0, '170133 234429'), -- 受伤的利爪德鲁伊 - 170133 - -Unknown-, 234429 - -Unknown-
(@CGUID+138, 0, 0, 0, 0, 0, 0, 0, 0, '170133'), -- 利爪德鲁伊 - 170133 - -Unknown-
(@CGUID+139, 0, 0, 0, 1, 0, 0, 0, 0, '170133 13236'), -- 铁枝德鲁伊 - 170133 - -Unknown-, 13236 - -Unknown-
(@CGUID+140, 0, 0, 50331648, 1, 0, 0, 0, 0, ''), -- 剧毒飞蛾
(@CGUID+141, 0, 0, 0, 1, 0, 0, 0, 0, ''), -- 沉船步兵
(@CGUID+142, 0, 0, 0, 1, 0, 0, 0, 0, '84186'), -- 利爪德鲁伊 - 84186 - -Unknown-
(@CGUID+143, 0, 0, 0, 1, 0, 0, 0, 0, ''), -- 抗魔联军哨兵
(@CGUID+144, 0, 0, 0, 0, 0, 0, 0, 0, ''), -- 护林者长角
(@CGUID+145, 0, 0, 0, 1, 0, 0, 0, 0, '234571'), -- 护林者 - 234571 - -Unknown-
(@CGUID+146, 0, 0, 0, 1, 0, 0, 0, 0, '170133 13236'), -- 铁枝德鲁伊 - 170133 - -Unknown-, 13236 - -Unknown-
(@CGUID+147, 0, 0, 0, 1, 0, 0, 0, 0, '170133'), -- 利爪德鲁伊 - 170133 - -Unknown-
(@CGUID+148, 0, 0, 0, 0, 0, 0, 0, 0, '170133 234429'), -- 受伤的利爪德鲁伊 - 170133 - -Unknown-, 234429 - -Unknown-
(@CGUID+149, 0, 0, 50331648, 1, 0, 0, 0, 0, ''), -- 翡翠防御者
(@CGUID+150, 0, 0, 1, 1, 0, 0, 0, 0, '170133'), -- 利爪德鲁伊 - 170133 - -Unknown-
(@CGUID+151, 0, 0, 50331648, 1, 0, 0, 0, 0, ''), -- 小精灵
(@CGUID+152, 0, 0, 0, 1, 0, 0, 0, 0, ''), -- 地狱恶犬
(@CGUID+153, 0, 0, 0, 0, 0, 0, 0, 0, '170133 234429'), -- 受伤的利爪德鲁伊 - 170133 - -Unknown-, 234429 - -Unknown-
(@CGUID+154, 0, 0, 0, 1, 0, 0, 0, 0, ''), -- 抗魔联军防御者
(@CGUID+155, 0, 0, 0, 1, 0, 0, 0, 0, '84186'), -- 梦境守护者 - 84186 - -Unknown-
(@CGUID+156, 0, 0, 50331648, 1, 0, 0, 0, 0, ''), -- 小精灵
(@CGUID+157, 0, 0, 50331648, 1, 0, 0, 0, 0, ''), -- 小精灵
(@CGUID+158, 0, 0, 0, 1, 0, 0, 0, 0, '234568'), -- 护林者 - 234568 - -Unknown-
(@CGUID+159, 0, 0, 0, 1, 0, 0, 0, 0, '234568'), -- 护林者 - 234568 - -Unknown-
(@CGUID+160, 0, 0, 0, 0, 0, 0, 0, 0, '170133 234429'), -- 受伤的利爪德鲁伊 - 170133 - -Unknown-, 234429 - -Unknown-
(@CGUID+161, 0, 0, 0, 1, 0, 0, 0, 0, ''), -- 抗魔联军医师
(@CGUID+162, 0, 0, 0, 1, 0, 0, 0, 0, ''), -- 翡翠防御者
(@CGUID+163, 0, 0, 0, 1, 0, 0, 0, 0, ''), -- 地狱恶犬
(@CGUID+164, 0, 0, 0, 1, 0, 0, 0, 0, '84186'), -- 梦境守护者 - 84186 - -Unknown-
(@CGUID+165, 0, 0, 0, 1, 0, 0, 0, 0, ''), -- 凶猛小鬼
(@CGUID+166, 0, 0, 1, 1, 0, 0, 0, 0, '170133'), -- 铁枝德鲁伊 - 170133 - -Unknown-
(@CGUID+167, 0, 0, 0, 0, 0, 0, 0, 0, '42459'), -- 伊利丹·怒风 - 42459 - -Unknown-
(@CGUID+168, 0, 0, 1, 1, 0, 0, 0, 0, '170133'), -- 利爪德鲁伊 - 170133 - -Unknown-
(@CGUID+169, 0, 0, 0, 1, 0, 0, 0, 0, ''), -- 凶猛小鬼
(@CGUID+170, 0, 0, 0, 1, 0, 0, 0, 0, ''), -- 凶猛小鬼
(@CGUID+171, 0, 0, 0, 1, 0, 0, 0, 0, ''), -- 抗魔联军哨兵
(@CGUID+172, 0, 0, 0, 1, 0, 0, 0, 0, ''), -- 地狱恶犬
(@CGUID+173, 0, 0, 0, 1, 0, 0, 0, 0, ''), -- 利爪德鲁伊
(@CGUID+174, 0, 0, 1, 1, 0, 0, 0, 0, '170133'), -- 月之德鲁伊 - 170133 - -Unknown-
(@CGUID+175, 0, 0, 0, 0, 0, 0, 0, 0, ''), -- 大法师卡德加
(@CGUID+176, 0, 0, 0, 1, 0, 0, 0, 0, ''), -- 抗魔联军哨兵
(@CGUID+177, 0, 0, 0, 1, 0, 0, 0, 0, ''), -- 抗魔联军防御者
(@CGUID+178, 0, 0, 0, 1, 0, 0, 0, 0, ''), -- 欢笑的姐妹
(@CGUID+179, 0, 0, 0, 256, 0, 0, 0, 0, ''), -- 先知维伦
(@CGUID+180, 0, 0, 0, 1, 0, 0, 0, 0, '18950'), -- 佳莉娅 - 18950 - -Unknown-
(@CGUID+181, 0, 0, 0, 1, 0, 0, 0, 0, ''), -- 指挥官钱伯斯
(@CGUID+182, 0, 0, 0, 1, 0, 0, 0, 0, ''), -- 抗魔联军防御者
(@CGUID+183, 0, 0, 0, 1, 0, 0, 0, 0, '182476'), -- 锚点 - 182476 - -Unknown-
(@CGUID+184, 0, 0, 0, 1, 0, 0, 0, 0, '122729 123240'), -- 表弟慢热手 - 122729 - -Unknown-, 123240 - -Unknown-
(@CGUID+185, 0, 0, 0, 1, 0, 0, 0, 0, '122729 123236'), -- 秘法师鸟羽帽 - 122729 - -Unknown-, 123236 - -Unknown-
(@CGUID+186, 0, 0, 0, 1, 0, 0, 0, 0, ''), -- 抗魔联军建筑桌
(@CGUID+187, 0, 0, 0, 257, 0, 0, 0, 0, ''), -- 战斗法师凯丝琳
(@CGUID+188, 0, 0, 0, 1, 0, 0, 0, 0, '122729 123240'), -- 表弟慢热手 - 122729 - -Unknown-, 123240 - -Unknown-
(@CGUID+189, 0, 0, 0, 0, 0, 0, 0, 0, ''), -- 玛维·影歌
(@CGUID+190, 0, 65204, 50331648, 0, 0, 0, 0, 0, ''), -- 邪缚炎法师
(@CGUID+191, 0, 0, 0, 1, 0, 0, 0, 0, ''), -- 抗魔联军医师
(@CGUID+192, 0, 0, 0, 2, 0, 0, 0, 0, ''), -- 抗魔联军哨兵
(@CGUID+193, 0, 0, 0, 1, 0, 0, 0, 0, ''), -- 沉船士兵
(@CGUID+194, 0, 0, 0, 1, 0, 0, 0, 0, '170133 13236'), -- 铁枝德鲁伊 - 170133 - -Unknown-, 13236 - -Unknown-
(@CGUID+195, 0, 0, 0, 1, 0, 0, 0, 0, ''), -- 沉船士兵
(@CGUID+196, 0, 0, 0, 1, 0, 0, 0, 0, ''), -- 守护古树
(@CGUID+197, 0, 0, 8, 1, 0, 0, 0, 0, ''), -- 抗魔联军工人
(@CGUID+198, 0, 0, 0, 1, 0, 0, 0, 0, '234568'), -- 护林者 - 234568 - -Unknown-
(@CGUID+199, 0, 0, 0, 1, 0, 0, 0, 0, '182476'), -- 锚点 - 182476 - -Unknown-
(@CGUID+200, 0, 0, 0, 1, 0, 0, 0, 0, '170133 13236'), -- 铁枝德鲁伊 - 170133 - -Unknown-, 13236 - -Unknown-
(@CGUID+201, 0, 0, 0, 1, 0, 0, 0, 0, '182476'), -- 锚点 - 182476 - -Unknown-
(@CGUID+202, 0, 0, 50331648, 1, 0, 0, 0, 0, ''), -- 小精灵
(@CGUID+203, 0, 0, 1, 1, 0, 0, 0, 0, ''), -- 利爪德鲁伊
(@CGUID+204, 0, 0, 0, 1, 0, 0, 0, 0, ''), -- 抗魔联军工人
(@CGUID+205, 0, 0, 0, 1, 0, 0, 0, 0, ''), -- 抗魔联军工人
(@CGUID+206, 0, 0, 8, 1, 0, 0, 0, 0, ''), -- 抗魔联军工人
(@CGUID+207, 0, 0, 0, 1, 0, 0, 0, 0, ''), -- 抗魔联军工人
(@CGUID+208, 0, 0, 0, 1, 0, 0, 0, 0, ''), -- 邪火拷问者
(@CGUID+209, 0, 0, 0, 1, 0, 0, 0, 0, ''), -- 丛林守护者
(@CGUID+210, 0, 0, 50331648, 1, 0, 0, 0, 0, ''), -- 小精灵
(@CGUID+211, 0, 0, 0, 1, 0, 0, 0, 0, '84186'), -- 梦境守护者 - 84186 - -Unknown-
(@CGUID+212, 0, 0, 8, 1, 0, 0, 0, 0, ''), -- 抗魔联军工人
(@CGUID+213, 0, 0, 0, 1, 0, 0, 0, 0, ''), -- 抗魔联军工人
(@CGUID+214, 0, 0, 0, 1, 0, 0, 0, 0, ''), -- 警惕的恶鬼
(@CGUID+215, 0, 0, 0, 1, 0, 0, 0, 0, ''), -- 抗魔联军工人
(@CGUID+216, 0, 0, 50331648, 1, 0, 0, 0, 0, ''), -- 石像鬼哨兵
(@CGUID+217, 0, 0, 0, 1, 0, 0, 0, 0, ''), -- “双头龙”希斯·雷布鲁
(@CGUID+218, 0, 0, 0, 1, 0, 0, 0, 0, '170133'), -- 隐秘通途游侠 - 170133 - -Unknown-
(@CGUID+219, 0, 0, 8, 1, 0, 0, 0, 0, '170133'), -- 黑锋骑士 - 170133 - -Unknown-
(@CGUID+220, 0, 0, 1, 1, 0, 0, 0, 0, '170133'), -- 隐秘通途游侠 - 170133 - -Unknown-
(@CGUID+221, 0, 0, 0, 1, 0, 0, 0, 0, ''), -- 石像鬼哨兵
(@CGUID+222, 0, 0, 0, 1, 0, 0, 0, 0, ''), -- 抗魔联军工人
(@CGUID+223, 0, 0, 1, 1, 0, 0, 0, 0, ''), -- 巨鹰
(@CGUID+224, 0, 0, 0, 1, 0, 0, 0, 0, ''), -- 黑锋战斗狮鹫
(@CGUID+225, 0, 0, 0, 1, 0, 0, 0, 0, '170133'), -- 黑锋骑士 - 170133 - -Unknown-
(@CGUID+226, 0, 0, 0, 2, 0, 0, 0, 0, ''), -- 抗魔联军哨兵
(@CGUID+227, 0, 0, 0, 1, 0, 0, 0, 0, '170133'), -- 海法·月溪 - 170133 - -Unknown-
(@CGUID+228, 0, 0, 0, 1, 0, 0, 0, 0, ''), -- 艾德·弗洛伦
(@CGUID+229, 0, 0, 1, 1, 0, 0, 0, 0, ''), -- 巨鹰
(@CGUID+230, 0, 0, 0, 1, 0, 0, 0, 0, ''), -- 黑锋战斗狮鹫
(@CGUID+231, 0, 0, 0, 1, 0, 0, 0, 0, '84186'), -- 圈养的猎豹 - 84186 - -Unknown-
(@CGUID+232, 0, 0, 0, 1, 0, 0, 0, 0, '170133'), -- 隐秘通途游侠 - 170133 - -Unknown-
(@CGUID+233, 0, 0, 0, 1, 0, 0, 0, 0, '170133'), -- 黑锋骑士 - 170133 - -Unknown-
(@CGUID+234, 0, 0, 0, 1, 0, 0, 0, 0, '170133'), -- 黑锋骑士 - 170133 - -Unknown-
(@CGUID+235, 0, 0, 0, 1, 0, 0, 0, 0, '170133'), -- 黑锋骑士 - 170133 - -Unknown-
(@CGUID+236, 0, 0, 50331648, 1, 0, 0, 0, 0, ''), -- 邪爪啼鸣者
(@CGUID+237, 0, 0, 0, 1, 0, 0, 0, 0, ''), -- 圈养的机械兔
(@CGUID+238, 0, 0, 0, 1, 0, 0, 0, 0, ''), -- 抗魔联军防御者
(@CGUID+239, 0, 0, 0, 1, 0, 0, 0, 0, ''), -- 警觉的食尸鬼
(@CGUID+240, 0, 0, 50331648, 1, 0, 0, 0, 0, ''), -- 邪爪啼鸣者
(@CGUID+241, 0, 0, 0, 1, 0, 0, 0, 0, ''), -- 抗魔联军防御者
(@CGUID+242, 0, 0, 50331648, 1, 0, 0, 0, 0, ''), -- 邪爪啼鸣者
(@CGUID+243, 0, 0, 0, 1, 0, 0, 0, 0, '234412'), -- 巨型元素 - 234412 - -Unknown-
(@CGUID+244, 0, 0, 50331648, 1, 0, 0, 0, 0, ''), -- 邪爪啼鸣者
(@CGUID+245, 0, 0, 50331648, 1, 0, 0, 0, 0, ''), -- 邪爪啼鸣者
(@CGUID+246, 0, 0, 0, 0, 0, 0, 0, 0, '170133'), -- 黑锋骑士 - 170133 - -Unknown-
(@CGUID+247, 0, 0, 0, 1, 0, 0, 0, 0, ''), -- 警惕的恶鬼
(@CGUID+248, 0, 0, 0, 1, 0, 0, 0, 0, ''), -- 警惕的恶鬼
(@CGUID+249, 0, 0, 1, 1, 0, 0, 0, 0, ''); -- 圈养的巨熊

INSERT INTO `creature_addon` (`guid`, `path_id`, `mount`, `bytes1`, `bytes2`, `emote`, `aiAnimKit`, `movementAnimKit`, `meleeAnimKit`, `auras`) VALUES
(@CGUID+250, 0, 0, 0, 1, 0, 0, 0, 0, ''), -- 石像鬼哨兵
(@CGUID+251, 0, 0, 0, 1, 0, 0, 0, 0, ''), -- [DNT] Archery Target
(@CGUID+252, 0, 0, 0, 1, 0, 0, 0, 0, ''), -- [DNT] Archery Target
(@CGUID+253, 0, 0, 0, 1, 0, 0, 0, 0, ''), -- 被感染的松鼠
(@CGUID+254, 0, 0, 50331648, 1, 0, 0, 0, 0, ''), -- 幼年魔蝠
(@CGUID+255, 0, 0, 50331648, 1, 0, 0, 0, 0, ''), -- 邪爪啼鸣者
(@CGUID+256, 0, 0, 50331648, 1, 0, 0, 0, 0, ''), -- 幼年魔蝠
(@CGUID+257, 0, 0, 0, 1, 0, 0, 0, 0, ''), -- 神射手鲁帕
(@CGUID+258, 0, 0, 0, 1, 0, 0, 0, 0, '170133'), -- 大地之环地卜师 - 170133 - -Unknown-
(@CGUID+259, 0, 0, 50331648, 1, 0, 0, 0, 0, ''), -- 邪爪啼鸣者
(@CGUID+260, 0, 0, 0, 1, 0, 0, 0, 0, '170133 235976'), -- 大地之环萨满 - 170133 - -Unknown-, 235976 - -Unknown-
(@CGUID+261, 0, 0, 50331648, 1, 0, 0, 0, 0, ''), -- 邪爪啼鸣者
(@CGUID+262, 0, 0, 50331648, 1, 0, 0, 0, 0, ''), -- 邪爪啼鸣者
(@CGUID+263, 0, 0, 50331648, 1, 0, 0, 0, 0, ''), -- 邪爪啼鸣者
(@CGUID+264, 0, 0, 1, 1, 0, 0, 0, 0, ''), -- 巨鹰
(@CGUID+265, 0, 0, 0, 1, 0, 0, 0, 0, '170133 133464'), -- 大地之环萨满 - 170133 - -Unknown-, 133464 - -Unknown-
(@CGUID+266, 0, 0, 0, 1, 0, 0, 0, 0, '82910'), -- 托姆肯·雷拳 - 82910 - -Unknown-
(@CGUID+267, 0, 0, 0, 0, 0, 0, 0, 0, '170133'), -- 大地之环萨满 - 170133 - -Unknown-
(@CGUID+268, 0, 0, 0, 0, 0, 0, 0, 0, '170133'), -- 大地之环萨满 - 170133 - -Unknown-
(@CGUID+269, 0, 0, 50331648, 1, 0, 0, 0, 0, ''), -- 邪爪啼鸣者
(@CGUID+270, 0, 0, 0, 1, 0, 0, 0, 0, '170133'), -- 大地之环地卜师 - 170133 - -Unknown-
(@CGUID+271, 0, 0, 0, 1, 0, 0, 0, 0, ''), -- 唤地者维格伦
(@CGUID+272, 0, 0, 0, 1, 0, 0, 0, 0, '239351'), -- Curious Fel Energy - 239351 - -Unknown-
(@CGUID+273, 0, 0, 50331648, 1, 0, 0, 0, 0, ''), -- 邪爪啼鸣者
(@CGUID+274, 0, 0, 50331648, 1, 0, 0, 0, 0, ''), -- 邪爪啼鸣者
(@CGUID+275, 0, 0, 50331648, 1, 0, 0, 0, 0, ''), -- 邪爪啼鸣者
(@CGUID+276, 0, 0, 50331648, 1, 0, 0, 0, 0, ''), -- 邪爪啼鸣者
(@CGUID+277, 0, 0, 0, 2, 0, 0, 0, 0, ''), -- 抗魔联军哨兵
(@CGUID+278, 0, 0, 0, 1, 0, 0, 0, 0, '84186'), -- 远古岩壳龟 - 84186 - -Unknown-
(@CGUID+279, 0, 65445, 0, 1, 0, 0, 0, 0, '170133'), -- 伊利达雷执行者 - 170133 - -Unknown-
(@CGUID+280, 0, 0, 0, 1, 0, 0, 0, 0, ''), -- [DNT] Water Lily
(@CGUID+281, 0, 0, 0, 1, 0, 0, 0, 0, '236462'), -- 月之德鲁伊 - 236462 - -Unknown-
(@CGUID+282, 0, 0, 0, 1, 0, 0, 0, 0, ''), -- 远古岩壳龟
(@CGUID+283, 0, 0, 0, 1, 0, 0, 0, 0, '84186'), -- 远古岩壳龟 - 84186 - -Unknown-
(@CGUID+284, 0, 0, 0, 1, 0, 0, 0, 0, ''), -- 抗魔联军防御者
(@CGUID+285, 0, 0, 0, 1, 0, 0, 0, 0, '236462'), -- 月之德鲁伊 - 236462 - -Unknown-
(@CGUID+286, 0, 0, 50331648, 1, 0, 0, 0, 0, ''), -- 邪爪啼鸣者
(@CGUID+287, 0, 0, 0, 1, 0, 0, 0, 0, ''), -- Portal Bunny
(@CGUID+288, 0, 0, 50331648, 1, 0, 0, 0, 0, '236171'), -- FX Stalker [DNT] - 236171 - -Unknown-
(@CGUID+289, 0, 0, 0, 1, 0, 0, 0, 0, ''), -- 瑞桑托斯上尉
(@CGUID+290, 0, 0, 0, 1, 0, 0, 0, 0, '236462'), -- 月之德鲁伊 - 236462 - -Unknown-
(@CGUID+291, 0, 0, 1, 1, 0, 0, 0, 0, ''), -- 弗林特·西奈吉尔
(@CGUID+292, 0, 0, 0, 1, 0, 0, 0, 0, ''), -- 远古岩壳龟
(@CGUID+293, 0, 0, 0, 1, 0, 0, 0, 0, ''), -- [DNT] Water Lily
(@CGUID+294, 0, 0, 0, 1, 0, 0, 0, 0, ''), -- [DNT] Water Lily
(@CGUID+295, 0, 0, 0, 1, 0, 0, 0, 0, ''), -- 抗魔联军防御者
(@CGUID+296, 0, 0, 0, 1, 0, 0, 0, 0, ''), -- 赞吉吉
(@CGUID+297, 0, 0, 0, 1, 0, 0, 0, 0, ''), -- [DNT] Water Lily
(@CGUID+298, 0, 0, 0, 1, 0, 0, 0, 0, ''), -- [DNT] Water Lily
(@CGUID+299, 0, 0, 0, 1, 0, 0, 0, 0, '236462'), -- 月之德鲁伊 - 236462 - -Unknown-
(@CGUID+300, 0, 0, 0, 1, 0, 0, 0, 0, ''), -- 抗魔联军医师
(@CGUID+301, 0, 0, 0, 1, 0, 0, 0, 0, ''), -- 远古岩壳龟
(@CGUID+302, 0, 0, 0, 1, 0, 0, 0, 0, ''), -- [DNT] Water Lily
(@CGUID+303, 0, 0, 0, 2, 0, 0, 0, 0, ''), -- 抗魔联军哨兵
(@CGUID+304, 0, 0, 0, 1, 0, 0, 0, 0, '235997'), -- 达戈 - 235997 - -Unknown-
(@CGUID+305, 0, 0, 0, 1, 0, 0, 0, 0, '170133'), -- 猛虎派宗师 - 170133 - -Unknown-
(@CGUID+306, 0, 0, 0, 1, 0, 0, 0, 0, ''), -- [DNT] Crate stack 02
(@CGUID+307, 0, 0, 0, 0, 0, 0, 0, 0, ''), -- 瑞杰斯队长
(@CGUID+308, 0, 0, 0, 1, 0, 0, 0, 0, '170133 133464'), -- 肯瑞托召唤师 - 170133 - -Unknown-, 133464 - -Unknown-
(@CGUID+309, 0, 0, 1, 1, 0, 0, 0, 0, ''), -- 乌鸦
(@CGUID+310, 0, 0, 0, 0, 0, 0, 0, 0, ''), -- 刘大师
(@CGUID+311, 0, 0, 0, 1, 0, 0, 0, 0, '170133'), -- 阿古斯防御者 - 170133 - -Unknown-
(@CGUID+312, 0, 0, 0, 1, 0, 0, 0, 0, '170133'), -- 血骑士 - 170133 - -Unknown-
(@CGUID+313, 0, 0, 50331648, 1, 0, 0, 0, 0, '215251'), -- 肯瑞托书籍 - 215251 - -Unknown-
(@CGUID+314, 0, 0, 0, 1, 0, 0, 0, 0, '170133'), -- 猛虎派宗师 - 170133 - -Unknown-
(@CGUID+315, 0, 0, 0, 0, 0, 0, 0, 0, '170133'), -- 血骑士 - 170133 - -Unknown-
(@CGUID+316, 0, 0, 0, 0, 0, 0, 0, 0, '234429'), -- 受伤的抗魔联军防御者 - 234429 - -Unknown-
(@CGUID+317, 0, 0, 0, 1, 0, 0, 0, 0, '170133'), -- 玄牛派宗师 - 170133 - -Unknown-
(@CGUID+318, 0, 0, 0, 0, 0, 0, 0, 0, '170133'), -- 阿古斯防御者 - 170133 - -Unknown-
(@CGUID+319, 0, 0, 0, 1, 0, 0, 0, 0, '170133 133464'), -- 肯瑞托召唤师 - 170133 - -Unknown-, 133464 - -Unknown-
(@CGUID+320, 0, 0, 0, 1, 0, 0, 0, 0, ''), -- [DNT] Crate
(@CGUID+321, 0, 0, 0, 1, 0, 0, 0, 0, ''), -- 艾里扎尔·锤须
(@CGUID+322, 0, 0, 0, 0, 0, 0, 0, 0, '170133'), -- 烈日行者勇士 - 170133 - -Unknown-
(@CGUID+323, 0, 0, 0, 1, 0, 0, 0, 0, '237691'), -- 抗魔联军工人 - 237691 - -Unknown-
(@CGUID+324, 0, 0, 0, 1, 0, 0, 0, 0, '170133 227301'), -- 肯瑞托召唤师 - 170133 - -Unknown-, 227301 - -Unknown-
(@CGUID+325, 0, 0, 0, 0, 0, 0, 0, 0, ''), -- 雷铸女武神
(@CGUID+326, 0, 0, 50331648, 1, 0, 0, 0, 0, ''), -- 肯瑞托书籍
(@CGUID+327, 0, 68896, 50331648, 1, 0, 0, 0, 0, '170133'), -- 伊利达雷执行者 - 170133 - -Unknown-
(@CGUID+328, 0, 0, 8, 1, 0, 0, 0, 0, '170133'), -- 妖术祭司 - 170133 - -Unknown-
(@CGUID+329, 0, 0, 0, 0, 0, 0, 0, 0, '234429'), -- 受伤的抗魔联军防御者 - 234429 - -Unknown-
(@CGUID+330, 0, 0, 0, 0, 0, 0, 0, 0, '234429'), -- 受伤的抗魔联军哨兵 - 234429 - -Unknown-
(@CGUID+331, 0, 0, 0, 1, 0, 0, 0, 0, ''), -- 扫帚
(@CGUID+332, 0, 0, 0, 1, 0, 0, 0, 0, ''), -- 瓦拉加尔雷铸者
(@CGUID+333, 0, 0, 0, 0, 0, 0, 0, 0, ''), -- 瓦拉加尔雷铸者
(@CGUID+334, 0, 0, 0, 1, 0, 0, 0, 0, ''), -- [DNT] Crate stack 01
(@CGUID+335, 0, 0, 8, 1, 0, 0, 0, 0, '170133 183474'), -- 圣光修士 - 170133 - -Unknown-, 183474 - -Unknown-
(@CGUID+336, 0, 0, 0, 0, 0, 0, 0, 0, '234429'), -- 受伤的抗魔联军防御者 - 234429 - -Unknown-
(@CGUID+337, 0, 0, 0, 0, 0, 0, 0, 0, '170133'), -- 阿古斯防御者 - 170133 - -Unknown-
(@CGUID+338, 0, 0, 1, 1, 0, 0, 0, 0, '170133'), -- “左撇子”施耐斯凯·天扳 - 170133 - -Unknown-
(@CGUID+339, 0, 0, 0, 1, 0, 0, 0, 0, '170133'), -- 神鹤派宗师 - 170133 - -Unknown-
(@CGUID+340, 0, 0, 0, 0, 0, 0, 0, 0, '234429'), -- 受伤的抗魔联军防御者 - 234429 - -Unknown-
(@CGUID+341, 0, 0, 50331648, 1, 0, 0, 0, 0, '240002'), -- “鳐鱼”塞德里克·菲克曼塔 - 240002 - -Unknown-
(@CGUID+342, 0, 0, 0, 1, 0, 0, 0, 0, '170133 133464'), -- 肯瑞托召唤师 - 170133 - -Unknown-, 133464 - -Unknown-
(@CGUID+343, 0, 0, 0, 1, 0, 0, 0, 0, '170133'), -- 妖术祭司 - 170133 - -Unknown-
(@CGUID+344, 0, 0, 50331648, 1, 0, 0, 0, 0, '215251'), -- 肯瑞托书籍 - 215251 - -Unknown-
(@CGUID+345, 0, 0, 0, 1, 0, 0, 0, 0, ''), -- 马特·德瓦恩
(@CGUID+346, 0, 0, 0, 0, 0, 0, 0, 0, '234429'), -- 受伤的抗魔联军哨兵 - 234429 - -Unknown-
(@CGUID+347, 0, 0, 50331648, 1, 0, 0, 0, 0, '215251'), -- 肯瑞托书籍 - 215251 - -Unknown-
(@CGUID+348, 0, 0, 0, 1, 0, 0, 0, 0, '227301'), -- 泰勒伦·白晨 - 227301 - -Unknown-
(@CGUID+349, 0, 0, 0, 0, 0, 0, 0, 0, ''), -- 瓦拉加尔雷铸者
(@CGUID+350, 0, 0, 0, 1, 0, 0, 0, 0, '170133'), -- 太阳祭司 - 170133 - -Unknown-
(@CGUID+351, 0, 0, 0, 1, 0, 0, 0, 0, '170133'), -- 艾露恩的女祭司 - 170133 - -Unknown-
(@CGUID+352, 0, 0, 0, 1, 0, 0, 0, 0, '170133 54219'), -- 肯瑞托召唤师 - 170133 - -Unknown-, 54219 - -Unknown-
(@CGUID+353, 0, 0, 0, 1, 0, 0, 0, 0, ''), -- 阿玛莉亚·琼斯
(@CGUID+354, 0, 0, 1, 1, 0, 0, 0, 0, ''), -- 乌鸦
(@CGUID+355, 0, 0, 0, 1, 0, 0, 0, 0, '170133'), -- 艾露恩的女祭司 - 170133 - -Unknown-
(@CGUID+356, 0, 0, 0, 1, 0, 0, 0, 0, ''), -- 戈雅
(@CGUID+357, 0, 0, 0, 1, 0, 0, 0, 0, ''), -- 克里夫
(@CGUID+358, 0, 0, 8, 1, 0, 0, 0, 0, '170133 183474'), -- 圣光修士 - 170133 - -Unknown-, 183474 - -Unknown-
(@CGUID+359, 0, 0, 8, 1, 0, 0, 0, 0, '183474'), -- 杰斯·贝尔坎普 - 183474 - -Unknown-
(@CGUID+360, 0, 0, 0, 257, 0, 0, 0, 0, ''), -- 艾兰娜
(@CGUID+361, 0, 0, 0, 1, 0, 0, 0, 0, '170133 227301 37816'), -- 吉布森主教 - 170133 - -Unknown-, 227301 - -Unknown-, 37816 - -Unknown-
(@CGUID+362, 0, 68896, 50331648, 1, 0, 0, 0, 0, '170133'), -- 伊利达雷执行者 - 170133 - -Unknown-
(@CGUID+363, 0, 0, 0, 0, 0, 0, 0, 0, '234429'), -- 受伤的抗魔联军防御者 - 234429 - -Unknown-
(@CGUID+364, 0, 0, 0, 1, 0, 0, 0, 0, '170133 133464'), -- 德莱尼学者 - 170133 - -Unknown-, 133464 - -Unknown-
(@CGUID+365, 0, 0, 0, 1, 0, 0, 0, 0, ''), -- 安克斯
(@CGUID+366, 0, 0, 0, 1, 0, 0, 0, 0, '12550'), -- 石鳍暴雨使者 - 12550 - -Unknown-
(@CGUID+367, 0, 0, 0, 1, 0, 0, 0, 0, '170133 52391'), -- 神鹤派宗师 - 170133 - -Unknown-, 52391 - -Unknown-
(@CGUID+368, 0, 0, 0, 1, 0, 0, 0, 0, '170133 121801'), -- 神鹤派宗师 - 170133 - -Unknown-, 121801 - -Unknown-
(@CGUID+369, 0, 0, 0, 1, 0, 0, 0, 0, ''), -- 奥术傀儡
(@CGUID+370, 0, 0, 0, 1, 0, 0, 0, 0, '182476'), -- 锚点 - 182476 - -Unknown-
(@CGUID+371, 0, 0, 0, 2, 0, 0, 0, 0, ''), -- 抗魔联军哨兵
(@CGUID+372, 0, 0, 0, 1, 0, 0, 0, 0, '170133 121801'), -- 神鹤派宗师 - 170133 - -Unknown-, 121801 - -Unknown-
(@CGUID+373, 0, 0, 0, 1, 0, 0, 0, 0, '170133 121801'), -- 神鹤派宗师 - 170133 - -Unknown-, 121801 - -Unknown-
(@CGUID+374, 0, 0, 0, 1, 0, 0, 0, 0, '182476'), -- 锚点 - 182476 - -Unknown-
(@CGUID+375, 0, 0, 0, 1, 0, 0, 0, 0, ''), -- [DNT] Crate
(@CGUID+376, 0, 0, 50331648, 1, 0, 0, 0, 0, ''), -- 邪爪啼鸣者
(@CGUID+377, 0, 0, 50331648, 1, 0, 0, 0, 0, ''), -- 邪爪啼鸣者
(@CGUID+378, 0, 0, 0, 1, 0, 0, 0, 0, ''), -- 被感染的松鼠
(@CGUID+379, 0, 0, 0, 2, 0, 0, 0, 0, ''), -- 抗魔联军哨兵
(@CGUID+380, 0, 0, 50331648, 1, 0, 0, 0, 0, ''), -- 剧毒飞蛾
(@CGUID+381, 0, 0, 0, 1, 0, 0, 0, 0, ''), -- 被感染的松鼠
(@CGUID+382, 0, 0, 0, 1, 0, 0, 0, 0, ''), -- 被感染的松鼠
(@CGUID+383, 0, 0, 3, 1, 0, 0, 0, 0, ''), -- 抗魔联军供应商
(@CGUID+384, 0, 0, 0, 1, 0, 0, 0, 0, ''), -- 被感染的松鼠
(@CGUID+385, 0, 0, 0, 2, 0, 0, 0, 0, ''), -- 抗魔联军哨兵
(@CGUID+386, 0, 0, 0, 1, 0, 0, 0, 0, ''), -- 挖掘者卡拉
(@CGUID+387, 0, 0, 50331648, 1, 0, 0, 0, 0, ''), -- 剧毒飞蛾
(@CGUID+388, 0, 0, 50331648, 1, 0, 0, 0, 0, ''), -- 食腐乌鸦
(@CGUID+389, 0, 0, 50331648, 1, 0, 0, 0, 0, ''), -- 剧毒飞蛾
(@CGUID+390, 0, 0, 0, 1, 0, 0, 0, 0, ''), -- 被感染的松鼠
(@CGUID+391, 0, 0, 0, 1, 0, 0, 0, 0, ''), -- 抗魔联军防御者
(@CGUID+392, 0, 0, 3, 1, 0, 0, 0, 0, ''), -- 抗魔联军供应商
(@CGUID+393, 0, 0, 0, 1, 0, 0, 0, 0, ''), -- 无名秘术师
(@CGUID+394, 0, 0, 0, 1, 0, 0, 0, 0, ''), -- 抗魔联军供应商
(@CGUID+395, 0, 0, 0, 1, 0, 0, 0, 0, ''), -- 食腐乌鸦
(@CGUID+396, 0, 0, 0, 1, 0, 0, 0, 0, ''), -- [DNT] Crate
(@CGUID+397, 0, 0, 0, 1, 0, 0, 0, 0, ''), -- 邪侵地狱火
(@CGUID+398, 0, 65204, 50331648, 0, 0, 0, 0, 0, ''), -- 邪缚炎法师
(@CGUID+399, 0, 0, 50331648, 1, 0, 0, 0, 0, ''), -- 邪爪啼鸣者
(@CGUID+400, 0, 0, 50331648, 1, 0, 0, 0, 0, ''), -- 邪爪啼鸣者
(@CGUID+401, 0, 0, 0, 1, 0, 0, 0, 0, ''); -- 丛林守护者

DELETE FROM `gameobject` WHERE `guid` BETWEEN @OGUID+0 AND @OGUID+36;
INSERT INTO `gameobject` (`guid`, `id`, `map`, `zoneId`, `areaId`, `spawnMask`, `PhaseId`, `PhaseGroup`, `position_x`, `position_y`, `position_z`, `orientation`, `rotation0`, `rotation1`, `rotation2`, `rotation3`, `spawntimesecs`, `animprogress`, `state`, `VerifiedBuild`) VALUES
(@OGUID+0, 252565, 1220, 0, 0, 1, '0', 0, -1842.495, 3473.328, 6.074741, 0, 0, 0, 0, 1, 7200, 255, 1, 26365), -- Hungering Orb (Area: -Unknown- - Difficulty: 1)
(@OGUID+1, 241743, 1220, 0, 0, 1, '0', 0, -1545.208, 3473.575, 6.768834, 0.07833653, 0.1778097, -0.08461189, 0.05465031, 0.9788963, 7200, 255, 1, 26365), -- Felslate Deposit (Area: -Unknown- - Difficulty: 1)
(@OGUID+2, 252559, 1220, 0, 0, 1, '0', 0, -1919.462, 3647.075, -194.8589, 0, 0, 0, 0, 1, 7200, 255, 1, 26365), -- Hungering Orb (Area: -Unknown- - Difficulty: 1)
(@OGUID+3, 253280, 1220, 0, 0, 1, '0', 0, -1584.337, 3390.742, 9.266941, 5.639774, 0.2855225, 0.3384762, -0.3540668, 0.8237399, 7200, 255, 1, 26365), -- Leystone Seam (Area: -Unknown- - Difficulty: 1)
(@OGUID+4, 268435, 1220, 0, 0, 1, '0', 0, -1551.701, 3378.365, 6.420491, 2.962298, -0.5915308, 0.05007553, 0.8016949, 0.06977896, 7200, 255, 1, 26365), -- Ancient Shrine (Area: -Unknown- - Difficulty: 1)
(@OGUID+5, 268678, 1220, 7543, 8603, 1, '0', 0, -1732.714, 3075.443, 19.06279, 0.2379158, -0.02946758, -0.003025055, 0.1186399, 0.9924954, 7200, 255, 1, 26365), -- 特殊绳索 (Area: -Unknown- - Difficulty: 1)
(@OGUID+6, 266899, 1220, 7543, 8603, 1, '0', 0, -1649.382, 3234.823, 134.1875, 0, 0, 0, 0, 1, 7200, 255, 1, 26365), -- 魔火 (Area: -Unknown- - Difficulty: 1)
(@OGUID+7, 268435, 1220, 7543, 8603, 1, '0', 0, -1731.219, 3376.508, 67.36998, 2.736277, 0, 0, 0.9795351, 0.2012735, 7200, 255, 1, 26365), -- Ancient Shrine (Area: -Unknown- - Difficulty: 1)
(@OGUID+8, 266899, 1220, 7543, 8603, 1, '0', 0, -1642.97, 3233.12, 134.5713, 0, 0, 0, 0, 1, 7200, 255, 1, 26365), -- 魔火 (Area: -Unknown- - Difficulty: 1)
(@OGUID+9, 265572, 1220, 7543, 8603, 1, '0', 0, -1608.083, 3320.606, 24.1938, 4.207493, 0, 0, -0.8613119, 0.5080766, 7200, 255, 1, 26365), -- Prison Cage (Area: -Unknown- - Difficulty: 1)
(@OGUID+10, 266899, 1220, 7543, 8603, 1, '0', 0, -1662.476, 3232.53, 132.8369, 0, 0, 0, 0, 1, 7200, 255, 1, 26365), -- 魔火 (Area: -Unknown- - Difficulty: 1)
(@OGUID+11, 265572, 1220, 7543, 8603, 1, '0', 0, -1625.531, 3302.488, 25.80753, 5.897419, 0, 0, -0.1916895, 0.9814556, 7200, 255, 1, 26365), -- Prison Cage (Area: -Unknown- - Difficulty: 1)
(@OGUID+12, 265572, 1220, 7543, 8603, 1, '0', 0, -1684.988, 3304.548, 30.86247, 4.835169, 0, 0, -0.6623926, 0.7491569, 7200, 255, 1, 26365), -- Prison Cage (Area: -Unknown- - Difficulty: 1)
(@OGUID+13, 265572, 1220, 7543, 8603, 1, '0', 0, -1728.477, 3302.909, 31.08758, 5.781559, 0, 0, -0.2481918, 0.9687109, 7200, 255, 1, 26365), -- Prison Cage (Area: -Unknown- - Difficulty: 1)
(@OGUID+14, 265572, 1220, 7543, 8603, 1, '0', 0, -1622.995, 3272.13, 15.39121, 3.028533, 0, 0, 0.9984026, 0.05649997, 7200, 255, 1, 26365), -- Prison Cage (Area: -Unknown- - Difficulty: 1)
(@OGUID+15, 265572, 1220, 7543, 8603, 1, '0', 0, -1722.207, 3275.417, 30.73859, 0.5090845, 0, 0, 0.2518024, 0.9677787, 7200, 255, 1, 26365), -- Prison Cage (Area: -Unknown- - Difficulty: 1)
(@OGUID+16, 269111, 1220, 7543, 8603, 1, '0', 0, -1651.222, 3241.968, 131.1857, 0, 0, 0, 0, 1, 7200, 255, 1, 26365), -- 勇士装备箱 (Area: -Unknown- - Difficulty: 1)
(@OGUID+17, 265572, 1220, 7543, 8603, 1, '0', 0, -1656.108, 3222.322, -0.9485796, 3.296459, 0, 0, -0.9970036, 0.0773556, 7200, 255, 1, 26365), -- Prison Cage (Area: -Unknown- - Difficulty: 1)
(@OGUID+18, 265572, 1220, 7543, 8603, 1, '0', 0, -1672.448, 3232.814, -0.9323548, 4.996755, 0, 0, -0.5997715, 0.8001713, 7200, 255, 1, 26365), -- Prison Cage (Area: -Unknown- - Difficulty: 1)
(@OGUID+19, 268798, 1220, 7543, 8603, 1, '0', 0, -1615.127, 3242.382, 170.8083, 3.368224, 0.3398266, 0.03867149, -0.9336662, 0.1062534, 7200, 255, 1, 26365), -- 军团传送门 (Area: -Unknown- - Difficulty: 1)
(@OGUID+20, 268798, 1220, 7543, 8554, 1, '4575', 0, -1703.497, 3222.228, 165.6309, 0.2057459, -0.03512239, 0.3402119, 0.09649849, 0.9347247, 7200, 255, 1, 26365), -- 军团传送门 (Area: -Unknown- - Difficulty: 1)
(@OGUID+21, 265572, 1220, 7543, 8554, 1, '4575', 0, -1620.332, 3232.627, 7.297102, 5.221565, 0, 0, -0.5062323, 0.8623972, 7200, 255, 1, 26365), -- Prison Cage (Area: -Unknown- - Difficulty: 1)
(@OGUID+22, 245324, 1220, 7543, 8554, 1, '4575', 0, -1644.068, 3221.725, -0.400436, 0.1122268, 0.01311588, -0.121769, 0.05643272, 0.9908661, 7200, 255, 1, 26365), -- Rich Leystone Deposit (Area: -Unknown- - Difficulty: 1)
(@OGUID+23, 269271, 1220, 7543, 8554, 1, '4575', 0, -1622.764, 3200.795, 129.0285, 0.7973899, 0, 0, 0.388216, 0.9215684, 7200, 255, 1, 26365), -- [DNT] Command Table Collision Cylinder (Area: -Unknown- - Difficulty: 1)
(@OGUID+24, 269271, 1220, 7543, 8554, 1, '4575', 0, -1622.764, 3200.795, 129.3558, 0.7973899, 0, 0, 0.388216, 0.9215684, 7200, 255, 1, 26365), -- [DNT] Command Table Collision Cylinder (Area: -Unknown- - Difficulty: 1)
(@OGUID+25, 269271, 1220, 7543, 8554, 1, '4575', 0, -1622.872, 3200.701, 129.9451, 0.7973883, -0.1327777, 0.3151941, 0.3648033, 0.8659915, 7200, 255, 1, 26365), -- [DNT] Command Table Collision Cylinder (Area: -Unknown- - Difficulty: 1)
(@OGUID+26, 265572, 1220, 7543, 8554, 1, '4575', 0, -1684.896, 3170.542, 6.862957, 2.431309, 0, 0, 0.9375973, 0.3477231, 7200, 255, 1, 26365), -- Prison Cage (Area: -Unknown- - Difficulty: 1)
(@OGUID+27, 265572, 1220, 7543, 8554, 1, '4575', 0, -1612.677, 3206.832, 6.335115, 1.918436, 0, 0, 0.8187428, 0.5741605, 7200, 255, 1, 26365), -- Prison Cage (Area: -Unknown- - Difficulty: 1)
(@OGUID+28, 267266, 1220, 7543, 8554, 1, '4575', 0, -1539.894, 3281.426, 109.5619, 6.044001, 0, 0, -0.1193075, 0.9928573, 7200, 255, 1, 26365), -- 炉石游戏盘 (Area: -Unknown- - Difficulty: 1)
(@OGUID+29, 269140, 1220, 7543, 8554, 1, '4575', 0, -1514.007, 3305.882, 108.4206, 5.209809, 0, 0, -0.5112925, 0.8594068, 7200, 255, 1, 26365), -- 熔炉 (Area: -Unknown- - Difficulty: 1)
(@OGUID+30, 269141, 1220, 7543, 8554, 1, '4575', 0, -1517.411, 3306.266, 108.4222, 4.345873, 0, 0, -0.8241253, 0.5664076, 7200, 255, 1, 26365), -- 铁砧 (Area: -Unknown- - Difficulty: 1)
(@OGUID+31, 268703, 1220, 7543, 8554, 1, '4575', 0, -1523.476, 3329.269, 108.508, 3.3188, 0.01325655, -0.008416176, -0.995965, 0.088358, 7200, 255, 1, 26365), -- 邮箱 (Area: -Unknown- - Difficulty: 1)
(@OGUID+32, 271227, 1220, 7543, 8554, 1, '4575', 0, -1499.63, 3413.63, 1.734918, 1.44194, 0.09013176, 0.05822754, 0.6575651, 0.745717, 7200, 255, 1, 26365), -- Hidden Wyrmtongue Cache (Area: -Unknown- - Difficulty: 1)
(@OGUID+33, 244774, 1220, 7543, 8554, 1, '4575', 0, -1799.342, 3300.094, 36.19412, 0, 0, 0, 0, 1, 7200, 255, 1, 26365), -- Aethril (Area: -Unknown- - Difficulty: 1)
(@OGUID+34, 241726, 1220, 7543, 8554, 1, '4575', 0, -1783.448, 3408.325, 56.38451, 0.1537315, 0.1353707, -0.0199976, 0.08014107, 0.9873461, 7200, 255, 1, 26365), -- Leystone Deposit (Area: -Unknown- - Difficulty: 1)
(@OGUID+35, 268526, 1220, 7543, 8554, 1, '4575', 0, -1335.925, 3216.191, -65.4159, 4.450406, 0, 0, -0.7934093, 0.6086884, 7200, 255, 1, 26365), -- 逃生绳 (Area: -Unknown- - Difficulty: 1)
(@OGUID+36, 271721, 1220, 7543, 8554, 1, '4575', 0, -1335.507, 3220.742, -89.51815, 1.415504, 0, 0, 0.6501274, 0.7598252, 7200, 255, 1, 26365); -- 碰撞墙 (Area: -Unknown- - Difficulty: 1)
DELETE FROM `gameobject_addon` WHERE `guid` BETWEEN @OGUID+0 AND @OGUID+36;

DELETE FROM `creature_template_addon` WHERE `entry`=120127;
INSERT INTO `creature_template_addon` (`entry`, `path_id`, `mount`, `bytes1`, `bytes2`, `emote`, `aiAnimKit`, `movementAnimKit`, `meleeAnimKit`, `auras`) VALUES
(120127, 0, 0, 0, 1, 0, 0, 0, 0, '239351'); -- 120127 (Curious Fel Energy) - -Unknown-

UPDATE `creature_template_addon` SET `aiAnimKit`=0 WHERE `entry`=115171; -- 115171 (艾兰娜)
UPDATE `creature_template_addon` SET `auras`='170133' WHERE `entry`=118205; -- 118205 (神鹤派宗师)
UPDATE `creature_template_addon` SET `bytes1`=8, `auras`='170133' WHERE `entry`=118545; -- 118545 (妖术祭司)
UPDATE `creature_template_addon` SET `auras`='215251' WHERE `entry`=117763; -- 117763 (肯瑞托书籍)
UPDATE `creature_template_addon` SET `bytes2`=1 WHERE `entry`=118375; -- 118375 (血骑士)
UPDATE `creature_template_addon` SET `auras`='170133 133464' WHERE `entry`=117765; -- 117765 (肯瑞托召唤师)
UPDATE `creature_template_addon` SET `aiAnimKit`=0 WHERE `entry`=118206; -- 118206 (猛虎派宗师)
UPDATE `creature_template_addon` SET `mount`=65445, `bytes2`=1, `auras`='170133' WHERE `entry`=118306; -- 118306 (伊利达雷执行者)
UPDATE `creature_template_addon` SET `bytes2`=0, `auras`='170133' WHERE `entry`=118054; -- 118054 (大地之环萨满)
UPDATE `creature_template_addon` SET `bytes2`=1 WHERE `entry`=118053; -- 118053 (大地之环萨满)
UPDATE `creature_template_addon` SET `bytes1`=0 WHERE `entry`=115156; -- 115156 (隐秘通途游侠)
UPDATE `creature_template_addon` SET `bytes1`=8 WHERE `entry`=117577; -- 117577 (黑锋骑士)
UPDATE `creature_template_addon` SET `auras`='170133 195898' WHERE `entry`=117628; -- 117628 (黑暗收割助祭)
UPDATE `creature_template_addon` SET `auras`='170133 195898' WHERE `entry`=117627; -- 117627 (黑暗收割助祭)
UPDATE `creature_template_addon` SET `mount`=0, `bytes2`=0, `auras`='170133 18950' WHERE `entry`=118316; -- 118316 (伊利达雷执行者)
UPDATE `creature_template_addon` SET `bytes1`=0 WHERE `entry`=120819; -- 120819 (抗魔联军工人)
UPDATE `creature_template_addon` SET `bytes2`=2 WHERE `entry`=118978; -- 118978 (抗魔联军哨兵)
UPDATE `creature_template_addon` SET `bytes1`=50331648 WHERE `entry`=120226; -- 120226 (死木大鹏)


UPDATE `creature_model_info` SET `CombatReach`=1.5, `VerifiedBuild`=26365 WHERE `DisplayID`=44898;
UPDATE `creature_model_info` SET `BoundingRadius`=1, `CombatReach`=1.5, `VerifiedBuild`=26365 WHERE `DisplayID`=69177;
UPDATE `creature_model_info` SET `BoundingRadius`=1.158164, `CombatReach`=2.025, `VerifiedBuild`=26365 WHERE `DisplayID`=71932;
UPDATE `creature_model_info` SET `BoundingRadius`=0.306, `CombatReach`=1.5, `VerifiedBuild`=26365 WHERE `DisplayID`=65607;
UPDATE `creature_model_info` SET `BoundingRadius`=0.9747, `CombatReach`=4.05, `VerifiedBuild`=26365 WHERE `DisplayID`=65553;
UPDATE `creature_model_info` SET `BoundingRadius`=0.347222, `CombatReach`=1.5, `VerifiedBuild`=26365 WHERE `DisplayID`=65619;


UPDATE `creature_template` SET `gossip_menu_id`=0 WHERE `entry`=115349; -- 阿玛莉亚·琼斯
UPDATE `creature_template` SET `unit_flags`=32768 WHERE `entry`=118205; -- 神鹤派宗师
UPDATE `creature_template` SET `HoverHeight`=3.6 WHERE `entry`=117763; -- 肯瑞托书籍
UPDATE `creature_template` SET `minlevel`=110, `maxlevel`=110, `faction`=35, `npcflag`=16777216, `BaseAttackTime`=2000, `RangeAttackTime`=2000, `unit_flags`=768, `unit_flags2`=67110912 WHERE `entry`=120127; -- Curious Fel Energy
UPDATE `creature_template` SET `gossip_menu_id`=0 WHERE `entry`=120898; -- 战斗法师凯丝琳
-- UPDATE `creature_template` SET `gossip_menu_id`=21005 WHERE `entry`=120183; -- 指挥官钱伯斯
UPDATE `creature_template` SET `unit_flags`=32784 WHERE `entry`=119223; -- 邪翼尖啸者
UPDATE `creature_template` SET `gossip_menu_id`=0 WHERE `entry`=121081; -- 梅里斯·汤森

DELETE FROM `npc_spellclick_spells` WHERE (`npc_entry`=123230 AND `spell_id`=245498) OR (`npc_entry`=91975 AND `spell_id`=182478) OR (`npc_entry`=92072 AND `spell_id`=182653) OR (`npc_entry`=92017 AND `spell_id`=182551) OR (`npc_entry`=91983 AND `spell_id`=182492) OR (`npc_entry`=120127 AND `spell_id`=239346) OR (`npc_entry`=118992 AND `spell_id`=224326);
INSERT INTO `npc_spellclick_spells` (`npc_entry`, `spell_id`, `cast_flags`, `user_type`) VALUES
(123230, 245498, 0, 0),
(91975, 182478, 0, 0),
(92072, 182653, 0, 0),
(92017, 182551, 0, 0),
(91983, 182492, 0, 0),
(120127, 239346, 0, 0),
(118992, 224326, 0, 0);

SET NAMES 'utf8';
UPDATE `creature_template` SET `HealthScalingExpansion`=6, `type`=3, `type_flags`=512, `HealthModifier`=3, `VerifiedBuild`=26365 WHERE `entry`=120707; -- 邪侵地狱火
UPDATE `creature_template` SET `HealthScalingExpansion`=6, `type`=7, `VerifiedBuild`=26365 WHERE `entry`=117951; -- 无名秘术师
UPDATE `creature_template` SET `HealthScalingExpansion`=6, `type`=7, `VerifiedBuild`=26365 WHERE `entry`=119886; -- 挖掘者卡拉
UPDATE `creature_template` SET `HealthScalingExpansion`=6, `type`=7, `VerifiedBuild`=26365 WHERE `entry`=120346; -- 抗魔联军供应商
UPDATE `creature_template` SET `HealthScalingExpansion`=4, `type`=10, `type_flags`=1611661328, `type_flags2`=6, `VerifiedBuild`=26365 WHERE `entry`=118216; -- 梅花桩
UPDATE `creature_template` SET `HealthScalingExpansion`=6, `type`=7, `VerifiedBuild`=26365 WHERE `entry`=118202; -- 神鹤派宗师
UPDATE `creature_template` SET `HealthScalingExpansion`=6, `type`=4, `movementId`=91, `VerifiedBuild`=26365 WHERE `entry`=117762; -- 奥术傀儡
UPDATE `creature_template` SET `HealthScalingExpansion`=6, `type`=7, `HealthModifier`=4, `VerifiedBuild`=26365 WHERE `entry`=120339; -- 吉布森主教
UPDATE `creature_template` SET `HealthScalingExpansion`=6, `type`=1, `VerifiedBuild`=26365 WHERE `entry`=118992; -- 戈雅
UPDATE `creature_template` SET `HealthScalingExpansion`=6, `type`=7, `HealthModifier`=2, `VerifiedBuild`=26365 WHERE `entry`=118544; -- 艾露恩的女祭司
UPDATE `creature_template` SET `HealthScalingExpansion`=6, `type`=7, `type_flags`=134217728, `VerifiedBuild`=26365 WHERE `entry`=115349; -- 阿玛莉亚·琼斯
UPDATE `creature_template` SET `HealthScalingExpansion`=6, `type`=7, `VerifiedBuild`=26365 WHERE `entry`=115368; -- 克里夫
UPDATE `creature_template` SET `HealthScalingExpansion`=6, `type`=7, `type_flags`=4096, `VerifiedBuild`=26365 WHERE `entry`=115171; -- 艾兰娜
UPDATE `creature_template` SET `HealthScalingExpansion`=6, `type`=7, `HealthModifier`=2, `VerifiedBuild`=26365 WHERE `entry`=118543; -- 德莱尼学者
UPDATE `creature_template` SET `HealthScalingExpansion`=6, `type`=7, `HealthModifier`=2, `VerifiedBuild`=26365 WHERE `entry`=118546; -- 太阳祭司
UPDATE `creature_template` SET `HealthScalingExpansion`=6, `type`=7, `type_flags`=134217728, `VerifiedBuild`=26365 WHERE `entry`=115373; -- 安克斯
UPDATE `creature_template` SET `HealthScalingExpansion`=6, `type`=7, `HealthModifier`=5, `VerifiedBuild`=26365 WHERE `entry`=120344; -- 杰斯·贝尔坎普
UPDATE `creature_template` SET `HealthScalingExpansion`=6, `type`=7, `VerifiedBuild`=26365 WHERE `entry`=118205; -- 神鹤派宗师
UPDATE `creature_template` SET `HealthScalingExpansion`=6, `type`=7, `type_flags`=134217728, `VerifiedBuild`=26365 WHERE `entry`=120316; -- 马特·德瓦恩
UPDATE `creature_template` SET `HealthScalingExpansion`=6, `type`=7, `HealthModifier`=2, `VerifiedBuild`=26365 WHERE `entry`=120360; -- 泰勒伦·白晨
UPDATE `creature_template` SET `HealthScalingExpansion`=6, `rank`=1, `type`=7, `HealthModifier`=5, `VerifiedBuild`=26365 WHERE `entry`=120259; -- 受伤的抗魔联军哨兵
UPDATE `creature_template` SET `HealthScalingExpansion`=6, `type`=7, `HealthModifier`=2, `VerifiedBuild`=26365 WHERE `entry`=118550; -- 圣光修士
UPDATE `creature_template` SET `HealthScalingExpansion`=6, `type`=7, `VerifiedBuild`=26365 WHERE `entry`=120448; -- “左撇子”施耐斯凯·天扳
UPDATE `creature_template` SET `HealthScalingExpansion`=6, `type`=7, `HealthModifier`=2, `VerifiedBuild`=26365 WHERE `entry`=118545; -- 妖术祭司
UPDATE `creature_template` SET `HealthScalingExpansion`=6, `type`=10, `type_flags`=1611661328, `type_flags2`=6, `VerifiedBuild`=26365 WHERE `entry`=119238; -- [DNT] Crate stack 01
UPDATE `creature_template` SET `HealthScalingExpansion`=6, `type`=7, `VerifiedBuild`=26365 WHERE `entry`=120378; -- “鳐鱼”塞德里克·菲克曼塔
UPDATE `creature_template` SET `HealthScalingExpansion`=6, `rank`=1, `type`=7, `HealthModifier`=5, `VerifiedBuild`=26365 WHERE `entry`=120258; -- 受伤的抗魔联军哨兵
UPDATE `creature_template` SET `HealthScalingExpansion`=6, `type`=7, `VerifiedBuild`=26365 WHERE `entry`=118257; -- 瓦拉加尔雷铸者
UPDATE `creature_template` SET `HealthScalingExpansion`=6, `type`=7, `VerifiedBuild`=26365 WHERE `entry`=120221; -- 艾里扎尔·锤须
UPDATE `creature_template` SET `HealthScalingExpansion`=6, `rank`=1, `type`=7, `HealthModifier`=5, `VerifiedBuild`=26365 WHERE `entry`=120260; -- 受伤的抗魔联军防御者
UPDATE `creature_template` SET `HealthScalingExpansion`=6, `type`=7, `HealthModifier`=5, `VerifiedBuild`=26365 WHERE `entry`=118383; -- 烈日行者勇士
UPDATE `creature_template` SET `HealthScalingExpansion`=6, `type`=7, `VerifiedBuild`=26365 WHERE `entry`=118203; -- 猛虎派宗师
UPDATE `creature_template` SET `HealthScalingExpansion`=6, `type`=7, `VerifiedBuild`=26365 WHERE `entry`=117765; -- 肯瑞托召唤师
UPDATE `creature_template` SET `type`=7, `VerifiedBuild`=26365 WHERE `entry`=119675; -- 抗魔联军工人
UPDATE `creature_template` SET `HealthScalingExpansion`=6, `type`=7, `VerifiedBuild`=26365 WHERE `entry`=120333; -- 刘大师
UPDATE `creature_template` SET `HealthScalingExpansion`=6, `type`=7, `VerifiedBuild`=26365 WHERE `entry`=118204; -- 玄牛派宗师
UPDATE `creature_template` SET `HealthScalingExpansion`=6, `type`=7, `HealthModifier`=5, `VerifiedBuild`=26365 WHERE `entry`=118375; -- 血骑士
UPDATE `creature_template` SET `HealthScalingExpansion`=6, `type`=7, `HealthModifier`=5, `VerifiedBuild`=26365 WHERE `entry`=120337; -- 瑞杰斯队长
UPDATE `creature_template` SET `HealthScalingExpansion`=6, `type`=7, `VerifiedBuild`=26365 WHERE `entry`=118206; -- 猛虎派宗师
UPDATE `creature_template` SET `HealthScalingExpansion`=6, `type`=1, `VerifiedBuild`=26365 WHERE `entry`=118962; -- 乌鸦
UPDATE `creature_template` SET `HealthScalingExpansion`=6, `type`=7, `HealthModifier`=5, `VerifiedBuild`=26365 WHERE `entry`=118370; -- 阿古斯防御者
UPDATE `creature_template` SET `HealthScalingExpansion`=6, `type`=10, `type_flags`=1611661328, `type_flags2`=6, `VerifiedBuild`=26365 WHERE `entry`=117763; -- 肯瑞托书籍
UPDATE `creature_template` SET `HealthScalingExpansion`=6, `type`=10, `type_flags`=1611661328, `type_flags2`=6, `VerifiedBuild`=26365 WHERE `entry`=119240; -- [DNT] Crate
UPDATE `creature_template` SET `HealthScalingExpansion`=6, `type`=10, `type_flags`=1611661328, `type_flags2`=6, `VerifiedBuild`=26365 WHERE `entry`=119239; -- [DNT] Crate stack 02
UPDATE `creature_template` SET `HealthScalingExpansion`=6, `type`=4, `VerifiedBuild`=26365 WHERE `entry`=118258; -- 雷铸女武神
UPDATE `creature_template` SET `HealthScalingExpansion`=6, `type`=7, `VerifiedBuild`=26365 WHERE `entry`=118123; -- 赞吉吉
UPDATE `creature_template` SET `HealthScalingExpansion`=6, `type`=7, `VerifiedBuild`=26365 WHERE `entry`=120338; -- 弗林特·西奈吉尔
UPDATE `creature_template` SET `HealthScalingExpansion`=6, `type`=7, `type_flags`=1074790416, `HealthModifier`=3, `VerifiedBuild`=26365 WHERE `entry`=117721; -- 达戈
UPDATE `creature_template` SET `HealthScalingExpansion`=6, `type`=10, `type_flags`=1048576, `HealthModifier`=1.8, `VerifiedBuild`=26365 WHERE `entry`=118039; -- FX Stalker [DNT]
UPDATE `creature_template` SET `HealthScalingExpansion`=6, `rank`=6, `type`=10, `type_flags`=1611661328, `type_flags2`=6, `HealthModifier`=0.1, `VerifiedBuild`=26365 WHERE `entry`=122021; -- Portal Bunny
UPDATE `creature_template` SET `HealthScalingExpansion`=6, `type`=10, `type_flags`=1611661328, `type_flags2`=6, `VerifiedBuild`=26365 WHERE `entry`=118931; -- [DNT] Water Lily
UPDATE `creature_template` SET `HealthScalingExpansion`=6, `type`=8, `VerifiedBuild`=26365 WHERE `entry`=118999; -- 远古岩壳龟
UPDATE `creature_template` SET `HealthScalingExpansion`=6, `type`=7, `HealthModifier`=5, `VerifiedBuild`=26365 WHERE `entry`=118306; -- 伊利达雷执行者
UPDATE `creature_template` SET `name`='诡异邪能', `IconName`='questinteract', `HealthScalingExpansion`=6, `type`=10, `type_flags`=1611661328, `type_flags2`=6, `VerifiedBuild`=26365 WHERE `entry`=120127; -- Curious Fel Energy
UPDATE `creature_template` SET `HealthScalingExpansion`=6, `type`=7, `VerifiedBuild`=26365 WHERE `entry`=120347; -- 唤地者维格伦
UPDATE `creature_template` SET `HealthScalingExpansion`=6, `type`=7, `HealthModifier`=5, `VerifiedBuild`=26365 WHERE `entry`=120343; -- 托姆肯·雷拳
UPDATE `creature_template` SET `HealthScalingExpansion`=6, `type`=7, `HealthModifier`=5, `VerifiedBuild`=26365 WHERE `entry`=118054; -- 大地之环萨满
UPDATE `creature_template` SET `name`='图书馆员盖伦', `VerifiedBuild`=26365 WHERE `entry`=25291; -- Librarian Garren
UPDATE `creature_template` SET `HealthScalingExpansion`=6, `type`=7, `HealthModifier`=5, `VerifiedBuild`=26365 WHERE `entry`=118053; -- 大地之环萨满
UPDATE `creature_template` SET `HealthScalingExpansion`=6, `type`=7, `VerifiedBuild`=26365 WHERE `entry`=117893; -- 大地之环地卜师
UPDATE `creature_template` SET `HealthScalingExpansion`=6, `type`=7, `VerifiedBuild`=26365 WHERE `entry`=120326; -- 神射手鲁帕
UPDATE `creature_template` SET `HealthScalingExpansion`=6, `type`=8, `HealthModifier`=0.05, `VerifiedBuild`=26365 WHERE `entry`=117793; -- 幼年魔蝠
UPDATE `creature_template` SET `HealthScalingExpansion`=6, `type`=1, `VerifiedBuild`=26365 WHERE `entry`=115532; -- 圈养的巨熊
UPDATE `creature_template` SET `HealthScalingExpansion`=6, `type`=10, `type_flags`=1611661328, `type_flags2`=6, `VerifiedBuild`=26365 WHERE `entry`=117879; -- [DNT] Archery Target
UPDATE `creature_template` SET `HealthScalingExpansion`=6, `type`=4, `movementId`=91, `VerifiedBuild`=26365 WHERE `entry`=117891; -- 巨型元素
UPDATE `creature_template` SET `HealthScalingExpansion`=6, `type`=7, `VerifiedBuild`=26365 WHERE `entry`=117584; -- 警觉的食尸鬼
UPDATE `creature_template` SET `HealthScalingExpansion`=6, `type`=1, `VerifiedBuild`=26365 WHERE `entry`=117817; -- 圈养的机械兔
UPDATE `creature_template` SET `HealthScalingExpansion`=6, `type`=3, `VerifiedBuild`=26365 WHERE `entry`=119627; -- 邪爪啼鸣者
UPDATE `creature_template` SET `HealthScalingExpansion`=6, `type`=7, `VerifiedBuild`=26365 WHERE `entry`=120466; -- 海法·月溪
UPDATE `creature_template` SET `HealthScalingExpansion`=6, `type`=7, `VerifiedBuild`=26365 WHERE `entry`=120359; -- “双头龙”希斯·雷布鲁
UPDATE `creature_template` SET `HealthScalingExpansion`=6, `rank`=1, `type`=6, `HealthModifier`=5, `VerifiedBuild`=26365 WHERE `entry`=120327; -- 艾德·弗洛伦
UPDATE `creature_template` SET `HealthScalingExpansion`=6, `type`=1, `VerifiedBuild`=26365 WHERE `entry`=117816; -- 圈养的猎豹
UPDATE `creature_template` SET `HealthScalingExpansion`=6, `rank`=1, `type`=10, `HealthModifier`=5, `VerifiedBuild`=26365 WHERE `entry`=117814; -- 巨鹰
UPDATE `creature_template` SET `HealthScalingExpansion`=6, `type`=7, `VerifiedBuild`=26365 WHERE `entry`=117589; -- 黑锋战斗狮鹫
UPDATE `creature_template` SET `HealthScalingExpansion`=6, `type`=7, `VerifiedBuild`=26365 WHERE `entry`=115157; -- 隐秘通途游侠
UPDATE `creature_template` SET `HealthScalingExpansion`=6, `type`=7, `VerifiedBuild`=26365 WHERE `entry`=115156; -- 隐秘通途游侠
UPDATE `creature_template` SET `HealthScalingExpansion`=6, `rank`=1, `type`=6, `HealthModifier`=5, `VerifiedBuild`=26365 WHERE `entry`=117577; -- 黑锋骑士
UPDATE `creature_template` SET `HealthScalingExpansion`=6, `type`=7, `VerifiedBuild`=26365 WHERE `entry`=117588; -- 石像鬼哨兵
UPDATE `creature_template` SET `HealthScalingExpansion`=6, `type`=7, `VerifiedBuild`=26365 WHERE `entry`=117583; -- 警惕的恶鬼
UPDATE `creature_template` SET `modelid4`=73744, `HealthScalingExpansion`=6, `type`=7, `VerifiedBuild`=26365 WHERE `entry`=115445; -- 沉船士兵
UPDATE `creature_template` SET `modelid2`=73742, `HealthScalingExpansion`=6, `type`=7, `VerifiedBuild`=26365 WHERE `entry`=115447; -- 沉船士兵
UPDATE `creature_template` SET `HealthScalingExpansion`=6, `type`=7, `VerifiedBuild`=26365 WHERE `entry`=118120; -- 欢笑的姐妹
UPDATE `creature_template` SET `HealthScalingExpansion`=6, `type`=7, `type_flags2`=16384, `VerifiedBuild`=26365 WHERE `entry`=120898; -- 战斗法师凯丝琳
UPDATE `creature_template` SET `HealthScalingExpansion`=6, `type`=7, `HealthModifier`=5, `VerifiedBuild`=26365 WHERE `entry`=120272; -- 佳莉娅
UPDATE `creature_template` SET `HealthScalingExpansion`=6, `type`=7, `type_flags`=1611661328, `type_flags2`=16390, `HealthModifier`=4, `VerifiedBuild`=26365 WHERE `entry`=119305; -- 抗魔联军建筑桌
UPDATE `creature_template` SET `HealthScalingExpansion`=6, `rank`=1, `type`=7, `type_flags`=262220, `type_flags2`=32768, `HealthModifier`=250, `VerifiedBuild`=26365 WHERE `entry`=120372; -- 先知维伦
UPDATE `creature_template` SET `HealthScalingExpansion`=6, `rank`=1, `type`=7, `type_flags`=4, `type_flags2`=32768, `HealthModifier`=250, `VerifiedBuild`=26365 WHERE `entry`=116576; -- 玛维·影歌
UPDATE `creature_template` SET `HealthScalingExpansion`=6, `rank`=1, `type`=7, `type_flags`=4, `type_flags2`=32768, `HealthModifier`=250, `VerifiedBuild`=26365 WHERE `entry`=117873; -- 伊利丹·怒风
UPDATE `creature_template` SET `HealthScalingExpansion`=6, `rank`=1, `type`=7, `type_flags`=4, `type_flags2`=32768, `HealthModifier`=250, `VerifiedBuild`=26365 WHERE `entry`=116302; -- 大法师卡德加
UPDATE `creature_template` SET `HealthScalingExpansion`=6, `type`=7, `VerifiedBuild`=26365 WHERE `entry`=119091; -- 月之德鲁伊
UPDATE `creature_template` SET `modelid3`=73739, `HealthScalingExpansion`=6, `type`=7, `VerifiedBuild`=26365 WHERE `entry`=115450; -- 沉船步兵
UPDATE `creature_template` SET `HealthScalingExpansion`=6, `type`=7, `VerifiedBuild`=26365 WHERE `entry`=118094; -- 梦境守护者
UPDATE `creature_template` SET `HealthScalingExpansion`=6, `type`=7, `VerifiedBuild`=26365 WHERE `entry`=118105; -- 护林者长角
UPDATE `creature_template` SET `HealthScalingExpansion`=6, `type`=7, `VerifiedBuild`=26365 WHERE `entry`=120402; -- 铁枝德鲁伊
UPDATE `creature_template` SET `HealthScalingExpansion`=6, `type`=7, `VerifiedBuild`=26365 WHERE `entry`=120404; -- 利爪德鲁伊
UPDATE `creature_template` SET `HealthScalingExpansion`=6, `type`=7, `VerifiedBuild`=26365 WHERE `entry`=118128; -- 受伤的利爪德鲁伊
UPDATE `creature_template` SET `HealthScalingExpansion`=6, `type`=10, `VerifiedBuild`=26365 WHERE `entry`=118122; -- 精灵龙
UPDATE `creature_template` SET `HealthScalingExpansion`=6, `type`=7, `type_flags`=1611661328, `type_flags2`=6, `VerifiedBuild`=26365 WHERE `entry`=118124; -- 塞纳里奥旗帜
UPDATE `creature_template` SET `HealthScalingExpansion`=6, `type`=7, `VerifiedBuild`=26365 WHERE `entry`=120403; -- 铁枝德鲁伊
UPDATE `creature_template` SET `HealthScalingExpansion`=6, `rank`=1, `type`=10, `HealthModifier`=10, `VerifiedBuild`=26365 WHERE `entry`=118089; -- 守护古树
UPDATE `creature_template` SET `HealthScalingExpansion`=6, `type`=7, `VerifiedBuild`=26365 WHERE `entry`=120401; -- 铁枝德鲁伊
UPDATE `creature_template` SET `HealthScalingExpansion`=6, `type`=7, `VerifiedBuild`=26365 WHERE `entry`=119142; -- 丛林守护者
UPDATE `creature_template` SET `HealthScalingExpansion`=6, `type`=3, `VerifiedBuild`=26365 WHERE `entry`=119223; -- 邪翼尖啸者
UPDATE `creature_template` SET `HealthScalingExpansion`=6, `type`=1, `VerifiedBuild`=26365 WHERE `entry`=118119; -- 翡翠防御者
UPDATE `creature_template` SET `HealthScalingExpansion`=6, `type`=7, `VerifiedBuild`=26365 WHERE `entry`=121081; -- 梅里斯·汤森
UPDATE `creature_template` SET `type`=7, `type_flags2`=6, `HealthModifier`=1.35, `VerifiedBuild`=26365 WHERE `entry`=122719; -- 侦察地图
UPDATE `creature_template` SET `modelid4`=73740, `HealthScalingExpansion`=6, `type`=7, `VerifiedBuild`=26365 WHERE `entry`=115449; -- 沉船步兵
UPDATE `creature_template` SET `modelid3`=73743, `HealthScalingExpansion`=6, `type`=7, `VerifiedBuild`=26365 WHERE `entry`=115446; -- 沉船士兵
UPDATE `creature_template` SET `HealthScalingExpansion`=6, `type`=7, `VerifiedBuild`=26365 WHERE `entry`=117630; -- 黑暗收割祈祷者
UPDATE `creature_template` SET `HealthScalingExpansion`=6, `type`=7, `VerifiedBuild`=26365 WHERE `entry`=115454; -- 沉船士兵
UPDATE `creature_template` SET `HealthScalingExpansion`=6, `type`=7, `VerifiedBuild`=26365 WHERE `entry`=118343; -- 伊利达雷邪刃豹
UPDATE `creature_template` SET `HealthScalingExpansion`=6, `type`=7, `VerifiedBuild`=26365 WHERE `entry`=117628; -- 黑暗收割助祭
UPDATE `creature_template` SET `HealthScalingExpansion`=6, `type`=7, `VerifiedBuild`=26365 WHERE `entry`=117627; -- 黑暗收割助祭
UPDATE `creature_template` SET `HealthScalingExpansion`=6, `type`=3, `type_flags`=2048, `VerifiedBuild`=26365 WHERE `entry`=120698; -- 邪缚炎法师
UPDATE `creature_template` SET `HealthScalingExpansion`=6, `rank`=1, `type`=3, `type_flags`=2147483720, `HealthModifier`=5, `VerifiedBuild`=26365 WHERE `entry`=115648; -- 拷问者阿兹洛克
UPDATE `creature_template` SET `modelid2`=73738, `HealthScalingExpansion`=6, `type`=7, `VerifiedBuild`=26365 WHERE `entry`=115451; -- 沉船步兵
UPDATE `creature_template` SET `HealthScalingExpansion`=6, `type`=7, `VerifiedBuild`=26365 WHERE `entry`=120358; -- 尼克·佩尼考斯特
UPDATE `creature_template` SET `HealthScalingExpansion`=6, `type`=3, `VerifiedBuild`=26365 WHERE `entry`=118345; -- 被俘的恶魔
UPDATE `creature_template` SET `HealthScalingExpansion`=6, `type`=10, `type_flags`=1611661328, `type_flags2`=6, `VerifiedBuild`=26365 WHERE `entry`=118344; -- 伊利达雷牢笼
UPDATE `creature_template` SET `HealthScalingExpansion`=6, `type`=7, `HealthModifier`=5, `VerifiedBuild`=26365 WHERE `entry`=118316; -- 伊利达雷执行者
UPDATE `creature_template` SET `HealthScalingExpansion`=6, `type`=3, `VerifiedBuild`=26365 WHERE `entry`=115601; -- 地狱恶犬
UPDATE `creature_template` SET `HealthScalingExpansion`=6, `type`=7, `VerifiedBuild`=26365 WHERE `entry`=115453; -- 沉船步兵
UPDATE `creature_template` SET `HealthScalingExpansion`=6, `rank`=1, `type`=7, `HealthModifier`=5, `VerifiedBuild`=26365 WHERE `entry`=118974; -- 抗魔联军医师
UPDATE `creature_template` SET `HealthScalingExpansion`=6, `type`=3, `HealthModifier`=1.7, `VerifiedBuild`=26365 WHERE `entry`=115646; -- 邪火拷问者
UPDATE `creature_template` SET `HealthScalingExpansion`=6, `rank`=6, `type`=3, `HealthModifier`=0.7, `VerifiedBuild`=26365 WHERE `entry`=115620; -- 凶猛小鬼
UPDATE `creature_template` SET `HealthScalingExpansion`=6, `type`=7, `VerifiedBuild`=26365 WHERE `entry`=115455; -- 沉船士兵
UPDATE `creature_template` SET `HealthScalingExpansion`=6, `type`=7, `VerifiedBuild`=26365 WHERE `entry`=115448; -- 沉船士兵
UPDATE `creature_template` SET `HealthScalingExpansion`=6, `type`=7, `VerifiedBuild`=26365 WHERE `entry`=115452; -- 沉船步兵
UPDATE `creature_template` SET `HealthScalingExpansion`=6, `type`=1, `type_flags`=1, `VerifiedBuild`=26365 WHERE `entry`=120386; -- 食腐乌鸦
UPDATE `creature_template` SET `HealthScalingExpansion`=6, `type`=7, `VerifiedBuild`=26365 WHERE `entry`=118096; -- 梦境守护者
UPDATE `creature_template` SET `HealthScalingExpansion`=6, `type`=7, `VerifiedBuild`=26365 WHERE `entry`=119462; -- 抗魔联军工人
UPDATE `creature_template` SET `HealthScalingExpansion`=6, `type`=7, `VerifiedBuild`=26365 WHERE `entry`=120273; -- 林菲·猎鸟
UPDATE `creature_template` SET `HealthScalingExpansion`=6, `rank`=1, `type`=7, `HealthModifier`=5, `VerifiedBuild`=26365 WHERE `entry`=117474; -- 抗魔联军防御者
UPDATE `creature_template` SET `HealthScalingExpansion`=6, `type`=7, `VerifiedBuild`=26365 WHERE `entry`=120819; -- 抗魔联军工人
UPDATE `creature_template` SET `HealthScalingExpansion`=6, `type`=7, `VerifiedBuild`=26365 WHERE `entry`=120818; -- 抗魔联军工人
UPDATE `creature_template` SET `HealthScalingExpansion`=6, `type`=7, `VerifiedBuild`=26365 WHERE `entry`=118093; -- 梦境守护者
UPDATE `creature_template` SET `HealthScalingExpansion`=6, `rank`=1, `type`=7, `HealthModifier`=5, `VerifiedBuild`=26365 WHERE `entry`=117507; -- 抗魔联军医师
UPDATE `creature_template` SET `HealthScalingExpansion`=6, `type`=7, `VerifiedBuild`=26365 WHERE `entry`=118090; -- 利爪德鲁伊
UPDATE `creature_template` SET `HealthScalingExpansion`=6, `rank`=1, `type`=7, `HealthModifier`=5, `VerifiedBuild`=26365 WHERE `entry`=118994; -- 抗魔联军防御者
UPDATE `creature_template` SET `HealthScalingExpansion`=6, `type`=10, `VerifiedBuild`=26365 WHERE `entry`=118121; -- 小精灵
UPDATE `creature_template` SET `HealthScalingExpansion`=6, `type`=7, `VerifiedBuild`=26365 WHERE `entry`=120377; -- 艾瑞亚娜·麦金农
UPDATE `creature_template` SET `HealthScalingExpansion`=6, `type`=10, `type_flags`=4096, `HealthModifier`=2, `VerifiedBuild`=26365 WHERE `entry`=118092; -- 护林者
UPDATE `creature_template` SET `HealthScalingExpansion`=6, `rank`=1, `type`=7, `HealthModifier`=5, `VerifiedBuild`=26365 WHERE `entry`=117506; -- 抗魔联军哨兵
UPDATE `creature_template` SET `HealthScalingExpansion`=6, `rank`=1, `type`=7, `HealthModifier`=5, `VerifiedBuild`=26365 WHERE `entry`=118978; -- 抗魔联军哨兵
UPDATE `creature_template` SET `HealthScalingExpansion`=6, `type`=7, `HealthModifier`=1.75, `VerifiedBuild`=26365 WHERE `entry`=120801; -- 石鳍暴雨使者
UPDATE `creature_template` SET `HealthScalingExpansion`=6, `type`=7, `HealthModifier`=1.75, `VerifiedBuild`=26365 WHERE `entry`=120800; -- 石鳍投泥者

UPDATE `creature_template` SET `InhabitType`=4 WHERE `entry` IN (119627,120698,118119); -- 飞行
-- fix QUEST  Phase On Complete
DELETE FROM `phase_area` WHERE `AreaId`=8554 AND `PhaseId`=4575 ;
INSERT INTO `phase_area` (`AreaId`, `PhaseId`, `Comment`) VALUES 
(8554, 4575, 'Phase 4575 On Broken Isaland');
DELETE FROM `conditions` WHERE `SourceTypeOrReferenceId`=26 AND `ConditionValue1`=7543;
INSERT INTO `conditions` (`SourceTypeOrReferenceId`, `SourceGroup`, `SourceEntry`, `SourceId`, `ElseGroup`, `ConditionTypeOrReference`, `ConditionTarget`, `ConditionValue1`, `ConditionValue2`, `ConditionValue3`, `NegativeCondition`, `ErrorType`, `ErrorTextId`, `ScriptName`, `Comment`) VALUES 
(26, 4575, 8554, 0, 0, 4, 0, 7543, 0, 0, 0, 0, 0, '', 'Phase 4575 On Zone 7543 and Area 8554');

-- Pathing for  Entry:   119142  "TDB FORMAT" 
-- Pathing for  GUID:   0x202FA49880745980000BE8000066EA51  
SET @NPC := @CGUID+401 ;
SET @PATH := @NPC * 10 ;
UPDATE `creature` SET `spawndist`=0,`MovementType`=2,`position_x`='-1607.997',`position_y`='3182.972',`position_z`='129.1414' WHERE `guid`=@NPC;
DELETE FROM `creature_addon` WHERE `guid`=@NPC;
INSERT INTO `creature_addon` (`guid`,`path_id`,`mount`,`bytes1`,`bytes2`,`emote`,`auras`) VALUES (@NPC,@PATH,0,0,1,0, '');
DELETE FROM `waypoint_data` WHERE `id`=@PATH;
INSERT INTO `waypoint_data` (`id`,`point`,`position_x`,`position_y`,`position_z`,`orientation`,`delay`,`move_type`,`action`,`action_chance`) VALUES
 (@PATH,1, -1607.997, 3182.972, 129.1414, 0, 0, 0, 0, 100), 
 (@PATH,2, -1612.773, 3191.533, 129.1414, 0, 0, 0, 0, 100), 
 (@PATH,3, -1613.813, 3199.718, 129.1414, 0, 0, 0, 0, 100), 
 (@PATH,4, -1618.757, 3208.318, 129.0944, 0, 0, 0, 0, 100), 
 (@PATH,5, -1631.457, 3214.203, 129.0944, 0, 0, 0, 0, 100), 
 (@PATH,6, -1618.757, 3208.318, 129.0944, 0, 0, 0, 0, 100), 
 (@PATH,7, -1613.813, 3199.718, 129.1414, 0, 0, 0, 0, 100), 
 (@PATH,8, -1612.773, 3191.533, 129.1414, 0, 0, 0, 0, 100), 
 (@PATH,9, -1607.997, 3182.972, 129.1414, 0, 0, 0, 0, 100); 
--  .go xyz -1607.997 3182.972 129.1414 1220
-- @CGUID+178 @CGUID+401
DELETE FROM  `creature_formations` WHERE `leaderGUID`=@CGUID+401;
-- INSERT INTO `creature_formations` (`leaderGUID`, `memberGUID`, `dist`, `angle`, `groupAI`, `point_1`, `point_2`) VALUES 
-- (@CGUID+401, @CGUID+401, 0, 0, 0, 0, 0),
-- (@CGUID+401, @CGUID+178, 4, 90, 0, 0, 0);
-- Pathing for  Entry:   118120  "TDB FORMAT" 
-- Pathing for  GUID:   0x202FA49880735A00000BE8000066EA51  
SET @NPC := @CGUID+178 ;
SET @PATH := @NPC * 10 ;
UPDATE `creature` SET `spawndist`=0,`MovementType`=2,`position_x`='-1605.377',`position_y`='3184.434',`position_z`='129.1414' WHERE `guid`=@NPC;
DELETE FROM `creature_addon` WHERE `guid`=@NPC;
INSERT INTO `creature_addon` (`guid`,`path_id`,`mount`,`bytes1`,`bytes2`,`emote`,`auras`) VALUES (@NPC,@PATH,0,0,1,0, '');
DELETE FROM `waypoint_data` WHERE `id`=@PATH;
INSERT INTO `waypoint_data` (`id`,`point`,`position_x`,`position_y`,`position_z`,`orientation`,`delay`,`move_type`,`action`,`action_chance`) VALUES
 (@PATH,1, -1605.377, 3184.434, 129.1414, 0, 0, 0, 0, 100), 
 (@PATH,2, -1606.783, 3186.955, 129.1414, 0, 0, 0, 0, 100), 
 (@PATH,3, -1607.824, 3188.821, 129.14, 0, 0, 0, 0, 100), 
 (@PATH,4, -1608.855, 3190.669, 129.1414, 0, 0, 0, 0, 100), 
 (@PATH,5, -1609.882, 3192.51, 129.1414, 0, 0, 0, 0, 100), 
 (@PATH,6, -1609.984, 3193.387, 129.1414, 0, 0, 0, 0, 100), 
 (@PATH,7, -1610.256, 3195.525, 129.1414, 0, 0, 0, 0, 100), 
 (@PATH,8, -1610.524, 3197.64, 129.1414, 0, 0, 0, 0, 100), 
 (@PATH,9, -1610.798, 3199.792, 129.1414, 0, 0, 0, 0, 100), 
 (@PATH,10, -1611.988, 3202.564, 129.0944, 0, 0, 0, 0, 100), 
 (@PATH,11, -1613.082, 3204.465, 129.0944, 0, 0, 0, 0, 100), 
 (@PATH,12, -1614.177, 3206.371, 129.0944, 0, 0, 0, 0, 100), 
 (@PATH,13, -1615.262, 3208.257, 129.0944, 0, 0, 0, 0, 100), 
 (@PATH,14, -1617.514, 3211.048, 129.3186, 0, 0, 0, 0, 100), 
 (@PATH,15, -1619.489, 3211.963, 129.1913, 0, 0, 0, 0, 100), 
 (@PATH,16, -1621.468, 3212.881, 129.0944, 0, 0, 0, 0, 100), 
 (@PATH,17, -1623.439, 3213.794, 129.0944, 0, 0, 0, 0, 100), 
 (@PATH,18, -1625.404, 3214.705, 129.0944, 0, 0, 0, 0, 100), 
 (@PATH,19, -1627.374, 3215.617, 129.0944, 0, 0, 0, 0, 100), 
 (@PATH,20, -1629.33, 3216.524, 129.0944, 0, 0, 0, 0, 100), 
 (@PATH,21, -1630.195, 3216.925, 129.0944, 0, 0, 0, 0, 100), 
 (@PATH,22, -1627.576, 3215.711, 129.0944, 0, 0, 0, 0, 100), 
 (@PATH,23, -1625.653, 3214.82, 129.0944, 0, 0, 0, 0, 100), 
 (@PATH,24, -1623.727, 3213.927, 129.0944, 0, 0, 0, 0, 100), 
 (@PATH,25, -1621.782, 3213.026, 129.0944, 0, 0, 0, 0, 100), 
 (@PATH,26, -1619.853, 3212.132, 129.1679, 0, 0, 0, 0, 100), 
 (@PATH,27, -1617.932, 3211.242, 129.2916, 0, 0, 0, 0, 100), 
 (@PATH,28, -1615.486, 3208.647, 129.0695, 0, 0, 0, 0, 100), 
 (@PATH,29, -1614.386, 3206.734, 129.0944, 0, 0, 0, 0, 100), 
 (@PATH,30, -1613.303, 3204.85, 129.0944, 0, 0, 0, 0, 100), 
 (@PATH,31, -1612.2, 3202.931, 129.0944, 0, 0, 0, 0, 100), 
 (@PATH,32, -1610.829, 3200.034, 129.0944, 0, 0, 0, 0, 100), 
 (@PATH,33, -1610.56, 3197.923, 129.1414, 0, 0, 0, 0, 100), 
 (@PATH,34, -1610.29, 3195.794, 129.1414, 0, 0, 0, 0, 100), 
 (@PATH,35, -1610.012, 3193.604, 129.1414, 0, 0, 0, 0, 100), 
 (@PATH,36, -1609.983, 3192.69, 129.1414, 0, 0, 0, 0, 100), 
 (@PATH,37, -1608.932, 3190.807, 129.1414, 0, 0, 0, 0, 100), 
 (@PATH,38, -1607.883, 3188.927, 129.1329, 0, 0, 0, 0, 100), 
 (@PATH,39, -1606.857, 3187.087, 129.1414, 0, 0, 0, 0, 100), 
 (@PATH,40, -1605.821, 3185.23, 129.1414, 0, 0, 0, 0, 100), 
 (@PATH,41, -1605.377, 3184.434, 129.1414, 0, 0, 0, 0, 100); 
--  .go xyz -1605.377 3184.434 129.1414 1220


DELETE FROM `spell_areatrigger` WHERE (`AreaTriggerId`=12515);
INSERT INTO `spell_areatrigger` (`SpellMiscId`, `AreaTriggerId`, `MoveCurveId`, `ScaleCurveId`, `MorphCurveId`, `FacingCurveId`, `DecalPropertiesId`, `TimeToTarget`, `TimeToTargetScale`, `VerifiedBuild`) VALUES
(7363, 12515, 0, 0, 1908, 0, 43, 0, 600000, 26124); -- SpellId : 215312


SET NAMES 'latin1';
SET NAMES 'utf8';
DELETE FROM `quest_template_locale` WHERE (`ID`=49199 AND `locale`='zhCN') OR (`ID`=43619 AND `locale`='zhCN') OR (`ID`=42028 AND `locale`='zhCN') OR (`ID`=41278 AND `locale`='zhCN') OR (`ID`=41931 AND `locale`='zhCN') OR (`ID`=47552 AND `locale`='zhCN') OR (`ID`=43453 AND `locale`='zhCN') OR (`ID`=44746 AND `locale`='zhCN') OR (`ID`=44193 AND `locale`='zhCN') OR (`ID`=42780 AND `locale`='zhCN') OR (`ID`=43072 AND `locale`='zhCN') OR (`ID`=42620 AND `locale`='zhCN') OR (`ID`=42146 AND `locale`='zhCN') OR (`ID`=41122 AND `locale`='zhCN') OR (`ID`=43079 AND `locale`='zhCN') OR (`ID`=49044 AND `locale`='zhCN') OR (`ID`=43985 AND `locale`='zhCN') OR (`ID`=48685 AND `locale`='zhCN') OR (`ID`=41286 AND `locale`='zhCN') OR (`ID`=40857 AND `locale`='zhCN') OR (`ID`=45985 AND `locale`='zhCN');
INSERT INTO `quest_template_locale` (`ID`, `locale`, `LogTitle`, `LogDescription`, `QuestDescription`, `AreaDescription`, `PortraitGiverText`, `PortraitGiverName`, `PortraitTurnInText`, `PortraitTurnInName`, `QuestCompletionLog`, `VerifiedBuild`) VALUES
(49199, 'zhCN', '大型侵入点：主母芙努娜', '', '', '', '', '', '', '', '', 26124),
(43619, 'zhCN', '通缉：莎拉·魔息', '', '', '', '', '', '', '', '', 26124),
(42028, 'zhCN', '深入梦魇', '', '', '', '', '', '', '', '', 26124),
(41278, 'zhCN', '滑溜溜的风暴鳐鱼', '', '', '', '', '', '', '', '', 26124),
(41931, 'zhCN', '法力分流', '', '', '', '', '', '', '', '', 26124),
(47552, 'zhCN', '妖女伊森黛拉', '', '', '', '', '', '', '', '', 26124),
(43453, 'zhCN', '通缉：屠夫汉瓦尔', '', '', '', '', '', '', '', '', 26124),
(44746, 'zhCN', '海拉加尔登陆战：远石海滩', '', '', '', '', '', '', '', '', 26124),
(44193, 'zhCN', '危险：海底之王泰德罗斯', '', '', '', '', '', '', '', '', 26124),
(42780, 'zhCN', '噬魂之喉：地狱之口', '', '', '', '', '', '', '', '', 26124),
(43072, 'zhCN', '危险：低语者', '', '', '', '', '', '', '', '', 26124),
(42620, 'zhCN', '通缉：阿卡维鲁斯', '', '', '', '', '', '', '', '', 26124),
(42146, 'zhCN', '稀里糊涂小可爱', '', '', '', '', '', '', '', '', 26124),
(41122, 'zhCN', '迷雾覆盖', '', '', '', '', '', '', '', '', 26124),
(43079, 'zhCN', '危险：伊墨利安', '', '', '', '', '', '', '', '', 26124),
(49044, 'zhCN', '小脏', '', '', '', '', '', '', '', '', 26124),
(43985, 'zhCN', '黑暗之潮', '', '', '', '', '', '', '', '', 26124),
(48685, 'zhCN', 'Lockout Tracking - Boss - Fire', '', '', '', '', '', '', '', '', 26124),
(41286, 'zhCN', '安瑟瑞尔花丛', '', '', '', '', '', '', '', '', 26124),
(40857, 'zhCN', '林林总总', '在风暴峡湾与布莱恩·铜须见面。', '有那么多古物需要收录，时间总是不够用。$b$b很高兴见到你，$n。布莱恩·铜须和探险者协会正在风暴峡湾，他们需要你帮忙寻找一件古老的泰坦圣物。$b$b你到达之后，布莱恩会给你说明详细的情况。', '', '', '', '', '', '', 26124),
(45985, 'zhCN', '地狱清道夫', '', '', '', '', '', '', '', '', 26124);

UPDATE `quest_template_locale` SET `QuestDescription`='<这张书页像是从一本书里撕掉的。上面写着：>$b$b”……海之石冢，自古以来的众神钟爱之地。$b$b他把夏斯卡格草作为祭品放在石冢边，口中念道‘‘圣草复始，生生不息’，然后接受他所需的祝福。”$b$b这可能与你带给草药学训练师的那本书有关。', `VerifiedBuild`=26124 WHERE (`ID`=40032 AND `locale`='zhCN');

SET NAMES 'latin1';
SET NAMES 'utf8';
DELETE FROM `quest_objectives_locale` WHERE (`ID`=285556 AND `locale`='zhCN') OR (`ID`=283464 AND `locale`='zhCN') OR (`ID`=283115 AND `locale`='zhCN') OR (`ID`=285285 AND `locale`='zhCN') OR (`ID`=286897 AND `locale`='zhCN') OR (`ID`=284733 AND `locale`='zhCN') OR (`ID`=284732 AND `locale`='zhCN') OR (`ID`=285034 AND `locale`='zhCN') OR (`ID`=284473 AND `locale`='zhCN') OR (`ID`=283763 AND `locale`='zhCN') OR (`ID`=281898 AND `locale`='zhCN') OR (`ID`=285035 AND `locale`='zhCN') OR (`ID`=293573 AND `locale`='zhCN') OR (`ID`=282164 AND `locale`='zhCN');
INSERT INTO `quest_objectives_locale` (`ID`, `locale`, `QuestId`, `StorageIndex`, `Description`, `VerifiedBuild`) VALUES
(285556, 'zhCN', 43619, 0, '消灭莎拉·魔息', 26124),
(283464, 'zhCN', 42028, -1, '净化梦魇', 26124),
(283115, 'zhCN', 41931, 0, '击败嗜魔者', 26124),
(285285, 'zhCN', 43453, 0, '消灭屠夫汉瓦尔', 26124),
(286897, 'zhCN', 44746, 0, '击败海拉加尔祭仪师', 26124),
(284733, 'zhCN', 42780, 1, '击败海拉', 26124),
(284732, 'zhCN', 42780, 0, '消灭疫喉', 26124),
(285034, 'zhCN', 43072, 0, '消灭低语者', 26124),
(284473, 'zhCN', 42620, 0, '消灭阿卡维鲁斯', 26124),
(283763, 'zhCN', 42146, 0, '击败鱼人', 26124),
(281898, 'zhCN', 41122, -1, '净化回音大厅', 26124),
(285035, 'zhCN', 43079, 0, '消灭伊墨利安', 26124),
(293573, 'zhCN', 49044, 0, '击败小脏', 26124),
(282164, 'zhCN', 41286, 0, '采集安瑟瑞尔花丛', 26124);


SET NAMES 'latin1';

UPDATE `quest_poi` SET `AlwaysAllowMergingBlobs`=0, `VerifiedBuild`=26124 WHERE (`QuestID`=42420 AND `BlobIndex`=0 AND `Idx1`=0); -- Court of Farondis
UPDATE `quest_poi` SET `AlwaysAllowMergingBlobs`=0, `VerifiedBuild`=26124 WHERE (`QuestID`=48799 AND `BlobIndex`=2 AND `Idx1`=9); -- Fuel of a Doomed World
UPDATE `quest_poi` SET `AlwaysAllowMergingBlobs`=0, `VerifiedBuild`=26124 WHERE (`QuestID`=48799 AND `BlobIndex`=1 AND `Idx1`=8); -- Fuel of a Doomed World
UPDATE `quest_poi` SET `AlwaysAllowMergingBlobs`=0, `VerifiedBuild`=26124 WHERE (`QuestID`=48799 AND `BlobIndex`=0 AND `Idx1`=7); -- Fuel of a Doomed World
UPDATE `quest_poi` SET `AlwaysAllowMergingBlobs`=0, `VerifiedBuild`=26124 WHERE (`QuestID`=48799 AND `BlobIndex`=2 AND `Idx1`=6); -- Fuel of a Doomed World
UPDATE `quest_poi` SET `AlwaysAllowMergingBlobs`=0, `VerifiedBuild`=26124 WHERE (`QuestID`=48799 AND `BlobIndex`=1 AND `Idx1`=5); -- Fuel of a Doomed World
UPDATE `quest_poi` SET `AlwaysAllowMergingBlobs`=0, `VerifiedBuild`=26124 WHERE (`QuestID`=48799 AND `BlobIndex`=0 AND `Idx1`=4); -- Fuel of a Doomed World
UPDATE `quest_poi` SET `AlwaysAllowMergingBlobs`=0, `VerifiedBuild`=26124 WHERE (`QuestID`=48799 AND `BlobIndex`=0 AND `Idx1`=3); -- Fuel of a Doomed World
UPDATE `quest_poi` SET `AlwaysAllowMergingBlobs`=0, `VerifiedBuild`=26124 WHERE (`QuestID`=48799 AND `BlobIndex`=0 AND `Idx1`=2); -- Fuel of a Doomed World
UPDATE `quest_poi` SET `AlwaysAllowMergingBlobs`=0, `VerifiedBuild`=26124 WHERE (`QuestID`=48799 AND `BlobIndex`=1 AND `Idx1`=1); -- Fuel of a Doomed World
UPDATE `quest_poi` SET `AlwaysAllowMergingBlobs`=0, `VerifiedBuild`=26124 WHERE (`QuestID`=48799 AND `BlobIndex`=0 AND `Idx1`=0); -- Fuel of a Doomed World
UPDATE `quest_poi` SET `AlwaysAllowMergingBlobs`=0, `VerifiedBuild`=26124 WHERE (`QuestID`=48513 AND `BlobIndex`=1 AND `Idx1`=5); -- Invasion Point Offensive
UPDATE `quest_poi` SET `AlwaysAllowMergingBlobs`=0, `VerifiedBuild`=26124 WHERE (`QuestID`=48513 AND `BlobIndex`=0 AND `Idx1`=4); -- Invasion Point Offensive
UPDATE `quest_poi` SET `AlwaysAllowMergingBlobs`=0, `VerifiedBuild`=26124 WHERE (`QuestID`=48513 AND `BlobIndex`=1 AND `Idx1`=3); -- Invasion Point Offensive
UPDATE `quest_poi` SET `AlwaysAllowMergingBlobs`=0, `VerifiedBuild`=26124 WHERE (`QuestID`=48513 AND `BlobIndex`=0 AND `Idx1`=2); -- Invasion Point Offensive
UPDATE `quest_poi` SET `AlwaysAllowMergingBlobs`=0, `VerifiedBuild`=26124 WHERE (`QuestID`=48513 AND `BlobIndex`=0 AND `Idx1`=1); -- Invasion Point Offensive
UPDATE `quest_poi` SET `AlwaysAllowMergingBlobs`=0, `VerifiedBuild`=26124 WHERE (`QuestID`=48513 AND `BlobIndex`=0 AND `Idx1`=0); -- Invasion Point Offensive
UPDATE `quest_poi` SET `AlwaysAllowMergingBlobs`=0, `VerifiedBuild`=26124 WHERE (`QuestID`=48460 AND `BlobIndex`=0 AND `Idx1`=1); -- The Wranglers
UPDATE `quest_poi` SET `AlwaysAllowMergingBlobs`=0, `VerifiedBuild`=26124 WHERE (`QuestID`=48460 AND `BlobIndex`=0 AND `Idx1`=0); -- The Wranglers
UPDATE `quest_poi` SET `AlwaysAllowMergingBlobs`=0, `VerifiedBuild`=26124 WHERE (`QuestID`=48261 AND `BlobIndex`=0 AND `Idx1`=5); -- The Power to Reforge
UPDATE `quest_poi` SET `AlwaysAllowMergingBlobs`=0, `VerifiedBuild`=26124 WHERE (`QuestID`=48261 AND `BlobIndex`=3 AND `Idx1`=4); -- The Power to Reforge
UPDATE `quest_poi` SET `AlwaysAllowMergingBlobs`=0, `VerifiedBuild`=26124 WHERE (`QuestID`=48261 AND `BlobIndex`=2 AND `Idx1`=3); -- The Power to Reforge
UPDATE `quest_poi` SET `AlwaysAllowMergingBlobs`=0, `VerifiedBuild`=26124 WHERE (`QuestID`=48261 AND `BlobIndex`=1 AND `Idx1`=2); -- The Power to Reforge
UPDATE `quest_poi` SET `AlwaysAllowMergingBlobs`=0, `VerifiedBuild`=26124 WHERE (`QuestID`=48261 AND `BlobIndex`=0 AND `Idx1`=1); -- The Power to Reforge
UPDATE `quest_poi` SET `AlwaysAllowMergingBlobs`=0, `VerifiedBuild`=26124 WHERE (`QuestID`=48261 AND `BlobIndex`=0 AND `Idx1`=0); -- The Power to Reforge
UPDATE `quest_poi` SET `AlwaysAllowMergingBlobs`=0, `VerifiedBuild`=26124 WHERE (`QuestID`=48021 AND `BlobIndex`=0 AND `Idx1`=4); -- Chromie
UPDATE `quest_poi` SET `AlwaysAllowMergingBlobs`=0, `VerifiedBuild`=26124 WHERE (`QuestID`=48021 AND `BlobIndex`=2 AND `Idx1`=3); -- Chromie
UPDATE `quest_poi` SET `AlwaysAllowMergingBlobs`=0, `VerifiedBuild`=26124 WHERE (`QuestID`=48021 AND `BlobIndex`=1 AND `Idx1`=2); -- Chromie
UPDATE `quest_poi` SET `AlwaysAllowMergingBlobs`=0, `VerifiedBuild`=26124 WHERE (`QuestID`=48021 AND `BlobIndex`=0 AND `Idx1`=1); -- Chromie
UPDATE `quest_poi` SET `AlwaysAllowMergingBlobs`=0, `VerifiedBuild`=26124 WHERE (`QuestID`=48021 AND `BlobIndex`=0 AND `Idx1`=0); -- Chromie
UPDATE `quest_poi` SET `AlwaysAllowMergingBlobs`=0, `VerifiedBuild`=26124 WHERE (`QuestID`=48002 AND `BlobIndex`=0 AND `Idx1`=2); -- Limited Supplies
UPDATE `quest_poi` SET `AlwaysAllowMergingBlobs`=0, `VerifiedBuild`=26124 WHERE (`QuestID`=48002 AND `BlobIndex`=0 AND `Idx1`=1); -- Limited Supplies
UPDATE `quest_poi` SET `AlwaysAllowMergingBlobs`=0, `VerifiedBuild`=26124 WHERE (`QuestID`=48002 AND `BlobIndex`=0 AND `Idx1`=0); -- Limited Supplies
UPDATE `quest_poi` SET `AlwaysAllowMergingBlobs`=0, `VerifiedBuild`=26124 WHERE (`QuestID`=47904 AND `BlobIndex`=0 AND `Idx1`=2); -- Preserve the True Future
UPDATE `quest_poi` SET `AlwaysAllowMergingBlobs`=0, `VerifiedBuild`=26124 WHERE (`QuestID`=47904 AND `BlobIndex`=0 AND `Idx1`=1); -- Preserve the True Future
UPDATE `quest_poi` SET `AlwaysAllowMergingBlobs`=0, `VerifiedBuild`=26124 WHERE (`QuestID`=47904 AND `BlobIndex`=0 AND `Idx1`=0); -- Preserve the True Future
UPDATE `quest_poi` SET `AlwaysAllowMergingBlobs`=0, `VerifiedBuild`=26124 WHERE (`QuestID`=47182 AND `BlobIndex`=2 AND `Idx1`=8); -- Long Overdue
UPDATE `quest_poi` SET `AlwaysAllowMergingBlobs`=0, `VerifiedBuild`=26124 WHERE (`QuestID`=47182 AND `BlobIndex`=1 AND `Idx1`=7); -- Long Overdue
UPDATE `quest_poi` SET `AlwaysAllowMergingBlobs`=0, `VerifiedBuild`=26124 WHERE (`QuestID`=47182 AND `BlobIndex`=0 AND `Idx1`=6); -- Long Overdue
UPDATE `quest_poi` SET `AlwaysAllowMergingBlobs`=0, `VerifiedBuild`=26124 WHERE (`QuestID`=47182 AND `BlobIndex`=0 AND `Idx1`=5); -- Long Overdue
UPDATE `quest_poi` SET `AlwaysAllowMergingBlobs`=0, `VerifiedBuild`=26124 WHERE (`QuestID`=47182 AND `BlobIndex`=0 AND `Idx1`=4); -- Long Overdue
UPDATE `quest_poi` SET `AlwaysAllowMergingBlobs`=0, `VerifiedBuild`=26124 WHERE (`QuestID`=47182 AND `BlobIndex`=0 AND `Idx1`=3); -- Long Overdue
UPDATE `quest_poi` SET `AlwaysAllowMergingBlobs`=0, `VerifiedBuild`=26124 WHERE (`QuestID`=47182 AND `BlobIndex`=2 AND `Idx1`=2); -- Long Overdue
UPDATE `quest_poi` SET `AlwaysAllowMergingBlobs`=0, `VerifiedBuild`=26124 WHERE (`QuestID`=47182 AND `BlobIndex`=1 AND `Idx1`=1); -- Long Overdue
UPDATE `quest_poi` SET `AlwaysAllowMergingBlobs`=0, `VerifiedBuild`=26124 WHERE (`QuestID`=47182 AND `BlobIndex`=0 AND `Idx1`=0); -- Long Overdue
UPDATE `quest_poi` SET `AlwaysAllowMergingBlobs`=0, `VerifiedBuild`=26124 WHERE (`QuestID`=46035 AND `BlobIndex`=0 AND `Idx1`=2); -- End of the Risen Threat
UPDATE `quest_poi` SET `AlwaysAllowMergingBlobs`=0, `VerifiedBuild`=26124 WHERE (`QuestID`=46035 AND `BlobIndex`=0 AND `Idx1`=1); -- End of the Risen Threat
UPDATE `quest_poi` SET `AlwaysAllowMergingBlobs`=0, `VerifiedBuild`=26124 WHERE (`QuestID`=46035 AND `BlobIndex`=0 AND `Idx1`=0); -- End of the Risen Threat
UPDATE `quest_poi` SET `AlwaysAllowMergingBlobs`=0, `VerifiedBuild`=26124 WHERE (`QuestID`=40613 AND `BlobIndex`=0 AND `Idx1`=5); -- Maw of Souls: Retrieving the Svalnguard
UPDATE `quest_poi` SET `AlwaysAllowMergingBlobs`=0, `VerifiedBuild`=26124 WHERE (`QuestID`=40613 AND `BlobIndex`=1 AND `Idx1`=4); -- Maw of Souls: Retrieving the Svalnguard
UPDATE `quest_poi` SET `AlwaysAllowMergingBlobs`=0, `VerifiedBuild`=26124 WHERE (`QuestID`=40613 AND `BlobIndex`=0 AND `Idx1`=3); -- Maw of Souls: Retrieving the Svalnguard
UPDATE `quest_poi` SET `AlwaysAllowMergingBlobs`=0, `VerifiedBuild`=26124 WHERE (`QuestID`=40613 AND `BlobIndex`=1 AND `Idx1`=2); -- Maw of Souls: Retrieving the Svalnguard
UPDATE `quest_poi` SET `AlwaysAllowMergingBlobs`=0, `VerifiedBuild`=26124 WHERE (`QuestID`=40613 AND `BlobIndex`=0 AND `Idx1`=1); -- Maw of Souls: Retrieving the Svalnguard
UPDATE `quest_poi` SET `AlwaysAllowMergingBlobs`=0, `VerifiedBuild`=26124 WHERE (`QuestID`=40613 AND `BlobIndex`=0 AND `Idx1`=0); -- Maw of Souls: Retrieving the Svalnguard

SET @OGUID=100673;
DELETE FROM `gameobject` WHERE `guid` BETWEEN @OGUID+0 AND @OGUID+2;
INSERT INTO `gameobject` (`guid`, `id`, `map`, `zoneId`, `areaId`, `spawnMask`, `PhaseId`, `PhaseGroup`, `position_x`, `position_y`, `position_z`, `orientation`, `rotation0`, `rotation1`, `rotation2`, `rotation3`, `spawntimesecs`, `animprogress`, `state`, `VerifiedBuild`) VALUES
(@OGUID+0, 269803, 1220, 7543, 8554, 1, '4575', 0, -1651.149, 3231.4, 130.388, 2.434735, 0, 0, 0.9381914, 0.3461168, 7200, 255, 1, 26124), -- 指挥中心 (Area: -Unknown- - Difficulty: 0)
(@OGUID+1, 268700, 1220, 7543, 8554, 1, '4575', 0, -1593.557, 3133.175, 130.332, 4.991641, 0, 0, -0.6018152, 0.7986354, 7200, 255, 1, 26124), -- 法师塔 (Area: -Unknown- - Difficulty: 0)
(@OGUID+2, 268702, 1220, 7543, 8554, 1, '4575', 0, -1636.01, 3319.064, 80.51681, 3.132858, 0, 0, 0.9999905, 0.00436732, 7200, 255, 1, 26124); -- 虚空干扰器 (Area: -Unknown- - Difficulty: 0)
DELETE FROM `gameobject_addon` WHERE `guid` BETWEEN @OGUID+0 AND @OGUID+2;
INSERT INTO `gameobject_addon` (`guid`, `parent_rotation0`, `parent_rotation1`, `parent_rotation2`, `parent_rotation3`) VALUES
(@OGUID+0, 0, 0, 0, 1), -- 指挥中心
(@OGUID+1, 0, 0, 0, 1), -- 法师塔
(@OGUID+2, 0, 0, 0, 1); -- 虚空干扰器


UPDATE `creature_template_addon` SET `auras`='170133' WHERE `entry`=118316; -- 118316 (伊利达雷执行者)
UPDATE `creature_template_addon` SET `bytes1`=0 WHERE `entry`=117577; -- 117577 (黑锋骑士)
UPDATE `creature_template_addon` SET `bytes1`=1 WHERE `entry`=115157; -- 115157 (隐秘通途游侠)
UPDATE `creature_template_addon` SET `bytes2`=2 WHERE `entry`=117506; -- 117506 (抗魔联军哨兵)
UPDATE `creature_template_addon` SET `bytes1`=50331648 WHERE `entry`=118119; -- 118119 (翡翠防御者)

DELETE FROM `gossip_menu` WHERE (`MenuId`=21062 AND `TextId`=32378);
INSERT INTO `gossip_menu` (`MenuId`, `TextId`) VALUES
(21062, 32378); -- 116576 (玛维·影歌)


DELETE FROM `npc_spellclick_spells` WHERE (`npc_entry`=92072 AND `spell_id`=182653) OR (`npc_entry`=92017 AND `spell_id`=182551);
INSERT INTO `npc_spellclick_spells` (`npc_entry`, `spell_id`, `cast_flags`, `user_type`) VALUES
(92072, 182653, 0, 0),
(92017, 182551, 0, 0);


UPDATE `quest_template` SET `QuestSortID`=7334, `RewardXPDifficulty`=0, `RewardFactionValue1`=5, `RewardFactionValue2`=5, `RewardFactionOverride1`=0, `RewardFactionOverride2`=0, `Expansion`=6, `VerifiedBuild`=26124 WHERE `ID`=44193; -- DANGER: Sea King Tidross

DELETE FROM `quest_objectives` WHERE `ID` IN (288972 /*288972*/, 293573 /*293573*/, 296700 /*296700*/);
INSERT INTO `quest_objectives` (`ID`, `QuestID`, `Type`, `Order`, `StorageIndex`, `ObjectID`, `Amount`, `Flags`, `Flags2`, `ProgressBarWeight`, `VerifiedBuild`) VALUES
(288972, 45049, 3, 0, 1, 115906, 1, 4, 0, 0, 26124), -- 288972
(293573, 49044, 12, 0, 0, 2098, 1, 0, 0, 0, 26124), -- 293573
(296700, 50048, 14, 0, 0, 64878, 1, 0, 0, 0, 26124); -- 296700

UPDATE `quest_objectives` SET `Order`=1, `VerifiedBuild`=26124 WHERE `ID`=287411; -- 287411
UPDATE `quest_objectives` SET `Order`=3, `VerifiedBuild`=26124 WHERE `ID`=281901; -- 281901
UPDATE `quest_objectives` SET `Order`=2, `VerifiedBuild`=26124 WHERE `ID`=281900; -- 281900
UPDATE `quest_objectives` SET `Order`=1, `VerifiedBuild`=26124 WHERE `ID`=281899; -- 281899
UPDATE `quest_objectives` SET `ObjectID`=23602, `Amount`=5, `VerifiedBuild`=26124 WHERE `ID`=265836; -- 265836

DELETE FROM `quest_visual_effect` WHERE (`ID`=288972 AND `Index`=0);
INSERT INTO `quest_visual_effect` (`ID`, `Index`, `VisualEffect`, `VerifiedBuild`) VALUES
(288972, 0, 6900, 26124);

SET NAMES 'latin1';
SET NAMES 'utf8';
UPDATE `creature_template` SET `modelid1`=0, `modelid2`=11686, `name`='拉基什恶魔', `HealthScalingExpansion`=6, `type`=10, `type_flags`=1049600, `VerifiedBuild`=26124 WHERE `entry`=118142; -- Rakeeshi Demon
UPDATE `creature_template` SET `HealthScalingExpansion`=6, `type`=10, `type_flags`=1048576 WHERE `entry`=121083; -- 森提纳克斯激光
UPDATE `creature_template` SET `HealthScalingExpansion`=6, `type`=8 WHERE `entry`=120311; -- 剧毒飞蛾
UPDATE `creature_template` SET `name`='守望者猫头鹰雏鸟', `VerifiedBuild`=26124 WHERE `entry`=97128; -- Fledgling Warden Owl

DELETE FROM `npc_text` WHERE `ID`=32378;
INSERT INTO `npc_text` (`ID`, `Probability0`, `Probability1`, `Probability2`, `Probability3`, `Probability4`, `Probability5`, `Probability6`, `Probability7`, `BroadcastTextId0`, `BroadcastTextId1`, `BroadcastTextId2`, `BroadcastTextId3`, `BroadcastTextId4`, `BroadcastTextId5`, `BroadcastTextId6`, `BroadcastTextId7`, `VerifiedBuild`) VALUES
(32378, 1, 0, 0, 0, 0, 0, 0, 0, 133767, 0, 0, 0, 0, 0, 0, 0, 26124); -- 32378

UPDATE `gameobject_template_addon` SET `flags`=48 WHERE `entry`=250278; -- Door B
UPDATE `gameobject_template_addon` SET `flags`=48 WHERE `entry`=250434; -- Door C


UPDATE `gameobject_template_addon` SET `flags`=4 WHERE `entry`=265551; -- Shipwrecked Supplies
UPDATE `gameobject_template_addon` SET `flags`=4 WHERE `entry`=265552; -- Shipwrecked Supplies
UPDATE `gameobject_template_addon` SET `flags`=4 WHERE `entry`=250576; -- Powerful Mana Gem
UPDATE `gameobject_template_addon` SET `flags`=4 WHERE `entry`=250417; -- Archmage Vargoth's Journal
UPDATE `gameobject_template_addon` SET `flags`=2113540 WHERE `entry`=249729; -- The Masterful Miller's Manual
UPDATE `gameobject_template_addon` SET `flags`=4 WHERE `entry`=266619; -- A Mysterious Note
UPDATE `gameobject_template_addon` SET `faction`=190 WHERE `entry`=259114; -- [DNT] Command Table Collision Cylinder



SET NAMES 'latin1';
SET NAMES 'utf8';
DELETE FROM `quest_template_locale` WHERE (`ID`=47135 AND `locale`='zhCN') OR (`ID`=48722 AND `locale`='zhCN') OR (`ID`=46822 AND `locale`='zhCN') OR (`ID`=1519 AND `locale`='zhCN') OR (`ID`=41534 AND `locale`='zhCN') OR (`ID`=40966 AND `locale`='zhCN') OR (`ID`=44301 AND `locale`='zhCN') OR (`ID`=41530 AND `locale`='zhCN') OR (`ID`=48837 AND `locale`='zhCN') OR (`ID`=43631 AND `locale`='zhCN');
INSERT INTO `quest_template_locale` (`ID`, `locale`, `LogTitle`, `LogDescription`, `QuestDescription`, `AreaDescription`, `PortraitGiverText`, `PortraitGiverName`, `PortraitTurnInText`, `PortraitTurnInName`, `QuestCompletionLog`, `VerifiedBuild`) VALUES
(47135, 'zhCN', '为他们着想', '', '', '', '', '', '', '', '', 25996),
(48722, 'zhCN', '松饼大盗费舍尔', '', '', '', '', '', '', '', '', 25996),
(46822, 'zhCN', '自然选择', '', '', '', '', '', '', '', '', 25996),
(1519, 'zhCN', '大地的召唤', '给纳拉其营地的鸦羽先知带回2份仪式药膏。', '是时候了，年轻的$c。你的身体已经够强壮，你的精神如大地一般坚韧，这正是你已经成熟的标志。$B$B大地引领并教导着我们的族人，以后你也将得到它的指引。但在那之前，你必须先通过试炼。在你完成了试炼之后，就会看到那些只有我们才能看到的东西。$B$B往东边去，找到刺背野猪人的萨满祭司，把他们在仪式中使用的药膏拿回来一些。在你得到了足够的药膏之后再回来向我复命。', '', '', '', '', '', '', 25996),
(41534, 'zhCN', '扎手的夏斯卡格草', '', '', '', '', '', '', '', '', 25996),
(40966, 'zhCN', '身边的祭师', '', '', '', '', '', '', '', '', 25996),
(44301, 'zhCN', '通缉：巴哈加', '', '', '', '', '', '', '', '', 25996),
(41530, 'zhCN', '生机勃勃的入梦叶', '', '', '', '', '', '', '', '', 25996),
(48837, 'zhCN', '全知者萨纳里安', '', '', '', '', '', '', '', '', 25996),
(43631, 'zhCN', '通缉：斯库瓦克斯', '', '', '', '', '', '', '', '', 25996);


SET NAMES 'latin1';
SET NAMES 'utf8';
DELETE FROM `quest_objectives_locale` WHERE (`ID`=290863 AND `locale`='zhCN') OR (`ID`=289716 AND `locale`='zhCN') OR (`ID`=281690 AND `locale`='zhCN') OR (`ID`=285568 AND `locale`='zhCN');
INSERT INTO `quest_objectives_locale` (`ID`, `locale`, `QuestId`, `StorageIndex`, `Description`, `VerifiedBuild`) VALUES
(290863, 'zhCN', 47135, 1, '安抚疯狂的魔鼠幼崽', 25996),
(289716, 'zhCN', 46822, 0, '摧毁军团传送门', 25996),
(281690, 'zhCN', 40966, 1, '砸碎传导水晶', 25996),
(285568, 'zhCN', 43631, 0, '消灭斯库瓦克斯', 25996);

UPDATE `quest_objectives_locale` SET `Description`='与酿酒师伊苏克斯交谈', `VerifiedBuild`=25996 WHERE (`ID`=284856 AND `locale`='zhCN');

SET NAMES 'latin1';
DELETE FROM `quest_poi` WHERE (`QuestID`=45035 AND `BlobIndex`=0 AND `Idx1`=3) OR (`QuestID`=45035 AND `BlobIndex`=0 AND `Idx1`=2) OR (`QuestID`=45035 AND `BlobIndex`=0 AND `Idx1`=1) OR (`QuestID`=45035 AND `BlobIndex`=0 AND `Idx1`=0) OR (`QuestID`=45985 AND `BlobIndex`=0 AND `Idx1`=2) OR (`QuestID`=45985 AND `BlobIndex`=0 AND `Idx1`=1) OR (`QuestID`=45985 AND `BlobIndex`=0 AND `Idx1`=0) OR (`QuestID`=46180 AND `BlobIndex`=0 AND `Idx1`=3) OR (`QuestID`=46180 AND `BlobIndex`=0 AND `Idx1`=2) OR (`QuestID`=46180 AND `BlobIndex`=0 AND `Idx1`=1) OR (`QuestID`=46180 AND `BlobIndex`=0 AND `Idx1`=0) OR (`QuestID`=46822 AND `BlobIndex`=0 AND `Idx1`=1) OR (`QuestID`=46822 AND `BlobIndex`=0 AND `Idx1`=0) OR (`QuestID`=46501 AND `BlobIndex`=0 AND `Idx1`=2) OR (`QuestID`=46501 AND `BlobIndex`=0 AND `Idx1`=1) OR (`QuestID`=46501 AND `BlobIndex`=0 AND `Idx1`=0) OR (`QuestID`=46773 AND `BlobIndex`=0 AND `Idx1`=2) OR (`QuestID`=46773 AND `BlobIndex`=0 AND `Idx1`=1) OR (`QuestID`=46773 AND `BlobIndex`=0 AND `Idx1`=0) OR (`QuestID`=50374 AND `BlobIndex`=0 AND `Idx1`=1) OR (`QuestID`=50374 AND `BlobIndex`=0 AND `Idx1`=0) OR (`QuestID`=50049 AND `BlobIndex`=0 AND `Idx1`=2) OR (`QuestID`=50049 AND `BlobIndex`=0 AND `Idx1`=1) OR (`QuestID`=50049 AND `BlobIndex`=0 AND `Idx1`=0) OR (`QuestID`=50373 AND `BlobIndex`=0 AND `Idx1`=1) OR (`QuestID`=50373 AND `BlobIndex`=0 AND `Idx1`=0) OR (`QuestID`=50229 AND `BlobIndex`=0 AND `Idx1`=2) OR (`QuestID`=50229 AND `BlobIndex`=0 AND `Idx1`=1) OR (`QuestID`=50229 AND `BlobIndex`=0 AND `Idx1`=0) OR (`QuestID`=50227 AND `BlobIndex`=0 AND `Idx1`=4) OR (`QuestID`=50227 AND `BlobIndex`=2 AND `Idx1`=3) OR (`QuestID`=50227 AND `BlobIndex`=1 AND `Idx1`=2) OR (`QuestID`=50227 AND `BlobIndex`=0 AND `Idx1`=1) OR (`QuestID`=50227 AND `BlobIndex`=0 AND `Idx1`=0) OR (`QuestID`=50226 AND `BlobIndex`=0 AND `Idx1`=4) OR (`QuestID`=50226 AND `BlobIndex`=2 AND `Idx1`=3) OR (`QuestID`=50226 AND `BlobIndex`=1 AND `Idx1`=2) OR (`QuestID`=50226 AND `BlobIndex`=0 AND `Idx1`=1) OR (`QuestID`=50226 AND `BlobIndex`=0 AND `Idx1`=0) OR (`QuestID`=50228 AND `BlobIndex`=0 AND `Idx1`=2) OR (`QuestID`=50228 AND `BlobIndex`=0 AND `Idx1`=1) OR (`QuestID`=50228 AND `BlobIndex`=0 AND `Idx1`=0) OR (`QuestID`=50372 AND `BlobIndex`=0 AND `Idx1`=1) OR (`QuestID`=50372 AND `BlobIndex`=0 AND `Idx1`=0) OR (`QuestID`=50046 AND `BlobIndex`=0 AND `Idx1`=2) OR (`QuestID`=50046 AND `BlobIndex`=0 AND `Idx1`=1) OR (`QuestID`=50046 AND `BlobIndex`=0 AND `Idx1`=0) OR (`QuestID`=50047 AND `BlobIndex`=0 AND `Idx1`=2) OR (`QuestID`=50047 AND `BlobIndex`=0 AND `Idx1`=1) OR (`QuestID`=50047 AND `BlobIndex`=0 AND `Idx1`=0) OR (`QuestID`=49981 AND `BlobIndex`=0 AND `Idx1`=1) OR (`QuestID`=49981 AND `BlobIndex`=0 AND `Idx1`=0) OR (`QuestID`=49976 AND `BlobIndex`=0 AND `Idx1`=2) OR (`QuestID`=49976 AND `BlobIndex`=0 AND `Idx1`=1) OR (`QuestID`=49976 AND `BlobIndex`=0 AND `Idx1`=0) OR (`QuestID`=50371 AND `BlobIndex`=0 AND `Idx1`=0);
INSERT INTO `quest_poi` (`QuestID`, `BlobIndex`, `Idx1`, `ObjectiveIndex`, `QuestObjectiveID`, `QuestObjectID`, `MapID`, `WorldMapAreaId`, `Floor`, `Priority`, `Flags`, `WorldEffectID`, `PlayerConditionID`, `WoDUnk1`, `AlwaysAllowMergingBlobs`, `VerifiedBuild`) VALUES
(45035, 0, 3, 32, 0, 0, 1220, 1021, 0, 0, 2, 0, 0, 0, 0, 25996), -- The Call of Battle
(45035, 0, 2, 2, 289882, 116721, 1220, 1021, 0, 0, 0, 0, 0, 1276654, 0, 25996), -- The Call of Battle
(45035, 0, 1, 1, 289881, 121013, 1220, 1021, 0, 0, 2, 0, 0, 0, 0, 25996), -- The Call of Battle
(45035, 0, 0, 0, 289880, 121032, 1220, 1021, 0, 0, 0, 0, 0, 0, 0, 25996), -- The Call of Battle
(45985, 0, 2, 32, 0, 0, 1220, 1021, 0, 0, 2, 0, 0, 0, 0, 25996), -- Hellish Scavengers
(45985, 0, 1, 1, 289525, 120208, 1220, 1021, 0, 0, 0, 0, 0, 1297403, 0, 25996), -- Hellish Scavengers
(45985, 0, 0, 0, 288783, 144240, 1220, 1021, 0, 0, 0, 0, 0, 0, 0, 25996), -- Hellish Scavengers
(46180, 0, 3, 32, 0, 0, 1220, 1021, 0, 0, 2, 0, 0, 0, 0, 25996), -- Power of Our Enemy
(46180, 0, 2, 2, 289899, 269136, 1220, 1021, 0, 0, 0, 0, 0, 1285149, 0, 25996), -- Power of Our Enemy
(46180, 0, 1, 1, 289898, 269131, 1220, 1021, 0, 0, 0, 0, 0, 1285148, 0, 25996), -- Power of Our Enemy
(46180, 0, 0, 0, 289053, 267846, 1220, 1021, 0, 0, 0, 0, 0, 1285147, 0, 25996), -- Power of Our Enemy
(46822, 0, 1, 32, 0, 0, 1220, 1021, 0, 0, 2, 0, 0, 0, 0, 25996), -- Natural Selection
(46822, 0, 0, 0, 289716, 120546, 1220, 1021, 0, 0, 2, 0, 0, 0, 0, 25996), -- Natural Selection
(46501, 0, 2, 32, 0, 0, 1220, 1021, 0, 0, 0, 0, 0, 1294513, 0, 25996), -- Grave Robbin'
(46501, 0, 1, 0, 289559, 146956, 1220, 1021, 0, 0, 2, 0, 0, 0, 0, 25996), -- Grave Robbin'
(46501, 0, 0, -1, 0, 0, 1220, 1021, 0, 0, 2, 0, 0, 0, 0, 25996), -- Grave Robbin'
(46773, 0, 2, 32, 0, 0, 1220, 1021, 0, 0, 0, 0, 0, 1289000, 0, 25996), -- The Command Center
(46773, 0, 1, 0, 289596, 120350, 1220, 1021, 0, 0, 2, 0, 0, 0, 0, 25996), -- The Command Center
(46773, 0, 0, -1, 0, 0, 1220, 1021, 0, 0, 0, 0, 0, 1289000, 0, 25996), -- The Command Center
(50374, 0, 1, 32, 0, 0, 1, 1206, 0, 0, 0, 0, 0, 1448534, 0, 25996), -- 50374
(50374, 0, 0, -1, 0, 0, 1, 1206, 0, 0, 0, 0, 0, 1438608, 0, 25996), -- 50374
(50049, 0, 2, 32, 0, 0, 1, 1206, 0, 0, 0, 0, 0, 1438603, 0, 25996), -- 50049
(50049, 0, 1, 0, 312296, 130216, 1, 1206, 0, 0, 0, 0, 0, 1448534, 0, 25996), -- 50049
(50049, 0, 0, -1, 0, 0, 1, 1206, 0, 0, 0, 0, 0, 1448534, 0, 25996), -- 50049
(50373, 0, 1, 32, 0, 0, 1, 1206, 0, 0, 0, 0, 0, 1438608, 0, 25996), -- 50373
(50373, 0, 0, -1, 0, 0, 1, 1206, 0, 0, 0, 0, 0, 1438603, 0, 25996), -- 50373
(50229, 0, 2, 32, 0, 0, 1, 1206, 0, 0, 0, 0, 0, 1450477, 0, 25996), -- 50229
(50229, 0, 1, 0, 296698, 156797, 1, 1206, 0, 0, 0, 0, 0, 0, 0, 25996), -- 50229
(50229, 0, 0, -1, 0, 0, 1, 1206, 0, 0, 0, 0, 0, 1450477, 0, 25996), -- 50229
(50227, 0, 4, 32, 0, 0, 1, 1206, 0, 0, 0, 0, 0, 1449845, 0, 25996), -- 50227
(50227, 2, 3, 0, 296646, 156795, 1, 1206, 0, 0, 0, 0, 0, 0, 0, 25996), -- 50227
(50227, 1, 2, 0, 296646, 156795, 1, 1206, 0, 0, 0, 0, 0, 0, 0, 25996), -- 50227
(50227, 0, 1, 0, 296646, 156795, 1, 1206, 0, 0, 0, 0, 0, 0, 0, 25996), -- 50227
(50227, 0, 0, -1, 0, 0, 1, 1206, 0, 0, 0, 0, 0, 1449845, 0, 25996), -- 50227
(50226, 0, 4, 32, 0, 0, 1, 1206, 0, 0, 0, 0, 0, 1449845, 0, 25996), -- 50226
(50226, 2, 3, 0, 296636, 156794, 1, 1206, 0, 0, 0, 0, 0, 0, 0, 25996), -- 50226
(50226, 1, 2, 0, 296636, 156794, 1, 1206, 0, 0, 0, 0, 0, 0, 0, 25996), -- 50226
(50226, 0, 1, 0, 296636, 156794, 1, 1206, 0, 0, 0, 0, 0, 0, 0, 25996), -- 50226
(50226, 0, 0, -1, 0, 0, 1, 1206, 0, 0, 0, 0, 0, 1449845, 0, 25996), -- 50226
(50228, 0, 2, 32, 0, 0, 1, 1206, 0, 0, 0, 0, 0, 1438608, 0, 25996), -- 50228
(50228, 0, 1, 0, 296648, 156796, 1, 1206, 0, 0, 0, 0, 0, 1446023, 0, 25996), -- 50228
(50228, 0, 0, -1, 0, 0, 1, 1206, 0, 0, 0, 0, 0, 1438608, 0, 25996), -- 50228
(50372, 0, 1, 32, 0, 0, 1, 1206, 0, 0, 0, 0, 0, 1438608, 0, 25996), -- 50372
(50372, 0, 0, -1, 0, 0, 1, 1206, 0, 0, 0, 0, 0, 1449845, 0, 25996), -- 50372
(50046, 0, 2, 32, 0, 0, 1, 1206, 0, 0, 0, 0, 0, 1438607, 0, 25996), -- 50046
(50046, 0, 1, 0, 296295, 133066, 1, 1206, 0, 0, 2, 0, 0, 0, 0, 25996), -- 50046
(50046, 0, 0, -1, 0, 0, 1, 1206, 0, 0, 0, 0, 0, 1438607, 0, 25996), -- 50046
(50047, 0, 2, 32, 0, 0, 1, 1206, 0, 0, 0, 0, 0, 1438608, 0, 25996), -- 50047
(50047, 0, 1, 0, 296291, 156711, 1, 1206, 0, 0, 2, 0, 0, 0, 0, 25996), -- 50047
(50047, 0, 0, -1, 0, 0, 1, 1206, 0, 0, 0, 0, 0, 1445854, 0, 25996), -- 50047
(49981, 0, 1, 32, 0, 0, 0, 301, 0, 0, 0, 0, 0, 1446809, 0, 25996), -- Witness to the Wound
(49981, 0, 0, -1, 0, 0, 1, 1206, 0, 0, 0, 0, 0, 1438608, 0, 25996), -- Witness to the Wound
(49976, 0, 2, 32, 0, 0, 0, 301, 0, 0, 2, 0, 0, 0, 0, 25996), -- Gifts of the Fallen
(49976, 0, 1, 0, 296253, 132274, 0, 301, 0, 0, 0, 0, 0, 1446809, 0, 25996), -- Gifts of the Fallen
(49976, 0, 0, -1, 0, 0, 0, 301, 0, 0, 0, 0, 0, 1446809, 0, 25996), -- Gifts of the Fallen
(50371, 0, 0, -1, 0, 0, 0, 301, 0, 0, 0, 0, 0, 1446809, 0, 25996); -- 50371

UPDATE `quest_poi` SET `AlwaysAllowMergingBlobs`=0 WHERE (`QuestID`=45977 AND `BlobIndex`=0 AND `Idx1`=3); -- Where There is a Whip...
UPDATE `quest_poi` SET `AlwaysAllowMergingBlobs`=0 WHERE (`QuestID`=45977 AND `BlobIndex`=0 AND `Idx1`=2); -- Where There is a Whip...
UPDATE `quest_poi` SET `AlwaysAllowMergingBlobs`=0 WHERE (`QuestID`=45977 AND `BlobIndex`=0 AND `Idx1`=1); -- Where There is a Whip...
UPDATE `quest_poi` SET `AlwaysAllowMergingBlobs`=0 WHERE (`QuestID`=45977 AND `BlobIndex`=0 AND `Idx1`=0); -- Where There is a Whip...
UPDATE `quest_poi` SET `AlwaysAllowMergingBlobs`=0 WHERE (`QuestID`=45977 AND `BlobIndex`=0 AND `Idx1`=3); -- Where There is a Whip...
UPDATE `quest_poi` SET `AlwaysAllowMergingBlobs`=0 WHERE (`QuestID`=45977 AND `BlobIndex`=0 AND `Idx1`=2); -- Where There is a Whip...
UPDATE `quest_poi` SET `AlwaysAllowMergingBlobs`=0 WHERE (`QuestID`=45977 AND `BlobIndex`=0 AND `Idx1`=1); -- Where There is a Whip...
UPDATE `quest_poi` SET `AlwaysAllowMergingBlobs`=0 WHERE (`QuestID`=45977 AND `BlobIndex`=0 AND `Idx1`=0); -- Where There is a Whip...
UPDATE `quest_poi` SET `AlwaysAllowMergingBlobs`=0 WHERE (`QuestID`=46933 AND `BlobIndex`=0 AND `Idx1`=1); -- Felrglrglrglrgl
UPDATE `quest_poi` SET `AlwaysAllowMergingBlobs`=0 WHERE (`QuestID`=46933 AND `BlobIndex`=0 AND `Idx1`=0); -- Felrglrglrglrgl
UPDATE `quest_poi` SET `AlwaysAllowMergingBlobs`=0 WHERE (`QuestID`=46247 AND `BlobIndex`=0 AND `Idx1`=1); -- Defending Broken Isles
UPDATE `quest_poi` SET `AlwaysAllowMergingBlobs`=0 WHERE (`QuestID`=46247 AND `BlobIndex`=0 AND `Idx1`=0); -- Defending Broken Isles
UPDATE `quest_poi` SET `AlwaysAllowMergingBlobs`=0 WHERE (`QuestID`=47127 AND `BlobIndex`=0 AND `Idx1`=0); -- Tomb of Sargeras: The Deceiver
UPDATE `quest_poi` SET `AlwaysAllowMergingBlobs`=0 WHERE (`QuestID`=48639 AND `BlobIndex`=2 AND `Idx1`=2); -- Army of the Light
UPDATE `quest_poi` SET `AlwaysAllowMergingBlobs`=0 WHERE (`QuestID`=48639 AND `BlobIndex`=1 AND `Idx1`=1); -- Army of the Light
UPDATE `quest_poi` SET `AlwaysAllowMergingBlobs`=0 WHERE (`QuestID`=48639 AND `BlobIndex`=0 AND `Idx1`=0); -- Army of the Light
UPDATE `quest_poi` SET `AlwaysAllowMergingBlobs`=0 WHERE (`QuestID`=42422 AND `BlobIndex`=0 AND `Idx1`=0); -- The Wardens
UPDATE `quest_poi` SET `AlwaysAllowMergingBlobs`=0 WHERE (`QuestID`=48639 AND `BlobIndex`=2 AND `Idx1`=2); -- Army of the Light
UPDATE `quest_poi` SET `AlwaysAllowMergingBlobs`=0 WHERE (`QuestID`=48639 AND `BlobIndex`=1 AND `Idx1`=1); -- Army of the Light
UPDATE `quest_poi` SET `AlwaysAllowMergingBlobs`=0 WHERE (`QuestID`=48639 AND `BlobIndex`=0 AND `Idx1`=0); -- Army of the Light
UPDATE `quest_poi` SET `AlwaysAllowMergingBlobs`=0 WHERE (`QuestID`=42422 AND `BlobIndex`=0 AND `Idx1`=0); -- The Wardens
UPDATE `quest_poi` SET `AlwaysAllowMergingBlobs`=0 WHERE (`QuestID`=48639 AND `BlobIndex`=2 AND `Idx1`=2); -- Army of the Light
UPDATE `quest_poi` SET `AlwaysAllowMergingBlobs`=0 WHERE (`QuestID`=48639 AND `BlobIndex`=1 AND `Idx1`=1); -- Army of the Light
UPDATE `quest_poi` SET `AlwaysAllowMergingBlobs`=0 WHERE (`QuestID`=48639 AND `BlobIndex`=0 AND `Idx1`=0); -- Army of the Light
UPDATE `quest_poi` SET `AlwaysAllowMergingBlobs`=0 WHERE (`QuestID`=42422 AND `BlobIndex`=0 AND `Idx1`=0); -- The Wardens
UPDATE `quest_poi` SET `AlwaysAllowMergingBlobs`=0 WHERE (`QuestID`=48639 AND `BlobIndex`=2 AND `Idx1`=2); -- Army of the Light
UPDATE `quest_poi` SET `AlwaysAllowMergingBlobs`=0 WHERE (`QuestID`=48639 AND `BlobIndex`=1 AND `Idx1`=1); -- Army of the Light
UPDATE `quest_poi` SET `AlwaysAllowMergingBlobs`=0 WHERE (`QuestID`=48639 AND `BlobIndex`=0 AND `Idx1`=0); -- Army of the Light
UPDATE `quest_poi` SET `AlwaysAllowMergingBlobs`=0 WHERE (`QuestID`=42422 AND `BlobIndex`=0 AND `Idx1`=0); -- The Wardens
UPDATE `quest_poi` SET `AlwaysAllowMergingBlobs`=0 WHERE (`QuestID`=48639 AND `BlobIndex`=2 AND `Idx1`=2); -- Army of the Light
UPDATE `quest_poi` SET `AlwaysAllowMergingBlobs`=0 WHERE (`QuestID`=48639 AND `BlobIndex`=1 AND `Idx1`=1); -- Army of the Light
UPDATE `quest_poi` SET `AlwaysAllowMergingBlobs`=0 WHERE (`QuestID`=48639 AND `BlobIndex`=0 AND `Idx1`=0); -- Army of the Light
UPDATE `quest_poi` SET `AlwaysAllowMergingBlobs`=0 WHERE (`QuestID`=42422 AND `BlobIndex`=0 AND `Idx1`=0); -- The Wardens
UPDATE `quest_poi` SET `AlwaysAllowMergingBlobs`=0 WHERE (`QuestID`=48639 AND `BlobIndex`=2 AND `Idx1`=2); -- Army of the Light
UPDATE `quest_poi` SET `AlwaysAllowMergingBlobs`=0 WHERE (`QuestID`=48639 AND `BlobIndex`=1 AND `Idx1`=1); -- Army of the Light
UPDATE `quest_poi` SET `AlwaysAllowMergingBlobs`=0 WHERE (`QuestID`=48639 AND `BlobIndex`=0 AND `Idx1`=0); -- Army of the Light
UPDATE `quest_poi` SET `AlwaysAllowMergingBlobs`=0 WHERE (`QuestID`=42422 AND `BlobIndex`=0 AND `Idx1`=0); -- The Wardens
UPDATE `quest_poi` SET `AlwaysAllowMergingBlobs`=0 WHERE (`QuestID`=47139 AND `BlobIndex`=0 AND `Idx1`=2); -- Mark of the Sentinax
UPDATE `quest_poi` SET `AlwaysAllowMergingBlobs`=0 WHERE (`QuestID`=47139 AND `BlobIndex`=0 AND `Idx1`=1); -- Mark of the Sentinax
UPDATE `quest_poi` SET `AlwaysAllowMergingBlobs`=0 WHERE (`QuestID`=47139 AND `BlobIndex`=0 AND `Idx1`=0); -- Mark of the Sentinax
UPDATE `quest_poi` SET `AlwaysAllowMergingBlobs`=0 WHERE (`QuestID`=44917 AND `BlobIndex`=0 AND `Idx1`=11); -- Return to Karazhan: The Tower of Power
UPDATE `quest_poi` SET `AlwaysAllowMergingBlobs`=0 WHERE (`QuestID`=44917 AND `BlobIndex`=0 AND `Idx1`=10); -- Return to Karazhan: The Tower of Power
UPDATE `quest_poi` SET `AlwaysAllowMergingBlobs`=0 WHERE (`QuestID`=44917 AND `BlobIndex`=0 AND `Idx1`=9); -- Return to Karazhan: The Tower of Power
UPDATE `quest_poi` SET `AlwaysAllowMergingBlobs`=0 WHERE (`QuestID`=44917 AND `BlobIndex`=0 AND `Idx1`=8); -- Return to Karazhan: The Tower of Power
UPDATE `quest_poi` SET `AlwaysAllowMergingBlobs`=0 WHERE (`QuestID`=44917 AND `BlobIndex`=0 AND `Idx1`=7); -- Return to Karazhan: The Tower of Power
UPDATE `quest_poi` SET `AlwaysAllowMergingBlobs`=0 WHERE (`QuestID`=44917 AND `BlobIndex`=0 AND `Idx1`=6); -- Return to Karazhan: The Tower of Power
UPDATE `quest_poi` SET `AlwaysAllowMergingBlobs`=0 WHERE (`QuestID`=44917 AND `BlobIndex`=0 AND `Idx1`=5); -- Return to Karazhan: The Tower of Power
UPDATE `quest_poi` SET `AlwaysAllowMergingBlobs`=0 WHERE (`QuestID`=44917 AND `BlobIndex`=0 AND `Idx1`=4); -- Return to Karazhan: The Tower of Power
UPDATE `quest_poi` SET `AlwaysAllowMergingBlobs`=0 WHERE (`QuestID`=44917 AND `BlobIndex`=0 AND `Idx1`=3); -- Return to Karazhan: The Tower of Power
UPDATE `quest_poi` SET `AlwaysAllowMergingBlobs`=0 WHERE (`QuestID`=44917 AND `BlobIndex`=0 AND `Idx1`=2); -- Return to Karazhan: The Tower of Power
UPDATE `quest_poi` SET `AlwaysAllowMergingBlobs`=0 WHERE (`QuestID`=44917 AND `BlobIndex`=0 AND `Idx1`=1); -- Return to Karazhan: The Tower of Power
UPDATE `quest_poi` SET `AlwaysAllowMergingBlobs`=0 WHERE (`QuestID`=44917 AND `BlobIndex`=0 AND `Idx1`=0); -- Return to Karazhan: The Tower of Power
UPDATE `quest_poi` SET `AlwaysAllowMergingBlobs`=0 WHERE (`QuestID`=44271 AND `BlobIndex`=0 AND `Idx1`=11); -- Eye of Azshara: Into the Eye of Azshara
UPDATE `quest_poi` SET `AlwaysAllowMergingBlobs`=0 WHERE (`QuestID`=44271 AND `BlobIndex`=0 AND `Idx1`=10); -- Eye of Azshara: Into the Eye of Azshara
UPDATE `quest_poi` SET `AlwaysAllowMergingBlobs`=0 WHERE (`QuestID`=44271 AND `BlobIndex`=0 AND `Idx1`=9); -- Eye of Azshara: Into the Eye of Azshara
UPDATE `quest_poi` SET `AlwaysAllowMergingBlobs`=0 WHERE (`QuestID`=44271 AND `BlobIndex`=0 AND `Idx1`=8); -- Eye of Azshara: Into the Eye of Azshara
UPDATE `quest_poi` SET `AlwaysAllowMergingBlobs`=0 WHERE (`QuestID`=44271 AND `BlobIndex`=0 AND `Idx1`=7); -- Eye of Azshara: Into the Eye of Azshara
UPDATE `quest_poi` SET `AlwaysAllowMergingBlobs`=0 WHERE (`QuestID`=44271 AND `BlobIndex`=0 AND `Idx1`=6); -- Eye of Azshara: Into the Eye of Azshara
UPDATE `quest_poi` SET `AlwaysAllowMergingBlobs`=0 WHERE (`QuestID`=44271 AND `BlobIndex`=0 AND `Idx1`=5); -- Eye of Azshara: Into the Eye of Azshara
UPDATE `quest_poi` SET `AlwaysAllowMergingBlobs`=0 WHERE (`QuestID`=44271 AND `BlobIndex`=0 AND `Idx1`=4); -- Eye of Azshara: Into the Eye of Azshara
UPDATE `quest_poi` SET `AlwaysAllowMergingBlobs`=0 WHERE (`QuestID`=44271 AND `BlobIndex`=0 AND `Idx1`=3); -- Eye of Azshara: Into the Eye of Azshara
UPDATE `quest_poi` SET `AlwaysAllowMergingBlobs`=0 WHERE (`QuestID`=44271 AND `BlobIndex`=0 AND `Idx1`=2); -- Eye of Azshara: Into the Eye of Azshara
UPDATE `quest_poi` SET `AlwaysAllowMergingBlobs`=0 WHERE (`QuestID`=44271 AND `BlobIndex`=0 AND `Idx1`=1); -- Eye of Azshara: Into the Eye of Azshara
UPDATE `quest_poi` SET `AlwaysAllowMergingBlobs`=0 WHERE (`QuestID`=44271 AND `BlobIndex`=0 AND `Idx1`=0); -- Eye of Azshara: Into the Eye of Azshara
UPDATE `quest_poi` SET `AlwaysAllowMergingBlobs`=0 WHERE (`QuestID`=43917 AND `BlobIndex`=0 AND `Idx1`=10); -- The Nighthold: Elisande
UPDATE `quest_poi` SET `AlwaysAllowMergingBlobs`=0 WHERE (`QuestID`=43917 AND `BlobIndex`=0 AND `Idx1`=9); -- The Nighthold: Elisande
UPDATE `quest_poi` SET `AlwaysAllowMergingBlobs`=0 WHERE (`QuestID`=43917 AND `BlobIndex`=0 AND `Idx1`=8); -- The Nighthold: Elisande
UPDATE `quest_poi` SET `AlwaysAllowMergingBlobs`=0 WHERE (`QuestID`=43917 AND `BlobIndex`=0 AND `Idx1`=7); -- The Nighthold: Elisande
UPDATE `quest_poi` SET `AlwaysAllowMergingBlobs`=0 WHERE (`QuestID`=43917 AND `BlobIndex`=0 AND `Idx1`=6); -- The Nighthold: Elisande
UPDATE `quest_poi` SET `AlwaysAllowMergingBlobs`=0 WHERE (`QuestID`=43917 AND `BlobIndex`=0 AND `Idx1`=5); -- The Nighthold: Elisande
UPDATE `quest_poi` SET `AlwaysAllowMergingBlobs`=0 WHERE (`QuestID`=43917 AND `BlobIndex`=0 AND `Idx1`=4); -- The Nighthold: Elisande
UPDATE `quest_poi` SET `AlwaysAllowMergingBlobs`=0 WHERE (`QuestID`=43917 AND `BlobIndex`=0 AND `Idx1`=3); -- The Nighthold: Elisande
UPDATE `quest_poi` SET `AlwaysAllowMergingBlobs`=0 WHERE (`QuestID`=43917 AND `BlobIndex`=0 AND `Idx1`=2); -- The Nighthold: Elisande
UPDATE `quest_poi` SET `AlwaysAllowMergingBlobs`=0 WHERE (`QuestID`=43917 AND `BlobIndex`=0 AND `Idx1`=1); -- The Nighthold: Elisande
UPDATE `quest_poi` SET `AlwaysAllowMergingBlobs`=0 WHERE (`QuestID`=43917 AND `BlobIndex`=0 AND `Idx1`=0); -- The Nighthold: Elisande
UPDATE `quest_poi` SET `AlwaysAllowMergingBlobs`=0 WHERE (`QuestID`=43549 AND `BlobIndex`=0 AND `Idx1`=10); -- The Emerald Nightmare: Il'gynoth
UPDATE `quest_poi` SET `AlwaysAllowMergingBlobs`=0 WHERE (`QuestID`=43549 AND `BlobIndex`=0 AND `Idx1`=9); -- The Emerald Nightmare: Il'gynoth
UPDATE `quest_poi` SET `AlwaysAllowMergingBlobs`=0 WHERE (`QuestID`=43549 AND `BlobIndex`=0 AND `Idx1`=8); -- The Emerald Nightmare: Il'gynoth
UPDATE `quest_poi` SET `AlwaysAllowMergingBlobs`=0 WHERE (`QuestID`=43549 AND `BlobIndex`=0 AND `Idx1`=7); -- The Emerald Nightmare: Il'gynoth
UPDATE `quest_poi` SET `AlwaysAllowMergingBlobs`=0 WHERE (`QuestID`=43549 AND `BlobIndex`=0 AND `Idx1`=6); -- The Emerald Nightmare: Il'gynoth
UPDATE `quest_poi` SET `AlwaysAllowMergingBlobs`=0 WHERE (`QuestID`=43549 AND `BlobIndex`=0 AND `Idx1`=5); -- The Emerald Nightmare: Il'gynoth
UPDATE `quest_poi` SET `AlwaysAllowMergingBlobs`=0 WHERE (`QuestID`=43549 AND `BlobIndex`=0 AND `Idx1`=4); -- The Emerald Nightmare: Il'gynoth
UPDATE `quest_poi` SET `AlwaysAllowMergingBlobs`=0 WHERE (`QuestID`=43549 AND `BlobIndex`=0 AND `Idx1`=3); -- The Emerald Nightmare: Il'gynoth
UPDATE `quest_poi` SET `AlwaysAllowMergingBlobs`=0 WHERE (`QuestID`=43549 AND `BlobIndex`=0 AND `Idx1`=2); -- The Emerald Nightmare: Il'gynoth
UPDATE `quest_poi` SET `AlwaysAllowMergingBlobs`=0 WHERE (`QuestID`=43549 AND `BlobIndex`=0 AND `Idx1`=1); -- The Emerald Nightmare: Il'gynoth
UPDATE `quest_poi` SET `AlwaysAllowMergingBlobs`=0 WHERE (`QuestID`=43549 AND `BlobIndex`=0 AND `Idx1`=0); -- The Emerald Nightmare: Il'gynoth
UPDATE `quest_poi` SET `AlwaysAllowMergingBlobs`=0 WHERE (`QuestID`=40026 AND `BlobIndex`=0 AND `Idx1`=1); -- Chase the Culprit
UPDATE `quest_poi` SET `AlwaysAllowMergingBlobs`=0 WHERE (`QuestID`=40026 AND `BlobIndex`=0 AND `Idx1`=0); -- Chase the Culprit
UPDATE `quest_poi` SET `AlwaysAllowMergingBlobs`=0 WHERE (`QuestID`=47139 AND `BlobIndex`=0 AND `Idx1`=2); -- Mark of the Sentinax
UPDATE `quest_poi` SET `AlwaysAllowMergingBlobs`=0 WHERE (`QuestID`=47139 AND `BlobIndex`=0 AND `Idx1`=1); -- Mark of the Sentinax
UPDATE `quest_poi` SET `AlwaysAllowMergingBlobs`=0 WHERE (`QuestID`=47139 AND `BlobIndex`=0 AND `Idx1`=0); -- Mark of the Sentinax
UPDATE `quest_poi` SET `AlwaysAllowMergingBlobs`=0 WHERE (`QuestID`=44917 AND `BlobIndex`=0 AND `Idx1`=11); -- Return to Karazhan: The Tower of Power
UPDATE `quest_poi` SET `AlwaysAllowMergingBlobs`=0 WHERE (`QuestID`=44917 AND `BlobIndex`=0 AND `Idx1`=10); -- Return to Karazhan: The Tower of Power
UPDATE `quest_poi` SET `AlwaysAllowMergingBlobs`=0 WHERE (`QuestID`=44917 AND `BlobIndex`=0 AND `Idx1`=9); -- Return to Karazhan: The Tower of Power
UPDATE `quest_poi` SET `AlwaysAllowMergingBlobs`=0 WHERE (`QuestID`=44917 AND `BlobIndex`=0 AND `Idx1`=8); -- Return to Karazhan: The Tower of Power
UPDATE `quest_poi` SET `AlwaysAllowMergingBlobs`=0 WHERE (`QuestID`=44917 AND `BlobIndex`=0 AND `Idx1`=7); -- Return to Karazhan: The Tower of Power
UPDATE `quest_poi` SET `AlwaysAllowMergingBlobs`=0 WHERE (`QuestID`=44917 AND `BlobIndex`=0 AND `Idx1`=6); -- Return to Karazhan: The Tower of Power
UPDATE `quest_poi` SET `AlwaysAllowMergingBlobs`=0 WHERE (`QuestID`=44917 AND `BlobIndex`=0 AND `Idx1`=5); -- Return to Karazhan: The Tower of Power
UPDATE `quest_poi` SET `AlwaysAllowMergingBlobs`=0 WHERE (`QuestID`=44917 AND `BlobIndex`=0 AND `Idx1`=4); -- Return to Karazhan: The Tower of Power
UPDATE `quest_poi` SET `AlwaysAllowMergingBlobs`=0 WHERE (`QuestID`=44917 AND `BlobIndex`=0 AND `Idx1`=3); -- Return to Karazhan: The Tower of Power
UPDATE `quest_poi` SET `AlwaysAllowMergingBlobs`=0 WHERE (`QuestID`=44917 AND `BlobIndex`=0 AND `Idx1`=2); -- Return to Karazhan: The Tower of Power
UPDATE `quest_poi` SET `AlwaysAllowMergingBlobs`=0 WHERE (`QuestID`=44917 AND `BlobIndex`=0 AND `Idx1`=1); -- Return to Karazhan: The Tower of Power
UPDATE `quest_poi` SET `AlwaysAllowMergingBlobs`=0 WHERE (`QuestID`=44917 AND `BlobIndex`=0 AND `Idx1`=0); -- Return to Karazhan: The Tower of Power
UPDATE `quest_poi` SET `AlwaysAllowMergingBlobs`=0 WHERE (`QuestID`=44271 AND `BlobIndex`=0 AND `Idx1`=11); -- Eye of Azshara: Into the Eye of Azshara
UPDATE `quest_poi` SET `AlwaysAllowMergingBlobs`=0 WHERE (`QuestID`=44271 AND `BlobIndex`=0 AND `Idx1`=10); -- Eye of Azshara: Into the Eye of Azshara
UPDATE `quest_poi` SET `AlwaysAllowMergingBlobs`=0 WHERE (`QuestID`=44271 AND `BlobIndex`=0 AND `Idx1`=9); -- Eye of Azshara: Into the Eye of Azshara
UPDATE `quest_poi` SET `AlwaysAllowMergingBlobs`=0 WHERE (`QuestID`=44271 AND `BlobIndex`=0 AND `Idx1`=8); -- Eye of Azshara: Into the Eye of Azshara
UPDATE `quest_poi` SET `AlwaysAllowMergingBlobs`=0 WHERE (`QuestID`=44271 AND `BlobIndex`=0 AND `Idx1`=7); -- Eye of Azshara: Into the Eye of Azshara
UPDATE `quest_poi` SET `AlwaysAllowMergingBlobs`=0 WHERE (`QuestID`=44271 AND `BlobIndex`=0 AND `Idx1`=6); -- Eye of Azshara: Into the Eye of Azshara
UPDATE `quest_poi` SET `AlwaysAllowMergingBlobs`=0 WHERE (`QuestID`=44271 AND `BlobIndex`=0 AND `Idx1`=5); -- Eye of Azshara: Into the Eye of Azshara
UPDATE `quest_poi` SET `AlwaysAllowMergingBlobs`=0 WHERE (`QuestID`=44271 AND `BlobIndex`=0 AND `Idx1`=4); -- Eye of Azshara: Into the Eye of Azshara
UPDATE `quest_poi` SET `AlwaysAllowMergingBlobs`=0 WHERE (`QuestID`=44271 AND `BlobIndex`=0 AND `Idx1`=3); -- Eye of Azshara: Into the Eye of Azshara
UPDATE `quest_poi` SET `AlwaysAllowMergingBlobs`=0 WHERE (`QuestID`=44271 AND `BlobIndex`=0 AND `Idx1`=2); -- Eye of Azshara: Into the Eye of Azshara
UPDATE `quest_poi` SET `AlwaysAllowMergingBlobs`=0 WHERE (`QuestID`=44271 AND `BlobIndex`=0 AND `Idx1`=1); -- Eye of Azshara: Into the Eye of Azshara
UPDATE `quest_poi` SET `AlwaysAllowMergingBlobs`=0 WHERE (`QuestID`=44271 AND `BlobIndex`=0 AND `Idx1`=0); -- Eye of Azshara: Into the Eye of Azshara
UPDATE `quest_poi` SET `AlwaysAllowMergingBlobs`=0 WHERE (`QuestID`=43917 AND `BlobIndex`=0 AND `Idx1`=10); -- The Nighthold: Elisande
UPDATE `quest_poi` SET `AlwaysAllowMergingBlobs`=0 WHERE (`QuestID`=43917 AND `BlobIndex`=0 AND `Idx1`=9); -- The Nighthold: Elisande
UPDATE `quest_poi` SET `AlwaysAllowMergingBlobs`=0 WHERE (`QuestID`=43917 AND `BlobIndex`=0 AND `Idx1`=8); -- The Nighthold: Elisande
UPDATE `quest_poi` SET `AlwaysAllowMergingBlobs`=0 WHERE (`QuestID`=43917 AND `BlobIndex`=0 AND `Idx1`=7); -- The Nighthold: Elisande
UPDATE `quest_poi` SET `AlwaysAllowMergingBlobs`=0 WHERE (`QuestID`=43917 AND `BlobIndex`=0 AND `Idx1`=6); -- The Nighthold: Elisande
UPDATE `quest_poi` SET `AlwaysAllowMergingBlobs`=0 WHERE (`QuestID`=43917 AND `BlobIndex`=0 AND `Idx1`=5); -- The Nighthold: Elisande
UPDATE `quest_poi` SET `AlwaysAllowMergingBlobs`=0 WHERE (`QuestID`=43917 AND `BlobIndex`=0 AND `Idx1`=4); -- The Nighthold: Elisande
UPDATE `quest_poi` SET `AlwaysAllowMergingBlobs`=0 WHERE (`QuestID`=43917 AND `BlobIndex`=0 AND `Idx1`=3); -- The Nighthold: Elisande
UPDATE `quest_poi` SET `AlwaysAllowMergingBlobs`=0 WHERE (`QuestID`=43917 AND `BlobIndex`=0 AND `Idx1`=2); -- The Nighthold: Elisande
UPDATE `quest_poi` SET `AlwaysAllowMergingBlobs`=0 WHERE (`QuestID`=43917 AND `BlobIndex`=0 AND `Idx1`=1); -- The Nighthold: Elisande
UPDATE `quest_poi` SET `AlwaysAllowMergingBlobs`=0 WHERE (`QuestID`=43917 AND `BlobIndex`=0 AND `Idx1`=0); -- The Nighthold: Elisande
UPDATE `quest_poi` SET `AlwaysAllowMergingBlobs`=0 WHERE (`QuestID`=43549 AND `BlobIndex`=0 AND `Idx1`=10); -- The Emerald Nightmare: Il'gynoth
UPDATE `quest_poi` SET `AlwaysAllowMergingBlobs`=0 WHERE (`QuestID`=43549 AND `BlobIndex`=0 AND `Idx1`=9); -- The Emerald Nightmare: Il'gynoth
UPDATE `quest_poi` SET `AlwaysAllowMergingBlobs`=0 WHERE (`QuestID`=43549 AND `BlobIndex`=0 AND `Idx1`=8); -- The Emerald Nightmare: Il'gynoth
UPDATE `quest_poi` SET `AlwaysAllowMergingBlobs`=0 WHERE (`QuestID`=43549 AND `BlobIndex`=0 AND `Idx1`=7); -- The Emerald Nightmare: Il'gynoth
UPDATE `quest_poi` SET `AlwaysAllowMergingBlobs`=0 WHERE (`QuestID`=43549 AND `BlobIndex`=0 AND `Idx1`=6); -- The Emerald Nightmare: Il'gynoth
UPDATE `quest_poi` SET `AlwaysAllowMergingBlobs`=0 WHERE (`QuestID`=43549 AND `BlobIndex`=0 AND `Idx1`=5); -- The Emerald Nightmare: Il'gynoth
UPDATE `quest_poi` SET `AlwaysAllowMergingBlobs`=0 WHERE (`QuestID`=43549 AND `BlobIndex`=0 AND `Idx1`=4); -- The Emerald Nightmare: Il'gynoth
UPDATE `quest_poi` SET `AlwaysAllowMergingBlobs`=0 WHERE (`QuestID`=43549 AND `BlobIndex`=0 AND `Idx1`=3); -- The Emerald Nightmare: Il'gynoth
UPDATE `quest_poi` SET `AlwaysAllowMergingBlobs`=0 WHERE (`QuestID`=43549 AND `BlobIndex`=0 AND `Idx1`=2); -- The Emerald Nightmare: Il'gynoth
UPDATE `quest_poi` SET `AlwaysAllowMergingBlobs`=0 WHERE (`QuestID`=43549 AND `BlobIndex`=0 AND `Idx1`=1); -- The Emerald Nightmare: Il'gynoth
UPDATE `quest_poi` SET `AlwaysAllowMergingBlobs`=0 WHERE (`QuestID`=43549 AND `BlobIndex`=0 AND `Idx1`=0); -- The Emerald Nightmare: Il'gynoth
UPDATE `quest_poi` SET `AlwaysAllowMergingBlobs`=0 WHERE (`QuestID`=40026 AND `BlobIndex`=0 AND `Idx1`=1); -- Chase the Culprit
UPDATE `quest_poi` SET `AlwaysAllowMergingBlobs`=0 WHERE (`QuestID`=40026 AND `BlobIndex`=0 AND `Idx1`=0); -- Chase the Culprit
UPDATE `quest_poi` SET `AlwaysAllowMergingBlobs`=0 WHERE (`QuestID`=47139 AND `BlobIndex`=0 AND `Idx1`=2); -- Mark of the Sentinax
UPDATE `quest_poi` SET `AlwaysAllowMergingBlobs`=0 WHERE (`QuestID`=47139 AND `BlobIndex`=0 AND `Idx1`=1); -- Mark of the Sentinax
UPDATE `quest_poi` SET `AlwaysAllowMergingBlobs`=0 WHERE (`QuestID`=47139 AND `BlobIndex`=0 AND `Idx1`=0); -- Mark of the Sentinax
UPDATE `quest_poi` SET `AlwaysAllowMergingBlobs`=0 WHERE (`QuestID`=44917 AND `BlobIndex`=0 AND `Idx1`=11); -- Return to Karazhan: The Tower of Power
UPDATE `quest_poi` SET `AlwaysAllowMergingBlobs`=0 WHERE (`QuestID`=44917 AND `BlobIndex`=0 AND `Idx1`=10); -- Return to Karazhan: The Tower of Power
UPDATE `quest_poi` SET `AlwaysAllowMergingBlobs`=0 WHERE (`QuestID`=44917 AND `BlobIndex`=0 AND `Idx1`=9); -- Return to Karazhan: The Tower of Power
UPDATE `quest_poi` SET `AlwaysAllowMergingBlobs`=0 WHERE (`QuestID`=44917 AND `BlobIndex`=0 AND `Idx1`=8); -- Return to Karazhan: The Tower of Power
UPDATE `quest_poi` SET `AlwaysAllowMergingBlobs`=0 WHERE (`QuestID`=44917 AND `BlobIndex`=0 AND `Idx1`=7); -- Return to Karazhan: The Tower of Power
UPDATE `quest_poi` SET `AlwaysAllowMergingBlobs`=0 WHERE (`QuestID`=44917 AND `BlobIndex`=0 AND `Idx1`=6); -- Return to Karazhan: The Tower of Power
UPDATE `quest_poi` SET `AlwaysAllowMergingBlobs`=0 WHERE (`QuestID`=44917 AND `BlobIndex`=0 AND `Idx1`=5); -- Return to Karazhan: The Tower of Power
UPDATE `quest_poi` SET `AlwaysAllowMergingBlobs`=0 WHERE (`QuestID`=44917 AND `BlobIndex`=0 AND `Idx1`=4); -- Return to Karazhan: The Tower of Power
UPDATE `quest_poi` SET `AlwaysAllowMergingBlobs`=0 WHERE (`QuestID`=44917 AND `BlobIndex`=0 AND `Idx1`=3); -- Return to Karazhan: The Tower of Power
UPDATE `quest_poi` SET `AlwaysAllowMergingBlobs`=0 WHERE (`QuestID`=44917 AND `BlobIndex`=0 AND `Idx1`=2); -- Return to Karazhan: The Tower of Power
UPDATE `quest_poi` SET `AlwaysAllowMergingBlobs`=0 WHERE (`QuestID`=44917 AND `BlobIndex`=0 AND `Idx1`=1); -- Return to Karazhan: The Tower of Power
UPDATE `quest_poi` SET `AlwaysAllowMergingBlobs`=0 WHERE (`QuestID`=44917 AND `BlobIndex`=0 AND `Idx1`=0); -- Return to Karazhan: The Tower of Power
UPDATE `quest_poi` SET `AlwaysAllowMergingBlobs`=0 WHERE (`QuestID`=44271 AND `BlobIndex`=0 AND `Idx1`=11); -- Eye of Azshara: Into the Eye of Azshara
UPDATE `quest_poi` SET `AlwaysAllowMergingBlobs`=0 WHERE (`QuestID`=44271 AND `BlobIndex`=0 AND `Idx1`=10); -- Eye of Azshara: Into the Eye of Azshara
UPDATE `quest_poi` SET `AlwaysAllowMergingBlobs`=0 WHERE (`QuestID`=44271 AND `BlobIndex`=0 AND `Idx1`=9); -- Eye of Azshara: Into the Eye of Azshara
UPDATE `quest_poi` SET `AlwaysAllowMergingBlobs`=0 WHERE (`QuestID`=44271 AND `BlobIndex`=0 AND `Idx1`=8); -- Eye of Azshara: Into the Eye of Azshara
UPDATE `quest_poi` SET `AlwaysAllowMergingBlobs`=0 WHERE (`QuestID`=44271 AND `BlobIndex`=0 AND `Idx1`=7); -- Eye of Azshara: Into the Eye of Azshara
UPDATE `quest_poi` SET `AlwaysAllowMergingBlobs`=0 WHERE (`QuestID`=44271 AND `BlobIndex`=0 AND `Idx1`=6); -- Eye of Azshara: Into the Eye of Azshara
UPDATE `quest_poi` SET `AlwaysAllowMergingBlobs`=0 WHERE (`QuestID`=44271 AND `BlobIndex`=0 AND `Idx1`=5); -- Eye of Azshara: Into the Eye of Azshara
UPDATE `quest_poi` SET `AlwaysAllowMergingBlobs`=0 WHERE (`QuestID`=44271 AND `BlobIndex`=0 AND `Idx1`=4); -- Eye of Azshara: Into the Eye of Azshara
UPDATE `quest_poi` SET `AlwaysAllowMergingBlobs`=0 WHERE (`QuestID`=44271 AND `BlobIndex`=0 AND `Idx1`=3); -- Eye of Azshara: Into the Eye of Azshara
UPDATE `quest_poi` SET `AlwaysAllowMergingBlobs`=0 WHERE (`QuestID`=44271 AND `BlobIndex`=0 AND `Idx1`=2); -- Eye of Azshara: Into the Eye of Azshara
UPDATE `quest_poi` SET `AlwaysAllowMergingBlobs`=0 WHERE (`QuestID`=44271 AND `BlobIndex`=0 AND `Idx1`=1); -- Eye of Azshara: Into the Eye of Azshara
UPDATE `quest_poi` SET `AlwaysAllowMergingBlobs`=0 WHERE (`QuestID`=44271 AND `BlobIndex`=0 AND `Idx1`=0); -- Eye of Azshara: Into the Eye of Azshara
UPDATE `quest_poi` SET `AlwaysAllowMergingBlobs`=0 WHERE (`QuestID`=43917 AND `BlobIndex`=0 AND `Idx1`=10); -- The Nighthold: Elisande
UPDATE `quest_poi` SET `AlwaysAllowMergingBlobs`=0 WHERE (`QuestID`=43917 AND `BlobIndex`=0 AND `Idx1`=9); -- The Nighthold: Elisande
UPDATE `quest_poi` SET `AlwaysAllowMergingBlobs`=0 WHERE (`QuestID`=43917 AND `BlobIndex`=0 AND `Idx1`=8); -- The Nighthold: Elisande
UPDATE `quest_poi` SET `AlwaysAllowMergingBlobs`=0 WHERE (`QuestID`=43917 AND `BlobIndex`=0 AND `Idx1`=7); -- The Nighthold: Elisande
UPDATE `quest_poi` SET `AlwaysAllowMergingBlobs`=0 WHERE (`QuestID`=43917 AND `BlobIndex`=0 AND `Idx1`=6); -- The Nighthold: Elisande
UPDATE `quest_poi` SET `AlwaysAllowMergingBlobs`=0 WHERE (`QuestID`=43917 AND `BlobIndex`=0 AND `Idx1`=5); -- The Nighthold: Elisande
UPDATE `quest_poi` SET `AlwaysAllowMergingBlobs`=0 WHERE (`QuestID`=43917 AND `BlobIndex`=0 AND `Idx1`=4); -- The Nighthold: Elisande
UPDATE `quest_poi` SET `AlwaysAllowMergingBlobs`=0 WHERE (`QuestID`=43917 AND `BlobIndex`=0 AND `Idx1`=3); -- The Nighthold: Elisande
UPDATE `quest_poi` SET `AlwaysAllowMergingBlobs`=0 WHERE (`QuestID`=43917 AND `BlobIndex`=0 AND `Idx1`=2); -- The Nighthold: Elisande
UPDATE `quest_poi` SET `AlwaysAllowMergingBlobs`=0 WHERE (`QuestID`=43917 AND `BlobIndex`=0 AND `Idx1`=1); -- The Nighthold: Elisande
UPDATE `quest_poi` SET `AlwaysAllowMergingBlobs`=0 WHERE (`QuestID`=43917 AND `BlobIndex`=0 AND `Idx1`=0); -- The Nighthold: Elisande
UPDATE `quest_poi` SET `AlwaysAllowMergingBlobs`=0 WHERE (`QuestID`=43549 AND `BlobIndex`=0 AND `Idx1`=10); -- The Emerald Nightmare: Il'gynoth
UPDATE `quest_poi` SET `AlwaysAllowMergingBlobs`=0 WHERE (`QuestID`=43549 AND `BlobIndex`=0 AND `Idx1`=9); -- The Emerald Nightmare: Il'gynoth
UPDATE `quest_poi` SET `AlwaysAllowMergingBlobs`=0 WHERE (`QuestID`=43549 AND `BlobIndex`=0 AND `Idx1`=8); -- The Emerald Nightmare: Il'gynoth
UPDATE `quest_poi` SET `AlwaysAllowMergingBlobs`=0 WHERE (`QuestID`=43549 AND `BlobIndex`=0 AND `Idx1`=7); -- The Emerald Nightmare: Il'gynoth
UPDATE `quest_poi` SET `AlwaysAllowMergingBlobs`=0 WHERE (`QuestID`=43549 AND `BlobIndex`=0 AND `Idx1`=6); -- The Emerald Nightmare: Il'gynoth
UPDATE `quest_poi` SET `AlwaysAllowMergingBlobs`=0 WHERE (`QuestID`=43549 AND `BlobIndex`=0 AND `Idx1`=5); -- The Emerald Nightmare: Il'gynoth
UPDATE `quest_poi` SET `AlwaysAllowMergingBlobs`=0 WHERE (`QuestID`=43549 AND `BlobIndex`=0 AND `Idx1`=4); -- The Emerald Nightmare: Il'gynoth
UPDATE `quest_poi` SET `AlwaysAllowMergingBlobs`=0 WHERE (`QuestID`=43549 AND `BlobIndex`=0 AND `Idx1`=3); -- The Emerald Nightmare: Il'gynoth
UPDATE `quest_poi` SET `AlwaysAllowMergingBlobs`=0 WHERE (`QuestID`=43549 AND `BlobIndex`=0 AND `Idx1`=2); -- The Emerald Nightmare: Il'gynoth
UPDATE `quest_poi` SET `AlwaysAllowMergingBlobs`=0 WHERE (`QuestID`=43549 AND `BlobIndex`=0 AND `Idx1`=1); -- The Emerald Nightmare: Il'gynoth
UPDATE `quest_poi` SET `AlwaysAllowMergingBlobs`=0 WHERE (`QuestID`=43549 AND `BlobIndex`=0 AND `Idx1`=0); -- The Emerald Nightmare: Il'gynoth
UPDATE `quest_poi` SET `AlwaysAllowMergingBlobs`=0 WHERE (`QuestID`=40026 AND `BlobIndex`=0 AND `Idx1`=1); -- Chase the Culprit
UPDATE `quest_poi` SET `AlwaysAllowMergingBlobs`=0 WHERE (`QuestID`=40026 AND `BlobIndex`=0 AND `Idx1`=0); -- Chase the Culprit
UPDATE `quest_poi` SET `AlwaysAllowMergingBlobs`=0 WHERE (`QuestID`=47139 AND `BlobIndex`=0 AND `Idx1`=2); -- Mark of the Sentinax
UPDATE `quest_poi` SET `AlwaysAllowMergingBlobs`=0 WHERE (`QuestID`=47139 AND `BlobIndex`=0 AND `Idx1`=1); -- Mark of the Sentinax
UPDATE `quest_poi` SET `AlwaysAllowMergingBlobs`=0 WHERE (`QuestID`=47139 AND `BlobIndex`=0 AND `Idx1`=0); -- Mark of the Sentinax
UPDATE `quest_poi` SET `AlwaysAllowMergingBlobs`=0 WHERE (`QuestID`=44917 AND `BlobIndex`=0 AND `Idx1`=11); -- Return to Karazhan: The Tower of Power
UPDATE `quest_poi` SET `AlwaysAllowMergingBlobs`=0 WHERE (`QuestID`=44917 AND `BlobIndex`=0 AND `Idx1`=10); -- Return to Karazhan: The Tower of Power
UPDATE `quest_poi` SET `AlwaysAllowMergingBlobs`=0 WHERE (`QuestID`=44917 AND `BlobIndex`=0 AND `Idx1`=9); -- Return to Karazhan: The Tower of Power
UPDATE `quest_poi` SET `AlwaysAllowMergingBlobs`=0 WHERE (`QuestID`=44917 AND `BlobIndex`=0 AND `Idx1`=8); -- Return to Karazhan: The Tower of Power
UPDATE `quest_poi` SET `AlwaysAllowMergingBlobs`=0 WHERE (`QuestID`=44917 AND `BlobIndex`=0 AND `Idx1`=7); -- Return to Karazhan: The Tower of Power
UPDATE `quest_poi` SET `AlwaysAllowMergingBlobs`=0 WHERE (`QuestID`=44917 AND `BlobIndex`=0 AND `Idx1`=6); -- Return to Karazhan: The Tower of Power
UPDATE `quest_poi` SET `AlwaysAllowMergingBlobs`=0 WHERE (`QuestID`=44917 AND `BlobIndex`=0 AND `Idx1`=5); -- Return to Karazhan: The Tower of Power
UPDATE `quest_poi` SET `AlwaysAllowMergingBlobs`=0 WHERE (`QuestID`=44917 AND `BlobIndex`=0 AND `Idx1`=4); -- Return to Karazhan: The Tower of Power
UPDATE `quest_poi` SET `AlwaysAllowMergingBlobs`=0 WHERE (`QuestID`=44917 AND `BlobIndex`=0 AND `Idx1`=3); -- Return to Karazhan: The Tower of Power
UPDATE `quest_poi` SET `AlwaysAllowMergingBlobs`=0 WHERE (`QuestID`=44917 AND `BlobIndex`=0 AND `Idx1`=2); -- Return to Karazhan: The Tower of Power
UPDATE `quest_poi` SET `AlwaysAllowMergingBlobs`=0 WHERE (`QuestID`=44917 AND `BlobIndex`=0 AND `Idx1`=1); -- Return to Karazhan: The Tower of Power
UPDATE `quest_poi` SET `AlwaysAllowMergingBlobs`=0 WHERE (`QuestID`=44917 AND `BlobIndex`=0 AND `Idx1`=0); -- Return to Karazhan: The Tower of Power
UPDATE `quest_poi` SET `AlwaysAllowMergingBlobs`=0 WHERE (`QuestID`=44271 AND `BlobIndex`=0 AND `Idx1`=11); -- Eye of Azshara: Into the Eye of Azshara
UPDATE `quest_poi` SET `AlwaysAllowMergingBlobs`=0 WHERE (`QuestID`=44271 AND `BlobIndex`=0 AND `Idx1`=10); -- Eye of Azshara: Into the Eye of Azshara
UPDATE `quest_poi` SET `AlwaysAllowMergingBlobs`=0 WHERE (`QuestID`=44271 AND `BlobIndex`=0 AND `Idx1`=9); -- Eye of Azshara: Into the Eye of Azshara
UPDATE `quest_poi` SET `AlwaysAllowMergingBlobs`=0 WHERE (`QuestID`=44271 AND `BlobIndex`=0 AND `Idx1`=8); -- Eye of Azshara: Into the Eye of Azshara
UPDATE `quest_poi` SET `AlwaysAllowMergingBlobs`=0 WHERE (`QuestID`=44271 AND `BlobIndex`=0 AND `Idx1`=7); -- Eye of Azshara: Into the Eye of Azshara
UPDATE `quest_poi` SET `AlwaysAllowMergingBlobs`=0 WHERE (`QuestID`=44271 AND `BlobIndex`=0 AND `Idx1`=6); -- Eye of Azshara: Into the Eye of Azshara
UPDATE `quest_poi` SET `AlwaysAllowMergingBlobs`=0 WHERE (`QuestID`=44271 AND `BlobIndex`=0 AND `Idx1`=5); -- Eye of Azshara: Into the Eye of Azshara
UPDATE `quest_poi` SET `AlwaysAllowMergingBlobs`=0 WHERE (`QuestID`=44271 AND `BlobIndex`=0 AND `Idx1`=4); -- Eye of Azshara: Into the Eye of Azshara
UPDATE `quest_poi` SET `AlwaysAllowMergingBlobs`=0 WHERE (`QuestID`=44271 AND `BlobIndex`=0 AND `Idx1`=3); -- Eye of Azshara: Into the Eye of Azshara
UPDATE `quest_poi` SET `AlwaysAllowMergingBlobs`=0 WHERE (`QuestID`=44271 AND `BlobIndex`=0 AND `Idx1`=2); -- Eye of Azshara: Into the Eye of Azshara
UPDATE `quest_poi` SET `AlwaysAllowMergingBlobs`=0 WHERE (`QuestID`=44271 AND `BlobIndex`=0 AND `Idx1`=1); -- Eye of Azshara: Into the Eye of Azshara
UPDATE `quest_poi` SET `AlwaysAllowMergingBlobs`=0 WHERE (`QuestID`=44271 AND `BlobIndex`=0 AND `Idx1`=0); -- Eye of Azshara: Into the Eye of Azshara
UPDATE `quest_poi` SET `AlwaysAllowMergingBlobs`=0 WHERE (`QuestID`=43917 AND `BlobIndex`=0 AND `Idx1`=10); -- The Nighthold: Elisande
UPDATE `quest_poi` SET `AlwaysAllowMergingBlobs`=0 WHERE (`QuestID`=43917 AND `BlobIndex`=0 AND `Idx1`=9); -- The Nighthold: Elisande
UPDATE `quest_poi` SET `AlwaysAllowMergingBlobs`=0 WHERE (`QuestID`=43917 AND `BlobIndex`=0 AND `Idx1`=8); -- The Nighthold: Elisande
UPDATE `quest_poi` SET `AlwaysAllowMergingBlobs`=0 WHERE (`QuestID`=43917 AND `BlobIndex`=0 AND `Idx1`=7); -- The Nighthold: Elisande
UPDATE `quest_poi` SET `AlwaysAllowMergingBlobs`=0 WHERE (`QuestID`=43917 AND `BlobIndex`=0 AND `Idx1`=6); -- The Nighthold: Elisande
UPDATE `quest_poi` SET `AlwaysAllowMergingBlobs`=0 WHERE (`QuestID`=43917 AND `BlobIndex`=0 AND `Idx1`=5); -- The Nighthold: Elisande
UPDATE `quest_poi` SET `AlwaysAllowMergingBlobs`=0 WHERE (`QuestID`=43917 AND `BlobIndex`=0 AND `Idx1`=4); -- The Nighthold: Elisande
UPDATE `quest_poi` SET `AlwaysAllowMergingBlobs`=0 WHERE (`QuestID`=43917 AND `BlobIndex`=0 AND `Idx1`=3); -- The Nighthold: Elisande
UPDATE `quest_poi` SET `AlwaysAllowMergingBlobs`=0 WHERE (`QuestID`=43917 AND `BlobIndex`=0 AND `Idx1`=2); -- The Nighthold: Elisande
UPDATE `quest_poi` SET `AlwaysAllowMergingBlobs`=0 WHERE (`QuestID`=43917 AND `BlobIndex`=0 AND `Idx1`=1); -- The Nighthold: Elisande
UPDATE `quest_poi` SET `AlwaysAllowMergingBlobs`=0 WHERE (`QuestID`=43917 AND `BlobIndex`=0 AND `Idx1`=0); -- The Nighthold: Elisande
UPDATE `quest_poi` SET `AlwaysAllowMergingBlobs`=0 WHERE (`QuestID`=43549 AND `BlobIndex`=0 AND `Idx1`=10); -- The Emerald Nightmare: Il'gynoth
UPDATE `quest_poi` SET `AlwaysAllowMergingBlobs`=0 WHERE (`QuestID`=43549 AND `BlobIndex`=0 AND `Idx1`=9); -- The Emerald Nightmare: Il'gynoth
UPDATE `quest_poi` SET `AlwaysAllowMergingBlobs`=0 WHERE (`QuestID`=43549 AND `BlobIndex`=0 AND `Idx1`=8); -- The Emerald Nightmare: Il'gynoth
UPDATE `quest_poi` SET `AlwaysAllowMergingBlobs`=0 WHERE (`QuestID`=43549 AND `BlobIndex`=0 AND `Idx1`=7); -- The Emerald Nightmare: Il'gynoth
UPDATE `quest_poi` SET `AlwaysAllowMergingBlobs`=0 WHERE (`QuestID`=43549 AND `BlobIndex`=0 AND `Idx1`=6); -- The Emerald Nightmare: Il'gynoth
UPDATE `quest_poi` SET `AlwaysAllowMergingBlobs`=0 WHERE (`QuestID`=43549 AND `BlobIndex`=0 AND `Idx1`=5); -- The Emerald Nightmare: Il'gynoth
UPDATE `quest_poi` SET `AlwaysAllowMergingBlobs`=0 WHERE (`QuestID`=43549 AND `BlobIndex`=0 AND `Idx1`=4); -- The Emerald Nightmare: Il'gynoth
UPDATE `quest_poi` SET `AlwaysAllowMergingBlobs`=0 WHERE (`QuestID`=43549 AND `BlobIndex`=0 AND `Idx1`=3); -- The Emerald Nightmare: Il'gynoth
UPDATE `quest_poi` SET `AlwaysAllowMergingBlobs`=0 WHERE (`QuestID`=43549 AND `BlobIndex`=0 AND `Idx1`=2); -- The Emerald Nightmare: Il'gynoth
UPDATE `quest_poi` SET `AlwaysAllowMergingBlobs`=0 WHERE (`QuestID`=43549 AND `BlobIndex`=0 AND `Idx1`=1); -- The Emerald Nightmare: Il'gynoth
UPDATE `quest_poi` SET `AlwaysAllowMergingBlobs`=0 WHERE (`QuestID`=43549 AND `BlobIndex`=0 AND `Idx1`=0); -- The Emerald Nightmare: Il'gynoth
UPDATE `quest_poi` SET `AlwaysAllowMergingBlobs`=0 WHERE (`QuestID`=40026 AND `BlobIndex`=0 AND `Idx1`=1); -- Chase the Culprit
UPDATE `quest_poi` SET `AlwaysAllowMergingBlobs`=0 WHERE (`QuestID`=40026 AND `BlobIndex`=0 AND `Idx1`=0); -- Chase the Culprit
UPDATE `quest_poi` SET `AlwaysAllowMergingBlobs`=0 WHERE (`QuestID`=47139 AND `BlobIndex`=0 AND `Idx1`=2); -- Mark of the Sentinax
UPDATE `quest_poi` SET `AlwaysAllowMergingBlobs`=0 WHERE (`QuestID`=47139 AND `BlobIndex`=0 AND `Idx1`=1); -- Mark of the Sentinax
UPDATE `quest_poi` SET `AlwaysAllowMergingBlobs`=0 WHERE (`QuestID`=47139 AND `BlobIndex`=0 AND `Idx1`=0); -- Mark of the Sentinax
UPDATE `quest_poi` SET `AlwaysAllowMergingBlobs`=0 WHERE (`QuestID`=44917 AND `BlobIndex`=0 AND `Idx1`=11); -- Return to Karazhan: The Tower of Power
UPDATE `quest_poi` SET `AlwaysAllowMergingBlobs`=0 WHERE (`QuestID`=44917 AND `BlobIndex`=0 AND `Idx1`=10); -- Return to Karazhan: The Tower of Power
UPDATE `quest_poi` SET `AlwaysAllowMergingBlobs`=0 WHERE (`QuestID`=44917 AND `BlobIndex`=0 AND `Idx1`=9); -- Return to Karazhan: The Tower of Power
UPDATE `quest_poi` SET `AlwaysAllowMergingBlobs`=0 WHERE (`QuestID`=44917 AND `BlobIndex`=0 AND `Idx1`=8); -- Return to Karazhan: The Tower of Power
UPDATE `quest_poi` SET `AlwaysAllowMergingBlobs`=0 WHERE (`QuestID`=44917 AND `BlobIndex`=0 AND `Idx1`=7); -- Return to Karazhan: The Tower of Power
UPDATE `quest_poi` SET `AlwaysAllowMergingBlobs`=0 WHERE (`QuestID`=44917 AND `BlobIndex`=0 AND `Idx1`=6); -- Return to Karazhan: The Tower of Power
UPDATE `quest_poi` SET `AlwaysAllowMergingBlobs`=0 WHERE (`QuestID`=44917 AND `BlobIndex`=0 AND `Idx1`=5); -- Return to Karazhan: The Tower of Power
UPDATE `quest_poi` SET `AlwaysAllowMergingBlobs`=0 WHERE (`QuestID`=44917 AND `BlobIndex`=0 AND `Idx1`=4); -- Return to Karazhan: The Tower of Power
UPDATE `quest_poi` SET `AlwaysAllowMergingBlobs`=0 WHERE (`QuestID`=44917 AND `BlobIndex`=0 AND `Idx1`=3); -- Return to Karazhan: The Tower of Power
UPDATE `quest_poi` SET `AlwaysAllowMergingBlobs`=0 WHERE (`QuestID`=44917 AND `BlobIndex`=0 AND `Idx1`=2); -- Return to Karazhan: The Tower of Power
UPDATE `quest_poi` SET `AlwaysAllowMergingBlobs`=0 WHERE (`QuestID`=44917 AND `BlobIndex`=0 AND `Idx1`=1); -- Return to Karazhan: The Tower of Power
UPDATE `quest_poi` SET `AlwaysAllowMergingBlobs`=0 WHERE (`QuestID`=44917 AND `BlobIndex`=0 AND `Idx1`=0); -- Return to Karazhan: The Tower of Power
UPDATE `quest_poi` SET `AlwaysAllowMergingBlobs`=0 WHERE (`QuestID`=44271 AND `BlobIndex`=0 AND `Idx1`=11); -- Eye of Azshara: Into the Eye of Azshara
UPDATE `quest_poi` SET `AlwaysAllowMergingBlobs`=0 WHERE (`QuestID`=44271 AND `BlobIndex`=0 AND `Idx1`=10); -- Eye of Azshara: Into the Eye of Azshara
UPDATE `quest_poi` SET `AlwaysAllowMergingBlobs`=0 WHERE (`QuestID`=44271 AND `BlobIndex`=0 AND `Idx1`=9); -- Eye of Azshara: Into the Eye of Azshara
UPDATE `quest_poi` SET `AlwaysAllowMergingBlobs`=0 WHERE (`QuestID`=44271 AND `BlobIndex`=0 AND `Idx1`=8); -- Eye of Azshara: Into the Eye of Azshara
UPDATE `quest_poi` SET `AlwaysAllowMergingBlobs`=0 WHERE (`QuestID`=44271 AND `BlobIndex`=0 AND `Idx1`=7); -- Eye of Azshara: Into the Eye of Azshara
UPDATE `quest_poi` SET `AlwaysAllowMergingBlobs`=0 WHERE (`QuestID`=44271 AND `BlobIndex`=0 AND `Idx1`=6); -- Eye of Azshara: Into the Eye of Azshara
UPDATE `quest_poi` SET `AlwaysAllowMergingBlobs`=0 WHERE (`QuestID`=44271 AND `BlobIndex`=0 AND `Idx1`=5); -- Eye of Azshara: Into the Eye of Azshara
UPDATE `quest_poi` SET `AlwaysAllowMergingBlobs`=0 WHERE (`QuestID`=44271 AND `BlobIndex`=0 AND `Idx1`=4); -- Eye of Azshara: Into the Eye of Azshara
UPDATE `quest_poi` SET `AlwaysAllowMergingBlobs`=0 WHERE (`QuestID`=44271 AND `BlobIndex`=0 AND `Idx1`=3); -- Eye of Azshara: Into the Eye of Azshara
UPDATE `quest_poi` SET `AlwaysAllowMergingBlobs`=0 WHERE (`QuestID`=44271 AND `BlobIndex`=0 AND `Idx1`=2); -- Eye of Azshara: Into the Eye of Azshara
UPDATE `quest_poi` SET `AlwaysAllowMergingBlobs`=0 WHERE (`QuestID`=44271 AND `BlobIndex`=0 AND `Idx1`=1); -- Eye of Azshara: Into the Eye of Azshara
UPDATE `quest_poi` SET `AlwaysAllowMergingBlobs`=0 WHERE (`QuestID`=44271 AND `BlobIndex`=0 AND `Idx1`=0); -- Eye of Azshara: Into the Eye of Azshara
UPDATE `quest_poi` SET `AlwaysAllowMergingBlobs`=0 WHERE (`QuestID`=43917 AND `BlobIndex`=0 AND `Idx1`=10); -- The Nighthold: Elisande
UPDATE `quest_poi` SET `AlwaysAllowMergingBlobs`=0 WHERE (`QuestID`=43917 AND `BlobIndex`=0 AND `Idx1`=9); -- The Nighthold: Elisande
UPDATE `quest_poi` SET `AlwaysAllowMergingBlobs`=0 WHERE (`QuestID`=43917 AND `BlobIndex`=0 AND `Idx1`=8); -- The Nighthold: Elisande
UPDATE `quest_poi` SET `AlwaysAllowMergingBlobs`=0 WHERE (`QuestID`=43917 AND `BlobIndex`=0 AND `Idx1`=7); -- The Nighthold: Elisande
UPDATE `quest_poi` SET `AlwaysAllowMergingBlobs`=0 WHERE (`QuestID`=43917 AND `BlobIndex`=0 AND `Idx1`=6); -- The Nighthold: Elisande
UPDATE `quest_poi` SET `AlwaysAllowMergingBlobs`=0 WHERE (`QuestID`=43917 AND `BlobIndex`=0 AND `Idx1`=5); -- The Nighthold: Elisande
UPDATE `quest_poi` SET `AlwaysAllowMergingBlobs`=0 WHERE (`QuestID`=43917 AND `BlobIndex`=0 AND `Idx1`=4); -- The Nighthold: Elisande
UPDATE `quest_poi` SET `AlwaysAllowMergingBlobs`=0 WHERE (`QuestID`=43917 AND `BlobIndex`=0 AND `Idx1`=3); -- The Nighthold: Elisande
UPDATE `quest_poi` SET `AlwaysAllowMergingBlobs`=0 WHERE (`QuestID`=43917 AND `BlobIndex`=0 AND `Idx1`=2); -- The Nighthold: Elisande
UPDATE `quest_poi` SET `AlwaysAllowMergingBlobs`=0 WHERE (`QuestID`=43917 AND `BlobIndex`=0 AND `Idx1`=1); -- The Nighthold: Elisande
UPDATE `quest_poi` SET `AlwaysAllowMergingBlobs`=0 WHERE (`QuestID`=43917 AND `BlobIndex`=0 AND `Idx1`=0); -- The Nighthold: Elisande
UPDATE `quest_poi` SET `AlwaysAllowMergingBlobs`=0 WHERE (`QuestID`=43549 AND `BlobIndex`=0 AND `Idx1`=10); -- The Emerald Nightmare: Il'gynoth
UPDATE `quest_poi` SET `AlwaysAllowMergingBlobs`=0 WHERE (`QuestID`=43549 AND `BlobIndex`=0 AND `Idx1`=9); -- The Emerald Nightmare: Il'gynoth
UPDATE `quest_poi` SET `AlwaysAllowMergingBlobs`=0 WHERE (`QuestID`=43549 AND `BlobIndex`=0 AND `Idx1`=8); -- The Emerald Nightmare: Il'gynoth
UPDATE `quest_poi` SET `AlwaysAllowMergingBlobs`=0 WHERE (`QuestID`=43549 AND `BlobIndex`=0 AND `Idx1`=7); -- The Emerald Nightmare: Il'gynoth
UPDATE `quest_poi` SET `AlwaysAllowMergingBlobs`=0 WHERE (`QuestID`=43549 AND `BlobIndex`=0 AND `Idx1`=6); -- The Emerald Nightmare: Il'gynoth
UPDATE `quest_poi` SET `AlwaysAllowMergingBlobs`=0 WHERE (`QuestID`=43549 AND `BlobIndex`=0 AND `Idx1`=5); -- The Emerald Nightmare: Il'gynoth
UPDATE `quest_poi` SET `AlwaysAllowMergingBlobs`=0 WHERE (`QuestID`=43549 AND `BlobIndex`=0 AND `Idx1`=4); -- The Emerald Nightmare: Il'gynoth
UPDATE `quest_poi` SET `AlwaysAllowMergingBlobs`=0 WHERE (`QuestID`=43549 AND `BlobIndex`=0 AND `Idx1`=3); -- The Emerald Nightmare: Il'gynoth
UPDATE `quest_poi` SET `AlwaysAllowMergingBlobs`=0 WHERE (`QuestID`=43549 AND `BlobIndex`=0 AND `Idx1`=2); -- The Emerald Nightmare: Il'gynoth
UPDATE `quest_poi` SET `AlwaysAllowMergingBlobs`=0 WHERE (`QuestID`=43549 AND `BlobIndex`=0 AND `Idx1`=1); -- The Emerald Nightmare: Il'gynoth
UPDATE `quest_poi` SET `AlwaysAllowMergingBlobs`=0 WHERE (`QuestID`=43549 AND `BlobIndex`=0 AND `Idx1`=0); -- The Emerald Nightmare: Il'gynoth
UPDATE `quest_poi` SET `AlwaysAllowMergingBlobs`=0 WHERE (`QuestID`=40026 AND `BlobIndex`=0 AND `Idx1`=1); -- Chase the Culprit
UPDATE `quest_poi` SET `AlwaysAllowMergingBlobs`=0 WHERE (`QuestID`=40026 AND `BlobIndex`=0 AND `Idx1`=0); -- Chase the Culprit
UPDATE `quest_poi` SET `AlwaysAllowMergingBlobs`=0 WHERE (`QuestID`=45238 AND `BlobIndex`=0 AND `Idx1`=2); -- Return to Karazhan: Cubic Cynosure
UPDATE `quest_poi` SET `AlwaysAllowMergingBlobs`=0 WHERE (`QuestID`=45238 AND `BlobIndex`=0 AND `Idx1`=1); -- Return to Karazhan: Cubic Cynosure
UPDATE `quest_poi` SET `AlwaysAllowMergingBlobs`=0 WHERE (`QuestID`=45238 AND `BlobIndex`=0 AND `Idx1`=0); -- Return to Karazhan: Cubic Cynosure
UPDATE `quest_poi` SET `AlwaysAllowMergingBlobs`=0, `VerifiedBuild`=25996 WHERE (`QuestID`=41778 AND `BlobIndex`=0 AND `Idx1`=2); -- Firing Up the Forge
UPDATE `quest_poi` SET `AlwaysAllowMergingBlobs`=0, `VerifiedBuild`=25996 WHERE (`QuestID`=41778 AND `BlobIndex`=0 AND `Idx1`=1); -- Firing Up the Forge
UPDATE `quest_poi` SET `AlwaysAllowMergingBlobs`=0, `VerifiedBuild`=25996 WHERE (`QuestID`=41778 AND `BlobIndex`=0 AND `Idx1`=0); -- Firing Up the Forge
UPDATE `quest_poi` SET `AlwaysAllowMergingBlobs`=0 WHERE (`QuestID`=46744 AND `BlobIndex`=0 AND `Idx1`=1); -- Greater Power for Greater Threats
UPDATE `quest_poi` SET `AlwaysAllowMergingBlobs`=0 WHERE (`QuestID`=46744 AND `BlobIndex`=0 AND `Idx1`=0); -- Greater Power for Greater Threats
UPDATE `quest_poi` SET `AlwaysAllowMergingBlobs`=0 WHERE (`QuestID`=47330 AND `BlobIndex`=0 AND `Idx1`=5); -- Whispers of a Frightened World
UPDATE `quest_poi` SET `AlwaysAllowMergingBlobs`=0 WHERE (`QuestID`=47330 AND `BlobIndex`=0 AND `Idx1`=4); -- Whispers of a Frightened World
UPDATE `quest_poi` SET `AlwaysAllowMergingBlobs`=0 WHERE (`QuestID`=47330 AND `BlobIndex`=0 AND `Idx1`=3); -- Whispers of a Frightened World
UPDATE `quest_poi` SET `AlwaysAllowMergingBlobs`=0 WHERE (`QuestID`=47330 AND `BlobIndex`=0 AND `Idx1`=2); -- Whispers of a Frightened World
UPDATE `quest_poi` SET `AlwaysAllowMergingBlobs`=0 WHERE (`QuestID`=47330 AND `BlobIndex`=0 AND `Idx1`=1); -- Whispers of a Frightened World
UPDATE `quest_poi` SET `AlwaysAllowMergingBlobs`=0 WHERE (`QuestID`=47330 AND `BlobIndex`=0 AND `Idx1`=0); -- Whispers of a Frightened World
UPDATE `quest_poi` SET `AlwaysAllowMergingBlobs`=0 WHERE (`QuestID`=48639 AND `BlobIndex`=2 AND `Idx1`=2); -- Army of the Light
UPDATE `quest_poi` SET `AlwaysAllowMergingBlobs`=0 WHERE (`QuestID`=48639 AND `BlobIndex`=1 AND `Idx1`=1); -- Army of the Light
UPDATE `quest_poi` SET `AlwaysAllowMergingBlobs`=0 WHERE (`QuestID`=48639 AND `BlobIndex`=0 AND `Idx1`=0); -- Army of the Light
UPDATE `quest_poi` SET `AlwaysAllowMergingBlobs`=0 WHERE (`QuestID`=42422 AND `BlobIndex`=0 AND `Idx1`=0); -- The Wardens
UPDATE `quest_poi` SET `AlwaysAllowMergingBlobs`=0 WHERE (`QuestID`=48639 AND `BlobIndex`=2 AND `Idx1`=2); -- Army of the Light
UPDATE `quest_poi` SET `AlwaysAllowMergingBlobs`=0 WHERE (`QuestID`=48639 AND `BlobIndex`=1 AND `Idx1`=1); -- Army of the Light
UPDATE `quest_poi` SET `AlwaysAllowMergingBlobs`=0 WHERE (`QuestID`=48639 AND `BlobIndex`=0 AND `Idx1`=0); -- Army of the Light
UPDATE `quest_poi` SET `AlwaysAllowMergingBlobs`=0 WHERE (`QuestID`=42422 AND `BlobIndex`=0 AND `Idx1`=0); -- The Wardens
UPDATE `quest_poi` SET `AlwaysAllowMergingBlobs`=0 WHERE (`QuestID`=48639 AND `BlobIndex`=2 AND `Idx1`=2); -- Army of the Light
UPDATE `quest_poi` SET `AlwaysAllowMergingBlobs`=0 WHERE (`QuestID`=48639 AND `BlobIndex`=1 AND `Idx1`=1); -- Army of the Light
UPDATE `quest_poi` SET `AlwaysAllowMergingBlobs`=0 WHERE (`QuestID`=48639 AND `BlobIndex`=0 AND `Idx1`=0); -- Army of the Light
UPDATE `quest_poi` SET `AlwaysAllowMergingBlobs`=0 WHERE (`QuestID`=42422 AND `BlobIndex`=0 AND `Idx1`=0); -- The Wardens
UPDATE `quest_poi` SET `AlwaysAllowMergingBlobs`=0 WHERE (`QuestID`=48639 AND `BlobIndex`=2 AND `Idx1`=2); -- Army of the Light
UPDATE `quest_poi` SET `AlwaysAllowMergingBlobs`=0 WHERE (`QuestID`=48639 AND `BlobIndex`=1 AND `Idx1`=1); -- Army of the Light
UPDATE `quest_poi` SET `AlwaysAllowMergingBlobs`=0 WHERE (`QuestID`=48639 AND `BlobIndex`=0 AND `Idx1`=0); -- Army of the Light
UPDATE `quest_poi` SET `AlwaysAllowMergingBlobs`=0 WHERE (`QuestID`=42422 AND `BlobIndex`=0 AND `Idx1`=0); -- The Wardens
UPDATE `quest_poi` SET `AlwaysAllowMergingBlobs`=0 WHERE (`QuestID`=46244 AND `BlobIndex`=0 AND `Idx1`=3); -- Cathedral of Eternal Night: Altar of the Aegis
UPDATE `quest_poi` SET `AlwaysAllowMergingBlobs`=0 WHERE (`QuestID`=46244 AND `BlobIndex`=1 AND `Idx1`=2); -- Cathedral of Eternal Night: Altar of the Aegis
UPDATE `quest_poi` SET `AlwaysAllowMergingBlobs`=0 WHERE (`QuestID`=46244 AND `BlobIndex`=0 AND `Idx1`=1); -- Cathedral of Eternal Night: Altar of the Aegis
UPDATE `quest_poi` SET `AlwaysAllowMergingBlobs`=0 WHERE (`QuestID`=46244 AND `BlobIndex`=0 AND `Idx1`=0); -- Cathedral of Eternal Night: Altar of the Aegis
UPDATE `quest_poi` SET `AlwaysAllowMergingBlobs`=0, `VerifiedBuild`=25996 WHERE (`QuestID`=45422 AND `BlobIndex`=0 AND `Idx1`=2); -- Edict of the God-King
UPDATE `quest_poi` SET `AlwaysAllowMergingBlobs`=0, `VerifiedBuild`=25996 WHERE (`QuestID`=45422 AND `BlobIndex`=1 AND `Idx1`=1); -- Edict of the God-King
UPDATE `quest_poi` SET `AlwaysAllowMergingBlobs`=0, `VerifiedBuild`=25996 WHERE (`QuestID`=45422 AND `BlobIndex`=0 AND `Idx1`=0); -- Edict of the God-King
UPDATE `quest_poi` SET `AlwaysAllowMergingBlobs`=0 WHERE (`QuestID`=45238 AND `BlobIndex`=0 AND `Idx1`=2); -- Return to Karazhan: Cubic Cynosure
UPDATE `quest_poi` SET `AlwaysAllowMergingBlobs`=0 WHERE (`QuestID`=45238 AND `BlobIndex`=0 AND `Idx1`=1); -- Return to Karazhan: Cubic Cynosure
UPDATE `quest_poi` SET `AlwaysAllowMergingBlobs`=0 WHERE (`QuestID`=45238 AND `BlobIndex`=0 AND `Idx1`=0); -- Return to Karazhan: Cubic Cynosure
UPDATE `quest_poi` SET `AlwaysAllowMergingBlobs`=0 WHERE (`QuestID`=45175 AND `BlobIndex`=0 AND `Idx1`=1); -- Soul Prism of the Illidari
UPDATE `quest_poi` SET `AlwaysAllowMergingBlobs`=0 WHERE (`QuestID`=45175 AND `BlobIndex`=0 AND `Idx1`=0); -- Soul Prism of the Illidari
UPDATE `quest_poi` SET `AlwaysAllowMergingBlobs`=0 WHERE (`QuestID`=45172 AND `BlobIndex`=0 AND `Idx1`=11); -- To Battle!
UPDATE `quest_poi` SET `AlwaysAllowMergingBlobs`=0 WHERE (`QuestID`=45172 AND `BlobIndex`=0 AND `Idx1`=10); -- To Battle!
UPDATE `quest_poi` SET `AlwaysAllowMergingBlobs`=0 WHERE (`QuestID`=45172 AND `BlobIndex`=0 AND `Idx1`=9); -- To Battle!
UPDATE `quest_poi` SET `AlwaysAllowMergingBlobs`=0 WHERE (`QuestID`=45172 AND `BlobIndex`=0 AND `Idx1`=8); -- To Battle!
UPDATE `quest_poi` SET `AlwaysAllowMergingBlobs`=0 WHERE (`QuestID`=45172 AND `BlobIndex`=0 AND `Idx1`=7); -- To Battle!
UPDATE `quest_poi` SET `AlwaysAllowMergingBlobs`=0 WHERE (`QuestID`=45172 AND `BlobIndex`=0 AND `Idx1`=6); -- To Battle!
UPDATE `quest_poi` SET `AlwaysAllowMergingBlobs`=0 WHERE (`QuestID`=45172 AND `BlobIndex`=0 AND `Idx1`=5); -- To Battle!
UPDATE `quest_poi` SET `AlwaysAllowMergingBlobs`=0 WHERE (`QuestID`=45172 AND `BlobIndex`=0 AND `Idx1`=4); -- To Battle!
UPDATE `quest_poi` SET `AlwaysAllowMergingBlobs`=0 WHERE (`QuestID`=45172 AND `BlobIndex`=0 AND `Idx1`=3); -- To Battle!
UPDATE `quest_poi` SET `AlwaysAllowMergingBlobs`=0 WHERE (`QuestID`=45172 AND `BlobIndex`=0 AND `Idx1`=2); -- To Battle!
UPDATE `quest_poi` SET `AlwaysAllowMergingBlobs`=0 WHERE (`QuestID`=45172 AND `BlobIndex`=0 AND `Idx1`=1); -- To Battle!
UPDATE `quest_poi` SET `AlwaysAllowMergingBlobs`=0 WHERE (`QuestID`=45172 AND `BlobIndex`=0 AND `Idx1`=0); -- To Battle!
UPDATE `quest_poi` SET `AlwaysAllowMergingBlobs`=0 WHERE (`QuestID`=45088 AND `BlobIndex`=1 AND `Idx1`=2); -- Trial of Valor: The Lost Army
UPDATE `quest_poi` SET `AlwaysAllowMergingBlobs`=0 WHERE (`QuestID`=45088 AND `BlobIndex`=0 AND `Idx1`=1); -- Trial of Valor: The Lost Army
UPDATE `quest_poi` SET `AlwaysAllowMergingBlobs`=0 WHERE (`QuestID`=45088 AND `BlobIndex`=0 AND `Idx1`=0); -- Trial of Valor: The Lost Army
UPDATE `quest_poi` SET `AlwaysAllowMergingBlobs`=0 WHERE (`QuestID`=44283 AND `BlobIndex`=0 AND `Idx1`=0); -- The Emerald Nightmare: Piercing the Veil
UPDATE `quest_poi` SET `AlwaysAllowMergingBlobs`=0 WHERE (`QuestID`=43903 AND `BlobIndex`=0 AND `Idx1`=10); -- The Emerald Nightmare: Xavius
UPDATE `quest_poi` SET `AlwaysAllowMergingBlobs`=0 WHERE (`QuestID`=43903 AND `BlobIndex`=0 AND `Idx1`=9); -- The Emerald Nightmare: Xavius
UPDATE `quest_poi` SET `AlwaysAllowMergingBlobs`=0 WHERE (`QuestID`=43903 AND `BlobIndex`=0 AND `Idx1`=8); -- The Emerald Nightmare: Xavius
UPDATE `quest_poi` SET `AlwaysAllowMergingBlobs`=0 WHERE (`QuestID`=43903 AND `BlobIndex`=0 AND `Idx1`=7); -- The Emerald Nightmare: Xavius
UPDATE `quest_poi` SET `AlwaysAllowMergingBlobs`=0 WHERE (`QuestID`=43903 AND `BlobIndex`=0 AND `Idx1`=6); -- The Emerald Nightmare: Xavius
UPDATE `quest_poi` SET `AlwaysAllowMergingBlobs`=0 WHERE (`QuestID`=43903 AND `BlobIndex`=0 AND `Idx1`=5); -- The Emerald Nightmare: Xavius
UPDATE `quest_poi` SET `AlwaysAllowMergingBlobs`=0 WHERE (`QuestID`=43903 AND `BlobIndex`=0 AND `Idx1`=4); -- The Emerald Nightmare: Xavius
UPDATE `quest_poi` SET `AlwaysAllowMergingBlobs`=0 WHERE (`QuestID`=43903 AND `BlobIndex`=0 AND `Idx1`=3); -- The Emerald Nightmare: Xavius
UPDATE `quest_poi` SET `AlwaysAllowMergingBlobs`=0 WHERE (`QuestID`=43903 AND `BlobIndex`=0 AND `Idx1`=2); -- The Emerald Nightmare: Xavius
UPDATE `quest_poi` SET `AlwaysAllowMergingBlobs`=0 WHERE (`QuestID`=43903 AND `BlobIndex`=0 AND `Idx1`=1); -- The Emerald Nightmare: Xavius
UPDATE `quest_poi` SET `AlwaysAllowMergingBlobs`=0 WHERE (`QuestID`=43903 AND `BlobIndex`=0 AND `Idx1`=0); -- The Emerald Nightmare: Xavius
UPDATE `quest_poi` SET `AlwaysAllowMergingBlobs`=0 WHERE (`QuestID`=42840 AND `BlobIndex`=0 AND `Idx1`=2); -- If Words Don't Work...
UPDATE `quest_poi` SET `AlwaysAllowMergingBlobs`=0 WHERE (`QuestID`=42840 AND `BlobIndex`=0 AND `Idx1`=1); -- If Words Don't Work...
UPDATE `quest_poi` SET `AlwaysAllowMergingBlobs`=0 WHERE (`QuestID`=42840 AND `BlobIndex`=0 AND `Idx1`=0); -- If Words Don't Work...
UPDATE `quest_poi` SET `AlwaysAllowMergingBlobs`=0 WHERE (`QuestID`=40668 AND `BlobIndex`=0 AND `Idx1`=5); -- Eye of Azshara: The Heart of Zin-Azshari
UPDATE `quest_poi` SET `AlwaysAllowMergingBlobs`=0 WHERE (`QuestID`=40668 AND `BlobIndex`=1 AND `Idx1`=4); -- Eye of Azshara: The Heart of Zin-Azshari
UPDATE `quest_poi` SET `AlwaysAllowMergingBlobs`=0 WHERE (`QuestID`=40668 AND `BlobIndex`=0 AND `Idx1`=3); -- Eye of Azshara: The Heart of Zin-Azshari
UPDATE `quest_poi` SET `AlwaysAllowMergingBlobs`=0 WHERE (`QuestID`=40668 AND `BlobIndex`=1 AND `Idx1`=2); -- Eye of Azshara: The Heart of Zin-Azshari
UPDATE `quest_poi` SET `AlwaysAllowMergingBlobs`=0 WHERE (`QuestID`=40668 AND `BlobIndex`=0 AND `Idx1`=1); -- Eye of Azshara: The Heart of Zin-Azshari
UPDATE `quest_poi` SET `AlwaysAllowMergingBlobs`=0 WHERE (`QuestID`=40668 AND `BlobIndex`=0 AND `Idx1`=0); -- Eye of Azshara: The Heart of Zin-Azshari
UPDATE `quest_poi` SET `AlwaysAllowMergingBlobs`=0 WHERE (`QuestID`=40019 AND `BlobIndex`=0 AND `Idx1`=1); -- An Empathetic Herb
UPDATE `quest_poi` SET `AlwaysAllowMergingBlobs`=0 WHERE (`QuestID`=40019 AND `BlobIndex`=0 AND `Idx1`=0); -- An Empathetic Herb
UPDATE `quest_poi` SET `AlwaysAllowMergingBlobs`=0 WHERE (`QuestID`=40016 AND `BlobIndex`=0 AND `Idx1`=3); -- Desperation Breeds Ingenuity
UPDATE `quest_poi` SET `AlwaysAllowMergingBlobs`=0 WHERE (`QuestID`=40016 AND `BlobIndex`=1 AND `Idx1`=2); -- Desperation Breeds Ingenuity
UPDATE `quest_poi` SET `AlwaysAllowMergingBlobs`=0 WHERE (`QuestID`=40016 AND `BlobIndex`=0 AND `Idx1`=1); -- Desperation Breeds Ingenuity
UPDATE `quest_poi` SET `AlwaysAllowMergingBlobs`=0 WHERE (`QuestID`=40016 AND `BlobIndex`=0 AND `Idx1`=0); -- Desperation Breeds Ingenuity
UPDATE `quest_poi` SET `AlwaysAllowMergingBlobs`=0 WHERE (`QuestID`=39349 AND `BlobIndex`=0 AND `Idx1`=6); -- Black Rook Hold: Heavy, But Helpful
UPDATE `quest_poi` SET `AlwaysAllowMergingBlobs`=0 WHERE (`QuestID`=39349 AND `BlobIndex`=1 AND `Idx1`=5); -- Black Rook Hold: Heavy, But Helpful
UPDATE `quest_poi` SET `AlwaysAllowMergingBlobs`=0 WHERE (`QuestID`=39349 AND `BlobIndex`=0 AND `Idx1`=4); -- Black Rook Hold: Heavy, But Helpful
UPDATE `quest_poi` SET `AlwaysAllowMergingBlobs`=0 WHERE (`QuestID`=39349 AND `BlobIndex`=1 AND `Idx1`=3); -- Black Rook Hold: Heavy, But Helpful
UPDATE `quest_poi` SET `AlwaysAllowMergingBlobs`=0 WHERE (`QuestID`=39349 AND `BlobIndex`=0 AND `Idx1`=2); -- Black Rook Hold: Heavy, But Helpful
UPDATE `quest_poi` SET `AlwaysAllowMergingBlobs`=0 WHERE (`QuestID`=39349 AND `BlobIndex`=0 AND `Idx1`=1); -- Black Rook Hold: Heavy, But Helpful
UPDATE `quest_poi` SET `AlwaysAllowMergingBlobs`=0 WHERE (`QuestID`=39349 AND `BlobIndex`=0 AND `Idx1`=0); -- Black Rook Hold: Heavy, But Helpful
UPDATE `quest_poi` SET `AlwaysAllowMergingBlobs`=0 WHERE (`QuestID`=46244 AND `BlobIndex`=0 AND `Idx1`=3); -- Cathedral of Eternal Night: Altar of the Aegis
UPDATE `quest_poi` SET `AlwaysAllowMergingBlobs`=0 WHERE (`QuestID`=46244 AND `BlobIndex`=1 AND `Idx1`=2); -- Cathedral of Eternal Night: Altar of the Aegis
UPDATE `quest_poi` SET `AlwaysAllowMergingBlobs`=0 WHERE (`QuestID`=46244 AND `BlobIndex`=0 AND `Idx1`=1); -- Cathedral of Eternal Night: Altar of the Aegis
UPDATE `quest_poi` SET `AlwaysAllowMergingBlobs`=0 WHERE (`QuestID`=46244 AND `BlobIndex`=0 AND `Idx1`=0); -- Cathedral of Eternal Night: Altar of the Aegis
UPDATE `quest_poi` SET `AlwaysAllowMergingBlobs`=0, `VerifiedBuild`=25996 WHERE (`QuestID`=45422 AND `BlobIndex`=0 AND `Idx1`=2); -- Edict of the God-King
UPDATE `quest_poi` SET `AlwaysAllowMergingBlobs`=0, `VerifiedBuild`=25996 WHERE (`QuestID`=45422 AND `BlobIndex`=1 AND `Idx1`=1); -- Edict of the God-King
UPDATE `quest_poi` SET `AlwaysAllowMergingBlobs`=0, `VerifiedBuild`=25996 WHERE (`QuestID`=45422 AND `BlobIndex`=0 AND `Idx1`=0); -- Edict of the God-King
UPDATE `quest_poi` SET `AlwaysAllowMergingBlobs`=0 WHERE (`QuestID`=45238 AND `BlobIndex`=0 AND `Idx1`=2); -- Return to Karazhan: Cubic Cynosure
UPDATE `quest_poi` SET `AlwaysAllowMergingBlobs`=0 WHERE (`QuestID`=45238 AND `BlobIndex`=0 AND `Idx1`=1); -- Return to Karazhan: Cubic Cynosure
UPDATE `quest_poi` SET `AlwaysAllowMergingBlobs`=0 WHERE (`QuestID`=45238 AND `BlobIndex`=0 AND `Idx1`=0); -- Return to Karazhan: Cubic Cynosure
UPDATE `quest_poi` SET `AlwaysAllowMergingBlobs`=0 WHERE (`QuestID`=45175 AND `BlobIndex`=0 AND `Idx1`=1); -- Soul Prism of the Illidari
UPDATE `quest_poi` SET `AlwaysAllowMergingBlobs`=0 WHERE (`QuestID`=45175 AND `BlobIndex`=0 AND `Idx1`=0); -- Soul Prism of the Illidari
UPDATE `quest_poi` SET `AlwaysAllowMergingBlobs`=0 WHERE (`QuestID`=45172 AND `BlobIndex`=0 AND `Idx1`=11); -- To Battle!
UPDATE `quest_poi` SET `AlwaysAllowMergingBlobs`=0 WHERE (`QuestID`=45172 AND `BlobIndex`=0 AND `Idx1`=10); -- To Battle!
UPDATE `quest_poi` SET `AlwaysAllowMergingBlobs`=0 WHERE (`QuestID`=45172 AND `BlobIndex`=0 AND `Idx1`=9); -- To Battle!
UPDATE `quest_poi` SET `AlwaysAllowMergingBlobs`=0 WHERE (`QuestID`=45172 AND `BlobIndex`=0 AND `Idx1`=8); -- To Battle!
UPDATE `quest_poi` SET `AlwaysAllowMergingBlobs`=0 WHERE (`QuestID`=45172 AND `BlobIndex`=0 AND `Idx1`=7); -- To Battle!
UPDATE `quest_poi` SET `AlwaysAllowMergingBlobs`=0 WHERE (`QuestID`=45172 AND `BlobIndex`=0 AND `Idx1`=6); -- To Battle!
UPDATE `quest_poi` SET `AlwaysAllowMergingBlobs`=0 WHERE (`QuestID`=45172 AND `BlobIndex`=0 AND `Idx1`=5); -- To Battle!
UPDATE `quest_poi` SET `AlwaysAllowMergingBlobs`=0 WHERE (`QuestID`=45172 AND `BlobIndex`=0 AND `Idx1`=4); -- To Battle!
UPDATE `quest_poi` SET `AlwaysAllowMergingBlobs`=0 WHERE (`QuestID`=45172 AND `BlobIndex`=0 AND `Idx1`=3); -- To Battle!
UPDATE `quest_poi` SET `AlwaysAllowMergingBlobs`=0 WHERE (`QuestID`=45172 AND `BlobIndex`=0 AND `Idx1`=2); -- To Battle!
UPDATE `quest_poi` SET `AlwaysAllowMergingBlobs`=0 WHERE (`QuestID`=45172 AND `BlobIndex`=0 AND `Idx1`=1); -- To Battle!
UPDATE `quest_poi` SET `AlwaysAllowMergingBlobs`=0 WHERE (`QuestID`=45172 AND `BlobIndex`=0 AND `Idx1`=0); -- To Battle!
UPDATE `quest_poi` SET `AlwaysAllowMergingBlobs`=0 WHERE (`QuestID`=45088 AND `BlobIndex`=1 AND `Idx1`=2); -- Trial of Valor: The Lost Army
UPDATE `quest_poi` SET `AlwaysAllowMergingBlobs`=0 WHERE (`QuestID`=45088 AND `BlobIndex`=0 AND `Idx1`=1); -- Trial of Valor: The Lost Army
UPDATE `quest_poi` SET `AlwaysAllowMergingBlobs`=0 WHERE (`QuestID`=45088 AND `BlobIndex`=0 AND `Idx1`=0); -- Trial of Valor: The Lost Army
UPDATE `quest_poi` SET `AlwaysAllowMergingBlobs`=0 WHERE (`QuestID`=44283 AND `BlobIndex`=0 AND `Idx1`=0); -- The Emerald Nightmare: Piercing the Veil
UPDATE `quest_poi` SET `AlwaysAllowMergingBlobs`=0 WHERE (`QuestID`=43903 AND `BlobIndex`=0 AND `Idx1`=10); -- The Emerald Nightmare: Xavius
UPDATE `quest_poi` SET `AlwaysAllowMergingBlobs`=0 WHERE (`QuestID`=43903 AND `BlobIndex`=0 AND `Idx1`=9); -- The Emerald Nightmare: Xavius
UPDATE `quest_poi` SET `AlwaysAllowMergingBlobs`=0 WHERE (`QuestID`=43903 AND `BlobIndex`=0 AND `Idx1`=8); -- The Emerald Nightmare: Xavius
UPDATE `quest_poi` SET `AlwaysAllowMergingBlobs`=0 WHERE (`QuestID`=43903 AND `BlobIndex`=0 AND `Idx1`=7); -- The Emerald Nightmare: Xavius
UPDATE `quest_poi` SET `AlwaysAllowMergingBlobs`=0 WHERE (`QuestID`=43903 AND `BlobIndex`=0 AND `Idx1`=6); -- The Emerald Nightmare: Xavius
UPDATE `quest_poi` SET `AlwaysAllowMergingBlobs`=0 WHERE (`QuestID`=43903 AND `BlobIndex`=0 AND `Idx1`=5); -- The Emerald Nightmare: Xavius
UPDATE `quest_poi` SET `AlwaysAllowMergingBlobs`=0 WHERE (`QuestID`=43903 AND `BlobIndex`=0 AND `Idx1`=4); -- The Emerald Nightmare: Xavius
UPDATE `quest_poi` SET `AlwaysAllowMergingBlobs`=0 WHERE (`QuestID`=43903 AND `BlobIndex`=0 AND `Idx1`=3); -- The Emerald Nightmare: Xavius
UPDATE `quest_poi` SET `AlwaysAllowMergingBlobs`=0 WHERE (`QuestID`=43903 AND `BlobIndex`=0 AND `Idx1`=2); -- The Emerald Nightmare: Xavius
UPDATE `quest_poi` SET `AlwaysAllowMergingBlobs`=0 WHERE (`QuestID`=43903 AND `BlobIndex`=0 AND `Idx1`=1); -- The Emerald Nightmare: Xavius
UPDATE `quest_poi` SET `AlwaysAllowMergingBlobs`=0 WHERE (`QuestID`=43903 AND `BlobIndex`=0 AND `Idx1`=0); -- The Emerald Nightmare: Xavius
UPDATE `quest_poi` SET `AlwaysAllowMergingBlobs`=0 WHERE (`QuestID`=42840 AND `BlobIndex`=0 AND `Idx1`=2); -- If Words Don't Work...
UPDATE `quest_poi` SET `AlwaysAllowMergingBlobs`=0 WHERE (`QuestID`=42840 AND `BlobIndex`=0 AND `Idx1`=1); -- If Words Don't Work...
UPDATE `quest_poi` SET `AlwaysAllowMergingBlobs`=0 WHERE (`QuestID`=42840 AND `BlobIndex`=0 AND `Idx1`=0); -- If Words Don't Work...
UPDATE `quest_poi` SET `AlwaysAllowMergingBlobs`=0 WHERE (`QuestID`=40668 AND `BlobIndex`=0 AND `Idx1`=5); -- Eye of Azshara: The Heart of Zin-Azshari
UPDATE `quest_poi` SET `AlwaysAllowMergingBlobs`=0 WHERE (`QuestID`=40668 AND `BlobIndex`=1 AND `Idx1`=4); -- Eye of Azshara: The Heart of Zin-Azshari
UPDATE `quest_poi` SET `AlwaysAllowMergingBlobs`=0 WHERE (`QuestID`=40668 AND `BlobIndex`=0 AND `Idx1`=3); -- Eye of Azshara: The Heart of Zin-Azshari
UPDATE `quest_poi` SET `AlwaysAllowMergingBlobs`=0 WHERE (`QuestID`=40668 AND `BlobIndex`=1 AND `Idx1`=2); -- Eye of Azshara: The Heart of Zin-Azshari
UPDATE `quest_poi` SET `AlwaysAllowMergingBlobs`=0 WHERE (`QuestID`=40668 AND `BlobIndex`=0 AND `Idx1`=1); -- Eye of Azshara: The Heart of Zin-Azshari
UPDATE `quest_poi` SET `AlwaysAllowMergingBlobs`=0 WHERE (`QuestID`=40668 AND `BlobIndex`=0 AND `Idx1`=0); -- Eye of Azshara: The Heart of Zin-Azshari
UPDATE `quest_poi` SET `AlwaysAllowMergingBlobs`=0 WHERE (`QuestID`=40019 AND `BlobIndex`=0 AND `Idx1`=1); -- An Empathetic Herb
UPDATE `quest_poi` SET `AlwaysAllowMergingBlobs`=0 WHERE (`QuestID`=40019 AND `BlobIndex`=0 AND `Idx1`=0); -- An Empathetic Herb
UPDATE `quest_poi` SET `AlwaysAllowMergingBlobs`=0 WHERE (`QuestID`=40016 AND `BlobIndex`=0 AND `Idx1`=3); -- Desperation Breeds Ingenuity
UPDATE `quest_poi` SET `AlwaysAllowMergingBlobs`=0 WHERE (`QuestID`=40016 AND `BlobIndex`=1 AND `Idx1`=2); -- Desperation Breeds Ingenuity
UPDATE `quest_poi` SET `AlwaysAllowMergingBlobs`=0 WHERE (`QuestID`=40016 AND `BlobIndex`=0 AND `Idx1`=1); -- Desperation Breeds Ingenuity
UPDATE `quest_poi` SET `AlwaysAllowMergingBlobs`=0 WHERE (`QuestID`=40016 AND `BlobIndex`=0 AND `Idx1`=0); -- Desperation Breeds Ingenuity
UPDATE `quest_poi` SET `AlwaysAllowMergingBlobs`=0 WHERE (`QuestID`=39349 AND `BlobIndex`=0 AND `Idx1`=6); -- Black Rook Hold: Heavy, But Helpful
UPDATE `quest_poi` SET `AlwaysAllowMergingBlobs`=0 WHERE (`QuestID`=39349 AND `BlobIndex`=1 AND `Idx1`=5); -- Black Rook Hold: Heavy, But Helpful
UPDATE `quest_poi` SET `AlwaysAllowMergingBlobs`=0 WHERE (`QuestID`=39349 AND `BlobIndex`=0 AND `Idx1`=4); -- Black Rook Hold: Heavy, But Helpful
UPDATE `quest_poi` SET `AlwaysAllowMergingBlobs`=0 WHERE (`QuestID`=39349 AND `BlobIndex`=1 AND `Idx1`=3); -- Black Rook Hold: Heavy, But Helpful
UPDATE `quest_poi` SET `AlwaysAllowMergingBlobs`=0 WHERE (`QuestID`=39349 AND `BlobIndex`=0 AND `Idx1`=2); -- Black Rook Hold: Heavy, But Helpful
UPDATE `quest_poi` SET `AlwaysAllowMergingBlobs`=0 WHERE (`QuestID`=39349 AND `BlobIndex`=0 AND `Idx1`=1); -- Black Rook Hold: Heavy, But Helpful
UPDATE `quest_poi` SET `AlwaysAllowMergingBlobs`=0 WHERE (`QuestID`=39349 AND `BlobIndex`=0 AND `Idx1`=0); -- Black Rook Hold: Heavy, But Helpful

DELETE FROM `quest_poi_points` WHERE (`QuestID`=45035 AND `Idx1`=3 AND `Idx2`=0) OR (`QuestID`=45035 AND `Idx1`=2 AND `Idx2`=0) OR (`QuestID`=45035 AND `Idx1`=1 AND `Idx2`=11) OR (`QuestID`=45035 AND `Idx1`=1 AND `Idx2`=10) OR (`QuestID`=45035 AND `Idx1`=1 AND `Idx2`=9) OR (`QuestID`=45035 AND `Idx1`=1 AND `Idx2`=8) OR (`QuestID`=45035 AND `Idx1`=1 AND `Idx2`=7) OR (`QuestID`=45035 AND `Idx1`=1 AND `Idx2`=6) OR (`QuestID`=45035 AND `Idx1`=1 AND `Idx2`=5) OR (`QuestID`=45035 AND `Idx1`=1 AND `Idx2`=4) OR (`QuestID`=45035 AND `Idx1`=1 AND `Idx2`=3) OR (`QuestID`=45035 AND `Idx1`=1 AND `Idx2`=2) OR (`QuestID`=45035 AND `Idx1`=1 AND `Idx2`=1) OR (`QuestID`=45035 AND `Idx1`=1 AND `Idx2`=0) OR (`QuestID`=45035 AND `Idx1`=0 AND `Idx2`=8) OR (`QuestID`=45035 AND `Idx1`=0 AND `Idx2`=7) OR (`QuestID`=45035 AND `Idx1`=0 AND `Idx2`=6) OR (`QuestID`=45035 AND `Idx1`=0 AND `Idx2`=5) OR (`QuestID`=45035 AND `Idx1`=0 AND `Idx2`=4) OR (`QuestID`=45035 AND `Idx1`=0 AND `Idx2`=3) OR (`QuestID`=45035 AND `Idx1`=0 AND `Idx2`=2) OR (`QuestID`=45035 AND `Idx1`=0 AND `Idx2`=1) OR (`QuestID`=45035 AND `Idx1`=0 AND `Idx2`=0) OR (`QuestID`=45985 AND `Idx1`=2 AND `Idx2`=0) OR (`QuestID`=45985 AND `Idx1`=1 AND `Idx2`=0) OR (`QuestID`=45985 AND `Idx1`=0 AND `Idx2`=5) OR (`QuestID`=45985 AND `Idx1`=0 AND `Idx2`=4) OR (`QuestID`=45985 AND `Idx1`=0 AND `Idx2`=3) OR (`QuestID`=45985 AND `Idx1`=0 AND `Idx2`=2) OR (`QuestID`=45985 AND `Idx1`=0 AND `Idx2`=1) OR (`QuestID`=45985 AND `Idx1`=0 AND `Idx2`=0) OR (`QuestID`=46180 AND `Idx1`=3 AND `Idx2`=0) OR (`QuestID`=46180 AND `Idx1`=2 AND `Idx2`=0) OR (`QuestID`=46180 AND `Idx1`=1 AND `Idx2`=0) OR (`QuestID`=46180 AND `Idx1`=0 AND `Idx2`=0) OR (`QuestID`=46822 AND `Idx1`=1 AND `Idx2`=0) OR (`QuestID`=46822 AND `Idx1`=0 AND `Idx2`=11) OR (`QuestID`=46822 AND `Idx1`=0 AND `Idx2`=10) OR (`QuestID`=46822 AND `Idx1`=0 AND `Idx2`=9) OR (`QuestID`=46822 AND `Idx1`=0 AND `Idx2`=8) OR (`QuestID`=46822 AND `Idx1`=0 AND `Idx2`=7) OR (`QuestID`=46822 AND `Idx1`=0 AND `Idx2`=6) OR (`QuestID`=46822 AND `Idx1`=0 AND `Idx2`=5) OR (`QuestID`=46822 AND `Idx1`=0 AND `Idx2`=4) OR (`QuestID`=46822 AND `Idx1`=0 AND `Idx2`=3) OR (`QuestID`=46822 AND `Idx1`=0 AND `Idx2`=2) OR (`QuestID`=46822 AND `Idx1`=0 AND `Idx2`=1) OR (`QuestID`=46822 AND `Idx1`=0 AND `Idx2`=0) OR (`QuestID`=46501 AND `Idx1`=2 AND `Idx2`=0) OR (`QuestID`=46501 AND `Idx1`=1 AND `Idx2`=11) OR (`QuestID`=46501 AND `Idx1`=1 AND `Idx2`=10) OR (`QuestID`=46501 AND `Idx1`=1 AND `Idx2`=9) OR (`QuestID`=46501 AND `Idx1`=1 AND `Idx2`=8) OR (`QuestID`=46501 AND `Idx1`=1 AND `Idx2`=7) OR (`QuestID`=46501 AND `Idx1`=1 AND `Idx2`=6) OR (`QuestID`=46501 AND `Idx1`=1 AND `Idx2`=5) OR (`QuestID`=46501 AND `Idx1`=1 AND `Idx2`=4) OR (`QuestID`=46501 AND `Idx1`=1 AND `Idx2`=3) OR (`QuestID`=46501 AND `Idx1`=1 AND `Idx2`=2) OR (`QuestID`=46501 AND `Idx1`=1 AND `Idx2`=1) OR (`QuestID`=46501 AND `Idx1`=1 AND `Idx2`=0) OR (`QuestID`=46501 AND `Idx1`=0 AND `Idx2`=0) OR (`QuestID`=46773 AND `Idx1`=2 AND `Idx2`=0) OR (`QuestID`=46773 AND `Idx1`=1 AND `Idx2`=0) OR (`QuestID`=46773 AND `Idx1`=0 AND `Idx2`=0) OR (`QuestID`=50374 AND `Idx1`=1 AND `Idx2`=0) OR (`QuestID`=50374 AND `Idx1`=0 AND `Idx2`=0) OR (`QuestID`=50049 AND `Idx1`=2 AND `Idx2`=0) OR (`QuestID`=50049 AND `Idx1`=1 AND `Idx2`=0) OR (`QuestID`=50049 AND `Idx1`=0 AND `Idx2`=0) OR (`QuestID`=50373 AND `Idx1`=1 AND `Idx2`=0) OR (`QuestID`=50373 AND `Idx1`=0 AND `Idx2`=0) OR (`QuestID`=50229 AND `Idx1`=2 AND `Idx2`=0) OR (`QuestID`=50229 AND `Idx1`=1 AND `Idx2`=10) OR (`QuestID`=50229 AND `Idx1`=1 AND `Idx2`=9) OR (`QuestID`=50229 AND `Idx1`=1 AND `Idx2`=8) OR (`QuestID`=50229 AND `Idx1`=1 AND `Idx2`=7) OR (`QuestID`=50229 AND `Idx1`=1 AND `Idx2`=6) OR (`QuestID`=50229 AND `Idx1`=1 AND `Idx2`=5) OR (`QuestID`=50229 AND `Idx1`=1 AND `Idx2`=4) OR (`QuestID`=50229 AND `Idx1`=1 AND `Idx2`=3) OR (`QuestID`=50229 AND `Idx1`=1 AND `Idx2`=2) OR (`QuestID`=50229 AND `Idx1`=1 AND `Idx2`=1) OR (`QuestID`=50229 AND `Idx1`=1 AND `Idx2`=0) OR (`QuestID`=50229 AND `Idx1`=0 AND `Idx2`=0) OR (`QuestID`=50227 AND `Idx1`=4 AND `Idx2`=0) OR (`QuestID`=50227 AND `Idx1`=3 AND `Idx2`=10) OR (`QuestID`=50227 AND `Idx1`=3 AND `Idx2`=9) OR (`QuestID`=50227 AND `Idx1`=3 AND `Idx2`=8) OR (`QuestID`=50227 AND `Idx1`=3 AND `Idx2`=7) OR (`QuestID`=50227 AND `Idx1`=3 AND `Idx2`=6) OR (`QuestID`=50227 AND `Idx1`=3 AND `Idx2`=5) OR (`QuestID`=50227 AND `Idx1`=3 AND `Idx2`=4) OR (`QuestID`=50227 AND `Idx1`=3 AND `Idx2`=3) OR (`QuestID`=50227 AND `Idx1`=3 AND `Idx2`=2) OR (`QuestID`=50227 AND `Idx1`=3 AND `Idx2`=1) OR (`QuestID`=50227 AND `Idx1`=3 AND `Idx2`=0) OR (`QuestID`=50227 AND `Idx1`=2 AND `Idx2`=8) OR (`QuestID`=50227 AND `Idx1`=2 AND `Idx2`=7) OR (`QuestID`=50227 AND `Idx1`=2 AND `Idx2`=6) OR (`QuestID`=50227 AND `Idx1`=2 AND `Idx2`=5) OR (`QuestID`=50227 AND `Idx1`=2 AND `Idx2`=4) OR (`QuestID`=50227 AND `Idx1`=2 AND `Idx2`=3) OR (`QuestID`=50227 AND `Idx1`=2 AND `Idx2`=2) OR (`QuestID`=50227 AND `Idx1`=2 AND `Idx2`=1) OR (`QuestID`=50227 AND `Idx1`=2 AND `Idx2`=0) OR (`QuestID`=50227 AND `Idx1`=1 AND `Idx2`=7) OR (`QuestID`=50227 AND `Idx1`=1 AND `Idx2`=6) OR (`QuestID`=50227 AND `Idx1`=1 AND `Idx2`=5) OR (`QuestID`=50227 AND `Idx1`=1 AND `Idx2`=4) OR (`QuestID`=50227 AND `Idx1`=1 AND `Idx2`=3) OR (`QuestID`=50227 AND `Idx1`=1 AND `Idx2`=2) OR (`QuestID`=50227 AND `Idx1`=1 AND `Idx2`=1) OR (`QuestID`=50227 AND `Idx1`=1 AND `Idx2`=0) OR (`QuestID`=50227 AND `Idx1`=0 AND `Idx2`=0) OR (`QuestID`=50226 AND `Idx1`=4 AND `Idx2`=0) OR (`QuestID`=50226 AND `Idx1`=3 AND `Idx2`=9) OR (`QuestID`=50226 AND `Idx1`=3 AND `Idx2`=8) OR (`QuestID`=50226 AND `Idx1`=3 AND `Idx2`=7) OR (`QuestID`=50226 AND `Idx1`=3 AND `Idx2`=6) OR (`QuestID`=50226 AND `Idx1`=3 AND `Idx2`=5) OR (`QuestID`=50226 AND `Idx1`=3 AND `Idx2`=4) OR (`QuestID`=50226 AND `Idx1`=3 AND `Idx2`=3) OR (`QuestID`=50226 AND `Idx1`=3 AND `Idx2`=2) OR (`QuestID`=50226 AND `Idx1`=3 AND `Idx2`=1) OR (`QuestID`=50226 AND `Idx1`=3 AND `Idx2`=0) OR (`QuestID`=50226 AND `Idx1`=2 AND `Idx2`=9) OR (`QuestID`=50226 AND `Idx1`=2 AND `Idx2`=8) OR (`QuestID`=50226 AND `Idx1`=2 AND `Idx2`=7) OR (`QuestID`=50226 AND `Idx1`=2 AND `Idx2`=6) OR (`QuestID`=50226 AND `Idx1`=2 AND `Idx2`=5) OR (`QuestID`=50226 AND `Idx1`=2 AND `Idx2`=4) OR (`QuestID`=50226 AND `Idx1`=2 AND `Idx2`=3) OR (`QuestID`=50226 AND `Idx1`=2 AND `Idx2`=2) OR (`QuestID`=50226 AND `Idx1`=2 AND `Idx2`=1) OR (`QuestID`=50226 AND `Idx1`=2 AND `Idx2`=0) OR (`QuestID`=50226 AND `Idx1`=1 AND `Idx2`=10) OR (`QuestID`=50226 AND `Idx1`=1 AND `Idx2`=9) OR (`QuestID`=50226 AND `Idx1`=1 AND `Idx2`=8) OR (`QuestID`=50226 AND `Idx1`=1 AND `Idx2`=7) OR (`QuestID`=50226 AND `Idx1`=1 AND `Idx2`=6) OR (`QuestID`=50226 AND `Idx1`=1 AND `Idx2`=5) OR (`QuestID`=50226 AND `Idx1`=1 AND `Idx2`=4) OR (`QuestID`=50226 AND `Idx1`=1 AND `Idx2`=3) OR (`QuestID`=50226 AND `Idx1`=1 AND `Idx2`=2) OR (`QuestID`=50226 AND `Idx1`=1 AND `Idx2`=1) OR (`QuestID`=50226 AND `Idx1`=1 AND `Idx2`=0) OR (`QuestID`=50226 AND `Idx1`=0 AND `Idx2`=0) OR (`QuestID`=50228 AND `Idx1`=2 AND `Idx2`=0) OR (`QuestID`=50228 AND `Idx1`=1 AND `Idx2`=0) OR (`QuestID`=50228 AND `Idx1`=0 AND `Idx2`=0) OR (`QuestID`=50372 AND `Idx1`=1 AND `Idx2`=0) OR (`QuestID`=50372 AND `Idx1`=0 AND `Idx2`=0) OR (`QuestID`=50046 AND `Idx1`=2 AND `Idx2`=0) OR (`QuestID`=50046 AND `Idx1`=1 AND `Idx2`=11) OR (`QuestID`=50046 AND `Idx1`=1 AND `Idx2`=10) OR (`QuestID`=50046 AND `Idx1`=1 AND `Idx2`=9) OR (`QuestID`=50046 AND `Idx1`=1 AND `Idx2`=8) OR (`QuestID`=50046 AND `Idx1`=1 AND `Idx2`=7) OR (`QuestID`=50046 AND `Idx1`=1 AND `Idx2`=6) OR (`QuestID`=50046 AND `Idx1`=1 AND `Idx2`=5) OR (`QuestID`=50046 AND `Idx1`=1 AND `Idx2`=4) OR (`QuestID`=50046 AND `Idx1`=1 AND `Idx2`=3) OR (`QuestID`=50046 AND `Idx1`=1 AND `Idx2`=2) OR (`QuestID`=50046 AND `Idx1`=1 AND `Idx2`=1) OR (`QuestID`=50046 AND `Idx1`=1 AND `Idx2`=0) OR (`QuestID`=50046 AND `Idx1`=0 AND `Idx2`=0) OR (`QuestID`=50047 AND `Idx1`=2 AND `Idx2`=0) OR (`QuestID`=50047 AND `Idx1`=1 AND `Idx2`=11) OR (`QuestID`=50047 AND `Idx1`=1 AND `Idx2`=10) OR (`QuestID`=50047 AND `Idx1`=1 AND `Idx2`=9) OR (`QuestID`=50047 AND `Idx1`=1 AND `Idx2`=8) OR (`QuestID`=50047 AND `Idx1`=1 AND `Idx2`=7) OR (`QuestID`=50047 AND `Idx1`=1 AND `Idx2`=6) OR (`QuestID`=50047 AND `Idx1`=1 AND `Idx2`=5) OR (`QuestID`=50047 AND `Idx1`=1 AND `Idx2`=4) OR (`QuestID`=50047 AND `Idx1`=1 AND `Idx2`=3) OR (`QuestID`=50047 AND `Idx1`=1 AND `Idx2`=2) OR (`QuestID`=50047 AND `Idx1`=1 AND `Idx2`=1) OR (`QuestID`=50047 AND `Idx1`=1 AND `Idx2`=0) OR (`QuestID`=50047 AND `Idx1`=0 AND `Idx2`=0) OR (`QuestID`=49981 AND `Idx1`=1 AND `Idx2`=0) OR (`QuestID`=49981 AND `Idx1`=0 AND `Idx2`=0) OR (`QuestID`=49976 AND `Idx1`=2 AND `Idx2`=0) OR (`QuestID`=49976 AND `Idx1`=1 AND `Idx2`=0) OR (`QuestID`=49976 AND `Idx1`=0 AND `Idx2`=0) OR (`QuestID`=50371 AND `Idx1`=0 AND `Idx2`=0);
INSERT INTO `quest_poi_points` (`QuestID`, `Idx1`, `Idx2`, `X`, `Y`, `VerifiedBuild`) VALUES
(45035, 3, 0, -1099, 2345, 25996), -- The Call of Battle
(45035, 2, 0, -1214, 2370, 25996), -- The Call of Battle
(45035, 1, 11, -1221, 2270, 25996), -- The Call of Battle
(45035, 1, 10, -1254, 2298, 25996), -- The Call of Battle
(45035, 1, 9, -1254, 2340, 25996), -- The Call of Battle
(45035, 1, 8, -1254, 2397, 25996), -- The Call of Battle
(45035, 1, 7, -1231, 2439, 25996), -- The Call of Battle
(45035, 1, 6, -1184, 2458, 25996), -- The Call of Battle
(45035, 1, 5, -1066, 2415, 25996), -- The Call of Battle
(45035, 1, 4, -991, 2387, 25996), -- The Call of Battle
(45035, 1, 3, -906, 2350, 25996), -- The Call of Battle
(45035, 1, 2, -892, 2321, 25996), -- The Call of Battle
(45035, 1, 1, -916, 2288, 25996), -- The Call of Battle
(45035, 1, 0, -1184, 2265, 25996), -- The Call of Battle
(45035, 0, 8, -1224, 2303, 25996), -- The Call of Battle
(45035, 0, 7, -1231, 2315, 25996), -- The Call of Battle
(45035, 0, 6, -1285, 2420, 25996), -- The Call of Battle
(45035, 0, 5, -1209, 2458, 25996), -- The Call of Battle
(45035, 0, 4, -1026, 2410, 25996), -- The Call of Battle
(45035, 0, 3, -918, 2350, 25996), -- The Call of Battle
(45035, 0, 2, -887, 2319, 25996), -- The Call of Battle
(45035, 0, 1, -894, 2303, 25996), -- The Call of Battle
(45035, 0, 0, -1177, 2278, 25996), -- The Call of Battle
(45985, 2, 0, -1447, 2866, 25996), -- Hellish Scavengers
(45985, 1, 0, -1458, 2724, 25996), -- Hellish Scavengers
(45985, 0, 5, -1507, 2844, 25996), -- Hellish Scavengers
(45985, 0, 4, -1431, 2897, 25996), -- Hellish Scavengers
(45985, 0, 3, -1423, 2873, 25996), -- Hellish Scavengers
(45985, 0, 2, -1432, 2731, 25996), -- Hellish Scavengers
(45985, 0, 1, -1446, 2720, 25996), -- Hellish Scavengers
(45985, 0, 0, -1460, 2717, 25996), -- Hellish Scavengers
(46180, 3, 0, -1229, 3180, 25996), -- Power of Our Enemy
(46180, 2, 0, -1303, 3133, 25996), -- Power of Our Enemy
(46180, 1, 0, -1201, 3250, 25996), -- Power of Our Enemy
(46180, 0, 0, -1157, 3144, 25996), -- Power of Our Enemy
(46822, 1, 0, -1210, 3440, 25996), -- Natural Selection
(46822, 0, 11, -1178, 3419, 25996), -- Natural Selection
(46822, 0, 10, -1203, 3447, 25996), -- Natural Selection
(46822, 0, 9, -1203, 3478, 25996), -- Natural Selection
(46822, 0, 8, -1171, 3492, 25996), -- Natural Selection
(46822, 0, 7, -1144, 3492, 25996), -- Natural Selection
(46822, 0, 6, -1109, 3488, 25996), -- Natural Selection
(46822, 0, 5, -1074, 3471, 25996), -- Natural Selection
(46822, 0, 4, -1033, 3433, 25996), -- Natural Selection
(46822, 0, 3, -1019, 3402, 25996), -- Natural Selection
(46822, 0, 2, -1033, 3378, 25996), -- Natural Selection
(46822, 0, 1, -1057, 3360, 25996), -- Natural Selection
(46822, 0, 0, -1102, 3353, 25996), -- Natural Selection
(46501, 2, 0, -1844, 3395, 25996), -- Grave Robbin'
(46501, 1, 11, -1191, 2890, 25996), -- Grave Robbin'
(46501, 1, 10, -1256, 2941, 25996), -- Grave Robbin'
(46501, 1, 9, -1272, 3009, 25996), -- Grave Robbin'
(46501, 1, 8, -1256, 3061, 25996), -- Grave Robbin'
(46501, 1, 7, -1217, 3103, 25996), -- Grave Robbin'
(46501, 1, 6, -1178, 3122, 25996), -- Grave Robbin'
(46501, 1, 5, -1082, 3116, 25996), -- Grave Robbin'
(46501, 1, 4, -1023, 3096, 25996), -- Grave Robbin'
(46501, 1, 3, -1000, 3019, 25996), -- Grave Robbin'
(46501, 1, 2, -988, 2938, 25996), -- Grave Robbin'
(46501, 1, 1, -1001, 2864, 25996), -- Grave Robbin'
(46501, 1, 0, -1111, 2851, 25996), -- Grave Robbin'
(46501, 0, 0, -1840, 3400, 25996), -- Grave Robbin'
(46773, 2, 0, -1627, 3197, 25996), -- The Command Center
(46773, 1, 0, -1622, 3209, 25996), -- The Command Center
(46773, 0, 0, -1627, 3197, 25996), -- The Command Center
(50374, 1, 0, -7069, 1257, 25996), -- 50374
(50374, 0, 0, -6350, 166, 25996), -- 50374
(50049, 2, 0, -6390, 183, 25996), -- 50049
(50049, 1, 0, -7069, 1257, 25996), -- 50049
(50049, 0, 0, -7069, 1257, 25996), -- 50049
(50373, 1, 0, -6350, 166, 25996), -- 50373
(50373, 0, 0, -6390, 184, 25996), -- 50373
(50229, 2, 0, -7752, 1782, 25996), -- 50229
(50229, 1, 10, -7945, 1726, 25996), -- 50229
(50229, 1, 9, -7950, 1729, 25996), -- 50229
(50229, 1, 8, -8015, 1800, 25996), -- 50229
(50229, 1, 7, -8014, 1849, 25996), -- 50229
(50229, 1, 6, -7976, 1952, 25996), -- 50229
(50229, 1, 5, -7847, 1922, 25996), -- 50229
(50229, 1, 4, -7792, 1892, 25996), -- 50229
(50229, 1, 3, -7765, 1868, 25996), -- 50229
(50229, 1, 2, -7748, 1721, 25996), -- 50229
(50229, 1, 1, -7828, 1685, 25996), -- 50229
(50229, 1, 0, -7831, 1684, 25996), -- 50229
(50229, 0, 0, -7752, 1782, 25996), -- 50229
(50227, 4, 0, -6387, 166, 25996), -- 50227
(50227, 3, 10, -6318, 437, 25996), -- 50227
(50227, 3, 9, -6312, 648, 25996), -- 50227
(50227, 3, 8, -6290, 712, 25996), -- 50227
(50227, 3, 7, -6264, 717, 25996), -- 50227
(50227, 3, 6, -6233, 701, 25996), -- 50227
(50227, 3, 5, -6220, 692, 25996), -- 50227
(50227, 3, 4, -6193, 661, 25996), -- 50227
(50227, 3, 3, -6177, 593, 25996), -- 50227
(50227, 3, 2, -6172, 563, 25996), -- 50227
(50227, 3, 1, -6228, 461, 25996), -- 50227
(50227, 3, 0, -6269, 418, 25996), -- 50227
(50227, 2, 8, -6980, 1746, 25996), -- 50227
(50227, 2, 7, -7014, 1825, 25996), -- 50227
(50227, 2, 6, -7008, 1852, 25996), -- 50227
(50227, 2, 5, -6726, 1869, 25996), -- 50227
(50227, 2, 4, -6649, 1842, 25996), -- 50227
(50227, 2, 3, -6686, 1798, 25996), -- 50227
(50227, 2, 2, -6778, 1732, 25996), -- 50227
(50227, 2, 1, -6844, 1693, 25996), -- 50227
(50227, 2, 0, -6866, 1693, 25996), -- 50227
(50227, 1, 7, -7997, 990, 25996), -- 50227
(50227, 1, 6, -7986, 995, 25996), -- 50227
(50227, 1, 5, -7974, 992, 25996), -- 50227
(50227, 1, 4, -7963, 989, 25996), -- 50227
(50227, 1, 3, -7952, 935, 25996), -- 50227
(50227, 1, 2, -7931, 805, 25996), -- 50227
(50227, 1, 1, -8024, 776, 25996), -- 50227
(50227, 1, 0, -8084, 773, 25996), -- 50227
(50227, 0, 0, -6387, 166, 25996), -- 50227
(50226, 4, 0, -6387, 166, 25996), -- 50226
(50226, 3, 9, -6977, 1739, 25996), -- 50226
(50226, 3, 8, -7015, 1803, 25996), -- 50226
(50226, 3, 7, -7012, 1829, 25996), -- 50226
(50226, 3, 6, -7002, 1851, 25996), -- 50226
(50226, 3, 5, -6697, 1900, 25996), -- 50226
(50226, 3, 4, -6651, 1891, 25996), -- 50226
(50226, 3, 3, -6636, 1843, 25996), -- 50226
(50226, 3, 2, -6665, 1817, 25996), -- 50226
(50226, 3, 1, -6699, 1795, 25996), -- 50226
(50226, 3, 0, -6851, 1704, 25996), -- 50226
(50226, 2, 9, -8087, 778, 25996), -- 50226
(50226, 2, 8, -8089, 794, 25996), -- 50226
(50226, 2, 7, -8088, 808, 25996), -- 50226
(50226, 2, 6, -8032, 918, 25996), -- 50226
(50226, 2, 5, -7993, 989, 25996), -- 50226
(50226, 2, 4, -7966, 1017, 25996), -- 50226
(50226, 2, 3, -7944, 985, 25996), -- 50226
(50226, 2, 2, -7935, 798, 25996), -- 50226
(50226, 2, 1, -7949, 774, 25996), -- 50226
(50226, 2, 0, -8031, 769, 25996), -- 50226
(50226, 1, 10, -6320, 432, 25996), -- 50226
(50226, 1, 9, -6320, 653, 25996), -- 50226
(50226, 1, 8, -6293, 741, 25996), -- 50226
(50226, 1, 7, -6233, 703, 25996), -- 50226
(50226, 1, 6, -6215, 687, 25996), -- 50226
(50226, 1, 5, -6207, 676, 25996), -- 50226
(50226, 1, 4, -6186, 640, 25996), -- 50226
(50226, 1, 3, -6178, 573, 25996), -- 50226
(50226, 1, 2, -6179, 546, 25996), -- 50226
(50226, 1, 1, -6239, 448, 25996), -- 50226
(50226, 1, 0, -6276, 424, 25996), -- 50226
(50226, 0, 0, -6387, 166, 25996), -- 50226
(50228, 2, 0, -6350, 166, 25996), -- 50228
(50228, 1, 0, -7807, 1900, 25996), -- 50228
(50228, 0, 0, -6350, 166, 25996), -- 50228
(50372, 1, 0, -6350, 166, 25996), -- 50372
(50372, 0, 0, -6387, 166, 25996), -- 50372
(50046, 2, 0, -6350, 168, 25996), -- 50046
(50046, 1, 11, -7001, 449, 25996), -- 50046
(50046, 1, 10, -7035, 488, 25996), -- 50046
(50046, 1, 9, -7052, 590, 25996), -- 50046
(50046, 1, 8, -7035, 698, 25996), -- 50046
(50046, 1, 7, -6814, 806, 25996), -- 50046
(50046, 1, 6, -6712, 823, 25996), -- 50046
(50046, 1, 5, -6638, 800, 25996), -- 50046
(50046, 1, 4, -6575, 744, 25996), -- 50046
(50046, 1, 3, -6564, 642, 25996), -- 50046
(50046, 1, 2, -6797, 432, 25996), -- 50046
(50046, 1, 1, -6876, 427, 25996), -- 50046
(50046, 1, 0, -6944, 427, 25996), -- 50046
(50046, 0, 0, -6350, 168, 25996), -- 50046
(50047, 2, 0, -6350, 166, 25996), -- 50047
(50047, 1, 11, -6967, 364, 25996), -- 50047
(50047, 1, 10, -7035, 427, 25996), -- 50047
(50047, 1, 9, -7125, 523, 25996), -- 50047
(50047, 1, 8, -7131, 642, 25996), -- 50047
(50047, 1, 7, -7063, 733, 25996), -- 50047
(50047, 1, 6, -7006, 772, 25996), -- 50047
(50047, 1, 5, -6763, 863, 25996), -- 50047
(50047, 1, 4, -6660, 863, 25996), -- 50047
(50047, 1, 3, -6592, 733, 25996), -- 50047
(50047, 1, 2, -6615, 602, 25996), -- 50047
(50047, 1, 1, -6819, 404, 25996), -- 50047
(50047, 1, 0, -6876, 364, 25996), -- 50047
(50047, 0, 0, -6394, 165, 25996), -- 50047
(49981, 1, 0, -8724, 1046, 25996), -- Witness to the Wound
(49981, 0, 0, -6350, 166, 25996), -- Witness to the Wound
(49976, 2, 0, -8721, 1048, 25996), -- Gifts of the Fallen
(49976, 1, 0, -8724, 1046, 25996), -- Gifts of the Fallen
(49976, 0, 0, -8724, 1046, 25996), -- Gifts of the Fallen
(50371, 0, 0, -8724, 1046, 25996); -- 50371


UPDATE `creature_equip_template` SET `ItemID1`=0 WHERE (`CreatureID`=121516 AND `ID`=1); -- 光铸战斗法师
UPDATE `creature_equip_template` SET `ItemID1`=140555 WHERE (`CreatureID`=121394 AND `ID`=2); -- 光铸盾卫
UPDATE `creature_equip_template` SET `ItemID1`=2202 WHERE (`CreatureID`=118257 AND `ID`=1); -- 瓦拉加尔雷铸者
UPDATE `creature_equip_template` SET `ItemID1`=2202 WHERE (`CreatureID`=133675 AND `ID`=3); -- 工人
UPDATE `creature_equip_template` SET `ItemID1`=1510 WHERE (`CreatureID`=133675 AND `ID`=1); -- 工人
UPDATE `creature_equip_template` SET `ItemID1`=2714 WHERE (`CreatureID`=29300 AND `ID`=1); -- 罗伯特·理查德森
UPDATE `creature_equip_template` SET `ItemID1`=1117 WHERE (`CreatureID`=29296 AND `ID`=1); -- 加斯汀·伯恩姆
UPDATE `creature_equip_template` SET `ItemID1`=1903 WHERE (`CreatureID`=29016 AND `ID`=3); -- 蒸汽坦克工程师
UPDATE `creature_equip_template` SET `ItemID1`=1911 WHERE (`CreatureID`=29016 AND `ID`=2); -- 蒸汽坦克工程师
UPDATE `creature_equip_template` SET `ItemID1`=31824 WHERE (`CreatureID`=29016 AND `ID`=1); -- 蒸汽坦克工程师
UPDATE `creature_equip_template` SET `ItemID1`=1902 WHERE (`CreatureID`=29152 AND `ID`=1); -- 暴风城码头工人



UPDATE `gossip_menu_option` SET `OptionBroadcastTextId`=0 WHERE (`MenuId`=21694 AND `OptionIndex`=0);
UPDATE `gossip_menu_option` SET `OptionBroadcastTextId`=0 WHERE (`MenuId`=21694 AND `OptionIndex`=0);
UPDATE `gossip_menu_option` SET `OptionBroadcastTextId`=0 WHERE (`MenuId`=20730 AND `OptionIndex`=1);
UPDATE `gossip_menu_option` SET `OptionBroadcastTextId`=0 WHERE (`MenuId`=21017 AND `OptionIndex`=0);
UPDATE `gossip_menu_option` SET `OptionBroadcastTextId`=119001 WHERE (`MenuId`=20405 AND `OptionIndex`=0);
UPDATE `gossip_menu_option` SET `OptionBroadcastTextId`=0 WHERE (`MenuId`=21720 AND `OptionIndex`=1);
UPDATE `gossip_menu_option` SET `OptionBroadcastTextId`=0 WHERE (`MenuId`=21720 AND `OptionIndex`=0);
UPDATE `gossip_menu_option` SET `OptionBroadcastTextId`=0 WHERE (`MenuId`=21720 AND `OptionIndex`=0);
UPDATE `gossip_menu_option` SET `OptionBroadcastTextId`=0 WHERE (`MenuId`=19540 AND `OptionIndex`=2);
UPDATE `gossip_menu_option` SET `OptionBroadcastTextId`=0 WHERE (`MenuId`=21017 AND `OptionIndex`=0);
UPDATE `gossip_menu_option` SET `OptionBroadcastTextId`=38807 WHERE (`MenuId`=21018 AND `OptionIndex`=0);
UPDATE `gossip_menu_option` SET `OptionBroadcastTextId`=0 WHERE (`MenuId`=19513 AND `OptionIndex`=0);
UPDATE `gossip_menu_option` SET `OptionBroadcastTextId`=0 WHERE (`MenuId`=20157 AND `OptionIndex`=0);
UPDATE `gossip_menu_option` SET `OptionBroadcastTextId`=0 WHERE (`MenuId`=18501 AND `OptionIndex`=0);
UPDATE `gossip_menu_option` SET `OptionBroadcastTextId`=0 WHERE (`MenuId`=18728 AND `OptionIndex`=5);
UPDATE `gossip_menu_option` SET `OptionBroadcastTextId`=0 WHERE (`MenuId`=18728 AND `OptionIndex`=1);
UPDATE `gossip_menu_option` SET `OptionBroadcastTextId`=0 WHERE (`MenuId`=18728 AND `OptionIndex`=0);
UPDATE `gossip_menu_option` SET `OptionBroadcastTextId`=0 WHERE (`MenuId`=18737 AND `OptionIndex`=0);
UPDATE `gossip_menu_option` SET `OptionBroadcastTextId`=0 WHERE (`MenuId`=18728 AND `OptionIndex`=5);
UPDATE `gossip_menu_option` SET `OptionBroadcastTextId`=0 WHERE (`MenuId`=18728 AND `OptionIndex`=1);
UPDATE `gossip_menu_option` SET `OptionBroadcastTextId`=0 WHERE (`MenuId`=18728 AND `OptionIndex`=0);
UPDATE `gossip_menu_option` SET `OptionBroadcastTextId`=0 WHERE (`MenuId`=18727 AND `OptionIndex`=0);
UPDATE `gossip_menu_option` SET `OptionBroadcastTextId`=0 WHERE (`MenuId`=18728 AND `OptionIndex`=5);
UPDATE `gossip_menu_option` SET `OptionBroadcastTextId`=0 WHERE (`MenuId`=18728 AND `OptionIndex`=1);
UPDATE `gossip_menu_option` SET `OptionBroadcastTextId`=0 WHERE (`MenuId`=18728 AND `OptionIndex`=0);
UPDATE `gossip_menu_option` SET `OptionBroadcastTextId`=0 WHERE (`MenuId`=18380 AND `OptionIndex`=1);
UPDATE `gossip_menu_option` SET `OptionBroadcastTextId`=0 WHERE (`MenuId`=18735 AND `OptionIndex`=1);
UPDATE `gossip_menu_option` SET `OptionBroadcastTextId`=0 WHERE (`MenuId`=18380 AND `OptionIndex`=1);
UPDATE `gossip_menu_option` SET `OptionBroadcastTextId`=0 WHERE (`MenuId`=20498 AND `OptionIndex`=0);
UPDATE `gossip_menu_option` SET `OptionBroadcastTextId`=0 WHERE (`MenuId`=20498 AND `OptionIndex`=0);
UPDATE `gossip_menu_option` SET `OptionBroadcastTextId`=0 WHERE (`MenuId`=20500 AND `OptionIndex`=0);
UPDATE `gossip_menu_option` SET `OptionBroadcastTextId`=0 WHERE (`MenuId`=20499 AND `OptionIndex`=0);
UPDATE `gossip_menu_option` SET `OptionBroadcastTextId`=0 WHERE (`MenuId`=20498 AND `OptionIndex`=0);
UPDATE `gossip_menu_option` SET `OptionBroadcastTextId`=0 WHERE (`MenuId`=20176 AND `OptionIndex`=1);
UPDATE `gossip_menu_option` SET `OptionBroadcastTextId`=0 WHERE (`MenuId`=20019 AND `OptionIndex`=0);
UPDATE `gossip_menu_option` SET `OptionBroadcastTextId`=0 WHERE (`MenuId`=20346 AND `OptionIndex`=0);
UPDATE `gossip_menu_option` SET `OptionBroadcastTextId`=0 WHERE (`MenuId`=18830 AND `OptionIndex`=0);
UPDATE `gossip_menu_option` SET `OptionBroadcastTextId`=0 WHERE (`MenuId`=20524 AND `OptionIndex`=0);
UPDATE `gossip_menu_option` SET `OptionBroadcastTextId`=0 WHERE (`MenuId`=20018 AND `OptionIndex`=0);

UPDATE `creature_template` SET `faction`=1078, `npcflag`=0 WHERE `entry`=29152; -- 暴风城码头工人
UPDATE `creature_template` SET `unit_flags2`=2099200 WHERE `entry`=29144; -- 打磨一新的蒸汽坦克
UPDATE `creature_template` SET `unit_flags`=33536 WHERE `entry`=51090; -- 唱歌的向日葵
UPDATE `creature_template` SET `unit_flags`=33587456 WHERE `entry`=17213; -- 扫帚
UPDATE `creature_template` SET `npcflag`=16777216 WHERE `entry`=112694; -- 猫
UPDATE `creature_template` SET `gossip_menu_id`=22081, `minlevel`=110, `maxlevel`=110, `faction`=1733, `npcflag`=3, `BaseAttackTime`=2000, `RangeAttackTime`=2000, `unit_flags`=33536, `unit_flags2`=2048 WHERE `entry`=126319; -- 大主教图拉扬
UPDATE `creature_template` SET `gossip_menu_id`=22198, `minlevel`=110, `maxlevel`=110, `faction`=1733, `npcflag`=1, `BaseAttackTime`=2000, `RangeAttackTime`=2000, `unit_flags`=33536, `unit_flags2`=2048 WHERE `entry`=126332; -- 艾莎·云歌
UPDATE `creature_template` SET `gossip_menu_id`=22203, `minlevel`=110, `maxlevel`=110, `faction`=80, `npcflag`=1, `BaseAttackTime`=2000, `RangeAttackTime`=2000, `unit_class`=2, `unit_flags`=33536, `unit_flags2`=2048 WHERE `entry`=126328; -- 泰兰德·语风
UPDATE `creature_template` SET `gossip_menu_id`=22202, `minlevel`=110, `maxlevel`=110, `faction`=1733, `npcflag`=1, `BaseAttackTime`=2000, `RangeAttackTime`=2000, `unit_class`=2, `unit_flags`=33536, `unit_flags2`=2048 WHERE `entry`=126323; -- 先知维伦
UPDATE `creature_template` SET `gossip_menu_id`=22082, `faction`=1733, `npcflag`=3, `unit_flags2`=2048, `unit_flags3`=0 WHERE `entry`=126321; -- 奥蕾莉亚·风行者
UPDATE `creature_template` SET `gossip_menu_id`=22083, `minlevel`=110, `maxlevel`=110, `faction`=1733, `npcflag`=3, `BaseAttackTime`=2000, `RangeAttackTime`=2000, `unit_class`=2, `unit_flags`=33536, `unit_flags2`=2048 WHERE `entry`=126301; -- 安度因·乌瑞恩
UPDATE `creature_template` SET `gossip_menu_id`=22199, `minlevel`=110, `maxlevel`=110, `faction`=1733, `npcflag`=1, `BaseAttackTime`=2000, `RangeAttackTime`=2000, `unit_flags`=33536, `unit_flags2`=34816, `unit_flags3`=1, `VehicleId`=5547 WHERE `entry`=126326; -- 格尔宾·梅卡托克
UPDATE `creature_template` SET `gossip_menu_id`=22200, `minlevel`=110, `maxlevel`=110, `faction`=1733, `npcflag`=1, `BaseAttackTime`=2000, `RangeAttackTime`=2000, `unit_class`=2, `unit_flags`=33536, `unit_flags2`=2048 WHERE `entry`=126324; -- 吉恩·格雷迈恩
UPDATE `creature_template` SET `gossip_menu_id`=22201, `minlevel`=110, `maxlevel`=110, `faction`=1733, `npcflag`=1, `BaseAttackTime`=2000, `RangeAttackTime`=2000, `unit_class`=8, `unit_flags`=33536, `unit_flags2`=2048 WHERE `entry`=133197; -- 茉艾拉·索瑞森

UPDATE `quest_template` SET `RewardXPDifficulty`=0, `Expansion`=6, `VerifiedBuild`=25996 WHERE `ID`=43631; -- WANTED: Skul'vrax


DELETE FROM `quest_objectives` WHERE `ID`=312296;
INSERT INTO `quest_objectives` (`ID`, `QuestID`, `Type`, `Order`, `StorageIndex`, `ObjectID`, `Amount`, `Flags`, `Flags2`, `ProgressBarWeight`, `VerifiedBuild`) VALUES
(312296, 50049, 0, 0, 0, 130216, 1, 0, 0, 0, 25996); -- 312296

UPDATE `quest_objectives` SET `Flags2`=1, `VerifiedBuild`=25996 WHERE `ID`=255587; -- 255587
UPDATE `quest_objectives` SET `Order`=3, `VerifiedBuild`=25996 WHERE `ID`=282713; -- 282713
UPDATE `quest_objectives` SET `Order`=2, `VerifiedBuild`=25996 WHERE `ID`=282712; -- 282712
UPDATE `quest_objectives` SET `Order`=1, `VerifiedBuild`=25996 WHERE `ID`=282711; -- 282711

DELETE FROM `quest_visual_effect` WHERE (`ID`=312296 AND `Index`=0);
INSERT INTO `quest_visual_effect` (`ID`, `Index`, `VisualEffect`, `VerifiedBuild`) VALUES
(312296, 0, 8819, 25996);

SET NAMES 'utf8';
DELETE FROM `creature_template` WHERE `entry` IN (133754 /*部落步兵*/, 132738 /*兔子*/);
INSERT INTO `creature_template` (`entry`, `KillCredit1`, `KillCredit2`, `modelid1`, `modelid2`, `modelid3`, `modelid4`, `name`, `femaleName`, `subname`, `TitleAlt`, `IconName`, `HealthScalingExpansion`, `RequiredExpansion`, `VignetteID`, `rank`, `family`, `type`, `type_flags`, `type_flags2`, `HealthModifier`, `ManaModifier`, `RacialLeader`, `movementId`, `VerifiedBuild`) VALUES
(133754, 0, 0, 4259, 4260, 4602, 4601, '部落步兵', '部落步兵', NULL, NULL, NULL, -1, 0, 0, 1, 0, 7, 0, 0, 15, 1, 0, 0, 25996), -- 部落步兵
(132738, 0, 0, 23767, 0, 0, 0, '兔子', NULL, NULL, NULL, NULL, 6, 0, 0, 0, 0, 10, 1048576, 0, 1, 1, 0, 0, 25996); -- 兔子

UPDATE `creature_template` SET `modelid1`=82812, `name`='罗诺姆', `HealthScalingExpansion`=6, `RequiredExpansion`=1, `rank`=1, `type`=2, `HealthModifier`=1, `ManaModifier`=1, `movementId`=0 WHERE `entry`=133263; -- 罗诺姆
UPDATE `creature_template` SET `modelid1`=82772, `name`='茉艾拉·索瑞森', `HealthScalingExpansion`=-1, `type_flags`=4, `HealthModifier`=50, `ManaModifier`=1, `VerifiedBuild`=25996 WHERE `entry`=133197; -- 茉艾拉·索瑞森
UPDATE `creature_template` SET `name`='艾莎·云歌', `subname`='土水大师', `type_flags`=4, `HealthModifier`=20, `ManaModifier`=1, `VerifiedBuild`=25996 WHERE `entry`=126332; -- 艾莎·云歌
UPDATE `creature_template` SET `modelid1`=65199, `name`='安度因·乌瑞恩', `subname`='暴风城国王', `HealthScalingExpansion`=-1, `rank`=1, `type`=7, `type_flags`=2101324, `HealthModifier`=1200, `ManaModifier`=250, `VerifiedBuild`=25996 WHERE `entry`=126301; -- 安度因·乌瑞恩
UPDATE `creature_template` SET `name`='先知维伦', `HealthScalingExpansion`=6, `rank`=1, `type`=7, `type_flags`=262220, `type_flags2`=32768, `HealthModifier`=250, `ManaModifier`=15, `VerifiedBuild`=25996 WHERE `entry`=126323; -- 先知维伦
UPDATE `creature_template` SET `modelid1`=39623, `name`='泰兰德·语风', `subname`='艾露恩的高阶女祭司', `HealthScalingExpansion`=-1, `rank`=1, `type`=7, `type_flags`=4100, `HealthModifier`=1200, `ManaModifier`=20, `VerifiedBuild`=25996 WHERE `entry`=126328; -- 泰兰德·语风
UPDATE `creature_template` SET `modelid1`=78867, `name`='大主教图拉扬', `HealthScalingExpansion`=6, `rank`=1, `type`=7, `type_flags`=4, `type_flags2`=32768, `HealthModifier`=30, `VerifiedBuild`=25996 WHERE `entry`=126319; -- 大主教图拉扬
UPDATE `creature_template` SET `name`='吉恩·格雷迈恩', `subname`='吉尔尼斯国王', `HealthScalingExpansion`=-1, `rank`=1, `type`=7, `type_flags`=4, `HealthModifier`=2, `ManaModifier`=50, `VerifiedBuild`=25996 WHERE `entry`=126324; -- 吉恩·格雷迈恩
UPDATE `creature_template` SET `modelid1`=72873, `name`='格尔宾·梅卡托克', `subname`='大工匠，侏儒之王', `HealthScalingExpansion`=6, `rank`=1, `type`=7, `type_flags`=4100, `type_flags2`=64, `HealthModifier`=1100, `VerifiedBuild`=25996 WHERE `entry`=126326; -- 格尔宾·梅卡托克


UPDATE `npc_text` SET `Probability0`=1 WHERE `ID`=33093; -- 33093
UPDATE `npc_text` SET `Probability0`=1 WHERE `ID`=33979; -- 33979

UPDATE `creature_template` SET `faction` = '14',`minlevel`=100, `maxlevel`=110 WHERE `entry` = 97264;
UPDATE `creature_template` SET `faction` = '14',`minlevel`=100, `maxlevel`=110 WHERE `entry` = 97269;